taxon,pretty_taxon,model,term,beta,p,n,q
g__Abiotrophia|s__Abiotrophia_defectiva,Abiotrophia defectiva,ALL,site[T.Oral],1.8961974147048648,6.3001261727198496e-15,188,1.2458277671124885e-13
g__Abiotrophia|s__Abiotrophia_defectiva,Abiotrophia defectiva,ALL,sex[T.1],-0.13394544512784942,0.4699346528159972,188,0.8289124241423771
g__Abiotrophia|s__Abiotrophia_defectiva,Abiotrophia defectiva,ALL,disease,0.6497168016170102,0.002684422658899536,188,0.021055471581536027
g__Abiotrophia|s__Abiotrophia_defectiva,Abiotrophia defectiva,ALL,ppi_use,-0.3062444152961294,0.19230801888527654,188,0.5738585728266276
g__Abiotrophia|s__Abiotrophia_defectiva,Abiotrophia defectiva,ALL,age,-0.0018887358477646997,0.7938823908561308,188,0.9520934754399919
g__Abiotrophia|s__Abiotrophia_defectiva,Abiotrophia defectiva,ALL,bmi,0.01547112822395916,0.4995598970486882,188,0.8436973872600326
g__Abiotrophia|s__Abiotrophia_defectiva,Abiotrophia defectiva,ALL,antibiotics_3m,0.15078696710171582,0.6486517550285058,188,0.9143242209408174
g__Abiotrophia|s__Abiotrophia_defectiva,Abiotrophia defectiva,ALL,smoking,-0.005001718804239128,0.9835489665630404,188,0.9952452245437899
g__Actinomyces|s__Actinomyces_SGB17132,Actinomyces SGB17132,ALL,site[T.Oral],6.091048522963388,1.7759440327605518e-41,188,1.6622836146638767e-39
g__Actinomyces|s__Actinomyces_SGB17132,Actinomyces SGB17132,ALL,sex[T.1],-0.12041497865785952,0.6725136208450085,188,0.9170548288563516
g__Actinomyces|s__Actinomyces_SGB17132,Actinomyces SGB17132,ALL,disease,1.2235450961600036,0.0002580574290392723,188,0.0024316283917526055
g__Actinomyces|s__Actinomyces_SGB17132,Actinomyces SGB17132,ALL,ppi_use,0.2367945035076467,0.5112808470191142,188,0.8500157598754723
g__Actinomyces|s__Actinomyces_SGB17132,Actinomyces SGB17132,ALL,age,-0.00532009568060361,0.6322594175718899,188,0.9109207001240979
g__Actinomyces|s__Actinomyces_SGB17132,Actinomyces SGB17132,ALL,bmi,-0.034492793735659576,0.3278894127422516,188,0.7204330758843838
g__Actinomyces|s__Actinomyces_SGB17132,Actinomyces SGB17132,ALL,antibiotics_3m,0.1943484135995843,0.7024667436271882,188,0.9204510574452378
g__Actinomyces|s__Actinomyces_SGB17132,Actinomyces SGB17132,ALL,smoking,-0.7245117153955385,0.05329850666053181,188,0.2480758238169274
g__Actinomyces|s__Actinomyces_SGB17154,Actinomyces SGB17154,ALL,site[T.Oral],5.425549631451835,1.1284485056556257e-24,188,4.592294788233329e-23
g__Actinomyces|s__Actinomyces_SGB17154,Actinomyces SGB17154,ALL,sex[T.1],0.5367224868517851,0.15566449194882923,188,0.5076723500491434
g__Actinomyces|s__Actinomyces_SGB17154,Actinomyces SGB17154,ALL,disease,0.9148862862406487,0.036559537513054845,188,0.1867121498878959
g__Actinomyces|s__Actinomyces_SGB17154,Actinomyces SGB17154,ALL,ppi_use,0.6728592638017982,0.15940512363305684,188,0.5126313188963681
g__Actinomyces|s__Actinomyces_SGB17154,Actinomyces SGB17154,ALL,age,-0.009288707322075486,0.5279697224179989,188,0.8591672372021686
g__Actinomyces|s__Actinomyces_SGB17154,Actinomyces SGB17154,ALL,bmi,0.016295162575700257,0.7266291517855776,188,0.9324272694692913
g__Actinomyces|s__Actinomyces_SGB17154,Actinomyces SGB17154,ALL,antibiotics_3m,-0.32033094159951253,0.6343384592325663,188,0.911133653979019
g__Actinomyces|s__Actinomyces_SGB17154,Actinomyces SGB17154,ALL,smoking,0.9117163660941832,0.06603220688454599,188,0.28898970315480027
g__Actinomyces|s__Actinomyces_SGB17157,Actinomyces SGB17157,ALL,site[T.Oral],2.3686505690277824,4.604745212539618e-14,188,8.562996395239236e-13
g__Actinomyces|s__Actinomyces_SGB17157,Actinomyces SGB17157,ALL,sex[T.1],-0.304906961390287,0.20607091471223887,188,0.593484234371248
g__Actinomyces|s__Actinomyces_SGB17157,Actinomyces SGB17157,ALL,disease,0.852368738668681,0.002436999418061944,188,0.019330775044965928
g__Actinomyces|s__Actinomyces_SGB17157,Actinomyces SGB17157,ALL,ppi_use,0.22159007206193015,0.46692738437906767,188,0.8285296061155037
g__Actinomyces|s__Actinomyces_SGB17157,Actinomyces SGB17157,ALL,age,-0.006314425441392534,0.5015050048297556,188,0.8442602239580058
g__Actinomyces|s__Actinomyces_SGB17157,Actinomyces SGB17157,ALL,bmi,0.0345447337309124,0.2463655429938364,188,0.6444551566466832
g__Actinomyces|s__Actinomyces_SGB17157,Actinomyces SGB17157,ALL,antibiotics_3m,-0.11174335733919223,0.7948574029428767,188,0.9520934754399919
g__Actinomyces|s__Actinomyces_SGB17157,Actinomyces SGB17157,ALL,smoking,-0.6774254443931078,0.03265113316607912,188,0.17201572594812414
g__Actinomyces|s__Actinomyces_SGB17163,Actinomyces SGB17163,ALL,site[T.Oral],4.7083591403527585,1.3396157325510981e-28,188,6.96600180926571e-27
g__Actinomyces|s__Actinomyces_SGB17163,Actinomyces SGB17163,ALL,sex[T.1],-0.20698128742790328,0.4818783592675604,188,0.8296238920667696
g__Actinomyces|s__Actinomyces_SGB17163,Actinomyces SGB17163,ALL,disease,0.954045130810855,0.005416979991201176,188,0.03940642439195053
g__Actinomyces|s__Actinomyces_SGB17163,Actinomyces SGB17163,ALL,ppi_use,-0.3797347016236407,0.3081278884546299,188,0.702861990885947
g__Actinomyces|s__Actinomyces_SGB17163,Actinomyces SGB17163,ALL,age,-0.010217850828257581,0.3738239517050479,188,0.762861668886464
g__Actinomyces|s__Actinomyces_SGB17163,Actinomyces SGB17163,ALL,bmi,-0.016086833944699612,0.6582477281215341,188,0.9143242209408174
g__Actinomyces|s__Actinomyces_SGB17163,Actinomyces SGB17163,ALL,antibiotics_3m,0.12217351454554501,0.8160982158858123,188,0.957648815864322
g__Actinomyces|s__Actinomyces_SGB17163,Actinomyces SGB17163,ALL,smoking,-0.18299114540422515,0.6347976678283891,188,0.911133653979019
g__Actinomyces|s__Actinomyces_SGB17168,Actinomyces SGB17168,ALL,site[T.Oral],3.398031589456759,5.413574055365715e-13,188,9.807300611268986e-12
g__Actinomyces|s__Actinomyces_SGB17168,Actinomyces SGB17168,ALL,sex[T.1],-0.14384314017165128,0.6923303982821436,188,0.9182517207218585
g__Actinomyces|s__Actinomyces_SGB17168,Actinomyces SGB17168,ALL,disease,1.1261056562585914,0.007839341079311309,188,0.055032174376765386
g__Actinomyces|s__Actinomyces_SGB17168,Actinomyces SGB17168,ALL,ppi_use,-0.197382913998647,0.6677804414791639,188,0.9170124158427644
g__Actinomyces|s__Actinomyces_SGB17168,Actinomyces SGB17168,ALL,age,0.018735390723916848,0.18756263639234205,188,0.5699955443611433
g__Actinomyces|s__Actinomyces_SGB17168,Actinomyces SGB17168,ALL,bmi,-0.0061079285042652445,0.8918689314084547,188,0.9799497593165543
g__Actinomyces|s__Actinomyces_SGB17168,Actinomyces SGB17168,ALL,antibiotics_3m,-0.21108373636199465,0.7450819767427395,188,0.9353001927554273
g__Actinomyces|s__Actinomyces_SGB17168,Actinomyces SGB17168,ALL,smoking,-0.7254498251862672,0.12867720288122486,188,0.4477392635569757
g__Actinomyces|s__Actinomyces_dentalis,Actinomyces dentalis,ALL,site[T.Oral],3.019311597765357,6.235135815768578e-21,188,1.903071888117192e-19
g__Actinomyces|s__Actinomyces_dentalis,Actinomyces dentalis,ALL,sex[T.1],0.0052804872711139095,0.9820907581284155,188,0.9952452245437899
g__Actinomyces|s__Actinomyces_dentalis,Actinomyces dentalis,ALL,disease,0.7669070435614296,0.0051934878217308605,188,0.038176214145079206
g__Actinomyces|s__Actinomyces_dentalis,Actinomyces dentalis,ALL,ppi_use,0.17626893908302604,0.5538203660024477,188,0.8741582842804233
g__Actinomyces|s__Actinomyces_dentalis,Actinomyces dentalis,ALL,age,0.0076589650148042214,0.4045335358998834,188,0.7866075147223898
g__Actinomyces|s__Actinomyces_dentalis,Actinomyces dentalis,ALL,bmi,0.0024635158472370118,0.9324898010056746,188,0.9888202232323886
g__Actinomyces|s__Actinomyces_dentalis,Actinomyces dentalis,ALL,antibiotics_3m,0.3020534166852981,0.47250537939169424,188,0.8296238920667696
g__Actinomyces|s__Actinomyces_dentalis,Actinomyces dentalis,ALL,smoking,0.08053741824203102,0.7937670530187207,188,0.9520934754399919
g__Actinomyces|s__Actinomyces_graevenitzii,Actinomyces graevenitzii,ALL,site[T.Oral],8.517920626663598,2.3661279998682883e-61,188,5.536739519691795e-59
g__Actinomyces|s__Actinomyces_graevenitzii,Actinomyces graevenitzii,ALL,sex[T.1],0.4823049736721343,0.08487642031133988,188,0.34194115959001775
g__Actinomyces|s__Actinomyces_graevenitzii,Actinomyces graevenitzii,ALL,disease,1.0573156783258466,0.0011981753423803408,188,0.010073282519173643
g__Actinomyces|s__Actinomyces_graevenitzii,Actinomyces graevenitzii,ALL,ppi_use,0.14385197717275477,0.6833876509088024,188,0.9182517207218585
g__Actinomyces|s__Actinomyces_graevenitzii,Actinomyces graevenitzii,ALL,age,0.008736511389894992,0.4222909863163651,188,0.800764343536847
g__Actinomyces|s__Actinomyces_graevenitzii,Actinomyces graevenitzii,ALL,bmi,-0.012544797992547497,0.7158784876690603,188,0.9276677783367492
g__Actinomyces|s__Actinomyces_graevenitzii,Actinomyces graevenitzii,ALL,antibiotics_3m,0.3885706784043204,0.4355015943160325,188,0.8086680073463639
g__Actinomyces|s__Actinomyces_graevenitzii,Actinomyces graevenitzii,ALL,smoking,0.1832045745399057,0.6158677981455534,188,0.9052622695294917
g__Actinomyces|s__Actinomyces_naeslundii,Actinomyces naeslundii,ALL,site[T.Oral],2.533974920988672,1.2386675961933619e-17,188,2.8745277769512066e-16
g__Actinomyces|s__Actinomyces_naeslundii,Actinomyces naeslundii,ALL,sex[T.1],-0.12400352520789149,0.5760888103670112,188,0.8878470798630995
g__Actinomyces|s__Actinomyces_naeslundii,Actinomyces naeslundii,ALL,disease,0.9759513362926866,0.00018329912009409065,188,0.0017748411352558845
g__Actinomyces|s__Actinomyces_naeslundii,Actinomyces naeslundii,ALL,ppi_use,-0.09155851040638584,0.7441064548323539,188,0.9353001927554273
g__Actinomyces|s__Actinomyces_naeslundii,Actinomyces naeslundii,ALL,age,-0.006029653745090738,0.48610341923113853,188,0.8343388760397537
g__Actinomyces|s__Actinomyces_naeslundii,Actinomyces naeslundii,ALL,bmi,0.007467754277225928,0.7852728873220073,188,0.9513642937501046
g__Actinomyces|s__Actinomyces_naeslundii,Actinomyces naeslundii,ALL,antibiotics_3m,-0.37873074675087415,0.3394390075582653,188,0.7309392125947921
g__Actinomyces|s__Actinomyces_naeslundii,Actinomyces naeslundii,ALL,smoking,-0.5426856017153985,0.06284614716573211,188,0.27834697356683874
g__Actinomyces|s__Actinomyces_oris,Actinomyces oris,ALL,site[T.Oral],5.923654037927179,8.938061510152647e-43,188,9.295583970558754e-41
g__Actinomyces|s__Actinomyces_oris,Actinomyces oris,ALL,sex[T.1],-0.31332072792328325,0.24660725272034667,188,0.6444551566466832
g__Actinomyces|s__Actinomyces_oris,Actinomyces oris,ALL,disease,0.9548594638988592,0.002471280358769898,188,0.019547479570213726
g__Actinomyces|s__Actinomyces_oris,Actinomyces oris,ALL,ppi_use,-0.3765074657933062,0.27099207934953917,188,0.6667876481515226
g__Actinomyces|s__Actinomyces_oris,Actinomyces oris,ALL,age,0.008369474529852627,0.427246854108828,188,0.804633914377994
g__Actinomyces|s__Actinomyces_oris,Actinomyces oris,ALL,bmi,0.019075372818777653,0.5677249949118498,188,0.8841965619631355
g__Actinomyces|s__Actinomyces_oris,Actinomyces oris,ALL,antibiotics_3m,-0.1497106459761083,0.7561773472408013,188,0.9378736709594391
g__Actinomyces|s__Actinomyces_oris,Actinomyces oris,ALL,smoking,0.7950178836577114,0.025512890771954743,188,0.14356752963456695
g__Actinomyces|s__Actinomyces_sp_HMSC035G02,Actinomyces sp HMSC035G02,ALL,site[T.Oral],3.7838458648850533,2.476437959132428e-19,188,6.560224329475337e-18
g__Actinomyces|s__Actinomyces_sp_HMSC035G02,Actinomyces sp HMSC035G02,ALL,sex[T.1],-0.2596727918621553,0.4044840161479837,188,0.7866075147223898
g__Actinomyces|s__Actinomyces_sp_HMSC035G02,Actinomyces sp HMSC035G02,ALL,disease,1.2670790717192908,0.0005210806759713033,188,0.004572482931648187
g__Actinomyces|s__Actinomyces_sp_HMSC035G02,Actinomyces sp HMSC035G02,ALL,ppi_use,-0.943562940567715,0.017412211003968968,188,0.10629019238944534
g__Actinomyces|s__Actinomyces_sp_HMSC035G02,Actinomyces sp HMSC035G02,ALL,age,0.00729989706061594,0.5479482150591757,188,0.8717499081508019
g__Actinomyces|s__Actinomyces_sp_HMSC035G02,Actinomyces sp HMSC035G02,ALL,bmi,-0.015845892012266674,0.6804863992602523,188,0.9182517207218585
g__Actinomyces|s__Actinomyces_sp_HMSC035G02,Actinomyces sp HMSC035G02,ALL,antibiotics_3m,-0.0169376830735183,0.9756890116868197,188,0.9939499763344429
g__Actinomyces|s__Actinomyces_sp_HMSC035G02,Actinomyces sp HMSC035G02,ALL,smoking,-0.29900847195347985,0.46344171054503325,188,0.8281541296437301
g__Actinomyces|s__Actinomyces_sp_ICM47,Actinomyces sp ICM47,ALL,site[T.Oral],6.800441971263732,1.2346246372392526e-33,188,8.889297388122619e-32
g__Actinomyces|s__Actinomyces_sp_ICM47,Actinomyces sp ICM47,ALL,sex[T.1],-0.6254341088350865,0.097530662256381,188,0.376827083420776
g__Actinomyces|s__Actinomyces_sp_ICM47,Actinomyces sp ICM47,ALL,disease,4.667756941734127,3.5015200910887935e-21,188,1.0804690566788277e-19
g__Actinomyces|s__Actinomyces_sp_ICM47,Actinomyces sp ICM47,ALL,ppi_use,-0.18784058477678023,0.6929854653871841,188,0.9182517207218585
g__Actinomyces|s__Actinomyces_sp_ICM47,Actinomyces sp ICM47,ALL,age,0.0032235988809182965,0.8261187761873462,188,0.9608792640332098
g__Actinomyces|s__Actinomyces_sp_ICM47,Actinomyces sp ICM47,ALL,bmi,-0.022328697765551877,0.6310880436931645,188,0.9109207001240979
g__Actinomyces|s__Actinomyces_sp_ICM47,Actinomyces sp ICM47,ALL,antibiotics_3m,0.8908471033737376,0.18575698907828114,188,0.5668455251549804
g__Actinomyces|s__Actinomyces_sp_ICM47,Actinomyces sp ICM47,ALL,smoking,-1.5737238351997755,0.0016232095764088246,188,0.013363544507140432
g__Actinomyces|s__Actinomyces_sp_ICM58,Actinomyces sp ICM58,ALL,site[T.Oral],5.418305608463259,5.492032241675896e-24,188,2.1125515800857418e-22
g__Actinomyces|s__Actinomyces_sp_ICM58,Actinomyces sp ICM58,ALL,sex[T.1],-0.5373477527541658,0.16289898523457508,188,0.5209798981078437
g__Actinomyces|s__Actinomyces_sp_ICM58,Actinomyces sp ICM58,ALL,disease,1.18582088357768,0.008051284714243271,188,0.05612821290395304
g__Actinomyces|s__Actinomyces_sp_ICM58,Actinomyces sp ICM58,ALL,ppi_use,-0.6088383753520661,0.2111342844113699,188,0.5995577656317647
g__Actinomyces|s__Actinomyces_sp_ICM58,Actinomyces sp ICM58,ALL,age,0.0034840729447589047,0.8161742529600248,188,0.957648815864322
g__Actinomyces|s__Actinomyces_sp_ICM58,Actinomyces sp ICM58,ALL,bmi,-0.05155387709969254,0.2783216296376247,188,0.674311592771743
g__Actinomyces|s__Actinomyces_sp_ICM58,Actinomyces sp ICM58,ALL,antibiotics_3m,0.5451783198133798,0.4271309719114862,188,0.804633914377994
g__Actinomyces|s__Actinomyces_sp_ICM58,Actinomyces sp ICM58,ALL,smoking,-0.13234634551585914,0.7924457501329509,188,0.9520934754399919
g__Actinomyces|s__Actinomyces_sp_ph3,Actinomyces sp ph3,ALL,site[T.Oral],6.19255270431335,1.290171281028492e-44,188,1.646727707785457e-42
g__Actinomyces|s__Actinomyces_sp_ph3,Actinomyces sp ph3,ALL,sex[T.1],0.1662337278447086,0.5416640014759406,188,0.867156508634231
g__Actinomyces|s__Actinomyces_sp_ph3,Actinomyces sp ph3,ALL,disease,1.1472789533390533,0.00033461489597630585,188,0.003080651239021203
g__Actinomyces|s__Actinomyces_sp_ph3,Actinomyces sp ph3,ALL,ppi_use,0.07433737976372574,0.8291167373848269,188,0.9623441771245025
g__Actinomyces|s__Actinomyces_sp_ph3,Actinomyces sp ph3,ALL,age,-0.003613674549681086,0.7337770816574141,188,0.9349679276632936
g__Actinomyces|s__Actinomyces_sp_ph3,Actinomyces sp ph3,ALL,bmi,0.011391028828045153,0.7350557246761744,188,0.9349679276632936
g__Actinomyces|s__Actinomyces_sp_ph3,Actinomyces sp ph3,ALL,antibiotics_3m,-0.011669543059336446,0.980852885922633,188,0.9952452245437899
g__Actinomyces|s__Actinomyces_sp_ph3,Actinomyces sp ph3,ALL,smoking,0.3153999285866904,0.3768388061716774,188,0.7656753746237844
g__Adlercreutzia|s__Adlercreutzia_equolifaciens,Adlercreutzia equolifaciens,ALL,site[T.Oral],-2.5947907949253395,2.353547462945214e-06,188,2.7767904520798993e-05
g__Adlercreutzia|s__Adlercreutzia_equolifaciens,Adlercreutzia equolifaciens,ALL,sex[T.1],-0.08364573892945576,0.8501938818281636,188,0.9696768562849242
g__Adlercreutzia|s__Adlercreutzia_equolifaciens,Adlercreutzia equolifaciens,ALL,disease,0.39286116856463726,0.4423470456896381,188,0.8125110862086803
g__Adlercreutzia|s__Adlercreutzia_equolifaciens,Adlercreutzia equolifaciens,ALL,ppi_use,0.1987791065585882,0.7227724077586568,188,0.9305570476782707
g__Adlercreutzia|s__Adlercreutzia_equolifaciens,Adlercreutzia equolifaciens,ALL,age,-0.039436043277936844,0.023472596104938154,188,0.1347874230320375
g__Adlercreutzia|s__Adlercreutzia_equolifaciens,Adlercreutzia equolifaciens,ALL,bmi,0.05868543342278901,0.2845187529042177,188,0.6803209521427733
g__Adlercreutzia|s__Adlercreutzia_equolifaciens,Adlercreutzia equolifaciens,ALL,antibiotics_3m,-0.3812544901512006,0.6299070645948436,188,0.9109207001240979
g__Adlercreutzia|s__Adlercreutzia_equolifaciens,Adlercreutzia equolifaciens,ALL,smoking,0.24774858679422718,0.6693064090673339,188,0.9170548288563516
g__Agathobaculum|s__Agathobaculum_butyriciproducens,Agathobaculum butyriciproducens,ALL,site[T.Oral],-5.5666776605323935,1.3206966414727267e-28,188,6.96600180926571e-27
g__Agathobaculum|s__Agathobaculum_butyriciproducens,Agathobaculum butyriciproducens,ALL,sex[T.1],0.25863183939360085,0.4572740908038284,188,0.8228222595511439
g__Agathobaculum|s__Agathobaculum_butyriciproducens,Agathobaculum butyriciproducens,ALL,disease,1.1670613299081196,0.004029886049660023,188,0.030256470661618573
g__Agathobaculum|s__Agathobaculum_butyriciproducens,Agathobaculum butyriciproducens,ALL,ppi_use,0.14478831807576295,0.7420369959298123,188,0.9353001927554273
g__Agathobaculum|s__Agathobaculum_butyriciproducens,Agathobaculum butyriciproducens,ALL,age,0.00465121871020485,0.7317590462654072,188,0.9344153714930712
g__Agathobaculum|s__Agathobaculum_butyriciproducens,Agathobaculum butyriciproducens,ALL,bmi,0.04091708879392773,0.3416986518606214,188,0.7318762886534135
g__Agathobaculum|s__Agathobaculum_butyriciproducens,Agathobaculum butyriciproducens,ALL,antibiotics_3m,-0.16295803405117004,0.7930060671971547,188,0.9520934754399919
g__Agathobaculum|s__Agathobaculum_butyriciproducens,Agathobaculum butyriciproducens,ALL,smoking,0.3528555926058887,0.4386981161342285,188,0.8099042144016526
g__Aggregatibacter|s__Aggregatibacter_sp_2125159857,Aggregatibacter sp 2125159857,ALL,site[T.Oral],2.8972235678843705,8.144442978222627e-19,188,2.0790541711681032e-17
g__Aggregatibacter|s__Aggregatibacter_sp_2125159857,Aggregatibacter sp 2125159857,ALL,sex[T.1],-0.026448997187191008,0.9132120757809533,188,0.9888202232323886
g__Aggregatibacter|s__Aggregatibacter_sp_2125159857,Aggregatibacter sp 2125159857,ALL,disease,0.48822802575569973,0.08250379867580336,188,0.3352686927375627
g__Aggregatibacter|s__Aggregatibacter_sp_2125159857,Aggregatibacter sp 2125159857,ALL,ppi_use,-0.44020705613766203,0.15276857021166407,188,0.5017241463793599
g__Aggregatibacter|s__Aggregatibacter_sp_2125159857,Aggregatibacter sp 2125159857,ALL,age,0.00889824761940064,0.34799187872673887,188,0.7384209812362191
g__Aggregatibacter|s__Aggregatibacter_sp_2125159857,Aggregatibacter sp 2125159857,ALL,bmi,-0.0025307327252691225,0.932773400725452,188,0.9888202232323886
g__Aggregatibacter|s__Aggregatibacter_sp_2125159857,Aggregatibacter sp 2125159857,ALL,antibiotics_3m,-0.38846704563312173,0.37065294797876214,188,0.7602788369872613
g__Aggregatibacter|s__Aggregatibacter_sp_2125159857,Aggregatibacter sp 2125159857,ALL,smoking,-0.3458448103439439,0.27726231323127776,188,0.6740693069877687
g__Akkermansia|s__Akkermansia_muciniphila,Akkermansia muciniphila,ALL,site[T.Oral],-3.3218269499171433,9.245764648146115e-06,188,0.00010343468976890157
g__Akkermansia|s__Akkermansia_muciniphila,Akkermansia muciniphila,ALL,sex[T.1],0.2035872305344993,0.7368643861073706,188,0.9349679276632936
g__Akkermansia|s__Akkermansia_muciniphila,Akkermansia muciniphila,ALL,disease,0.05610489214390552,0.9360249886481182,188,0.9888202232323886
g__Akkermansia|s__Akkermansia_muciniphila,Akkermansia muciniphila,ALL,ppi_use,-1.2188369322682644,0.1130092083052911,188,0.41404336357141186
g__Akkermansia|s__Akkermansia_muciniphila,Akkermansia muciniphila,ALL,age,0.0521147901414133,0.02854293924457813,188,0.15654018241948317
g__Akkermansia|s__Akkermansia_muciniphila,Akkermansia muciniphila,ALL,bmi,-0.09134283637072678,0.22355226758339353,188,0.6184578988908069
g__Akkermansia|s__Akkermansia_muciniphila,Akkermansia muciniphila,ALL,antibiotics_3m,1.2901501029076248,0.2340442749598046,188,0.6319195423914724
g__Akkermansia|s__Akkermansia_muciniphila,Akkermansia muciniphila,ALL,smoking,-0.3829785156841686,0.6293796818137705,188,0.9109207001240979
g__Alistipes|s__Alistipes_communis,Alistipes communis,ALL,site[T.Oral],-3.9510300309182957,2.2628254747835313e-12,188,3.850917535267974e-11
g__Alistipes|s__Alistipes_communis,Alistipes communis,ALL,sex[T.1],0.5520299620232342,0.20674954725806322,188,0.5941413813355118
g__Alistipes|s__Alistipes_communis,Alistipes communis,ALL,disease,-3.565579496263551,2.931634885164501e-11,188,4.704017575738239e-10
g__Alistipes|s__Alistipes_communis,Alistipes communis,ALL,ppi_use,0.22323414936818115,0.68591899876427,188,0.9182517207218585
g__Alistipes|s__Alistipes_communis,Alistipes communis,ALL,age,0.014247884379913615,0.40308855524375864,188,0.7866075147223898
g__Alistipes|s__Alistipes_communis,Alistipes communis,ALL,bmi,0.025536766506741606,0.6359619366937715,188,0.9115540738750028
g__Alistipes|s__Alistipes_communis,Alistipes communis,ALL,antibiotics_3m,-1.0085249563107248,0.19659578873851338,188,0.5829366153936066
g__Alistipes|s__Alistipes_communis,Alistipes communis,ALL,smoking,-0.1735901719480712,0.7612672015044935,188,0.9396212315712604
g__Alistipes|s__Alistipes_dispar,Alistipes dispar,ALL,site[T.Oral],-0.9227687217696764,0.11270718020798884,188,0.41404336357141186
g__Alistipes|s__Alistipes_dispar,Alistipes dispar,ALL,sex[T.1],0.15607101385829047,0.746123744635895,188,0.9353001927554273
g__Alistipes|s__Alistipes_dispar,Alistipes dispar,ALL,disease,0.6160503690559194,0.26878616672462396,188,0.6667416573875832
g__Alistipes|s__Alistipes_dispar,Alistipes dispar,ALL,ppi_use,-1.1468479348801777,0.06125635077155179,188,0.2717343332804382
g__Alistipes|s__Alistipes_dispar,Alistipes dispar,ALL,age,0.03566618727483353,0.05918397229513089,188,0.26718423505583205
g__Alistipes|s__Alistipes_dispar,Alistipes dispar,ALL,bmi,-0.07185609540814662,0.22879195613949427,188,0.6246228493386755
g__Alistipes|s__Alistipes_dispar,Alistipes dispar,ALL,antibiotics_3m,1.3889686545870028,0.10792231076450026,188,0.40352310070135383
g__Alistipes|s__Alistipes_dispar,Alistipes dispar,ALL,smoking,-0.2058743765555597,0.7443313368365322,188,0.9353001927554273
g__Alistipes|s__Alistipes_finegoldii,Alistipes finegoldii,ALL,site[T.Oral],-3.309638082217834,2.5227329793473465e-07,188,3.1766072672678695e-06
g__Alistipes|s__Alistipes_finegoldii,Alistipes finegoldii,ALL,sex[T.1],0.9758910408509125,0.058852073688846124,188,0.2661137245060868
g__Alistipes|s__Alistipes_finegoldii,Alistipes finegoldii,ALL,disease,-2.2867356110339907,0.00015723368788723505,188,0.0015383700194681396
g__Alistipes|s__Alistipes_finegoldii,Alistipes finegoldii,ALL,ppi_use,0.0637071153019931,0.9219464756734328,188,0.9888202232323886
g__Alistipes|s__Alistipes_finegoldii,Alistipes finegoldii,ALL,age,0.0045262383982060846,0.8214619691881224,188,0.9592874833327049
g__Alistipes|s__Alistipes_finegoldii,Alistipes finegoldii,ALL,bmi,-0.013339058830453023,0.8337245502558854,188,0.965124497867034
g__Alistipes|s__Alistipes_finegoldii,Alistipes finegoldii,ALL,antibiotics_3m,0.5393685350551598,0.557011173031875,188,0.877163057594183
g__Alistipes|s__Alistipes_finegoldii,Alistipes finegoldii,ALL,smoking,0.6030880277329788,0.37075498104078364,188,0.7602788369872613
g__Alistipes|s__Alistipes_ihumii,Alistipes ihumii,ALL,site[T.Oral],-2.878154878230529,2.721696899520237e-07,188,3.396677730601256e-06
g__Alistipes|s__Alistipes_ihumii,Alistipes ihumii,ALL,sex[T.1],0.0666889772521264,0.8817427947746559,188,0.9792429777759343
g__Alistipes|s__Alistipes_ihumii,Alistipes ihumii,ALL,disease,-2.877716656731345,9.145760400049097e-08,188,1.1780410643732966e-06
g__Alistipes|s__Alistipes_ihumii,Alistipes ihumii,ALL,ppi_use,0.7864723400621941,0.16662989721347463,188,0.5292949676192723
g__Alistipes|s__Alistipes_ihumii,Alistipes ihumii,ALL,age,-0.014195919868537367,0.41750024517819795,188,0.7959103197931426
g__Alistipes|s__Alistipes_ihumii,Alistipes ihumii,ALL,bmi,0.05152471128685316,0.35308934186632457,188,0.7429977768469207
g__Alistipes|s__Alistipes_ihumii,Alistipes ihumii,ALL,antibiotics_3m,-0.5446893795274286,0.4965966352332345,188,0.8420551640911368
g__Alistipes|s__Alistipes_ihumii,Alistipes ihumii,ALL,smoking,0.17169367719102294,0.7699512276157174,188,0.9457923254839268
g__Alistipes|s__Alistipes_indistinctus,Alistipes indistinctus,ALL,site[T.Oral],-1.25508158520841,0.015473792253223236,188,0.09720449361756342
g__Alistipes|s__Alistipes_indistinctus,Alistipes indistinctus,ALL,sex[T.1],-0.4775481831539429,0.26476635073214655,188,0.6647027903253948
g__Alistipes|s__Alistipes_indistinctus,Alistipes indistinctus,ALL,disease,-2.225316059955607,1.130166735767195e-05,188,0.0001254351064835685
g__Alistipes|s__Alistipes_indistinctus,Alistipes indistinctus,ALL,ppi_use,0.06837963488614447,0.899380080862306,188,0.9830514858160199
g__Alistipes|s__Alistipes_indistinctus,Alistipes indistinctus,ALL,age,0.026503254956521723,0.11336466658239844,188,0.41404336357141186
g__Alistipes|s__Alistipes_indistinctus,Alistipes indistinctus,ALL,bmi,-0.0541254227729953,0.30644406970761573,188,0.7015758295273623
g__Alistipes|s__Alistipes_indistinctus,Alistipes indistinctus,ALL,antibiotics_3m,-0.26714316247710573,0.7264632915323468,188,0.9324272694692913
g__Alistipes|s__Alistipes_indistinctus,Alistipes indistinctus,ALL,smoking,-0.008061837429474507,0.988509584313756,188,0.9962244021479952
g__Alistipes|s__Alistipes_onderdonkii,Alistipes onderdonkii,ALL,site[T.Oral],-4.8840820462210734,6.3932045022426154e-15,188,1.2553928840767318e-13
g__Alistipes|s__Alistipes_onderdonkii,Alistipes onderdonkii,ALL,sex[T.1],0.06885329317479896,0.8852889214880797,188,0.9792429777759343
g__Alistipes|s__Alistipes_onderdonkii,Alistipes onderdonkii,ALL,disease,-3.373843998257256,5.306459743032249e-09,188,7.537747113344676e-08
g__Alistipes|s__Alistipes_onderdonkii,Alistipes onderdonkii,ALL,ppi_use,0.11053009688870077,0.8547454429942314,188,0.9730274281517275
g__Alistipes|s__Alistipes_onderdonkii,Alistipes onderdonkii,ALL,age,-0.0035810420058162095,0.8475243786074705,188,0.9689936706554468
g__Alistipes|s__Alistipes_onderdonkii,Alistipes onderdonkii,ALL,bmi,-0.02782651662630874,0.6372858650005144,188,0.9116142174841795
g__Alistipes|s__Alistipes_onderdonkii,Alistipes onderdonkii,ALL,antibiotics_3m,-2.10671851420459,0.014254774417392356,188,0.09180597835788472
g__Alistipes|s__Alistipes_onderdonkii,Alistipes onderdonkii,ALL,smoking,1.3843781530621584,0.02779744273986503,188,0.1539550674823294
g__Alistipes|s__Alistipes_putredinis,Alistipes putredinis,ALL,site[T.Oral],-5.453646416776964,1.1976286814388652e-19,188,3.233597439884936e-18
g__Alistipes|s__Alistipes_putredinis,Alistipes putredinis,ALL,sex[T.1],0.8779737756477535,0.04902605736048174,188,0.23372694239088748
g__Alistipes|s__Alistipes_putredinis,Alistipes putredinis,ALL,disease,-4.413826176544588,3.1547054038895875e-15,188,6.37295883030357e-14
g__Alistipes|s__Alistipes_putredinis,Alistipes putredinis,ALL,ppi_use,0.7984098651790291,0.15599914711197885,188,0.5079799203848716
g__Alistipes|s__Alistipes_putredinis,Alistipes putredinis,ALL,age,-0.011982597716011966,0.48911440600368616,188,0.8374593000355797
g__Alistipes|s__Alistipes_putredinis,Alistipes putredinis,ALL,bmi,-0.013369470907361456,0.8074179445271683,188,0.9534212400480783
g__Alistipes|s__Alistipes_putredinis,Alistipes putredinis,ALL,antibiotics_3m,0.3205769663965365,0.6858451406606989,188,0.9182517207218585
g__Alistipes|s__Alistipes_putredinis,Alistipes putredinis,ALL,smoking,0.18425790626947655,0.7511462383738264,188,0.9368460585698936
g__Alistipes|s__Alistipes_senegalensis,Alistipes senegalensis,ALL,site[T.Oral],-1.145425572663459,0.04188863606022028,188,0.20738257211391928
g__Alistipes|s__Alistipes_senegalensis,Alistipes senegalensis,ALL,sex[T.1],-0.5425060341587591,0.2445932671371705,188,0.6429552069504092
g__Alistipes|s__Alistipes_senegalensis,Alistipes senegalensis,ALL,disease,-1.5025889738876814,0.005630787381758367,188,0.04075064682468427
g__Alistipes|s__Alistipes_senegalensis,Alistipes senegalensis,ALL,ppi_use,0.187736473831856,0.7498352963591821,188,0.936576260947086
g__Alistipes|s__Alistipes_senegalensis,Alistipes senegalensis,ALL,age,0.045047480072789935,0.01390506878482222,188,0.09038294710134444
g__Alistipes|s__Alistipes_senegalensis,Alistipes senegalensis,ALL,bmi,-0.13295226293479726,0.021787829880370382,188,0.12562674805765922
g__Alistipes|s__Alistipes_senegalensis,Alistipes senegalensis,ALL,antibiotics_3m,0.15853210098659887,0.8487391793512749,188,0.9695930087951098
g__Alistipes|s__Alistipes_senegalensis,Alistipes senegalensis,ALL,smoking,0.637003961223719,0.29661728314877917,188,0.6962001724591617
g__Alistipes|s__Alistipes_shahii,Alistipes shahii,ALL,site[T.Oral],-4.6084974875470675,4.141200232720396e-13,188,7.550967697064202e-12
g__Alistipes|s__Alistipes_shahii,Alistipes shahii,ALL,sex[T.1],-0.14642836633920597,0.7651220643122327,188,0.942721701004278
g__Alistipes|s__Alistipes_shahii,Alistipes shahii,ALL,disease,-3.351307396949345,1.487075226170837e-08,188,2.0469153113175048e-07
g__Alistipes|s__Alistipes_shahii,Alistipes shahii,ALL,ppi_use,0.6189745350498124,0.31874353448222636,188,0.7108949685835698
g__Alistipes|s__Alistipes_shahii,Alistipes shahii,ALL,age,0.01999768402877435,0.29642436374283354,188,0.6962001724591617
g__Alistipes|s__Alistipes_shahii,Alistipes shahii,ALL,bmi,0.016678953088576195,0.7831014868666395,188,0.9511024978899324
g__Alistipes|s__Alistipes_shahii,Alistipes shahii,ALL,antibiotics_3m,0.11947301852966286,0.8914306991490342,188,0.9799497593165543
g__Alistipes|s__Alistipes_shahii,Alistipes shahii,ALL,smoking,0.5308198565490811,0.4085973877155046,188,0.7890931669223774
g__Alistipes|s__Alistipes_sp_AF17_16,Alistipes sp AF17 16,ALL,site[T.Oral],-0.42085401096135433,0.42961354795606665,188,0.8069907523450799
g__Alistipes|s__Alistipes_sp_AF17_16,Alistipes sp AF17 16,ALL,sex[T.1],-0.7855089697764743,0.07723837386669564,188,0.32178835877994266
g__Alistipes|s__Alistipes_sp_AF17_16,Alistipes sp AF17 16,ALL,disease,-0.9106985379655878,0.07583065693053671,188,0.3176061718150286
g__Alistipes|s__Alistipes_sp_AF17_16,Alistipes sp AF17 16,ALL,ppi_use,-0.4088866535596306,0.46557519175210715,188,0.8281541296437301
g__Alistipes|s__Alistipes_sp_AF17_16,Alistipes sp AF17 16,ALL,age,0.03268731954029806,0.05968503310763971,188,0.26840993173985683
g__Alistipes|s__Alistipes_sp_AF17_16,Alistipes sp AF17 16,ALL,bmi,-0.07798594851847024,0.1552576643173947,188,0.507524471947898
g__Alistipes|s__Alistipes_sp_AF17_16,Alistipes sp AF17 16,ALL,antibiotics_3m,1.3879938897314077,0.08042330458661855,188,0.329676845663102
g__Alistipes|s__Alistipes_sp_AF17_16,Alistipes sp AF17 16,ALL,smoking,0.33049608304836453,0.5687208781031492,188,0.8841965619631355
g__Alloprevotella|s__Alloprevotella_SGB1483,Alloprevotella SGB1483,ALL,site[T.Oral],4.099101481947082,7.338313480068347e-21,188,2.2156972314012817e-19
g__Alloprevotella|s__Alloprevotella_SGB1483,Alloprevotella SGB1483,ALL,sex[T.1],0.45068688837235454,0.1602998432202802,188,0.5138378536102133
g__Alloprevotella|s__Alloprevotella_SGB1483,Alloprevotella SGB1483,ALL,disease,0.4704414021495293,0.20377028640186773,188,0.593484234371248
g__Alloprevotella|s__Alloprevotella_SGB1483,Alloprevotella SGB1483,ALL,ppi_use,0.6136118696609167,0.13092626979319832,188,0.45302455626812266
g__Alloprevotella|s__Alloprevotella_SGB1483,Alloprevotella SGB1483,ALL,age,-0.018842685988210636,0.13265663005131179,188,0.4564948740001023
g__Alloprevotella|s__Alloprevotella_SGB1483,Alloprevotella SGB1483,ALL,bmi,-0.043543443230930706,0.27198860690016724,188,0.6667876481515226
g__Alloprevotella|s__Alloprevotella_SGB1483,Alloprevotella SGB1483,ALL,antibiotics_3m,-0.1548079431429997,0.7865864370579301,188,0.9520408255425291
g__Alloprevotella|s__Alloprevotella_SGB1483,Alloprevotella SGB1483,ALL,smoking,-0.24225442078018183,0.5634988643254094,188,0.8824901344259618
g__Alloprevotella|s__Alloprevotella_SGB1484,Alloprevotella SGB1484,ALL,site[T.Oral],4.874123375119678,8.393584490789425e-25,188,3.466056654431869e-23
g__Alloprevotella|s__Alloprevotella_SGB1484,Alloprevotella SGB1484,ALL,sex[T.1],0.19118654923820058,0.571129980425878,188,0.8854868153289805
g__Alloprevotella|s__Alloprevotella_SGB1484,Alloprevotella SGB1484,ALL,disease,0.3826695180721139,0.32626778573055437,188,0.7185568175148209
g__Alloprevotella|s__Alloprevotella_SGB1484,Alloprevotella SGB1484,ALL,ppi_use,0.49323946168954075,0.24873249735368827,188,0.6469654645586529
g__Alloprevotella|s__Alloprevotella_SGB1484,Alloprevotella SGB1484,ALL,age,-0.01870098759046065,0.15666332302467906,188,0.5079799203848716
g__Alloprevotella|s__Alloprevotella_SGB1484,Alloprevotella SGB1484,ALL,bmi,-0.032518154201307055,0.4360125937045566,188,0.8086680073463639
g__Alloprevotella|s__Alloprevotella_SGB1484,Alloprevotella SGB1484,ALL,antibiotics_3m,-0.2532410544002715,0.6743928465373887,188,0.9179913700704992
g__Alloprevotella|s__Alloprevotella_SGB1484,Alloprevotella SGB1484,ALL,smoking,0.03621252353978569,0.9346799091119925,188,0.9888202232323886
g__Alloprevotella|s__Alloprevotella_tannerae,Alloprevotella tannerae,ALL,site[T.Oral],3.416455180216895,3.0646848744089978e-18,188,7.615606307380943e-17
g__Alloprevotella|s__Alloprevotella_tannerae,Alloprevotella tannerae,ALL,sex[T.1],-0.15870995787026027,0.5871851099341207,188,0.8925149925636463
g__Alloprevotella|s__Alloprevotella_tannerae,Alloprevotella tannerae,ALL,disease,-0.10971562899207604,0.7448962962848663,188,0.9353001927554273
g__Alloprevotella|s__Alloprevotella_tannerae,Alloprevotella tannerae,ALL,ppi_use,-0.3984332080562358,0.28188102056571845,188,0.6782535610527313
g__Alloprevotella|s__Alloprevotella_tannerae,Alloprevotella tannerae,ALL,age,-0.020337179236982212,0.0757842827088133,188,0.3176061718150286
g__Alloprevotella|s__Alloprevotella_tannerae,Alloprevotella tannerae,ALL,bmi,0.035613897838872484,0.3248447526899757,188,0.7185568175148209
g__Alloprevotella|s__Alloprevotella_tannerae,Alloprevotella tannerae,ALL,antibiotics_3m,-0.1750351750142453,0.7373779692880751,188,0.9349679276632936
g__Alloprevotella|s__Alloprevotella_tannerae,Alloprevotella tannerae,ALL,smoking,0.02444348909520738,0.9490666452313891,188,0.9904663228648858
g__Anaerobutyricum|s__Anaerobutyricum_hallii,Anaerobutyricum hallii,ALL,site[T.Oral],-4.647644609544335,7.64115861501868e-20,188,2.1035660187227894e-18
g__Anaerobutyricum|s__Anaerobutyricum_hallii,Anaerobutyricum hallii,ALL,sex[T.1],0.1918482485255579,0.6095732575524412,188,0.9039880685168755
g__Anaerobutyricum|s__Anaerobutyricum_hallii,Anaerobutyricum hallii,ALL,disease,2.7619518577461744,1.4426538379306757e-09,188,2.132090514162809e-08
g__Anaerobutyricum|s__Anaerobutyricum_hallii,Anaerobutyricum hallii,ALL,ppi_use,1.1289014513134108,0.01838237478743181,188,0.11124506121359595
g__Anaerobutyricum|s__Anaerobutyricum_hallii,Anaerobutyricum hallii,ALL,age,-0.03586641144398191,0.015209434759059452,188,0.0966246443516718
g__Anaerobutyricum|s__Anaerobutyricum_hallii,Anaerobutyricum hallii,ALL,bmi,0.06698816341997124,0.1502190327164695,188,0.49801067752992484
g__Anaerobutyricum|s__Anaerobutyricum_hallii,Anaerobutyricum hallii,ALL,antibiotics_3m,0.6994342021304718,0.29777511754121555,188,0.6962624625758723
g__Anaerobutyricum|s__Anaerobutyricum_hallii,Anaerobutyricum hallii,ALL,smoking,0.6457615068770033,0.19020120025211087,188,0.5718254500084876
g__Anaerobutyricum|s__Anaerobutyricum_soehngenii,Anaerobutyricum soehngenii,ALL,site[T.Oral],-2.417344442691038,2.22773601998007e-08,188,3.0074436269730947e-07
g__Anaerobutyricum|s__Anaerobutyricum_soehngenii,Anaerobutyricum soehngenii,ALL,sex[T.1],0.24498105910710105,0.47631305167400184,188,0.8296238920667696
g__Anaerobutyricum|s__Anaerobutyricum_soehngenii,Anaerobutyricum soehngenii,ALL,disease,3.82717304245799,4.818609374361171e-18,188,1.1765787063657536e-16
g__Anaerobutyricum|s__Anaerobutyricum_soehngenii,Anaerobutyricum soehngenii,ALL,ppi_use,-0.029310154573061742,0.9462567072165686,188,0.9897345547110037
g__Anaerobutyricum|s__Anaerobutyricum_soehngenii,Anaerobutyricum soehngenii,ALL,age,-0.007263891304317949,0.5882632561832963,188,0.8930499467013475
g__Anaerobutyricum|s__Anaerobutyricum_soehngenii,Anaerobutyricum soehngenii,ALL,bmi,0.1017969542951774,0.017463147557006967,188,0.10636988793942638
g__Anaerobutyricum|s__Anaerobutyricum_soehngenii,Anaerobutyricum soehngenii,ALL,antibiotics_3m,0.33642120988964125,0.5838413542582428,188,0.8918329879824617
g__Anaerobutyricum|s__Anaerobutyricum_soehngenii,Anaerobutyricum soehngenii,ALL,smoking,-0.2627662864201836,0.5595447267347642,188,0.8782568992013515
g__Anaeromassilibacillus|s__Anaeromassilibacillus_sp_An250,Anaeromassilibacillus sp An250,ALL,site[T.Oral],-1.621782079494848,0.00025452757156570557,188,0.0024064424948030344
g__Anaeromassilibacillus|s__Anaeromassilibacillus_sp_An250,Anaeromassilibacillus sp An250,ALL,sex[T.1],-0.22159622038551052,0.5403928068729318,188,0.8666036560246673
g__Anaeromassilibacillus|s__Anaeromassilibacillus_sp_An250,Anaeromassilibacillus sp An250,ALL,disease,-0.5897397085781289,0.15884961682083568,188,0.5115249128817736
g__Anaeromassilibacillus|s__Anaeromassilibacillus_sp_An250,Anaeromassilibacillus sp An250,ALL,ppi_use,0.08200164259733425,0.8578034337019853,188,0.9740040605884248
g__Anaeromassilibacillus|s__Anaeromassilibacillus_sp_An250,Anaeromassilibacillus sp An250,ALL,age,-0.012795957782676321,0.3652630119325687,188,0.7547156273043804
g__Anaeromassilibacillus|s__Anaeromassilibacillus_sp_An250,Anaeromassilibacillus sp An250,ALL,bmi,0.03832134117716207,0.3920072045045315,188,0.7823610185092632
g__Anaeromassilibacillus|s__Anaeromassilibacillus_sp_An250,Anaeromassilibacillus sp An250,ALL,antibiotics_3m,-0.12140206882587319,0.8509713226154995,188,0.9701694981341139
g__Anaeromassilibacillus|s__Anaeromassilibacillus_sp_An250,Anaeromassilibacillus sp An250,ALL,smoking,0.19501384769572572,0.6806703621482786,188,0.9182517207218585
g__Anaerostipes|s__Anaerostipes_hadrus,Anaerostipes hadrus,ALL,site[T.Oral],-6.4993925109216,3.346512539048632e-32,188,2.1853505138717577e-30
g__Anaerostipes|s__Anaerostipes_hadrus,Anaerostipes hadrus,ALL,sex[T.1],0.0378049345260486,0.9189562122702006,188,0.9888202232323886
g__Anaerostipes|s__Anaerostipes_hadrus,Anaerostipes hadrus,ALL,disease,3.766636162721726,1.1460728987320707e-15,188,2.3663034556173933e-14
g__Anaerostipes|s__Anaerostipes_hadrus,Anaerostipes hadrus,ALL,ppi_use,0.33760091872502446,0.47291582566044477,188,0.8296238920667696
g__Anaerostipes|s__Anaerostipes_hadrus,Anaerostipes hadrus,ALL,age,-0.006486916163127383,0.6546664528052738,188,0.9143242209408174
g__Anaerostipes|s__Anaerostipes_hadrus,Anaerostipes hadrus,ALL,bmi,0.051346149180004165,0.26445506690725423,188,0.6647027903253948
g__Anaerostipes|s__Anaerostipes_hadrus,Anaerostipes hadrus,ALL,antibiotics_3m,0.378116321993024,0.5689968616336843,188,0.8841965619631355
g__Anaerostipes|s__Anaerostipes_hadrus,Anaerostipes hadrus,ALL,smoking,0.23986021747550643,0.622144035693793,188,0.9079939980395897
g__Anaerotignum|s__Anaerotignum_faecicola,Anaerotignum faecicola,ALL,site[T.Oral],-3.1962824205770866,3.204901947886063e-07,188,3.929853567538893e-06
g__Anaerotignum|s__Anaerotignum_faecicola,Anaerotignum faecicola,ALL,sex[T.1],0.3145049486583903,0.5304401112984569,188,0.8591672372021686
g__Anaerotignum|s__Anaerotignum_faecicola,Anaerotignum faecicola,ALL,disease,-0.2540630495864542,0.6604112264431892,188,0.9144155443059542
g__Anaerotignum|s__Anaerotignum_faecicola,Anaerotignum faecicola,ALL,ppi_use,0.4737252476852632,0.4551986192761286,188,0.8225210572248193
g__Anaerotignum|s__Anaerotignum_faecicola,Anaerotignum faecicola,ALL,age,-0.03165651081211023,0.10671163306901423,188,0.4011328857534029
g__Anaerotignum|s__Anaerotignum_faecicola,Anaerotignum faecicola,ALL,bmi,0.1746233654220483,0.005295721865908867,188,0.038826075716637334
g__Anaerotignum|s__Anaerotignum_faecicola,Anaerotignum faecicola,ALL,antibiotics_3m,-0.46762028347754897,0.6014447150814035,188,0.9009608178926797
g__Anaerotignum|s__Anaerotignum_faecicola,Anaerotignum faecicola,ALL,smoking,0.7858431156295185,0.23198403154851813,188,0.6282542777764966
g__Bacteroides|s__Bacteroides_caccae,Bacteroides caccae,ALL,site[T.Oral],-3.602157682646154,3.5907255907344444e-07,188,4.364830068736934e-06
g__Bacteroides|s__Bacteroides_caccae,Bacteroides caccae,ALL,sex[T.1],0.0703663112836738,0.9012794666727548,188,0.9839421991043321
g__Bacteroides|s__Bacteroides_caccae,Bacteroides caccae,ALL,disease,-0.5982172397498953,0.36126798588898557,188,0.7500092471644326
g__Bacteroides|s__Bacteroides_caccae,Bacteroides caccae,ALL,ppi_use,0.09753664753404509,0.8918869752052715,188,0.9799497593165543
g__Bacteroides|s__Bacteroides_caccae,Bacteroides caccae,ALL,age,0.009295208984466412,0.6746178718428999,188,0.9179913700704992
g__Bacteroides|s__Bacteroides_caccae,Bacteroides caccae,ALL,bmi,-0.007095536019383292,0.9194063655748363,188,0.9888202232323886
g__Bacteroides|s__Bacteroides_caccae,Bacteroides caccae,ALL,antibiotics_3m,-0.603300091710648,0.5517268220412128,188,0.8733082955421227
g__Bacteroides|s__Bacteroides_caccae,Bacteroides caccae,ALL,smoking,-0.8511052249096221,0.2527631299006085,188,0.6518451364784863
g__Bacteroides|s__Bacteroides_cellulosilyticus,Bacteroides cellulosilyticus,ALL,site[T.Oral],-1.1848228011908686,0.06701619952508726,188,0.29175424537433337
g__Bacteroides|s__Bacteroides_cellulosilyticus,Bacteroides cellulosilyticus,ALL,sex[T.1],0.3573484070000831,0.504689507317549,188,0.8460705292821956
g__Bacteroides|s__Bacteroides_cellulosilyticus,Bacteroides cellulosilyticus,ALL,disease,-1.6791084549193345,0.007122835074443311,188,0.05063524275705523
g__Bacteroides|s__Bacteroides_cellulosilyticus,Bacteroides cellulosilyticus,ALL,ppi_use,0.32427288787537806,0.632160712998291,188,0.9109207001240979
g__Bacteroides|s__Bacteroides_cellulosilyticus,Bacteroides cellulosilyticus,ALL,age,-0.006449838711621969,0.7575344260344432,188,0.938710261226954
g__Bacteroides|s__Bacteroides_cellulosilyticus,Bacteroides cellulosilyticus,ALL,bmi,0.028343878752829094,0.6685144306414914,188,0.9170124158427644
g__Bacteroides|s__Bacteroides_cellulosilyticus,Bacteroides cellulosilyticus,ALL,antibiotics_3m,-2.5912795654969942,0.007297421060071526,188,0.05161500840473764
g__Bacteroides|s__Bacteroides_cellulosilyticus,Bacteroides cellulosilyticus,ALL,smoking,0.69732601277454,0.32053011158852535,188,0.7127759030426623
g__Bacteroides|s__Bacteroides_eggerthii,Bacteroides eggerthii,ALL,site[T.Oral],-0.7616766531595767,0.19728252763087187,188,0.5838221720193335
g__Bacteroides|s__Bacteroides_eggerthii,Bacteroides eggerthii,ALL,sex[T.1],0.19026436359224808,0.6978725613061239,188,0.9182517207218585
g__Bacteroides|s__Bacteroides_eggerthii,Bacteroides eggerthii,ALL,disease,0.19466441315666594,0.7306615227334722,188,0.93386324799071
g__Bacteroides|s__Bacteroides_eggerthii,Bacteroides eggerthii,ALL,ppi_use,-0.370316089484589,0.5504554570123299,188,0.8727718369794593
g__Bacteroides|s__Bacteroides_eggerthii,Bacteroides eggerthii,ALL,age,0.008114047851715748,0.6714017707697831,188,0.9170548288563516
g__Bacteroides|s__Bacteroides_eggerthii,Bacteroides eggerthii,ALL,bmi,-0.03248093513612575,0.5919845482279433,188,0.8956317949483108
g__Bacteroides|s__Bacteroides_eggerthii,Bacteroides eggerthii,ALL,antibiotics_3m,-0.12828952544905656,0.883466741128555,188,0.9792429777759343
g__Bacteroides|s__Bacteroides_eggerthii,Bacteroides eggerthii,ALL,smoking,-0.5942706443368153,0.35497569120941896,188,0.7439400751603673
g__Bacteroides|s__Bacteroides_finegoldii,Bacteroides finegoldii,ALL,site[T.Oral],-0.42405956268185163,0.3969591986163191,188,0.7849728378272001
g__Bacteroides|s__Bacteroides_finegoldii,Bacteroides finegoldii,ALL,sex[T.1],-0.4382579373907761,0.2926400625565542,188,0.6912973850471833
g__Bacteroides|s__Bacteroides_finegoldii,Bacteroides finegoldii,ALL,disease,-0.09936159108431566,0.8359367523749683,188,0.9651769739592562
g__Bacteroides|s__Bacteroides_finegoldii,Bacteroides finegoldii,ALL,ppi_use,0.0719972293874042,0.8911356783768609,188,0.9799497593165543
g__Bacteroides|s__Bacteroides_finegoldii,Bacteroides finegoldii,ALL,age,-0.019307303542625196,0.23501069312251857,188,0.632227884823288
g__Bacteroides|s__Bacteroides_finegoldii,Bacteroides finegoldii,ALL,bmi,-0.008754923944244868,0.8647678021810256,188,0.9754539648482893
g__Bacteroides|s__Bacteroides_finegoldii,Bacteroides finegoldii,ALL,antibiotics_3m,0.8150364915530883,0.2732542388762124,188,0.6677962600212398
g__Bacteroides|s__Bacteroides_finegoldii,Bacteroides finegoldii,ALL,smoking,-0.48763760701205566,0.3710330522028993,188,0.7602788369872613
g__Bacteroides|s__Bacteroides_fragilis,Bacteroides fragilis,ALL,site[T.Oral],-2.425094406767384,0.000504324360654253,188,0.004439319137044334
g__Bacteroides|s__Bacteroides_fragilis,Bacteroides fragilis,ALL,sex[T.1],-0.1900556701249705,0.7387863623860782,188,0.9353001927554273
g__Bacteroides|s__Bacteroides_fragilis,Bacteroides fragilis,ALL,disease,0.0653001890385219,0.9208888050021766,188,0.9888202232323886
g__Bacteroides|s__Bacteroides_fragilis,Bacteroides fragilis,ALL,ppi_use,-0.17352198196368432,0.809801732071736,188,0.9546747583220461
g__Bacteroides|s__Bacteroides_fragilis,Bacteroides fragilis,ALL,age,-0.0038104739114612194,0.8639504300726966,188,0.9754539648482893
g__Bacteroides|s__Bacteroides_fragilis,Bacteroides fragilis,ALL,bmi,0.03316607013693517,0.6378979518478537,188,0.9120251775910251
g__Bacteroides|s__Bacteroides_fragilis,Bacteroides fragilis,ALL,antibiotics_3m,0.23291029186953258,0.8190103218974761,188,0.9584417172189857
g__Bacteroides|s__Bacteroides_fragilis,Bacteroides fragilis,ALL,smoking,0.14796946433944216,0.8428305720721133,188,0.9667762444356593
g__Bacteroides|s__Bacteroides_nordii,Bacteroides nordii,ALL,site[T.Oral],-0.1569744988423972,0.6939853739384785,188,0.9182517207218585
g__Bacteroides|s__Bacteroides_nordii,Bacteroides nordii,ALL,sex[T.1],-0.27451734248374915,0.40825572291440315,188,0.7890931669223774
g__Bacteroides|s__Bacteroides_nordii,Bacteroides nordii,ALL,disease,0.18764558859056266,0.6239728848323794,188,0.9084622504373384
g__Bacteroides|s__Bacteroides_nordii,Bacteroides nordii,ALL,ppi_use,-0.09735792899237398,0.8165059835816824,188,0.957648815864322
g__Bacteroides|s__Bacteroides_nordii,Bacteroides nordii,ALL,age,-0.0001179550013616439,0.9927277315504843,188,0.9963121042439106
g__Bacteroides|s__Bacteroides_nordii,Bacteroides nordii,ALL,bmi,0.07762938607198673,0.05955587666727376,188,0.26840993173985683
g__Bacteroides|s__Bacteroides_nordii,Bacteroides nordii,ALL,antibiotics_3m,0.3085520829648928,0.6025656752145486,188,0.9009608178926797
g__Bacteroides|s__Bacteroides_nordii,Bacteroides nordii,ALL,smoking,0.35359275653404093,0.41597021004495327,188,0.794047824477382
g__Bacteroides|s__Bacteroides_ovatus,Bacteroides ovatus,ALL,site[T.Oral],-4.483719200953571,1.1781465417597065e-12,188,2.080651251107708e-11
g__Bacteroides|s__Bacteroides_ovatus,Bacteroides ovatus,ALL,sex[T.1],0.14580391045285396,0.7650647760857943,188,0.942721701004278
g__Bacteroides|s__Bacteroides_ovatus,Bacteroides ovatus,ALL,disease,-0.5081377486966602,0.3671999190684584,188,0.7571177713543107
g__Bacteroides|s__Bacteroides_ovatus,Bacteroides ovatus,ALL,ppi_use,-0.3516805144553846,0.5689560526792778,188,0.8841965619631355
g__Bacteroides|s__Bacteroides_ovatus,Bacteroides ovatus,ALL,age,0.0011987872605138438,0.9497892354577204,188,0.9904663228648858
g__Bacteroides|s__Bacteroides_ovatus,Bacteroides ovatus,ALL,bmi,-0.058517423098894544,0.33253773598472436,188,0.7237333277879743
g__Bacteroides|s__Bacteroides_ovatus,Bacteroides ovatus,ALL,antibiotics_3m,-0.17394853932451618,0.8417731007571227,188,0.9663520116558232
g__Bacteroides|s__Bacteroides_ovatus,Bacteroides ovatus,ALL,smoking,-0.08431467263176651,0.8950026583192522,188,0.9799497593165543
g__Bacteroides|s__Bacteroides_stercoris,Bacteroides stercoris,ALL,site[T.Oral],-2.1126698261767505,0.005405962394664376,188,0.03940642439195053
g__Bacteroides|s__Bacteroides_stercoris,Bacteroides stercoris,ALL,sex[T.1],-0.43477243702940654,0.486679332326758,188,0.8348170831848115
g__Bacteroides|s__Bacteroides_stercoris,Bacteroides stercoris,ALL,disease,-1.67873013321569,0.02077821910399361,188,0.1212998736881789
g__Bacteroides|s__Bacteroides_stercoris,Bacteroides stercoris,ALL,ppi_use,0.1973292241576044,0.8028108913843623,188,0.9524381948458033
g__Bacteroides|s__Bacteroides_stercoris,Bacteroides stercoris,ALL,age,0.006326765664338808,0.7952123825367738,188,0.9520934754399919
g__Bacteroides|s__Bacteroides_stercoris,Bacteroides stercoris,ALL,bmi,-0.0926781358277778,0.23098465465461165,188,0.6278847146855271
g__Bacteroides|s__Bacteroides_stercoris,Bacteroides stercoris,ALL,antibiotics_3m,1.010586455544046,0.36555315322497484,188,0.7547597457762717
g__Bacteroides|s__Bacteroides_stercoris,Bacteroides stercoris,ALL,smoking,1.0354861979886547,0.20653880243839123,188,0.5941413813355118
g__Bacteroides|s__Bacteroides_thetaiotaomicron,Bacteroides thetaiotaomicron,ALL,site[T.Oral],-5.22561030387115,5.02189600937549e-16,188,1.0602619544606298e-14
g__Bacteroides|s__Bacteroides_thetaiotaomicron,Bacteroides thetaiotaomicron,ALL,sex[T.1],0.8865231543987324,0.07007164874825403,188,0.30085808820351273
g__Bacteroides|s__Bacteroides_thetaiotaomicron,Bacteroides thetaiotaomicron,ALL,disease,0.2843961125006261,0.6130019389177279,188,0.9039880685168755
g__Bacteroides|s__Bacteroides_thetaiotaomicron,Bacteroides thetaiotaomicron,ALL,ppi_use,0.17031413002504556,0.7822936032825456,188,0.9511024978899324
g__Bacteroides|s__Bacteroides_thetaiotaomicron,Bacteroides thetaiotaomicron,ALL,age,-0.02118117608876657,0.26601540668426393,188,0.6649878909161648
g__Bacteroides|s__Bacteroides_thetaiotaomicron,Bacteroides thetaiotaomicron,ALL,bmi,0.1311702861472641,0.030480903949766935,188,0.16491402368197602
g__Bacteroides|s__Bacteroides_thetaiotaomicron,Bacteroides thetaiotaomicron,ALL,antibiotics_3m,-0.3354197559193882,0.6999266650938772,188,0.9192650552568933
g__Bacteroides|s__Bacteroides_thetaiotaomicron,Bacteroides thetaiotaomicron,ALL,smoking,1.2966379227542997,0.04328727837942278,188,0.21324680296389328
g__Bacteroides|s__Bacteroides_uniformis,Bacteroides uniformis,ALL,site[T.Oral],-7.722158346678711,3.9976416573498656e-41,188,3.621089604464008e-39
g__Bacteroides|s__Bacteroides_uniformis,Bacteroides uniformis,ALL,sex[T.1],0.7342785106542139,0.04465425878579124,188,0.2176895115807323
g__Bacteroides|s__Bacteroides_uniformis,Bacteroides uniformis,ALL,disease,-1.425354311992105,0.0008251293675397734,188,0.007107249276232159
g__Bacteroides|s__Bacteroides_uniformis,Bacteroides uniformis,ALL,ppi_use,0.6528965438503109,0.1569753736305467,188,0.5084046703051616
g__Bacteroides|s__Bacteroides_uniformis,Bacteroides uniformis,ALL,age,-0.018084054968144598,0.20353290334670288,188,0.593484234371248
g__Bacteroides|s__Bacteroides_uniformis,Bacteroides uniformis,ALL,bmi,0.018050074321800898,0.6881001127942394,188,0.9182517207218585
g__Bacteroides|s__Bacteroides_uniformis,Bacteroides uniformis,ALL,antibiotics_3m,-1.4262736863526495,0.029151599132375198,188,0.15925620693328707
g__Bacteroides|s__Bacteroides_uniformis,Bacteroides uniformis,ALL,smoking,0.9949611239170474,0.03781724003958617,188,0.19133479284893326
g__Bacteroides|s__Bacteroides_xylanisolvens,Bacteroides xylanisolvens,ALL,site[T.Oral],-3.703210623983648,3.972251090238034e-08,188,5.212187411863738e-07
g__Bacteroides|s__Bacteroides_xylanisolvens,Bacteroides xylanisolvens,ALL,sex[T.1],0.20990207914017614,0.6960111152882442,188,0.9182517207218585
g__Bacteroides|s__Bacteroides_xylanisolvens,Bacteroides xylanisolvens,ALL,disease,0.09534749531673242,0.8777280416191072,188,0.9792429777759343
g__Bacteroides|s__Bacteroides_xylanisolvens,Bacteroides xylanisolvens,ALL,ppi_use,0.34802438374843303,0.6086477920688067,188,0.9039880685168755
g__Bacteroides|s__Bacteroides_xylanisolvens,Bacteroides xylanisolvens,ALL,age,-0.017574991956814074,0.4022031200709595,188,0.7866075147223898
g__Bacteroides|s__Bacteroides_xylanisolvens,Bacteroides xylanisolvens,ALL,bmi,-0.0061906126198970545,0.9257205693979662,188,0.9888202232323886
g__Bacteroides|s__Bacteroides_xylanisolvens,Bacteroides xylanisolvens,ALL,antibiotics_3m,-0.6315397562849902,0.5105920260385596,188,0.8493734651162768
g__Bacteroides|s__Bacteroides_xylanisolvens,Bacteroides xylanisolvens,ALL,smoking,0.3097882479182619,0.6597081971754473,188,0.9143242209408174
g__Barnesiella|s__Barnesiella_intestinihominis,Barnesiella intestinihominis,ALL,site[T.Oral],-4.616134663474997,1.057943017436563e-15,188,2.200521476268051e-14
g__Barnesiella|s__Barnesiella_intestinihominis,Barnesiella intestinihominis,ALL,sex[T.1],0.5532203252219099,0.20568609496730791,188,0.593484234371248
g__Barnesiella|s__Barnesiella_intestinihominis,Barnesiella intestinihominis,ALL,disease,-1.9874084485225416,0.00011028417192337386,188,0.0010981487757476375
g__Barnesiella|s__Barnesiella_intestinihominis,Barnesiella intestinihominis,ALL,ppi_use,0.022781319223004855,0.9670670224453464,188,0.9939499763344429
g__Barnesiella|s__Barnesiella_intestinihominis,Barnesiella intestinihominis,ALL,age,-0.008039296955271445,0.6367949378720751,188,0.9116142174841795
g__Barnesiella|s__Barnesiella_intestinihominis,Barnesiella intestinihominis,ALL,bmi,-0.009243578701641175,0.8638927191622834,188,0.9754539648482893
g__Barnesiella|s__Barnesiella_intestinihominis,Barnesiella intestinihominis,ALL,antibiotics_3m,-0.5600059187401584,0.47255305459835495,188,0.8296238920667696
g__Barnesiella|s__Barnesiella_intestinihominis,Barnesiella intestinihominis,ALL,smoking,-0.12452844489254648,0.827423810695264,188,0.9608792640332098
g__Bifidobacterium|s__Bifidobacterium_adolescentis,Bifidobacterium adolescentis,ALL,site[T.Oral],-4.678259895854917,1.709185854968457e-11,188,2.8231728710302514e-10
g__Bifidobacterium|s__Bifidobacterium_adolescentis,Bifidobacterium adolescentis,ALL,sex[T.1],0.21925974204165966,0.6857851349844877,188,0.9182517207218585
g__Bifidobacterium|s__Bifidobacterium_adolescentis,Bifidobacterium adolescentis,ALL,disease,-0.4803185152360576,0.44266837349634824,188,0.8125110862086803
g__Bifidobacterium|s__Bifidobacterium_adolescentis,Bifidobacterium adolescentis,ALL,ppi_use,1.1211595816813782,0.10317911368032143,188,0.39205436304847807
g__Bifidobacterium|s__Bifidobacterium_adolescentis,Bifidobacterium adolescentis,ALL,age,-0.02118405827134922,0.31705182633562223,188,0.7108949685835698
g__Bifidobacterium|s__Bifidobacterium_adolescentis,Bifidobacterium adolescentis,ALL,bmi,0.07456835023669717,0.26642143065551477,188,0.6649878909161648
g__Bifidobacterium|s__Bifidobacterium_adolescentis,Bifidobacterium adolescentis,ALL,antibiotics_3m,-1.0651535763275592,0.27184703886319395,188,0.6667876481515226
g__Bifidobacterium|s__Bifidobacterium_adolescentis,Bifidobacterium adolescentis,ALL,smoking,-0.9135370830099758,0.1989454275475918,188,0.5861896752923796
g__Bifidobacterium|s__Bifidobacterium_bifidum,Bifidobacterium bifidum,ALL,site[T.Oral],-0.9999714775459656,0.08729270844821448,188,0.3486741469738069
g__Bifidobacterium|s__Bifidobacterium_bifidum,Bifidobacterium bifidum,ALL,sex[T.1],0.051522198333455206,0.9152699448418662,188,0.9888202232323886
g__Bifidobacterium|s__Bifidobacterium_bifidum,Bifidobacterium bifidum,ALL,disease,0.6839719683046775,0.22185769436154046,188,0.6168083225417877
g__Bifidobacterium|s__Bifidobacterium_bifidum,Bifidobacterium bifidum,ALL,ppi_use,-0.9937298671790094,0.10604778610107339,188,0.3997076286869988
g__Bifidobacterium|s__Bifidobacterium_bifidum,Bifidobacterium bifidum,ALL,age,0.005172538162043864,0.7843165273223962,188,0.9512333149308023
g__Bifidobacterium|s__Bifidobacterium_bifidum,Bifidobacterium bifidum,ALL,bmi,0.044802500453094064,0.4545777236327858,188,0.8224564203586278
g__Bifidobacterium|s__Bifidobacterium_bifidum,Bifidobacterium bifidum,ALL,antibiotics_3m,0.8686682274667054,0.3158925790095956,188,0.710839315069961
g__Bifidobacterium|s__Bifidobacterium_bifidum,Bifidobacterium bifidum,ALL,smoking,0.04829303046189469,0.9392961591625395,188,0.9888202232323886
g__Bifidobacterium|s__Bifidobacterium_longum,Bifidobacterium longum,ALL,site[T.Oral],-6.582883641449829,5.214277952550318e-29,188,2.815710094377172e-27
g__Bifidobacterium|s__Bifidobacterium_longum,Bifidobacterium longum,ALL,sex[T.1],-0.5009462945967429,0.21926029995796495,188,0.612619823166135
g__Bifidobacterium|s__Bifidobacterium_longum,Bifidobacterium longum,ALL,disease,1.8014855377203058,0.0001689910088857866,188,0.0016419610828764318
g__Bifidobacterium|s__Bifidobacterium_longum,Bifidobacterium longum,ALL,ppi_use,0.3776750143790813,0.4634751065377716,188,0.8281541296437301
g__Bifidobacterium|s__Bifidobacterium_longum,Bifidobacterium longum,ALL,age,-0.009435854136210524,0.5525425427834522,188,0.8734939755989003
g__Bifidobacterium|s__Bifidobacterium_longum,Bifidobacterium longum,ALL,bmi,0.033905876146823506,0.5005697461450194,188,0.8436973872600326
g__Bifidobacterium|s__Bifidobacterium_longum,Bifidobacterium longum,ALL,antibiotics_3m,0.05333767423212093,0.9414961921439378,188,0.9890465048784801
g__Bifidobacterium|s__Bifidobacterium_longum,Bifidobacterium longum,ALL,smoking,0.5420585096248602,0.30972714098307613,188,0.7047923921235638
g__Bilophila|s__Bilophila_wadsworthia,Bilophila wadsworthia,ALL,site[T.Oral],-4.630163328970628,2.5559151061417834e-14,188,4.849330823004141e-13
g__Bilophila|s__Bilophila_wadsworthia,Bilophila wadsworthia,ALL,sex[T.1],0.7549058251489423,0.10562534704835093,188,0.39865050337603414
g__Bilophila|s__Bilophila_wadsworthia,Bilophila wadsworthia,ALL,disease,-0.9050929550839284,0.09276111162610126,188,0.3624999287271583
g__Bilophila|s__Bilophila_wadsworthia,Bilophila wadsworthia,ALL,ppi_use,0.08783218351143149,0.8812630348649839,188,0.9792429777759343
g__Bilophila|s__Bilophila_wadsworthia,Bilophila wadsworthia,ALL,age,0.0050837429100937526,0.7792849910224517,188,0.9498748381899527
g__Bilophila|s__Bilophila_wadsworthia,Bilophila wadsworthia,ALL,bmi,-0.018526320906350178,0.7471752119571669,188,0.9353001927554273
g__Bilophila|s__Bilophila_wadsworthia,Bilophila wadsworthia,ALL,antibiotics_3m,-0.19905432113047444,0.8105215896865233,188,0.9546747583220461
g__Bilophila|s__Bilophila_wadsworthia,Bilophila wadsworthia,ALL,smoking,0.30446875012020025,0.6170484273074954,188,0.9052622695294917
g__Bittarella|s__Bittarella_massiliensis,Bittarella massiliensis,ALL,site[T.Oral],-1.4358889997736377,7.408347588157521e-06,188,8.354473906645109e-05
g__Bittarella|s__Bittarella_massiliensis,Bittarella massiliensis,ALL,sex[T.1],-0.10982332750439205,0.6715412647562071,188,0.9170548288563516
g__Bittarella|s__Bittarella_massiliensis,Bittarella massiliensis,ALL,disease,2.520730001047415,9.901014782555271e-15,188,1.9042499663983016e-13
g__Bittarella|s__Bittarella_massiliensis,Bittarella massiliensis,ALL,ppi_use,-0.3748629363325943,0.2533229818060688,188,0.6519990219169947
g__Bittarella|s__Bittarella_massiliensis,Bittarella massiliensis,ALL,age,-0.007045930320436466,0.48589265281183214,188,0.8343388760397537
g__Bittarella|s__Bittarella_massiliensis,Bittarella massiliensis,ALL,bmi,0.07730406507974669,0.01659262634634095,188,0.10195206735344725
g__Bittarella|s__Bittarella_massiliensis,Bittarella massiliensis,ALL,antibiotics_3m,-0.3598039093240473,0.4369538165378394,188,0.8090448934320917
g__Bittarella|s__Bittarella_massiliensis,Bittarella massiliensis,ALL,smoking,0.4254708155744384,0.2105563046874987,188,0.5995577656317647
g__Blautia|s__Blautia_SGB4815,Blautia SGB4815,ALL,site[T.Oral],-3.217800938066454,1.4159492407010876e-12,188,2.4695561912351887e-11
g__Blautia|s__Blautia_SGB4815,Blautia SGB4815,ALL,sex[T.1],-0.10513917888686572,0.7649131991925818,188,0.942721701004278
g__Blautia|s__Blautia_SGB4815,Blautia SGB4815,ALL,disease,3.193420061994494,3.000023052137405e-13,188,5.505924660393355e-12
g__Blautia|s__Blautia_SGB4815,Blautia SGB4815,ALL,ppi_use,0.8535773074740279,0.05619370387970266,188,0.2574093319644455
g__Blautia|s__Blautia_SGB4815,Blautia SGB4815,ALL,age,-0.030101632761573578,0.029281285629585638,188,0.15965407776286694
g__Blautia|s__Blautia_SGB4815,Blautia SGB4815,ALL,bmi,0.05724833076445021,0.18881927647564112,188,0.5701123960683874
g__Blautia|s__Blautia_SGB4815,Blautia SGB4815,ALL,antibiotics_3m,-0.7707316074511731,0.22060919264103507,188,0.6145541795000262
g__Blautia|s__Blautia_SGB4815,Blautia SGB4815,ALL,smoking,0.22706309901610203,0.6219724400167566,188,0.9079939980395897
g__Blautia|s__Blautia_faecis,Blautia faecis,ALL,site[T.Oral],-5.825022328080041,6.981291482863217e-36,188,5.445407356633309e-34
g__Blautia|s__Blautia_faecis,Blautia faecis,ALL,sex[T.1],0.29750230922752563,0.33196223835663374,188,0.7237333277879743
g__Blautia|s__Blautia_faecis,Blautia faecis,ALL,disease,2.402654572867723,1.4332188355143387e-10,188,2.2234687790741784e-09
g__Blautia|s__Blautia_faecis,Blautia faecis,ALL,ppi_use,0.05792606578567733,0.8811479581737183,188,0.9792429777759343
g__Blautia|s__Blautia_faecis,Blautia faecis,ALL,age,-0.003509141140230177,0.7690598880398771,188,0.9454991968546299
g__Blautia|s__Blautia_faecis,Blautia faecis,ALL,bmi,0.040890805427923234,0.28089335215171757,188,0.676537693411386
g__Blautia|s__Blautia_faecis,Blautia faecis,ALL,antibiotics_3m,0.47760175620048967,0.3830791238630892,188,0.7722083128553873
g__Blautia|s__Blautia_faecis,Blautia faecis,ALL,smoking,-0.18762884086334353,0.639987647605312,188,0.9136173434040245
g__Blautia|s__Blautia_glucerasea,Blautia glucerasea,ALL,site[T.Oral],-3.105471377691611,8.638920210851208e-12,188,1.4439338066708448e-10
g__Blautia|s__Blautia_glucerasea,Blautia glucerasea,ALL,sex[T.1],0.08958045278629992,0.8001230094004933,188,0.9524381948458033
g__Blautia|s__Blautia_glucerasea,Blautia glucerasea,ALL,disease,2.556462792470728,2.6043273846206273e-09,188,3.7890939357589235e-08
g__Blautia|s__Blautia_glucerasea,Blautia glucerasea,ALL,ppi_use,0.6210121868345837,0.1663978780314355,188,0.529156558904044
g__Blautia|s__Blautia_glucerasea,Blautia glucerasea,ALL,age,-0.0020388380549072735,0.8825948667294949,188,0.9792429777759343
g__Blautia|s__Blautia_glucerasea,Blautia glucerasea,ALL,bmi,0.05748207400607973,0.18980676282145445,188,0.5715023335837917
g__Blautia|s__Blautia_glucerasea,Blautia glucerasea,ALL,antibiotics_3m,-0.26095246890783746,0.6796915336186182,188,0.9182517207218585
g__Blautia|s__Blautia_glucerasea,Blautia glucerasea,ALL,smoking,0.7751011437817771,0.09560080434007659,188,0.37078323009245173
g__Blautia|s__Blautia_luti,Blautia luti,ALL,site[T.Oral],-2.452014816708115,7.103515387940618e-08,188,9.277521492715002e-07
g__Blautia|s__Blautia_luti,Blautia luti,ALL,sex[T.1],-0.6228770694546598,0.08752428012222464,188,0.34889021503693135
g__Blautia|s__Blautia_luti,Blautia luti,ALL,disease,1.4378438331332057,0.0007308453549230568,188,0.006353602961684036
g__Blautia|s__Blautia_luti,Blautia luti,ALL,ppi_use,0.7416646109320574,0.10762895716851434,188,0.40339141420009045
g__Blautia|s__Blautia_luti,Blautia luti,ALL,age,-0.006410965605435149,0.65099732311684,188,0.9143242209408174
g__Blautia|s__Blautia_luti,Blautia luti,ALL,bmi,0.04505708850129753,0.3161227726774439,188,0.710839315069961
g__Blautia|s__Blautia_luti,Blautia luti,ALL,antibiotics_3m,0.717220326509141,0.26952695941845994,188,0.6667876481515226
g__Blautia|s__Blautia_luti,Blautia luti,ALL,smoking,1.0245539669798234,0.032263078277377205,188,0.17061153258545234
g__Blautia|s__Blautia_massiliensis,Blautia massiliensis,ALL,site[T.Oral],-4.720599709327711,3.547262752190241e-15,188,7.114795577250141e-14
g__Blautia|s__Blautia_massiliensis,Blautia massiliensis,ALL,sex[T.1],0.22846973134267257,0.6165886468638213,188,0.9052622695294917
g__Blautia|s__Blautia_massiliensis,Blautia massiliensis,ALL,disease,1.8642752746193243,0.0004972074101469938,188,0.00439043524431685
g__Blautia|s__Blautia_massiliensis,Blautia massiliensis,ALL,ppi_use,1.193894062344394,0.03971338108148316,188,0.19877927642924192
g__Blautia|s__Blautia_massiliensis,Blautia massiliensis,ALL,age,-0.01713569611853533,0.3363353792405377,188,0.7271519071568862
g__Blautia|s__Blautia_massiliensis,Blautia massiliensis,ALL,bmi,0.0626194621407812,0.2676270074366238,188,0.6652548634800416
g__Blautia|s__Blautia_massiliensis,Blautia massiliensis,ALL,antibiotics_3m,0.34418168508902347,0.6727681436766682,188,0.9170548288563516
g__Blautia|s__Blautia_massiliensis,Blautia massiliensis,ALL,smoking,0.6078296019713709,0.30958506425053656,188,0.7047923921235638
g__Blautia|s__Blautia_obeum,Blautia obeum,ALL,site[T.Oral],-4.61182753218008,2.0079320671171536e-20,188,5.812652829345327e-19
g__Blautia|s__Blautia_obeum,Blautia obeum,ALL,sex[T.1],0.12641779210310225,0.7294042700354445,188,0.9336950208313903
g__Blautia|s__Blautia_obeum,Blautia obeum,ALL,disease,2.5317832014179444,9.961797732843959e-09,188,1.3847885165260315e-07
g__Blautia|s__Blautia_obeum,Blautia obeum,ALL,ppi_use,1.1633715077170859,0.01259925017644962,188,0.08266050115764144
g__Blautia|s__Blautia_obeum,Blautia obeum,ALL,age,-0.03709818422241076,0.009947516073320263,188,0.06730753044309229
g__Blautia|s__Blautia_obeum,Blautia obeum,ALL,bmi,0.09693391864481614,0.032985067512945894,188,0.17280236861259715
g__Blautia|s__Blautia_obeum,Blautia obeum,ALL,antibiotics_3m,0.743109398090138,0.25570688989691726,188,0.6539652031530467
g__Blautia|s__Blautia_obeum,Blautia obeum,ALL,smoking,0.7005640315964096,0.14436197114581725,188,0.48258144640173195
g__Blautia|s__Blautia_sp_MSK_20_85,Blautia sp MSK 20 85,ALL,site[T.Oral],-1.8319547811740147,0.00039191691237769105,188,0.0035730606816771313
g__Blautia|s__Blautia_sp_MSK_20_85,Blautia sp MSK 20 85,ALL,sex[T.1],0.46862021674833426,0.26768889303092097,188,0.6652548634800416
g__Blautia|s__Blautia_sp_MSK_20_85,Blautia sp MSK 20 85,ALL,disease,0.12620491625245747,0.7955294454339454,188,0.9520934754399919
g__Blautia|s__Blautia_sp_MSK_20_85,Blautia sp MSK 20 85,ALL,ppi_use,0.3071194657997103,0.5653326791808793,188,0.8828999794993933
g__Blautia|s__Blautia_sp_MSK_20_85,Blautia sp MSK 20 85,ALL,age,0.004345942827450199,0.7918988629368761,188,0.9520934754399919
g__Blautia|s__Blautia_sp_MSK_20_85,Blautia sp MSK 20 85,ALL,bmi,-0.005194478970728564,0.9206987997911442,188,0.9888202232323886
g__Blautia|s__Blautia_sp_MSK_20_85,Blautia sp MSK 20 85,ALL,antibiotics_3m,0.49445311973551304,0.5121304677372298,188,0.8501956655802574
g__Blautia|s__Blautia_sp_MSK_20_85,Blautia sp MSK 20 85,ALL,smoking,-0.653615660228248,0.23788983978020037,188,0.634780613663392
g__Blautia|s__Blautia_wexlerae,Blautia wexlerae,ALL,site[T.Oral],-7.930004958573489,4.70648943116677e-54,188,8.810548215144192e-52
g__Blautia|s__Blautia_wexlerae,Blautia wexlerae,ALL,sex[T.1],0.6036386115707632,0.04088581837612459,188,0.2031988991153236
g__Blautia|s__Blautia_wexlerae,Blautia wexlerae,ALL,disease,3.927596529435829,1.3276546077633697e-23,188,4.970738851466056e-22
g__Blautia|s__Blautia_wexlerae,Blautia wexlerae,ALL,ppi_use,0.1852385512748463,0.6179669993393624,188,0.9054497583420553
g__Blautia|s__Blautia_wexlerae,Blautia wexlerae,ALL,age,0.011629368280539436,0.3106113037077139,188,0.7062320168512232
g__Blautia|s__Blautia_wexlerae,Blautia wexlerae,ALL,bmi,0.019555789525638065,0.590054650282781,188,0.8941572897971124
g__Blautia|s__Blautia_wexlerae,Blautia wexlerae,ALL,antibiotics_3m,0.02632144605595075,0.9599535650080668,188,0.9939342221764941
g__Blautia|s__Blautia_wexlerae,Blautia wexlerae,ALL,smoking,0.3857816718788999,0.3161817323797654,188,0.710839315069961
g__Butyricicoccus|s__Butyricicoccus_sp_AM29_23AC,Butyricicoccus sp AM29 23AC,ALL,site[T.Oral],-1.1029996466659449,0.02810555926187558,188,0.15504992221482636
g__Butyricicoccus|s__Butyricicoccus_sp_AM29_23AC,Butyricicoccus sp AM29 23AC,ALL,sex[T.1],-0.04355717805114935,0.9163761617564511,188,0.9888202232323886
g__Butyricicoccus|s__Butyricicoccus_sp_AM29_23AC,Butyricicoccus sp AM29 23AC,ALL,disease,-2.2255923660300234,6.249335310701572e-06,188,7.104507511113366e-05
g__Butyricicoccus|s__Butyricicoccus_sp_AM29_23AC,Butyricicoccus sp AM29 23AC,ALL,ppi_use,-0.13455329550381823,0.7976588408302729,188,0.9520934754399919
g__Butyricicoccus|s__Butyricicoccus_sp_AM29_23AC,Butyricicoccus sp AM29 23AC,ALL,age,0.010215652793044146,0.5282167398202824,188,0.8591672372021686
g__Butyricicoccus|s__Butyricicoccus_sp_AM29_23AC,Butyricicoccus sp AM29 23AC,ALL,bmi,0.008725105544500324,0.864906603496268,188,0.9754539648482893
g__Butyricicoccus|s__Butyricicoccus_sp_AM29_23AC,Butyricicoccus sp AM29 23AC,ALL,antibiotics_3m,-0.32799751613272415,0.6580726404089441,188,0.9143242209408174
g__Butyricicoccus|s__Butyricicoccus_sp_AM29_23AC,Butyricicoccus sp AM29 23AC,ALL,smoking,1.170811828760622,0.032235510681950984,188,0.17061153258545234
g__Butyricimonas|s__Butyricimonas_SGB15260,Butyricimonas SGB15260,ALL,site[T.Oral],-0.4967487743098181,0.3508443332465446,188,0.7413276326781931
g__Butyricimonas|s__Butyricimonas_SGB15260,Butyricimonas SGB15260,ALL,sex[T.1],0.09338790964262439,0.8327315865560332,188,0.965124497867034
g__Butyricimonas|s__Butyricimonas_SGB15260,Butyricimonas SGB15260,ALL,disease,-0.9810312191838052,0.05572590010879939,188,0.25568354167566776
g__Butyricimonas|s__Butyricimonas_SGB15260,Butyricimonas SGB15260,ALL,ppi_use,0.38096769942181763,0.4960888049700818,188,0.8417023349583019
g__Butyricimonas|s__Butyricimonas_SGB15260,Butyricimonas SGB15260,ALL,age,0.03347281042051311,0.053617242495556335,188,0.2480758238169274
g__Butyricimonas|s__Butyricimonas_SGB15260,Butyricimonas SGB15260,ALL,bmi,-0.06977518100589172,0.2027969321530445,188,0.5931810265476553
g__Butyricimonas|s__Butyricimonas_SGB15260,Butyricimonas SGB15260,ALL,antibiotics_3m,0.3509428235246523,0.6568470417051598,188,0.9143242209408174
g__Butyricimonas|s__Butyricimonas_SGB15260,Butyricimonas SGB15260,ALL,smoking,-0.3976350906235834,0.492524128857471,188,0.8392037341212248
g__Butyricimonas|s__Butyricimonas_paravirosa,Butyricimonas paravirosa,ALL,site[T.Oral],-0.6792454396828743,0.14561868914560808,188,0.48505015316828887
g__Butyricimonas|s__Butyricimonas_paravirosa,Butyricimonas paravirosa,ALL,sex[T.1],-0.4797145271524388,0.2160462243398879,188,0.6060517462002051
g__Butyricimonas|s__Butyricimonas_paravirosa,Butyricimonas paravirosa,ALL,disease,-0.027085819386150175,0.9516227492366132,188,0.9911560385224073
g__Butyricimonas|s__Butyricimonas_paravirosa,Butyricimonas paravirosa,ALL,ppi_use,0.4597173939219434,0.3482424187994665,188,0.7384209812362191
g__Butyricimonas|s__Butyricimonas_paravirosa,Butyricimonas paravirosa,ALL,age,-0.0317735081988007,0.036489999716038196,188,0.1867121498878959
g__Butyricimonas|s__Butyricimonas_paravirosa,Butyricimonas paravirosa,ALL,bmi,0.03836857833431715,0.4229107982425727,188,0.800764343536847
g__Butyricimonas|s__Butyricimonas_paravirosa,Butyricimonas paravirosa,ALL,antibiotics_3m,-0.2612309412703017,0.7054924755690568,188,0.9215590097277504
g__Butyricimonas|s__Butyricimonas_paravirosa,Butyricimonas paravirosa,ALL,smoking,-0.318484197342229,0.5298798131292475,188,0.8591672372021686
g__Butyricimonas|s__Butyricimonas_virosa,Butyricimonas virosa,ALL,site[T.Oral],-0.702350620099022,0.12093331365265259,188,0.4326976382345813
g__Butyricimonas|s__Butyricimonas_virosa,Butyricimonas virosa,ALL,sex[T.1],0.2590178358627897,0.4903408725024906,188,0.8375165267560788
g__Butyricimonas|s__Butyricimonas_virosa,Butyricimonas virosa,ALL,disease,-1.2576573828161455,0.004089104809756778,188,0.03061921681545875
g__Butyricimonas|s__Butyricimonas_virosa,Butyricimonas virosa,ALL,ppi_use,0.04202297980085369,0.9294642254912762,188,0.9888202232323886
g__Butyricimonas|s__Butyricimonas_virosa,Butyricimonas virosa,ALL,age,0.01409778215652135,0.3363159975887652,188,0.7271519071568862
g__Butyricimonas|s__Butyricimonas_virosa,Butyricimonas virosa,ALL,bmi,-0.025798337556140572,0.5783083724622486,188,0.8888918543216734
g__Butyricimonas|s__Butyricimonas_virosa,Butyricimonas virosa,ALL,antibiotics_3m,0.028778622299951567,0.9657516903517883,188,0.9939499763344429
g__Butyricimonas|s__Butyricimonas_virosa,Butyricimonas virosa,ALL,smoking,0.3168603544419875,0.5193084677799495,188,0.8577753985447637
g__Campylobacter|s__Campylobacter_concisus,Campylobacter concisus,ALL,site[T.Oral],7.9964437099561065,4.493701813940777e-68,188,1.802616384792243e-65
g__Campylobacter|s__Campylobacter_concisus,Campylobacter concisus,ALL,sex[T.1],-0.1111424831807303,0.6362699376050589,188,0.9115540738750028
g__Campylobacter|s__Campylobacter_concisus,Campylobacter concisus,ALL,disease,0.6460185344643151,0.01805106648133891,188,0.10947601442678113
g__Campylobacter|s__Campylobacter_concisus,Campylobacter concisus,ALL,ppi_use,-0.03562902105710246,0.9045815651539669,188,0.9864038046332703
g__Campylobacter|s__Campylobacter_concisus,Campylobacter concisus,ALL,age,-0.00426387918821554,0.641970034698131,188,0.9143242209408174
g__Campylobacter|s__Campylobacter_concisus,Campylobacter concisus,ALL,bmi,-0.010207923185209525,0.7252869857553894,188,0.9321390056974469
g__Campylobacter|s__Campylobacter_concisus,Campylobacter concisus,ALL,antibiotics_3m,-0.29067145897378316,0.4887866293641441,188,0.8374593000355797
g__Campylobacter|s__Campylobacter_concisus,Campylobacter concisus,ALL,smoking,-0.699445042588081,0.023992776696422583,188,0.1372132728381968
g__Candidatus_Borkfalkia|s__Candidatus_Borkfalkia_ceftriaxoniphila,Candidatus Borkfalkia ceftriaxoniphila,ALL,site[T.Oral],-0.36176781960045623,0.4698221653970991,188,0.8289124241423771
g__Candidatus_Borkfalkia|s__Candidatus_Borkfalkia_ceftriaxoniphila,Candidatus Borkfalkia ceftriaxoniphila,ALL,sex[T.1],0.38271574871874,0.35797278600152027,188,0.7484643209920097
g__Candidatus_Borkfalkia|s__Candidatus_Borkfalkia_ceftriaxoniphila,Candidatus Borkfalkia ceftriaxoniphila,ALL,disease,-2.8561401557798662,1.3045144570702889e-08,188,1.804471229287375e-07
g__Candidatus_Borkfalkia|s__Candidatus_Borkfalkia_ceftriaxoniphila,Candidatus Borkfalkia ceftriaxoniphila,ALL,ppi_use,-0.08185434714330696,0.8763557453558135,188,0.9792429777759343
g__Candidatus_Borkfalkia|s__Candidatus_Borkfalkia_ceftriaxoniphila,Candidatus Borkfalkia ceftriaxoniphila,ALL,age,-0.00026250225358988505,0.9870936557436951,188,0.995960828360868
g__Candidatus_Borkfalkia|s__Candidatus_Borkfalkia_ceftriaxoniphila,Candidatus Borkfalkia ceftriaxoniphila,ALL,bmi,-0.05653944693419609,0.2722292757771306,188,0.6667876481515226
g__Candidatus_Borkfalkia|s__Candidatus_Borkfalkia_ceftriaxoniphila,Candidatus Borkfalkia ceftriaxoniphila,ALL,antibiotics_3m,-0.9462254282512704,0.20369554304846382,188,0.593484234371248
g__Candidatus_Borkfalkia|s__Candidatus_Borkfalkia_ceftriaxoniphila,Candidatus Borkfalkia ceftriaxoniphila,ALL,smoking,0.1305945833279228,0.8104890671870296,188,0.9546747583220461
g__Candidatus_Cibionibacter|s__Candidatus_Cibionibacter_quicibialis,Candidatus Cibionibacter quicibialis,ALL,site[T.Oral],-5.754658364810958,5.487369211670766e-23,188,1.9260665932964388e-21
g__Candidatus_Cibionibacter|s__Candidatus_Cibionibacter_quicibialis,Candidatus Cibionibacter quicibialis,ALL,sex[T.1],0.27843736623749366,0.5078566512811478,188,0.8474902540308566
g__Candidatus_Cibionibacter|s__Candidatus_Cibionibacter_quicibialis,Candidatus Cibionibacter quicibialis,ALL,disease,-1.9599623902437018,7.679287468996155e-05,188,0.0007927735004757796
g__Candidatus_Cibionibacter|s__Candidatus_Cibionibacter_quicibialis,Candidatus Cibionibacter quicibialis,ALL,ppi_use,0.624654146047211,0.24089164124195847,188,0.6369338310804327
g__Candidatus_Cibionibacter|s__Candidatus_Cibionibacter_quicibialis,Candidatus Cibionibacter quicibialis,ALL,age,-0.021446685933315997,0.1919813917242508,188,0.5735827999823634
g__Candidatus_Cibionibacter|s__Candidatus_Cibionibacter_quicibialis,Candidatus Cibionibacter quicibialis,ALL,bmi,0.020490413013083877,0.6933318392632561,188,0.9182517207218585
g__Candidatus_Cibionibacter|s__Candidatus_Cibionibacter_quicibialis,Candidatus Cibionibacter quicibialis,ALL,antibiotics_3m,0.10898062886338492,0.8845566697172565,188,0.9792429777759343
g__Candidatus_Cibionibacter|s__Candidatus_Cibionibacter_quicibialis,Candidatus Cibionibacter quicibialis,ALL,smoking,-0.021940823113038244,0.9681963117511072,188,0.9939499763344429
g__Candidatus_Nanosynsacchari|s__Candidatus_Nanosynsacchari_sp_TM7_ANC_38_39_G1_1,Candidatus Nanosynsacchari sp TM7 ANC 38 39 G1 1,ALL,site[T.Oral],2.9258256106299414,3.11729587328519e-20,188,8.932006951208993e-19
g__Candidatus_Nanosynsacchari|s__Candidatus_Nanosynsacchari_sp_TM7_ANC_38_39_G1_1,Candidatus Nanosynsacchari sp TM7 ANC 38 39 G1 1,ALL,sex[T.1],-0.14641984006307648,0.5304963983357565,188,0.8591672372021686
g__Candidatus_Nanosynsacchari|s__Candidatus_Nanosynsacchari_sp_TM7_ANC_38_39_G1_1,Candidatus Nanosynsacchari sp TM7 ANC 38 39 G1 1,ALL,disease,0.6540337968336488,0.015954312081516923,188,0.0988956033662241
g__Candidatus_Nanosynsacchari|s__Candidatus_Nanosynsacchari_sp_TM7_ANC_38_39_G1_1,Candidatus Nanosynsacchari sp TM7 ANC 38 39 G1 1,ALL,ppi_use,0.02257590515883119,0.9390281345211919,188,0.9888202232323886
g__Candidatus_Nanosynsacchari|s__Candidatus_Nanosynsacchari_sp_TM7_ANC_38_39_G1_1,Candidatus Nanosynsacchari sp TM7 ANC 38 39 G1 1,ALL,age,-0.0043635852082092265,0.6318346831922534,188,0.9109207001240979
g__Candidatus_Nanosynsacchari|s__Candidatus_Nanosynsacchari_sp_TM7_ANC_38_39_G1_1,Candidatus Nanosynsacchari sp TM7 ANC 38 39 G1 1,ALL,bmi,0.020975569275701125,0.4673954715712586,188,0.8285646996035948
g__Candidatus_Nanosynsacchari|s__Candidatus_Nanosynsacchari_sp_TM7_ANC_38_39_G1_1,Candidatus Nanosynsacchari sp TM7 ANC 38 39 G1 1,ALL,antibiotics_3m,-0.2702615401059099,0.5168552756972024,188,0.8552325363333789
g__Candidatus_Nanosynsacchari|s__Candidatus_Nanosynsacchari_sp_TM7_ANC_38_39_G1_1,Candidatus Nanosynsacchari sp TM7 ANC 38 39 G1 1,ALL,smoking,0.1610947614210811,0.5981371870388044,188,0.8996085812560056
g__Capnocytophaga|s__Capnocytophaga_gingivalis,Capnocytophaga gingivalis,ALL,site[T.Oral],2.9918222131264263,1.8270820660470785e-17,188,4.1710946678538184e-16
g__Capnocytophaga|s__Capnocytophaga_gingivalis,Capnocytophaga gingivalis,ALL,sex[T.1],0.018576792520725083,0.9437818639329213,188,0.9897345547110037
g__Capnocytophaga|s__Capnocytophaga_gingivalis,Capnocytophaga gingivalis,ALL,disease,0.7158585816457466,0.019428371612825943,188,0.11533798623428171
g__Capnocytophaga|s__Capnocytophaga_gingivalis,Capnocytophaga gingivalis,ALL,ppi_use,-0.33266171128715266,0.3188491986839388,188,0.7108949685835698
g__Capnocytophaga|s__Capnocytophaga_gingivalis,Capnocytophaga gingivalis,ALL,age,0.003612402109164427,0.7253289627667099,188,0.9321390056974469
g__Capnocytophaga|s__Capnocytophaga_gingivalis,Capnocytophaga gingivalis,ALL,bmi,0.02127385144014763,0.5138533503088666,188,0.8520972760333495
g__Capnocytophaga|s__Capnocytophaga_gingivalis,Capnocytophaga gingivalis,ALL,antibiotics_3m,0.08369144973365593,0.8588284959085122,188,0.9743799662671121
g__Capnocytophaga|s__Capnocytophaga_gingivalis,Capnocytophaga gingivalis,ALL,smoking,-0.015442310160872014,0.9642956827445293,188,0.9939499763344429
g__Capnocytophaga|s__Capnocytophaga_leadbetteri,Capnocytophaga leadbetteri,ALL,site[T.Oral],2.863383130395887,8.37125177809884e-17,188,1.850903542748153e-15
g__Capnocytophaga|s__Capnocytophaga_leadbetteri,Capnocytophaga leadbetteri,ALL,sex[T.1],0.14264904426645889,0.5814918845821064,188,0.8902273343234965
g__Capnocytophaga|s__Capnocytophaga_leadbetteri,Capnocytophaga leadbetteri,ALL,disease,0.7068238342577488,0.018779107310825275,188,0.1129159171922856
g__Capnocytophaga|s__Capnocytophaga_leadbetteri,Capnocytophaga leadbetteri,ALL,ppi_use,-0.26754897813895373,0.4140378431352757,188,0.7930547500162717
g__Capnocytophaga|s__Capnocytophaga_leadbetteri,Capnocytophaga leadbetteri,ALL,age,0.005219858513639665,0.6052214616225798,188,0.9028834607480067
g__Capnocytophaga|s__Capnocytophaga_leadbetteri,Capnocytophaga leadbetteri,ALL,bmi,0.033382947279945265,0.2972735066875124,188,0.6962001724591617
g__Capnocytophaga|s__Capnocytophaga_leadbetteri,Capnocytophaga leadbetteri,ALL,antibiotics_3m,-0.4667776229825296,0.3130504046996464,188,0.7077993613359815
g__Capnocytophaga|s__Capnocytophaga_leadbetteri,Capnocytophaga leadbetteri,ALL,smoking,-0.5259398916450755,0.12177298002797009,188,0.43397218070197807
g__Catonella|s__Catonella_massiliensis,Catonella massiliensis,ALL,site[T.Oral],3.5505699524866907,1.6623690298530422e-23,188,6.142016099772819e-22
g__Catonella|s__Catonella_massiliensis,Catonella massiliensis,ALL,sex[T.1],0.016856733182153777,0.9473490276249477,188,0.9897345547110037
g__Catonella|s__Catonella_massiliensis,Catonella massiliensis,ALL,disease,0.9938165257430944,0.0008926779556808953,188,0.007642194205951079
g__Catonella|s__Catonella_massiliensis,Catonella massiliensis,ALL,ppi_use,-0.38546447705706766,0.2335324121220868,188,0.6311443823280267
g__Catonella|s__Catonella_massiliensis,Catonella massiliensis,ALL,age,-0.015071820418993194,0.13148682811913104,188,0.45302455626812266
g__Catonella|s__Catonella_massiliensis,Catonella massiliensis,ALL,bmi,-0.009618323719184387,0.7605523279649882,188,0.939310090531797
g__Catonella|s__Catonella_massiliensis,Catonella massiliensis,ALL,antibiotics_3m,0.25572499226938006,0.575033472318037,188,0.8875802791721421
g__Catonella|s__Catonella_massiliensis,Catonella massiliensis,ALL,smoking,-0.573354626014439,0.08759529971546888,188,0.34889021503693135
g__Clostridium|s__Clostridium_SGB4648,Clostridium SGB4648,ALL,site[T.Oral],-0.45237308249295277,0.34312398063522787,188,0.7322973341230107
g__Clostridium|s__Clostridium_SGB4648,Clostridium SGB4648,ALL,sex[T.1],0.7827716084223116,0.049434424073815486,188,0.23466812317739422
g__Clostridium|s__Clostridium_SGB4648,Clostridium SGB4648,ALL,disease,-0.8489071648773667,0.06460840861124321,188,0.2843580115679795
g__Clostridium|s__Clostridium_SGB4648,Clostridium SGB4648,ALL,ppi_use,-0.17966451144487336,0.7200756547919216,188,0.9291098080327714
g__Clostridium|s__Clostridium_SGB4648,Clostridium SGB4648,ALL,age,0.013158101317315356,0.39525954274226327,188,0.7843737074348236
g__Clostridium|s__Clostridium_SGB4648,Clostridium SGB4648,ALL,bmi,-0.008126090774951512,0.8682487525387937,188,0.9769113984426099
g__Clostridium|s__Clostridium_SGB4648,Clostridium SGB4648,ALL,antibiotics_3m,-0.14572726113194612,0.836868785054286,188,0.9654591406871137
g__Clostridium|s__Clostridium_SGB4648,Clostridium SGB4648,ALL,smoking,-0.28775768319592265,0.5793546764654928,188,0.8894630571433044
g__Clostridium|s__Clostridium_SGB4750,Clostridium SGB4750,ALL,site[T.Oral],-2.951488390539642,4.681627255363634e-10,188,7.105950990843829e-09
g__Clostridium|s__Clostridium_SGB4750,Clostridium SGB4750,ALL,sex[T.1],0.007746732914900366,0.9834182751390111,188,0.9952452245437899
g__Clostridium|s__Clostridium_SGB4750,Clostridium SGB4750,ALL,disease,2.02743612160497,4.721523933130337e-06,188,5.411444573155096e-05
g__Clostridium|s__Clostridium_SGB4750,Clostridium SGB4750,ALL,ppi_use,0.056332460595923034,0.9049060543929146,188,0.9864038046332703
g__Clostridium|s__Clostridium_SGB4750,Clostridium SGB4750,ALL,age,-0.024309703121831228,0.0959388619321972,188,0.3715811369732548
g__Clostridium|s__Clostridium_SGB4750,Clostridium SGB4750,ALL,bmi,0.05143773034921191,0.26512362007280704,188,0.6647027903253948
g__Clostridium|s__Clostridium_SGB4750,Clostridium SGB4750,ALL,antibiotics_3m,-0.08948412309406317,0.8930764849432794,188,0.9799497593165543
g__Clostridium|s__Clostridium_SGB4750,Clostridium SGB4750,ALL,smoking,0.5496517838291806,0.2609675997623543,188,0.6601774956150368
g__Clostridium|s__Clostridium_SGB4909,Clostridium SGB4909,ALL,site[T.Oral],-0.6099885868768248,0.16377430701861645,188,0.5231834517727816
g__Clostridium|s__Clostridium_SGB4909,Clostridium SGB4909,ALL,sex[T.1],0.6832676940399132,0.06121948202502493,188,0.2717343332804382
g__Clostridium|s__Clostridium_SGB4909,Clostridium SGB4909,ALL,disease,-0.9233546840295083,0.028632495416372226,188,0.15672523806856378
g__Clostridium|s__Clostridium_SGB4909,Clostridium SGB4909,ALL,ppi_use,0.004420408491377288,0.9923243503995383,188,0.9963121042439106
g__Clostridium|s__Clostridium_SGB4909,Clostridium SGB4909,ALL,age,0.001216704186900739,0.9315931051644096,188,0.9888202232323886
g__Clostridium|s__Clostridium_SGB4909,Clostridium SGB4909,ALL,bmi,-0.003982748319765612,0.9293237020472622,188,0.9888202232323886
g__Clostridium|s__Clostridium_SGB4909,Clostridium SGB4909,ALL,antibiotics_3m,0.5162179289633584,0.42660235398748436,188,0.804633914377994
g__Clostridium|s__Clostridium_SGB4909,Clostridium SGB4909,ALL,smoking,0.3211816485514614,0.49979092741367703,188,0.8436973872600326
g__Clostridium|s__Clostridium_butyricum,Clostridium butyricum,ALL,site[T.Oral],-2.3452890370717814,3.3310988164114526e-09,188,4.796782295632491e-08
g__Clostridium|s__Clostridium_butyricum,Clostridium butyricum,ALL,sex[T.1],-0.12692315635374085,0.6858268745002207,188,0.9182517207218585
g__Clostridium|s__Clostridium_butyricum,Clostridium butyricum,ALL,disease,4.174583913700225,2.0367800396417613e-23,188,7.427634222485799e-22
g__Clostridium|s__Clostridium_butyricum,Clostridium butyricum,ALL,ppi_use,-0.9815917544429578,0.014175608820709349,188,0.09150599900816517
g__Clostridium|s__Clostridium_butyricum,Clostridium butyricum,ALL,age,0.009154987328131971,0.4548699504333864,188,0.8224564203586278
g__Clostridium|s__Clostridium_butyricum,Clostridium butyricum,ALL,bmi,0.016687767470004715,0.667038177573954,188,0.9170124158427644
g__Clostridium|s__Clostridium_butyricum,Clostridium butyricum,ALL,antibiotics_3m,-0.4268998707754757,0.4464536692319985,188,0.8163878657980749
g__Clostridium|s__Clostridium_butyricum,Clostridium butyricum,ALL,smoking,0.5930341207073498,0.150011825498468,188,0.49801067752992484
g__Clostridium|s__Clostridium_fessum,Clostridium fessum,ALL,site[T.Oral],-5.537598110326233,1.4510377949242657e-26,188,6.905956149402268e-25
g__Clostridium|s__Clostridium_fessum,Clostridium fessum,ALL,sex[T.1],0.7148992698046852,0.051373469199090686,188,0.24181853189801503
g__Clostridium|s__Clostridium_fessum,Clostridium fessum,ALL,disease,0.5701088881191555,0.17689733086497336,188,0.550086052124967
g__Clostridium|s__Clostridium_fessum,Clostridium fessum,ALL,ppi_use,0.22682446838749035,0.6233565509915342,188,0.9084622504373384
g__Clostridium|s__Clostridium_fessum,Clostridium fessum,ALL,age,0.02083279004808546,0.14473492583645367,188,0.4826789450697885
g__Clostridium|s__Clostridium_fessum,Clostridium fessum,ALL,bmi,0.08244472118611086,0.06894535650147457,188,0.2973864225132728
g__Clostridium|s__Clostridium_fessum,Clostridium fessum,ALL,antibiotics_3m,-0.43605358234932495,0.5038127140337108,188,0.845704541973929
g__Clostridium|s__Clostridium_fessum,Clostridium fessum,ALL,smoking,0.12541385168798858,0.7930319983699871,188,0.9520934754399919
g__Clostridium|s__Clostridium_sp_1001270H_150608_G6,Clostridium sp 1001270H 150608 G6,ALL,site[T.Oral],-1.259980220882614,0.028006808083185463,188,0.15480928562516688
g__Clostridium|s__Clostridium_sp_1001270H_150608_G6,Clostridium sp 1001270H 150608 G6,ALL,sex[T.1],0.43934863744993186,0.3541147396183808,188,0.7437204105074146
g__Clostridium|s__Clostridium_sp_1001270H_150608_G6,Clostridium sp 1001270H 150608 G6,ALL,disease,0.11414591250654033,0.8345302822790455,188,0.9651769739592562
g__Clostridium|s__Clostridium_sp_1001270H_150608_G6,Clostridium sp 1001270H 150608 G6,ALL,ppi_use,0.4765179328737366,0.4267805141574569,188,0.804633914377994
g__Clostridium|s__Clostridium_sp_1001270H_150608_G6,Clostridium sp 1001270H 150608 G6,ALL,age,0.0209424229211412,0.2579521679382845,188,0.6566905599009093
g__Clostridium|s__Clostridium_sp_1001270H_150608_G6,Clostridium sp 1001270H 150608 G6,ALL,bmi,0.008948455613037825,0.8785196460493268,188,0.9792429777759343
g__Clostridium|s__Clostridium_sp_1001270H_150608_G6,Clostridium sp 1001270H 150608 G6,ALL,antibiotics_3m,-0.5749767392991878,0.4969155011308487,188,0.8420873428940393
g__Clostridium|s__Clostridium_sp_1001270H_150608_G6,Clostridium sp 1001270H 150608 G6,ALL,smoking,0.06553228025921351,0.9158430639489421,188,0.9888202232323886
g__Clostridium|s__Clostridium_sp_AF20_17LB,Clostridium sp AF20 17LB,ALL,site[T.Oral],-2.7418239700893956,2.2530299836447722e-08,188,3.0270374134327847e-07
g__Clostridium|s__Clostridium_sp_AF20_17LB,Clostridium sp AF20 17LB,ALL,sex[T.1],0.5705170345107231,0.14469716684058884,188,0.4826789450697885
g__Clostridium|s__Clostridium_sp_AF20_17LB,Clostridium sp AF20 17LB,ALL,disease,-0.8726577824900811,0.053700762624059935,188,0.2480758238169274
g__Clostridium|s__Clostridium_sp_AF20_17LB,Clostridium sp AF20 17LB,ALL,ppi_use,0.42043548844830364,0.39459543452391277,188,0.7836683405629179
g__Clostridium|s__Clostridium_sp_AF20_17LB,Clostridium sp AF20 17LB,ALL,age,-0.010805010827103034,0.4780239905332032,188,0.8296238920667696
g__Clostridium|s__Clostridium_sp_AF20_17LB,Clostridium sp AF20 17LB,ALL,bmi,0.040205218324406655,0.404789123494962,188,0.7866075147223898
g__Clostridium|s__Clostridium_sp_AF20_17LB,Clostridium sp AF20 17LB,ALL,antibiotics_3m,-0.3033560352855833,0.6632800033832449,188,0.9152286238329983
g__Clostridium|s__Clostridium_sp_AF20_17LB,Clostridium sp AF20 17LB,ALL,smoking,0.05440269608285619,0.9151684262330638,188,0.9888202232323886
g__Clostridium|s__Clostridium_sp_AF27_2AA,Clostridium sp AF27 2AA,ALL,site[T.Oral],-1.720169933696789,0.0003959006980131998,188,0.003597699546993738
g__Clostridium|s__Clostridium_sp_AF27_2AA,Clostridium sp AF27 2AA,ALL,sex[T.1],0.6713627674785537,0.09179783079562798,188,0.3610200404399487
g__Clostridium|s__Clostridium_sp_AF27_2AA,Clostridium sp AF27 2AA,ALL,disease,0.0611579577843526,0.89368606695304,188,0.9799497593165543
g__Clostridium|s__Clostridium_sp_AF27_2AA,Clostridium sp AF27 2AA,ALL,ppi_use,-0.04999260508353976,0.9206326252255261,188,0.9888202232323886
g__Clostridium|s__Clostridium_sp_AF27_2AA,Clostridium sp AF27 2AA,ALL,age,-0.01426603579576706,0.35722598923258286,188,0.7480168365138647
g__Clostridium|s__Clostridium_sp_AF27_2AA,Clostridium sp AF27 2AA,ALL,bmi,0.03742240576810091,0.44569475714377704,188,0.8163802205216738
g__Clostridium|s__Clostridium_sp_AF27_2AA,Clostridium sp AF27 2AA,ALL,antibiotics_3m,-0.7784716480935183,0.27260406697932615,188,0.6667876481515226
g__Clostridium|s__Clostridium_sp_AF27_2AA,Clostridium sp AF27 2AA,ALL,smoking,0.42553133317055286,0.41305063820013455,188,0.7930547500162717
g__Clostridium|s__Clostridium_sp_AF34_10BH,Clostridium sp AF34 10BH,ALL,site[T.Oral],-4.664753837972213,4.4339448715200554e-20,188,1.2450517199228317e-18
g__Clostridium|s__Clostridium_sp_AF34_10BH,Clostridium sp AF34 10BH,ALL,sex[T.1],0.7162953644812391,0.05664457280774066,188,0.259052052840612
g__Clostridium|s__Clostridium_sp_AF34_10BH,Clostridium sp AF34 10BH,ALL,disease,-1.3055666789587037,0.002802418911811946,188,0.021798316632598184
g__Clostridium|s__Clostridium_sp_AF34_10BH,Clostridium sp AF34 10BH,ALL,ppi_use,0.04106580567226592,0.9308143727401119,188,0.9888202232323886
g__Clostridium|s__Clostridium_sp_AF34_10BH,Clostridium sp AF34 10BH,ALL,age,-0.016543786050891938,0.2576919902943975,188,0.6566905599009093
g__Clostridium|s__Clostridium_sp_AF34_10BH,Clostridium sp AF34 10BH,ALL,bmi,0.011821520295041557,0.7981581343254063,188,0.9520934754399919
g__Clostridium|s__Clostridium_sp_AF34_10BH,Clostridium sp AF34 10BH,ALL,antibiotics_3m,-0.5796394471807808,0.3859021430150227,188,0.7767836685205618
g__Clostridium|s__Clostridium_sp_AF34_10BH,Clostridium sp AF34 10BH,ALL,smoking,1.0002770619348855,0.04223764270847837,188,0.20844165329597059
g__Clostridium|s__Clostridium_sp_AF34_13,Clostridium sp AF34 13,ALL,site[T.Oral],-0.6505773913557716,0.1258215938148102,188,0.4427406459047457
g__Clostridium|s__Clostridium_sp_AF34_13,Clostridium sp AF34 13,ALL,sex[T.1],-0.01873165117843009,0.957584035261799,188,0.9920724544925161
g__Clostridium|s__Clostridium_sp_AF34_13,Clostridium sp AF34 13,ALL,disease,0.3856570267984111,0.3431991779579352,188,0.7322973341230107
g__Clostridium|s__Clostridium_sp_AF34_13,Clostridium sp AF34 13,ALL,ppi_use,-0.14349219465479054,0.7474407523301919,188,0.9353001927554273
g__Clostridium|s__Clostridium_sp_AF34_13,Clostridium sp AF34 13,ALL,age,-0.021003906971150742,0.12767737429703643,188,0.44591799381353026
g__Clostridium|s__Clostridium_sp_AF34_13,Clostridium sp AF34 13,ALL,bmi,0.03379788239401564,0.4379819237556949,188,0.8094813171220709
g__Clostridium|s__Clostridium_sp_AF34_13,Clostridium sp AF34 13,ALL,antibiotics_3m,0.34008633453175596,0.5889060874639969,188,0.8932887273094149
g__Clostridium|s__Clostridium_sp_AF34_13,Clostridium sp AF34 13,ALL,smoking,0.7445058626670744,0.10774343327993868,188,0.40339141420009045
g__Clostridium|s__Clostridium_sp_AF36_4,Clostridium sp AF36 4,ALL,site[T.Oral],-2.2999822660229903,1.66909853074923e-05,188,0.00018166002613735806
g__Clostridium|s__Clostridium_sp_AF36_4,Clostridium sp AF36 4,ALL,sex[T.1],0.2213852445974645,0.6090461478835647,188,0.9039880685168755
g__Clostridium|s__Clostridium_sp_AF36_4,Clostridium sp AF36 4,ALL,disease,-0.8372190537315242,0.09484596996199562,188,0.3683644310557174
g__Clostridium|s__Clostridium_sp_AF36_4,Clostridium sp AF36 4,ALL,ppi_use,0.5023394349146553,0.3593523828166032,188,0.7485619369058024
g__Clostridium|s__Clostridium_sp_AF36_4,Clostridium sp AF36 4,ALL,age,0.00037236692260916534,0.9824061007261782,188,0.9952452245437899
g__Clostridium|s__Clostridium_sp_AF36_4,Clostridium sp AF36 4,ALL,bmi,-0.038051566935693844,0.4771912481325886,188,0.8296238920667696
g__Clostridium|s__Clostridium_sp_AF36_4,Clostridium sp AF36 4,ALL,antibiotics_3m,0.4978735051194638,0.5196869346285387,188,0.8578519317667885
g__Clostridium|s__Clostridium_sp_AF36_4,Clostridium sp AF36 4,ALL,smoking,0.22733442626885605,0.6883450663290732,188,0.9182517207218585
g__Clostridium|s__Clostridium_sp_AM22_11AC,Clostridium sp AM22 11AC,ALL,site[T.Oral],-4.223167481489974,7.85361164760788e-15,188,1.5208925176884774e-13
g__Clostridium|s__Clostridium_sp_AM22_11AC,Clostridium sp AM22 11AC,ALL,sex[T.1],-0.20909013761261794,0.6139035359597615,188,0.904307879565947
g__Clostridium|s__Clostridium_sp_AM22_11AC,Clostridium sp AM22 11AC,ALL,disease,1.7013844762997634,0.0004679041724109646,188,0.004157832013069585
g__Clostridium|s__Clostridium_sp_AM22_11AC,Clostridium sp AM22 11AC,ALL,ppi_use,0.44892752485850973,0.3921724335698017,188,0.7823610185092632
g__Clostridium|s__Clostridium_sp_AM22_11AC,Clostridium sp AM22 11AC,ALL,age,-0.0071318347972583835,0.6591982851870679,188,0.9143242209408174
g__Clostridium|s__Clostridium_sp_AM22_11AC,Clostridium sp AM22 11AC,ALL,bmi,0.08141432471015003,0.11318843204758043,188,0.41404336357141186
g__Clostridium|s__Clostridium_sp_AM22_11AC,Clostridium sp AM22 11AC,ALL,antibiotics_3m,-0.7755827450561453,0.2953137980145752,188,0.6956721013631939
g__Clostridium|s__Clostridium_sp_AM22_11AC,Clostridium sp AM22 11AC,ALL,smoking,0.47887064188108275,0.37793785618880527,188,0.7656922800708262
g__Clostridium|s__Clostridium_sp_AM33_3,Clostridium sp AM33 3,ALL,site[T.Oral],-1.8477230515311152,2.8902345150037628e-06,188,3.381574382554402e-05
g__Clostridium|s__Clostridium_sp_AM33_3,Clostridium sp AM33 3,ALL,sex[T.1],0.35800193730207464,0.2616285142744987,188,0.6612537066451776
g__Clostridium|s__Clostridium_sp_AM33_3,Clostridium sp AM33 3,ALL,disease,-0.9864833560040511,0.007834934564044443,188,0.055032174376765386
g__Clostridium|s__Clostridium_sp_AM33_3,Clostridium sp AM33 3,ALL,ppi_use,0.03673446026523041,0.9273248267456934,188,0.9888202232323886
g__Clostridium|s__Clostridium_sp_AM33_3,Clostridium sp AM33 3,ALL,age,-0.010158214237383514,0.4139696430292703,188,0.7930547500162717
g__Clostridium|s__Clostridium_sp_AM33_3,Clostridium sp AM33 3,ALL,bmi,0.05176666634183781,0.18946575491258807,188,0.5714498816267963
g__Clostridium|s__Clostridium_sp_AM33_3,Clostridium sp AM33 3,ALL,antibiotics_3m,-0.8603805639289877,0.13147157493567227,188,0.45302455626812266
g__Clostridium|s__Clostridium_sp_AM33_3,Clostridium sp AM33 3,ALL,smoking,-0.1573294661697064,0.7059443014757361,188,0.9215674563197894
g__Clostridium|s__Clostridium_sp_AM49_4BH,Clostridium sp AM49 4BH,ALL,site[T.Oral],-2.335123413840346,9.558822190702235e-06,188,0.00010651259012496776
g__Clostridium|s__Clostridium_sp_AM49_4BH,Clostridium sp AM49 4BH,ALL,sex[T.1],-0.30562067734413007,0.4740417743923787,188,0.8296238920667696
g__Clostridium|s__Clostridium_sp_AM49_4BH,Clostridium sp AM49 4BH,ALL,disease,-0.003216196499883765,0.9947863352790912,188,0.9968536951092114
g__Clostridium|s__Clostridium_sp_AM49_4BH,Clostridium sp AM49 4BH,ALL,ppi_use,1.0929036957740126,0.04404015364465083,188,0.21544381782958108
g__Clostridium|s__Clostridium_sp_AM49_4BH,Clostridium sp AM49 4BH,ALL,age,0.0031575980254071583,0.8495629514772808,188,0.9696768562849242
g__Clostridium|s__Clostridium_sp_AM49_4BH,Clostridium sp AM49 4BH,ALL,bmi,0.037829289089680675,0.4734896158015973,188,0.8296238920667696
g__Clostridium|s__Clostridium_sp_AM49_4BH,Clostridium sp AM49 4BH,ALL,antibiotics_3m,-0.8508433246622862,0.26494625147402073,188,0.6647027903253948
g__Clostridium|s__Clostridium_sp_AM49_4BH,Clostridium sp AM49 4BH,ALL,smoking,0.49100254701183854,0.3799448461307138,188,0.7675432575072261
g__Collinsella|s__Collinsella_SGB14861,Collinsella SGB14861,ALL,site[T.Oral],-4.006307460816631,1.512449824209938e-16,188,3.2922163615360506e-15
g__Collinsella|s__Collinsella_SGB14861,Collinsella SGB14861,ALL,sex[T.1],0.1334578882605226,0.7151764186908247,188,0.9276677783367492
g__Collinsella|s__Collinsella_SGB14861,Collinsella SGB14861,ALL,disease,-1.1789936306282127,0.005697850501334966,188,0.04102452360961176
g__Collinsella|s__Collinsella_SGB14861,Collinsella SGB14861,ALL,ppi_use,1.0804751562352999,0.02043655948678905,188,0.12012810233006227
g__Collinsella|s__Collinsella_SGB14861,Collinsella SGB14861,ALL,age,-0.010529937387874232,0.46087591231488334,188,0.8253441082781839
g__Collinsella|s__Collinsella_SGB14861,Collinsella SGB14861,ALL,bmi,-0.011359932033765233,0.80159631498308,188,0.9524381948458033
g__Collinsella|s__Collinsella_SGB14861,Collinsella SGB14861,ALL,antibiotics_3m,-0.3991661684951722,0.5412803725478552,188,0.8670366720561196
g__Collinsella|s__Collinsella_SGB14861,Collinsella SGB14861,ALL,smoking,0.030085223002174095,0.9499023530894364,188,0.9904663228648858
g__Collinsella|s__Collinsella_aerofaciens,Collinsella aerofaciens,ALL,site[T.Oral],-6.395372158044578,2.405801631430072e-25,188,1.0235592395538852e-23
g__Collinsella|s__Collinsella_aerofaciens,Collinsella aerofaciens,ALL,sex[T.1],0.059622183955271454,0.8912201390275417,188,0.9799497593165543
g__Collinsella|s__Collinsella_aerofaciens,Collinsella aerofaciens,ALL,disease,0.23217458927882562,0.6444790240430929,188,0.9143242209408174
g__Collinsella|s__Collinsella_aerofaciens,Collinsella aerofaciens,ALL,ppi_use,0.8531607059225423,0.12311169565514116,188,0.4348739703935258
g__Collinsella|s__Collinsella_aerofaciens,Collinsella aerofaciens,ALL,age,0.003746106691664863,0.8257222691550388,188,0.9608792640332098
g__Collinsella|s__Collinsella_aerofaciens,Collinsella aerofaciens,ALL,bmi,0.04110453278711801,0.44601476294967113,188,0.8163878657980749
g__Collinsella|s__Collinsella_aerofaciens,Collinsella aerofaciens,ALL,antibiotics_3m,-0.7844569522493232,0.3143918901557034,188,0.7090862871945504
g__Collinsella|s__Collinsella_aerofaciens,Collinsella aerofaciens,ALL,smoking,1.170626693790435,0.04148762582944153,188,0.205825535917088
g__Collinsella|s__Collinsella_bouchesdurhonensis,Collinsella bouchesdurhonensis,ALL,site[T.Oral],-0.27252570273137317,0.47715339804793133,188,0.8296238920667696
g__Collinsella|s__Collinsella_bouchesdurhonensis,Collinsella bouchesdurhonensis,ALL,sex[T.1],-0.48703138616759056,0.12747666565998095,188,0.4457714535158487
g__Collinsella|s__Collinsella_bouchesdurhonensis,Collinsella bouchesdurhonensis,ALL,disease,0.6370396835850163,0.08430378595813551,188,0.34012217093454666
g__Collinsella|s__Collinsella_bouchesdurhonensis,Collinsella bouchesdurhonensis,ALL,ppi_use,-0.019504595533235677,0.9613920585926761,188,0.9939499763344429
g__Collinsella|s__Collinsella_bouchesdurhonensis,Collinsella bouchesdurhonensis,ALL,age,0.013257775291104465,0.2868817834657268,188,0.6826813965862379
g__Collinsella|s__Collinsella_bouchesdurhonensis,Collinsella bouchesdurhonensis,ALL,bmi,-0.014705919694558993,0.7088449424768165,188,0.9227800641979141
g__Collinsella|s__Collinsella_bouchesdurhonensis,Collinsella bouchesdurhonensis,ALL,antibiotics_3m,-0.08335079883598986,0.8835162515457712,188,0.9792429777759343
g__Collinsella|s__Collinsella_bouchesdurhonensis,Collinsella bouchesdurhonensis,ALL,smoking,-0.5166591538739487,0.21643670757358113,188,0.6065411924816525
g__Coprobacter|s__Coprobacter_fastidiosus,Coprobacter fastidiosus,ALL,site[T.Oral],-1.455704748227495,0.008028659355362806,188,0.05612821290395304
g__Coprobacter|s__Coprobacter_fastidiosus,Coprobacter fastidiosus,ALL,sex[T.1],0.8438005042854078,0.0632478143311101,188,0.2796848230578853
g__Coprobacter|s__Coprobacter_fastidiosus,Coprobacter fastidiosus,ALL,disease,-0.5341123284363168,0.306564652005012,188,0.7015758295273623
g__Coprobacter|s__Coprobacter_fastidiosus,Coprobacter fastidiosus,ALL,ppi_use,-0.28914486918680227,0.613282503748094,188,0.9039880685168755
g__Coprobacter|s__Coprobacter_fastidiosus,Coprobacter fastidiosus,ALL,age,-0.03411690300946666,0.05436970349379788,188,0.25027889739440073
g__Coprobacter|s__Coprobacter_fastidiosus,Coprobacter fastidiosus,ALL,bmi,0.11232912719071357,0.045647557837315625,188,0.21985993551832295
g__Coprobacter|s__Coprobacter_fastidiosus,Coprobacter fastidiosus,ALL,antibiotics_3m,-0.19416755734211408,0.8099832886483379,188,0.9546747583220461
g__Coprobacter|s__Coprobacter_fastidiosus,Coprobacter fastidiosus,ALL,smoking,0.032537180767381636,0.9561708645751272,188,0.9920724544925161
g__Coprococcus|s__Coprococcus_SGB4669,Coprococcus SGB4669,ALL,site[T.Oral],0.17868905055866097,0.5549705430052668,188,0.8750353262280829
g__Coprococcus|s__Coprococcus_SGB4669,Coprococcus SGB4669,ALL,sex[T.1],0.10506156868148658,0.6762662477624112,188,0.9182517207218585
g__Coprococcus|s__Coprococcus_SGB4669,Coprococcus SGB4669,ALL,disease,0.10114496465359482,0.7275107863830064,188,0.9324272694692913
g__Coprococcus|s__Coprococcus_SGB4669,Coprococcus SGB4669,ALL,ppi_use,0.06600732302193109,0.8356847373231706,188,0.9651769739592562
g__Coprococcus|s__Coprococcus_SGB4669,Coprococcus SGB4669,ALL,age,0.004478856943335166,0.6482799128737138,188,0.9143242209408174
g__Coprococcus|s__Coprococcus_SGB4669,Coprococcus SGB4669,ALL,bmi,-0.07262841398767868,0.020449157020573278,188,0.12012810233006227
g__Coprococcus|s__Coprococcus_SGB4669,Coprococcus SGB4669,ALL,antibiotics_3m,0.1487901375827351,0.7405489506919405,188,0.9353001927554273
g__Coprococcus|s__Coprococcus_SGB4669,Coprococcus SGB4669,ALL,smoking,0.3901573259193746,0.237159236525779,188,0.6338142649817614
g__Coprococcus|s__Coprococcus_catus,Coprococcus catus,ALL,site[T.Oral],-3.351308090703589,2.0871279257691825e-12,188,3.59549399727599e-11
g__Coprococcus|s__Coprococcus_catus,Coprococcus catus,ALL,sex[T.1],0.2212727359795889,0.5493245657192508,188,0.8724566632011631
g__Coprococcus|s__Coprococcus_catus,Coprococcus catus,ALL,disease,1.547537435503919,0.00036131144158756486,188,0.003315563816921183
g__Coprococcus|s__Coprococcus_catus,Coprococcus catus,ALL,ppi_use,-0.34714514462864626,0.45786342626785226,188,0.8228659116173094
g__Coprococcus|s__Coprococcus_catus,Coprococcus catus,ALL,age,-0.02312884734039189,0.10983163837753039,188,0.40740718700674416
g__Coprococcus|s__Coprococcus_catus,Coprococcus catus,ALL,bmi,0.07985241955691336,0.08161845249920198,188,0.33360205912337576
g__Coprococcus|s__Coprococcus_catus,Coprococcus catus,ALL,antibiotics_3m,-0.11421750436454149,0.8625505547738709,188,0.9754498420479378
g__Coprococcus|s__Coprococcus_catus,Coprococcus catus,ALL,smoking,-0.18011666779552654,0.7096600999675164,188,0.923278339115575
g__Coprococcus|s__Coprococcus_comes,Coprococcus comes,ALL,site[T.Oral],-5.255366222214213,1.2207130650375595e-24,188,4.8968032666078104e-23
g__Coprococcus|s__Coprococcus_comes,Coprococcus comes,ALL,sex[T.1],-0.15472634202289356,0.6721277778034984,188,0.9170548288563516
g__Coprococcus|s__Coprococcus_comes,Coprococcus comes,ALL,disease,1.2505386654733945,0.0033909800942775363,188,0.026087320834880336
g__Coprococcus|s__Coprococcus_comes,Coprococcus comes,ALL,ppi_use,1.0701697405638055,0.021592347416433146,188,0.1250301830823558
g__Coprococcus|s__Coprococcus_comes,Coprococcus comes,ALL,age,-0.019717777853220417,0.1679508539972559,188,0.5322866794856598
g__Coprococcus|s__Coprococcus_comes,Coprococcus comes,ALL,bmi,0.11037536385703799,0.015402725327648107,188,0.09703146641555238
g__Coprococcus|s__Coprococcus_comes,Coprococcus comes,ALL,antibiotics_3m,-0.7329881905097712,0.2623433929151986,188,0.6618690451984525
g__Coprococcus|s__Coprococcus_comes,Coprococcus comes,ALL,smoking,1.1168017650431181,0.02056540370124752,188,0.12045263378810267
g__Coprococcus|s__Coprococcus_eutactus,Coprococcus eutactus,ALL,site[T.Oral],-1.2531600338836955,0.018676827665727303,188,0.11254191434627096
g__Coprococcus|s__Coprococcus_eutactus,Coprococcus eutactus,ALL,sex[T.1],-0.017902431396819376,0.9675140412840018,188,0.9939499763344429
g__Coprococcus|s__Coprococcus_eutactus,Coprococcus eutactus,ALL,disease,-1.647662147860057,0.0013641086201397249,188,0.011332594690391561
g__Coprococcus|s__Coprococcus_eutactus,Coprococcus eutactus,ALL,ppi_use,0.45704304338181995,0.4115807866554885,188,0.7921308080388016
g__Coprococcus|s__Coprococcus_eutactus,Coprococcus eutactus,ALL,age,0.021694582862660117,0.20697708501372766,188,0.5941413813355118
g__Coprococcus|s__Coprococcus_eutactus,Coprococcus eutactus,ALL,bmi,-0.06381505873273191,0.24117311141976291,188,0.6370781720288752
g__Coprococcus|s__Coprococcus_eutactus,Coprococcus eutactus,ALL,antibiotics_3m,0.03651761466468856,0.9629019612363331,188,0.9939499763344429
g__Coprococcus|s__Coprococcus_eutactus,Coprococcus eutactus,ALL,smoking,-0.597978911332119,0.2996206951484734,188,0.6976243051218186
g__Corynebacterium|s__Corynebacterium_matruchotii,Corynebacterium matruchotii,ALL,site[T.Oral],3.5847225852900935,2.1078132491379677e-25,188,9.214876403149421e-24
g__Corynebacterium|s__Corynebacterium_matruchotii,Corynebacterium matruchotii,ALL,sex[T.1],-0.03624412078726268,0.8819016084306537,188,0.9792429777759343
g__Corynebacterium|s__Corynebacterium_matruchotii,Corynebacterium matruchotii,ALL,disease,0.8825522357519288,0.0019784621110596626,188,0.01605702899560914
g__Corynebacterium|s__Corynebacterium_matruchotii,Corynebacterium matruchotii,ALL,ppi_use,-0.4731756525477619,0.12647336098175765,188,0.44336728793604935
g__Corynebacterium|s__Corynebacterium_matruchotii,Corynebacterium matruchotii,ALL,age,0.014780171815026302,0.1217842159519796,188,0.43397218070197807
g__Corynebacterium|s__Corynebacterium_matruchotii,Corynebacterium matruchotii,ALL,bmi,-0.0033428013400719657,0.9117474626618556,188,0.9888202232323886
g__Corynebacterium|s__Corynebacterium_matruchotii,Corynebacterium matruchotii,ALL,antibiotics_3m,0.21341467834592956,0.6244060339544384,188,0.9084622504373384
g__Corynebacterium|s__Corynebacterium_matruchotii,Corynebacterium matruchotii,ALL,smoking,0.022403345111316624,0.9440944206573412,188,0.9897345547110037
g__Cutibacterium|s__Cutibacterium_acnes,Cutibacterium acnes,ALL,site[T.Oral],2.471427740201381,1.4859204590101815e-15,188,3.045594634234007e-14
g__Cutibacterium|s__Cutibacterium_acnes,Cutibacterium acnes,ALL,sex[T.1],-0.24034029037592985,0.307099902380124,188,0.7021748539330405
g__Cutibacterium|s__Cutibacterium_acnes,Cutibacterium acnes,ALL,disease,0.01891527808944724,0.9443786969168075,188,0.9897345547110037
g__Cutibacterium|s__Cutibacterium_acnes,Cutibacterium acnes,ALL,ppi_use,-0.6352001962364213,0.033721778242399934,188,0.1756785775596642
g__Cutibacterium|s__Cutibacterium_acnes,Cutibacterium acnes,ALL,age,0.005705151107534693,0.5340367762399871,188,0.8618248664838413
g__Cutibacterium|s__Cutibacterium_acnes,Cutibacterium acnes,ALL,bmi,0.0331611688179492,0.25449948054989513,188,0.6532308422158186
g__Cutibacterium|s__Cutibacterium_acnes,Cutibacterium acnes,ALL,antibiotics_3m,0.20046016143485143,0.6330138129878579,188,0.911133653979019
g__Cutibacterium|s__Cutibacterium_acnes,Cutibacterium acnes,ALL,smoking,0.470607156220852,0.1274055122691396,188,0.4457714535158487
g__Desulfovibrio|s__Desulfovibrio_SGB5077,Desulfovibrio SGB5077,ALL,site[T.Oral],-0.8120497030122292,0.07032826966675211,188,0.3014989026324274
g__Desulfovibrio|s__Desulfovibrio_SGB5077,Desulfovibrio SGB5077,ALL,sex[T.1],-0.01099848389681149,0.9763720501529944,188,0.9939499763344429
g__Desulfovibrio|s__Desulfovibrio_SGB5077,Desulfovibrio SGB5077,ALL,disease,0.8464661263636033,0.049422721765373996,188,0.23466812317739422
g__Desulfovibrio|s__Desulfovibrio_SGB5077,Desulfovibrio SGB5077,ALL,ppi_use,0.19347356357061143,0.6805265875324618,188,0.9182517207218585
g__Desulfovibrio|s__Desulfovibrio_SGB5077,Desulfovibrio SGB5077,ALL,age,0.005719976899294551,0.6931080103895557,188,0.9182517207218585
g__Desulfovibrio|s__Desulfovibrio_SGB5077,Desulfovibrio SGB5077,ALL,bmi,-0.01975985143634856,0.6669669663225406,188,0.9170124158427644
g__Desulfovibrio|s__Desulfovibrio_SGB5077,Desulfovibrio SGB5077,ALL,antibiotics_3m,-1.2266063942812384,0.06567911140544845,188,0.28816710129140505
g__Desulfovibrio|s__Desulfovibrio_SGB5077,Desulfovibrio SGB5077,ALL,smoking,0.21104611625556904,0.6643780504450356,188,0.9158436748402847
g__Desulfovibrio|s__Desulfovibrio_piger,Desulfovibrio piger,ALL,site[T.Oral],-0.6787946712113817,0.2575435037470469,188,0.6566905599009093
g__Desulfovibrio|s__Desulfovibrio_piger,Desulfovibrio piger,ALL,sex[T.1],0.15231684471430498,0.7595416120500365,188,0.939310090531797
g__Desulfovibrio|s__Desulfovibrio_piger,Desulfovibrio piger,ALL,disease,-0.44076615798230057,0.44300372969568713,188,0.8125110862086803
g__Desulfovibrio|s__Desulfovibrio_piger,Desulfovibrio piger,ALL,ppi_use,-0.7908281590694209,0.2099799160255521,188,0.5986026438576145
g__Desulfovibrio|s__Desulfovibrio_piger,Desulfovibrio piger,ALL,age,0.0609528421289672,0.0019535912127891957,188,0.015946756178814133
g__Desulfovibrio|s__Desulfovibrio_piger,Desulfovibrio piger,ALL,bmi,-0.16005737916257415,0.009939880490650688,188,0.06730753044309229
g__Desulfovibrio|s__Desulfovibrio_piger,Desulfovibrio piger,ALL,antibiotics_3m,-0.48644445426795896,0.5842804692144037,188,0.8918329879824617
g__Desulfovibrio|s__Desulfovibrio_piger,Desulfovibrio piger,ALL,smoking,0.40950179803728654,0.5299183617202936,188,0.8591672372021686
g__Dialister|s__Dialister_invisus,Dialister invisus,ALL,site[T.Oral],-0.9711978066759169,0.1995731133722242,188,0.5868076464389587
g__Dialister|s__Dialister_invisus,Dialister invisus,ALL,sex[T.1],-0.041793119609569156,0.9469432443011174,188,0.9897345547110037
g__Dialister|s__Dialister_invisus,Dialister invisus,ALL,disease,1.4467431595441567,0.04708358402723702,188,0.2252311821950282
g__Dialister|s__Dialister_invisus,Dialister invisus,ALL,ppi_use,-0.35869663098078364,0.6517364145018206,188,0.9143242209408174
g__Dialister|s__Dialister_invisus,Dialister invisus,ALL,age,-0.029939163411559163,0.22280590840107792,188,0.6176803299072586
g__Dialister|s__Dialister_invisus,Dialister invisus,ALL,bmi,0.026498043255723837,0.7329231259461297,188,0.9349679276632936
g__Dialister|s__Dialister_invisus,Dialister invisus,ALL,antibiotics_3m,-0.04170628589205836,0.9703406679526921,188,0.9939499763344429
g__Dialister|s__Dialister_invisus,Dialister invisus,ALL,smoking,-0.6403752915464199,0.4365774570608727,188,0.8090448934320917
g__Dorea|s__Dorea_formicigenerans,Dorea formicigenerans,ALL,site[T.Oral],-4.560003265466872,4.09540231684539e-19,188,1.0747560472618556e-17
g__Dorea|s__Dorea_formicigenerans,Dorea formicigenerans,ALL,sex[T.1],-0.44436842671164495,0.240564609538449,188,0.6366686367426624
g__Dorea|s__Dorea_formicigenerans,Dorea formicigenerans,ALL,disease,2.86391131873148,5.094777370000822e-10,188,7.691470352130274e-09
g__Dorea|s__Dorea_formicigenerans,Dorea formicigenerans,ALL,ppi_use,1.036734875082012,0.031204275950206577,188,0.16721680700034364
g__Dorea|s__Dorea_formicigenerans,Dorea formicigenerans,ALL,age,-0.036147194932892916,0.015062208159565436,188,0.09600219400740696
g__Dorea|s__Dorea_formicigenerans,Dorea formicigenerans,ALL,bmi,0.04459873416576995,0.34038933263543447,188,0.7312591703838998
g__Dorea|s__Dorea_formicigenerans,Dorea formicigenerans,ALL,antibiotics_3m,-0.19617790835658994,0.7713516144399201,188,0.9458320232957622
g__Dorea|s__Dorea_formicigenerans,Dorea formicigenerans,ALL,smoking,0.25559713218620056,0.6056580937662219,188,0.9028834607480067
g__Dorea|s__Dorea_longicatena,Dorea longicatena,ALL,site[T.Oral],-5.898467924400369,3.613117804350179e-27,188,1.7492473783819487e-25
g__Dorea|s__Dorea_longicatena,Dorea longicatena,ALL,sex[T.1],-0.6007938342278861,0.11750787928865869,188,0.423571405702893
g__Dorea|s__Dorea_longicatena,Dorea longicatena,ALL,disease,2.0766935689430963,4.9060840480351875e-06,188,5.60011544995236e-05
g__Dorea|s__Dorea_longicatena,Dorea longicatena,ALL,ppi_use,0.9404498021178458,0.0531876832538467,188,0.2480758238169274
g__Dorea|s__Dorea_longicatena,Dorea longicatena,ALL,age,-0.01978282992758861,0.18611992466374253,188,0.5668455251549804
g__Dorea|s__Dorea_longicatena,Dorea longicatena,ALL,bmi,0.0542690736948461,0.25197411993670216,188,0.6515131940904785
g__Dorea|s__Dorea_longicatena,Dorea longicatena,ALL,antibiotics_3m,-0.7561360314960649,0.26919733166818993,188,0.6667876481515226
g__Dorea|s__Dorea_longicatena,Dorea longicatena,ALL,smoking,0.8141944876248394,0.10533504303523433,188,0.39830429683193996
g__Dorea|s__Dorea_sp_AF24_7LB,Dorea sp AF24 7LB,ALL,site[T.Oral],-2.168629302451168,3.117500292563351e-07,188,3.839447728735917e-06
g__Dorea|s__Dorea_sp_AF24_7LB,Dorea sp AF24 7LB,ALL,sex[T.1],0.07318900056336197,0.8293706939605755,188,0.9623441771245025
g__Dorea|s__Dorea_sp_AF24_7LB,Dorea sp AF24 7LB,ALL,disease,3.3363219011105936,6.149063834437805e-15,188,1.224579521071018e-13
g__Dorea|s__Dorea_sp_AF24_7LB,Dorea sp AF24 7LB,ALL,ppi_use,-0.2722191450034554,0.5265331322201863,188,0.8591672372021686
g__Dorea|s__Dorea_sp_AF24_7LB,Dorea sp AF24 7LB,ALL,age,-0.027873031593797254,0.03657111197946679,188,0.1867121498878959
g__Dorea|s__Dorea_sp_AF24_7LB,Dorea sp AF24 7LB,ALL,bmi,0.09904965006575486,0.019216830572784088,188,0.11442633678917932
g__Dorea|s__Dorea_sp_AF24_7LB,Dorea sp AF24 7LB,ALL,antibiotics_3m,0.27486951032479434,0.6505092350791177,188,0.9143242209408174
g__Dorea|s__Dorea_sp_AF24_7LB,Dorea sp AF24 7LB,ALL,smoking,-0.29994745895656294,0.5002694184073175,188,0.8436973872600326
g__Dorea|s__Dorea_sp_AF36_15AT,Dorea sp AF36 15AT,ALL,site[T.Oral],-2.8470052244711974,2.5584664397055197e-11,188,4.152701596932427e-10
g__Dorea|s__Dorea_sp_AF36_15AT,Dorea sp AF36 15AT,ALL,sex[T.1],0.06328394385980277,0.8492958099261474,188,0.9696768562849242
g__Dorea|s__Dorea_sp_AF36_15AT,Dorea sp AF36 15AT,ALL,disease,3.25700935162477,7.797844019435056e-15,188,1.5205795837898358e-13
g__Dorea|s__Dorea_sp_AF36_15AT,Dorea sp AF36 15AT,ALL,ppi_use,0.819127469483303,0.05309679199103319,188,0.2480758238169274
g__Dorea|s__Dorea_sp_AF36_15AT,Dorea sp AF36 15AT,ALL,age,-0.0272668035526131,0.03703232473527276,188,0.18770174703365686
g__Dorea|s__Dorea_sp_AF36_15AT,Dorea sp AF36 15AT,ALL,bmi,0.03248491218721003,0.43048869079023333,188,0.807236136858363
g__Dorea|s__Dorea_sp_AF36_15AT,Dorea sp AF36 15AT,ALL,antibiotics_3m,0.10614842269961353,0.8583695158767604,188,0.9742528700816262
g__Dorea|s__Dorea_sp_AF36_15AT,Dorea sp AF36 15AT,ALL,smoking,0.5144253771734871,0.23907681282044027,188,0.634780613663392
g__Dysosmobacter|s__Dysosmobacter_sp_BX15,Dysosmobacter sp BX15,ALL,site[T.Oral],-3.7383934109579675,1.7692617362678192e-09,188,2.601092646827244e-08
g__Dysosmobacter|s__Dysosmobacter_sp_BX15,Dysosmobacter sp BX15,ALL,sex[T.1],0.19556658098877178,0.6902083727212477,188,0.9182517207218585
g__Dysosmobacter|s__Dysosmobacter_sp_BX15,Dysosmobacter sp BX15,ALL,disease,-2.8201473240148895,1.4260581165671854e-06,188,1.6896080976036527e-05
g__Dysosmobacter|s__Dysosmobacter_sp_BX15,Dysosmobacter sp BX15,ALL,ppi_use,0.21596789995098664,0.7278776975344325,188,0.9324272694692913
g__Dysosmobacter|s__Dysosmobacter_sp_BX15,Dysosmobacter sp BX15,ALL,age,0.019272814255875927,0.3147201925993096,188,0.7092570632575131
g__Dysosmobacter|s__Dysosmobacter_sp_BX15,Dysosmobacter sp BX15,ALL,bmi,-0.01674594722421631,0.7824694927804194,188,0.9511024978899324
g__Dysosmobacter|s__Dysosmobacter_sp_BX15,Dysosmobacter sp BX15,ALL,antibiotics_3m,-0.08267199934249093,0.9248273537372169,188,0.9888202232323886
g__Dysosmobacter|s__Dysosmobacter_sp_BX15,Dysosmobacter sp BX15,ALL,smoking,0.8780547686166974,0.17279345245354646,188,0.5427337969681862
g__Dysosmobacter|s__Dysosmobacter_welbionis,Dysosmobacter welbionis,ALL,site[T.Oral],-5.392369112717013,3.150849717016379e-32,188,2.1065680965195223e-30
g__Dysosmobacter|s__Dysosmobacter_welbionis,Dysosmobacter welbionis,ALL,sex[T.1],0.5343464155922143,0.08412345177166504,188,0.3400142057028428
g__Dysosmobacter|s__Dysosmobacter_welbionis,Dysosmobacter welbionis,ALL,disease,-1.2760617835085666,0.0004193230100903115,188,0.0037860418403009473
g__Dysosmobacter|s__Dysosmobacter_welbionis,Dysosmobacter welbionis,ALL,ppi_use,-0.11514933424003072,0.7676686955331826,188,0.9444814863420775
g__Dysosmobacter|s__Dysosmobacter_welbionis,Dysosmobacter welbionis,ALL,age,0.01007918249739347,0.40226096749574836,188,0.7866075147223898
g__Dysosmobacter|s__Dysosmobacter_welbionis,Dysosmobacter welbionis,ALL,bmi,0.023081812075448453,0.5446820469693858,188,0.8688208562264884
g__Dysosmobacter|s__Dysosmobacter_welbionis,Dysosmobacter welbionis,ALL,antibiotics_3m,-1.1876555877054373,0.031988207552488795,188,0.17030185891910676
g__Dysosmobacter|s__Dysosmobacter_welbionis,Dysosmobacter welbionis,ALL,smoking,0.7955551844522214,0.04983505715927397,188,0.23572932901630175
g__Eggerthella|s__Eggerthella_lenta,Eggerthella lenta,ALL,site[T.Oral],-3.9747747743115616,4.129280292999512e-11,188,6.477664280861804e-10
g__Eggerthella|s__Eggerthella_lenta,Eggerthella lenta,ALL,sex[T.1],0.5176607360068465,0.2721044454941792,188,0.6667876481515226
g__Eggerthella|s__Eggerthella_lenta,Eggerthella lenta,ALL,disease,4.318195256455294,1.8566228253372852e-13,188,3.429866377333616e-12
g__Eggerthella|s__Eggerthella_lenta,Eggerthella lenta,ALL,ppi_use,-0.7713627940563612,0.19609653453973297,188,0.5826868454894923
g__Eggerthella|s__Eggerthella_lenta,Eggerthella lenta,ALL,age,-0.012715473478264913,0.48893545915060876,188,0.8374593000355797
g__Eggerthella|s__Eggerthella_lenta,Eggerthella lenta,ALL,bmi,0.009365796477306152,0.8720986263077468,188,0.9791495172619564
g__Eggerthella|s__Eggerthella_lenta,Eggerthella lenta,ALL,antibiotics_3m,-0.6367006232353308,0.44907692470917704,188,0.818304999729636
g__Eggerthella|s__Eggerthella_lenta,Eggerthella lenta,ALL,smoking,0.675633087033172,0.27369830777094956,188,0.6682998680181098
g__Ellagibacter|s__Ellagibacter_isourolithinifaciens,Ellagibacter isourolithinifaciens,ALL,site[T.Oral],-0.8363079210958142,0.08008917697597763,188,0.32886833868039816
g__Ellagibacter|s__Ellagibacter_isourolithinifaciens,Ellagibacter isourolithinifaciens,ALL,sex[T.1],-0.059927922805323386,0.8795927480149983,188,0.9792429777759343
g__Ellagibacter|s__Ellagibacter_isourolithinifaciens,Ellagibacter isourolithinifaciens,ALL,disease,-0.05077671968680688,0.9114213466015257,188,0.9888202232323886
g__Ellagibacter|s__Ellagibacter_isourolithinifaciens,Ellagibacter isourolithinifaciens,ALL,ppi_use,0.0047965915864090205,0.9923525942348237,188,0.9963121042439106
g__Ellagibacter|s__Ellagibacter_isourolithinifaciens,Ellagibacter isourolithinifaciens,ALL,age,0.039722167395002686,0.010777912176576242,188,0.07201266205963915
g__Ellagibacter|s__Ellagibacter_isourolithinifaciens,Ellagibacter isourolithinifaciens,ALL,bmi,-0.0805468737391839,0.10083303088916573,188,0.3852233343357515
g__Ellagibacter|s__Ellagibacter_isourolithinifaciens,Ellagibacter isourolithinifaciens,ALL,antibiotics_3m,-0.5580301077502835,0.43004888408191266,188,0.807204055148403
g__Ellagibacter|s__Ellagibacter_isourolithinifaciens,Ellagibacter isourolithinifaciens,ALL,smoking,0.25593554595268647,0.6213886849936711,188,0.9078352900427826
g__Enterocloster|s__Enterocloster_SGB14313,Enterocloster SGB14313,ALL,site[T.Oral],0.015700261676266213,0.9751520754971806,188,0.9939499763344429
g__Enterocloster|s__Enterocloster_SGB14313,Enterocloster SGB14313,ALL,sex[T.1],-0.2344275771290512,0.5760757174887337,188,0.8878470798630995
g__Enterocloster|s__Enterocloster_SGB14313,Enterocloster SGB14313,ALL,disease,-1.5753344772147322,0.0013228672450285271,188,0.011055390547738405
g__Enterocloster|s__Enterocloster_SGB14313,Enterocloster SGB14313,ALL,ppi_use,0.13450820017804524,0.7997397416368686,188,0.9524381948458033
g__Enterocloster|s__Enterocloster_SGB14313,Enterocloster SGB14313,ALL,age,0.017664554488069046,0.28086445981393904,188,0.676537693411386
g__Enterocloster|s__Enterocloster_SGB14313,Enterocloster SGB14313,ALL,bmi,-0.0325322222986071,0.5302849476760126,188,0.8591672372021686
g__Enterocloster|s__Enterocloster_SGB14313,Enterocloster SGB14313,ALL,antibiotics_3m,1.1955039170325095,0.11150082293062584,188,0.4114248499201017
g__Enterocloster|s__Enterocloster_SGB14313,Enterocloster SGB14313,ALL,smoking,-0.629875604420067,0.25195999904028016,188,0.6515131940904785
g__Enterocloster|s__Enterocloster_aldenensis,Enterocloster aldenensis,ALL,site[T.Oral],-1.9858992853339281,2.666916431960103e-06,188,3.133347841399151e-05
g__Enterocloster|s__Enterocloster_aldenensis,Enterocloster aldenensis,ALL,sex[T.1],0.026268078736707362,0.9385780946031407,188,0.9888202232323886
g__Enterocloster|s__Enterocloster_aldenensis,Enterocloster aldenensis,ALL,disease,3.4842533402872,7.301933170983813e-16,188,1.530136443591235e-14
g__Enterocloster|s__Enterocloster_aldenensis,Enterocloster aldenensis,ALL,ppi_use,-0.7290553751471408,0.09220216762822064,188,0.36159732779335696
g__Enterocloster|s__Enterocloster_aldenensis,Enterocloster aldenensis,ALL,age,0.017688185920700823,0.18469553542723696,188,0.5658310045267959
g__Enterocloster|s__Enterocloster_aldenensis,Enterocloster aldenensis,ALL,bmi,-0.002767933995482262,0.9476319088672669,188,0.9897345547110037
g__Enterocloster|s__Enterocloster_aldenensis,Enterocloster aldenensis,ALL,antibiotics_3m,0.5439556294696709,0.3721682233609487,188,0.7605883342049082
g__Enterocloster|s__Enterocloster_aldenensis,Enterocloster aldenensis,ALL,smoking,0.5564759556967073,0.21354282602904814,188,0.6026414628035851
g__Enterocloster|s__Enterocloster_bolteae,Enterocloster bolteae,ALL,site[T.Oral],-2.52551200170905,1.388010154375375e-07,188,1.7716056879482058e-06
g__Enterocloster|s__Enterocloster_bolteae,Enterocloster bolteae,ALL,sex[T.1],0.25373274537235385,0.5082527022036903,188,0.8474902540308566
g__Enterocloster|s__Enterocloster_bolteae,Enterocloster bolteae,ALL,disease,3.9613352996433235,3.9413571759549444e-16,188,8.448344236703422e-15
g__Enterocloster|s__Enterocloster_bolteae,Enterocloster bolteae,ALL,ppi_use,-0.9214749605200279,0.05864389559025363,188,0.26568846139228325
g__Enterocloster|s__Enterocloster_bolteae,Enterocloster bolteae,ALL,age,0.012718918587343411,0.39561123000219034,188,0.7844666037415087
g__Enterocloster|s__Enterocloster_bolteae,Enterocloster bolteae,ALL,bmi,-0.004499202949355642,0.9243559049068177,188,0.9888202232323886
g__Enterocloster|s__Enterocloster_bolteae,Enterocloster bolteae,ALL,antibiotics_3m,0.30606511265709574,0.6549152033025096,188,0.9143242209408174
g__Enterocloster|s__Enterocloster_bolteae,Enterocloster bolteae,ALL,smoking,-0.02239628020064745,0.9644109637370262,188,0.9939499763344429
g__Enterocloster|s__Enterocloster_clostridioformis,Enterocloster clostridioformis,ALL,site[T.Oral],-2.512889123954223,8.570140404148e-07,188,1.024040606589259e-05
g__Enterocloster|s__Enterocloster_clostridioformis,Enterocloster clostridioformis,ALL,sex[T.1],0.2820717709966409,0.4919352308774675,188,0.8387489255871574
g__Enterocloster|s__Enterocloster_clostridioformis,Enterocloster clostridioformis,ALL,disease,4.4425057053813966,2.6013898895206046e-17,188,5.890889362720853e-16
g__Enterocloster|s__Enterocloster_clostridioformis,Enterocloster clostridioformis,ALL,ppi_use,-0.9763348178767183,0.061157361201396664,188,0.2717343332804382
g__Enterocloster|s__Enterocloster_clostridioformis,Enterocloster clostridioformis,ALL,age,0.012495019983535556,0.4354016104475167,188,0.8086680073463639
g__Enterocloster|s__Enterocloster_clostridioformis,Enterocloster clostridioformis,ALL,bmi,-0.04540492338167434,0.3710919877667471,188,0.7602788369872613
g__Enterocloster|s__Enterocloster_clostridioformis,Enterocloster clostridioformis,ALL,antibiotics_3m,0.41865829206675226,0.5678577693278535,188,0.8841965619631355
g__Enterocloster|s__Enterocloster_clostridioformis,Enterocloster clostridioformis,ALL,smoking,-0.33961715481995836,0.5274362001113313,188,0.8591672372021686
g__Enterocloster|s__Enterocloster_lavalensis,Enterocloster lavalensis,ALL,site[T.Oral],-0.9477812678742609,0.027118407092223292,188,0.15108826808524406
g__Enterocloster|s__Enterocloster_lavalensis,Enterocloster lavalensis,ALL,sex[T.1],-0.05618075052853642,0.8739643295188013,188,0.9792429777759343
g__Enterocloster|s__Enterocloster_lavalensis,Enterocloster lavalensis,ALL,disease,1.751823760326924,2.8828642757395796e-05,188,0.00030663192751048256
g__Enterocloster|s__Enterocloster_lavalensis,Enterocloster lavalensis,ALL,ppi_use,-0.5438783856705257,0.22572822295918396,188,0.6202534438435316
g__Enterocloster|s__Enterocloster_lavalensis,Enterocloster lavalensis,ALL,age,-0.0015484668720222642,0.9107905061301756,188,0.9888202232323886
g__Enterocloster|s__Enterocloster_lavalensis,Enterocloster lavalensis,ALL,bmi,0.03569603442802482,0.4153345359943801,188,0.794047824477382
g__Enterocloster|s__Enterocloster_lavalensis,Enterocloster lavalensis,ALL,antibiotics_3m,0.24186334624730663,0.7022532051034147,188,0.9204510574452378
g__Enterocloster|s__Enterocloster_lavalensis,Enterocloster lavalensis,ALL,smoking,0.1331950431148942,0.7739900494440526,188,0.9464912225577593
g__Erysipelatoclostridium|s__Erysipelatoclostridium_ramosum,Erysipelatoclostridium ramosum,ALL,site[T.Oral],-2.304853094279363,6.766480412164297e-07,188,8.119776494597157e-06
g__Erysipelatoclostridium|s__Erysipelatoclostridium_ramosum,Erysipelatoclostridium ramosum,ALL,sex[T.1],-0.0521493529556931,0.8886606513687647,188,0.9799497593165543
g__Erysipelatoclostridium|s__Erysipelatoclostridium_ramosum,Erysipelatoclostridium ramosum,ALL,disease,4.283992453561266,6.209977988135709e-19,188,1.6145942769152843e-17
g__Erysipelatoclostridium|s__Erysipelatoclostridium_ramosum,Erysipelatoclostridium ramosum,ALL,ppi_use,-1.16802810415563,0.01397812805391739,188,0.09043913266221207
g__Erysipelatoclostridium|s__Erysipelatoclostridium_ramosum,Erysipelatoclostridium ramosum,ALL,age,0.0010279822106770591,0.9436187959710385,188,0.9897345547110037
g__Erysipelatoclostridium|s__Erysipelatoclostridium_ramosum,Erysipelatoclostridium ramosum,ALL,bmi,-0.018799632423875015,0.6831536939842413,188,0.9182517207218585
g__Erysipelatoclostridium|s__Erysipelatoclostridium_ramosum,Erysipelatoclostridium ramosum,ALL,antibiotics_3m,0.207740374570311,0.754878212401648,188,0.9371949716057059
g__Erysipelatoclostridium|s__Erysipelatoclostridium_ramosum,Erysipelatoclostridium ramosum,ALL,smoking,-0.10267975621756666,0.8332848761169831,188,0.965124497867034
g__Escherichia|s__Escherichia_coli,Escherichia coli,ALL,site[T.Oral],-4.3969426224239,1.1623825038363934e-12,188,2.0658038422611345e-11
g__Escherichia|s__Escherichia_coli,Escherichia coli,ALL,sex[T.1],-0.04749497727038326,0.9208947618975082,188,0.9888202232323886
g__Escherichia|s__Escherichia_coli,Escherichia coli,ALL,disease,4.141709150999913,2.6064746919465754e-12,188,4.4090246596301107e-11
g__Escherichia|s__Escherichia_coli,Escherichia coli,ALL,ppi_use,-1.3484277472817512,0.02686608395864449,188,0.14998004722837718
g__Escherichia|s__Escherichia_coli,Escherichia coli,ALL,age,-0.006063485304416584,0.7452961020804412,188,0.9353001927554273
g__Escherichia|s__Escherichia_coli,Escherichia coli,ALL,bmi,-0.033408686146933694,0.5722052296165467,188,0.8854868153289805
g__Escherichia|s__Escherichia_coli,Escherichia coli,ALL,antibiotics_3m,-0.7824707846617652,0.360217684059675,188,0.7493487858761787
g__Escherichia|s__Escherichia_coli,Escherichia coli,ALL,smoking,-0.9176863975867181,0.14404475608646408,188,0.4822523902815342
g__Eubacterium|s__Eubacterium_SGB6276,Eubacterium SGB6276,ALL,site[T.Oral],-0.10500672359520834,0.8020825932039597,188,0.9524381948458033
g__Eubacterium|s__Eubacterium_SGB6276,Eubacterium SGB6276,ALL,sex[T.1],0.23300969122044146,0.5037443271849869,188,0.845704541973929
g__Eubacterium|s__Eubacterium_SGB6276,Eubacterium SGB6276,ALL,disease,-1.5939532959653695,0.00010310681687629225,188,0.0010377202214646188
g__Eubacterium|s__Eubacterium_SGB6276,Eubacterium SGB6276,ALL,ppi_use,0.1444203023692646,0.7431102945222594,188,0.9353001927554273
g__Eubacterium|s__Eubacterium_SGB6276,Eubacterium SGB6276,ALL,age,-0.013181404030207799,0.33274206772588133,188,0.7237333277879743
g__Eubacterium|s__Eubacterium_SGB6276,Eubacterium SGB6276,ALL,bmi,0.04534958341331674,0.2929627951083912,188,0.6912973850471833
g__Eubacterium|s__Eubacterium_SGB6276,Eubacterium SGB6276,ALL,antibiotics_3m,-1.0302634099055492,0.09895879279540357,188,0.3801317238980755
g__Eubacterium|s__Eubacterium_SGB6276,Eubacterium SGB6276,ALL,smoking,0.049928103894618533,0.9128298137554353,188,0.9888202232323886
g__Eubacterium|s__Eubacterium_ramulus,Eubacterium ramulus,ALL,site[T.Oral],-3.820807676061555,1.662835422324898e-12,188,2.8822480653631565e-11
g__Eubacterium|s__Eubacterium_ramulus,Eubacterium ramulus,ALL,sex[T.1],0.41554138666510837,0.3219198536357903,188,0.7134889956955272
g__Eubacterium|s__Eubacterium_ramulus,Eubacterium ramulus,ALL,disease,2.0374558109873777,3.862802422160884e-05,188,0.0004077725263694647
g__Eubacterium|s__Eubacterium_ramulus,Eubacterium ramulus,ALL,ppi_use,0.21676844256609987,0.6826024036246432,188,0.9182517207218585
g__Eubacterium|s__Eubacterium_ramulus,Eubacterium ramulus,ALL,age,-0.011724681315172588,0.4735771608764897,188,0.8296238920667696
g__Eubacterium|s__Eubacterium_ramulus,Eubacterium ramulus,ALL,bmi,0.054116025873896696,0.296811510170792,188,0.6962001724591617
g__Eubacterium|s__Eubacterium_ramulus,Eubacterium ramulus,ALL,antibiotics_3m,0.7685590828446344,0.30507235941102,188,0.7015758295273623
g__Eubacterium|s__Eubacterium_ramulus,Eubacterium ramulus,ALL,smoking,0.2792072527298797,0.6109299936034362,188,0.9039880685168755
g__Eubacterium|s__Eubacterium_sp_AF16_48,Eubacterium sp AF16 48,ALL,site[T.Oral],-0.6623444518164442,0.10722107582390474,188,0.40250906539241244
g__Eubacterium|s__Eubacterium_sp_AF16_48,Eubacterium sp AF16 48,ALL,sex[T.1],-0.1645380833905569,0.6291789970753983,188,0.9109207001240979
g__Eubacterium|s__Eubacterium_sp_AF16_48,Eubacterium sp AF16 48,ALL,disease,0.7733940894964717,0.050313085376366445,188,0.23744393905350752
g__Eubacterium|s__Eubacterium_sp_AF16_48,Eubacterium sp AF16 48,ALL,ppi_use,0.22502557184064167,0.6016661823904441,188,0.9009608178926797
g__Eubacterium|s__Eubacterium_sp_AF16_48,Eubacterium sp AF16 48,ALL,age,-0.0034980892092931377,0.7924407397814069,188,0.9520934754399919
g__Eubacterium|s__Eubacterium_sp_AF16_48,Eubacterium sp AF16 48,ALL,bmi,0.004591479902135638,0.9131758936628362,188,0.9888202232323886
g__Eubacterium|s__Eubacterium_sp_AF16_48,Eubacterium sp AF16 48,ALL,antibiotics_3m,-0.25777398151602354,0.6718626986376679,188,0.9170548288563516
g__Eubacterium|s__Eubacterium_sp_AF16_48,Eubacterium sp AF16 48,ALL,smoking,0.4793665777593505,0.2833033183741983,188,0.6800121191084022
g__Eubacterium|s__Eubacterium_ventriosum,Eubacterium ventriosum,ALL,site[T.Oral],-2.623824563791147,1.7072217006911828e-07,188,2.1691758079370322e-06
g__Eubacterium|s__Eubacterium_ventriosum,Eubacterium ventriosum,ALL,sex[T.1],0.3812777042410731,0.3427370357798124,188,0.7322973341230107
g__Eubacterium|s__Eubacterium_ventriosum,Eubacterium ventriosum,ALL,disease,1.7102353912322925,0.00028852461867343764,188,0.0026916183695515376
g__Eubacterium|s__Eubacterium_ventriosum,Eubacterium ventriosum,ALL,ppi_use,0.3544983034611128,0.4853555834002421,188,0.8343038740264024
g__Eubacterium|s__Eubacterium_ventriosum,Eubacterium ventriosum,ALL,age,-0.035442884356485155,0.02463941555251178,188,0.1395210776689949
g__Eubacterium|s__Eubacterium_ventriosum,Eubacterium ventriosum,ALL,bmi,0.07307023414286065,0.14204209253383146,188,0.47766969561077693
g__Eubacterium|s__Eubacterium_ventriosum,Eubacterium ventriosum,ALL,antibiotics_3m,0.057148242831684515,0.9364598082898568,188,0.9888202232323886
g__Eubacterium|s__Eubacterium_ventriosum,Eubacterium ventriosum,ALL,smoking,-0.02445342629696883,0.9628913204681129,188,0.9939499763344429
g__Faecalibacillus|s__Faecalibacillus_intestinalis,Faecalibacillus intestinalis,ALL,site[T.Oral],-2.4084565901377952,3.2614888494756832e-06,188,3.78440524352385e-05
g__Faecalibacillus|s__Faecalibacillus_intestinalis,Faecalibacillus intestinalis,ALL,sex[T.1],-0.24626500083685138,0.5553108801062834,188,0.8750353262280829
g__Faecalibacillus|s__Faecalibacillus_intestinalis,Faecalibacillus intestinalis,ALL,disease,0.24887049115612647,0.6053883473372007,188,0.9028834607480067
g__Faecalibacillus|s__Faecalibacillus_intestinalis,Faecalibacillus intestinalis,ALL,ppi_use,0.711159061651468,0.17905848021393217,188,0.5537403220712792
g__Faecalibacillus|s__Faecalibacillus_intestinalis,Faecalibacillus intestinalis,ALL,age,-0.03808648069795628,0.02027935168028965,188,0.11963113344170868
g__Faecalibacillus|s__Faecalibacillus_intestinalis,Faecalibacillus intestinalis,ALL,bmi,0.0642162653817532,0.21422461026598566,188,0.6027482020309496
g__Faecalibacillus|s__Faecalibacillus_intestinalis,Faecalibacillus intestinalis,ALL,antibiotics_3m,-1.0618289306118531,0.15544708693565648,188,0.5075528140875853
g__Faecalibacillus|s__Faecalibacillus_intestinalis,Faecalibacillus intestinalis,ALL,smoking,1.1319486759592883,0.03949297698790197,188,0.19838332626480987
g__Faecalibacterium|s__Faecalibacterium_SGB15315,Faecalibacterium SGB15315,ALL,site[T.Oral],-2.5682556299871617,6.651637914412668e-07,188,8.016222859944538e-06
g__Faecalibacterium|s__Faecalibacterium_SGB15315,Faecalibacterium SGB15315,ALL,sex[T.1],0.2208743541999345,0.5945007910604452,188,0.8960591633374826
g__Faecalibacterium|s__Faecalibacterium_SGB15315,Faecalibacterium SGB15315,ALL,disease,-2.4017083289045664,1.2090665893566623e-06,188,1.4385843147938592e-05
g__Faecalibacterium|s__Faecalibacterium_SGB15315,Faecalibacterium SGB15315,ALL,ppi_use,-0.5488264060425545,0.2962993516515479,188,0.6962001724591617
g__Faecalibacterium|s__Faecalibacterium_SGB15315,Faecalibacterium SGB15315,ALL,age,-0.011188434233588335,0.4896752378024918,188,0.8375165267560788
g__Faecalibacterium|s__Faecalibacterium_SGB15315,Faecalibacterium SGB15315,ALL,bmi,0.04153289386663909,0.4183576333394772,188,0.7959103197931426
g__Faecalibacterium|s__Faecalibacterium_SGB15315,Faecalibacterium SGB15315,ALL,antibiotics_3m,0.29287561640322796,0.6926435672428912,188,0.9182517207218585
g__Faecalibacterium|s__Faecalibacterium_SGB15315,Faecalibacterium SGB15315,ALL,smoking,0.24607871043276336,0.6505928477056113,188,0.9143242209408174
g__Faecalibacterium|s__Faecalibacterium_SGB15346,Faecalibacterium SGB15346,ALL,site[T.Oral],-3.960146632934304,1.681639883614372e-11,188,2.7941093450823414e-10
g__Faecalibacterium|s__Faecalibacterium_SGB15346,Faecalibacterium SGB15346,ALL,sex[T.1],0.2593746778527924,0.5717399272994874,188,0.8854868153289805
g__Faecalibacterium|s__Faecalibacterium_SGB15346,Faecalibacterium SGB15346,ALL,disease,-2.8432698556064224,2.2809326895543365e-07,188,2.8850716181389984e-06
g__Faecalibacterium|s__Faecalibacterium_SGB15346,Faecalibacterium SGB15346,ALL,ppi_use,0.4340128498505181,0.4546204427705621,188,0.8224564203586278
g__Faecalibacterium|s__Faecalibacterium_SGB15346,Faecalibacterium SGB15346,ALL,age,-0.009686304842730442,0.5883698010674833,188,0.8930499467013475
g__Faecalibacterium|s__Faecalibacterium_SGB15346,Faecalibacterium SGB15346,ALL,bmi,0.014450434662288713,0.7987723955378507,188,0.9524216079279342
g__Faecalibacterium|s__Faecalibacterium_SGB15346,Faecalibacterium SGB15346,ALL,antibiotics_3m,0.45123496770359467,0.5817546860696639,188,0.8902273343234965
g__Faecalibacterium|s__Faecalibacterium_SGB15346,Faecalibacterium SGB15346,ALL,smoking,-0.27085700124468337,0.6519757307572138,188,0.9143242209408174
g__Faecalibacterium|s__Faecalibacterium_prausnitzii,Faecalibacterium prausnitzii,ALL,site[T.Oral],-8.192478350379385,1.178924791179736e-41,188,1.1822931477259639e-39
g__Faecalibacterium|s__Faecalibacterium_prausnitzii,Faecalibacterium prausnitzii,ALL,sex[T.1],0.1205957219715918,0.7520739969582615,188,0.9368460585698936
g__Faecalibacterium|s__Faecalibacterium_prausnitzii,Faecalibacterium prausnitzii,ALL,disease,-1.4043383978398132,0.0016621677151091902,188,0.01360748380182684
g__Faecalibacterium|s__Faecalibacterium_prausnitzii,Faecalibacterium prausnitzii,ALL,ppi_use,0.7123980243431457,0.1413167934665108,188,0.47637161591111926
g__Faecalibacterium|s__Faecalibacterium_prausnitzii,Faecalibacterium prausnitzii,ALL,age,-0.01019137865084269,0.49411030120086574,188,0.8398678727433602
g__Faecalibacterium|s__Faecalibacterium_prausnitzii,Faecalibacterium prausnitzii,ALL,bmi,0.024904419304691162,0.5977884813177867,188,0.8995659461631003
g__Faecalibacterium|s__Faecalibacterium_prausnitzii,Faecalibacterium prausnitzii,ALL,antibiotics_3m,-1.147578818533112,0.09359828900194386,188,0.3645270395526468
g__Faecalibacterium|s__Faecalibacterium_prausnitzii,Faecalibacterium prausnitzii,ALL,smoking,0.38791614457289175,0.4380833704781687,188,0.8094813171220709
g__Faecalicatena|s__Faecalicatena_fissicatena,Faecalicatena fissicatena,ALL,site[T.Oral],-2.9820569009509503,1.528170616604054e-08,188,2.093221020206919e-07
g__Faecalicatena|s__Faecalicatena_fissicatena,Faecalicatena fissicatena,ALL,sex[T.1],0.5994267983421925,0.15340931622366438,188,0.5032399064907122
g__Faecalicatena|s__Faecalicatena_fissicatena,Faecalicatena fissicatena,ALL,disease,-0.7929130044006054,0.10200216519809449,188,0.3888505768072077
g__Faecalicatena|s__Faecalicatena_fissicatena,Faecalicatena fissicatena,ALL,ppi_use,-0.00022060051395974076,0.9996676872496675,188,0.9996676872496675
g__Faecalicatena|s__Faecalicatena_fissicatena,Faecalicatena fissicatena,ALL,age,-0.019622710788583787,0.2306791267591108,188,0.6276618100189758
g__Faecalicatena|s__Faecalicatena_fissicatena,Faecalicatena fissicatena,ALL,bmi,0.026463479793898535,0.6092908988270677,188,0.9039880685168755
g__Faecalicatena|s__Faecalicatena_fissicatena,Faecalicatena fissicatena,ALL,antibiotics_3m,-0.7328517895500796,0.3277350495385829,188,0.7204330758843838
g__Faecalicatena|s__Faecalicatena_fissicatena,Faecalicatena fissicatena,ALL,smoking,0.8949200189220579,0.1039111989869484,188,0.3943008739937177
g__Flavonifractor|s__Flavonifractor_plautii,Flavonifractor plautii,ALL,site[T.Oral],-5.870320998433851,5.1865647237222544e-23,188,1.8435283220521633e-21
g__Flavonifractor|s__Flavonifractor_plautii,Flavonifractor plautii,ALL,sex[T.1],0.488730990887249,0.25475590738228715,188,0.6532918611227967
g__Flavonifractor|s__Flavonifractor_plautii,Flavonifractor plautii,ALL,disease,2.9724613337274635,9.513840951773258e-09,188,1.3290977807253387e-07
g__Flavonifractor|s__Flavonifractor_plautii,Flavonifractor plautii,ALL,ppi_use,-1.1758280464195827,0.03110288086081267,188,0.16699214045346458
g__Flavonifractor|s__Flavonifractor_plautii,Flavonifractor plautii,ALL,age,0.011352867399369533,0.49730080303643864,188,0.8422319993524244
g__Flavonifractor|s__Flavonifractor_plautii,Flavonifractor plautii,ALL,bmi,-0.03732900767684441,0.48116594368147303,188,0.8296238920667696
g__Flavonifractor|s__Flavonifractor_plautii,Flavonifractor plautii,ALL,antibiotics_3m,-0.6898858800721244,0.3677477931351111,188,0.7576198115358709
g__Flavonifractor|s__Flavonifractor_plautii,Flavonifractor plautii,ALL,smoking,0.8605406010397915,0.12624554402022112,188,0.4431218595109761
g__Fusicatenibacter|s__Fusicatenibacter_saccharivorans,Fusicatenibacter saccharivorans,ALL,site[T.Oral],-7.056608882734908,1.0624704027124165e-37,188,9.04065724489838e-36
g__Fusicatenibacter|s__Fusicatenibacter_saccharivorans,Fusicatenibacter saccharivorans,ALL,sex[T.1],0.4496259627797248,0.2084983786740875,188,0.5953538439935393
g__Fusicatenibacter|s__Fusicatenibacter_saccharivorans,Fusicatenibacter saccharivorans,ALL,disease,0.8337568782991789,0.04397569902984733,188,0.21544381782958108
g__Fusicatenibacter|s__Fusicatenibacter_saccharivorans,Fusicatenibacter saccharivorans,ALL,ppi_use,1.129042082553035,0.013119504867563539,188,0.08587312276950679
g__Fusicatenibacter|s__Fusicatenibacter_saccharivorans,Fusicatenibacter saccharivorans,ALL,age,-0.010535603344929912,0.44947709623022336,188,0.8185030390495897
g__Fusicatenibacter|s__Fusicatenibacter_saccharivorans,Fusicatenibacter saccharivorans,ALL,bmi,0.009251895117633583,0.8338290711629004,188,0.965124497867034
g__Fusicatenibacter|s__Fusicatenibacter_saccharivorans,Fusicatenibacter saccharivorans,ALL,antibiotics_3m,0.012207946563571442,0.9847121121111924,188,0.9954706702564838
g__Fusicatenibacter|s__Fusicatenibacter_saccharivorans,Fusicatenibacter saccharivorans,ALL,smoking,0.3734071289851421,0.4244782156956757,188,0.8026497169518231
g__Fusobacterium|s__Fusobacterium_nucleatum,Fusobacterium nucleatum,ALL,site[T.Oral],4.321357913059547,3.5161828357974666e-27,188,1.7492473783819487e-25
g__Fusobacterium|s__Fusobacterium_nucleatum,Fusobacterium nucleatum,ALL,sex[T.1],0.23794621257481036,0.39614446015151683,188,0.7844666037415087
g__Fusobacterium|s__Fusobacterium_nucleatum,Fusobacterium nucleatum,ALL,disease,0.4935829470720446,0.12798151579396302,188,0.446140393842722
g__Fusobacterium|s__Fusobacterium_nucleatum,Fusobacterium nucleatum,ALL,ppi_use,-0.41772332071544427,0.23942552535197764,188,0.634780613663392
g__Fusobacterium|s__Fusobacterium_nucleatum,Fusobacterium nucleatum,ALL,age,-0.02439083447603399,0.02670026546487261,188,0.149351285707893
g__Fusobacterium|s__Fusobacterium_nucleatum,Fusobacterium nucleatum,ALL,bmi,0.020772769563576297,0.5488311449758051,188,0.8721663016932997
g__Fusobacterium|s__Fusobacterium_nucleatum,Fusobacterium nucleatum,ALL,antibiotics_3m,-0.32387676522371966,0.5176825000848504,188,0.8560968552639928
g__Fusobacterium|s__Fusobacterium_nucleatum,Fusobacterium nucleatum,ALL,smoking,-0.7776777880408255,0.035141880729643464,188,0.18172817880080822
g__Fusobacterium|s__Fusobacterium_pseudoperiodonticum,Fusobacterium pseudoperiodonticum,ALL,site[T.Oral],5.150438923210094,3.5900007553124325e-27,188,1.7492473783819487e-25
g__Fusobacterium|s__Fusobacterium_pseudoperiodonticum,Fusobacterium pseudoperiodonticum,ALL,sex[T.1],-0.24845710369285978,0.4572508137301431,188,0.8228222595511439
g__Fusobacterium|s__Fusobacterium_pseudoperiodonticum,Fusobacterium pseudoperiodonticum,ALL,disease,0.12256399238445934,0.7504617475537547,188,0.936576260947086
g__Fusobacterium|s__Fusobacterium_pseudoperiodonticum,Fusobacterium pseudoperiodonticum,ALL,ppi_use,-0.015049485664859657,0.9715843446646701,188,0.9939499763344429
g__Fusobacterium|s__Fusobacterium_pseudoperiodonticum,Fusobacterium pseudoperiodonticum,ALL,age,0.00159840631661513,0.9023860450647547,188,0.9844211400706415
g__Fusobacterium|s__Fusobacterium_pseudoperiodonticum,Fusobacterium pseudoperiodonticum,ALL,bmi,0.006506828756750582,0.8747742969699173,188,0.9792429777759343
g__Fusobacterium|s__Fusobacterium_pseudoperiodonticum,Fusobacterium pseudoperiodonticum,ALL,antibiotics_3m,0.060794529121461535,0.9188207707150462,188,0.9888202232323886
g__Fusobacterium|s__Fusobacterium_pseudoperiodonticum,Fusobacterium pseudoperiodonticum,ALL,smoking,-0.6252538907727673,0.15397967165180576,188,0.5039334708604553
g__GGB10485|s__GGB10485_SGB49305,GGB10485 SGB49305,ALL,site[T.Oral],6.15751900778616,3.9528947722422515e-44,188,4.825968921937497e-42
g__GGB10485|s__GGB10485_SGB49305,GGB10485 SGB49305,ALL,sex[T.1],0.12023995763928035,0.6599970324103361,188,0.9143242209408174
g__GGB10485|s__GGB10485_SGB49305,GGB10485 SGB49305,ALL,disease,0.6536030977721485,0.03932115351680019,188,0.1978741918909945
g__GGB10485|s__GGB10485_SGB49305,GGB10485 SGB49305,ALL,ppi_use,-0.5509857153199773,0.1122149200119943,188,0.4135163981544357
g__GGB10485|s__GGB10485_SGB49305,GGB10485 SGB49305,ALL,age,0.015087764688068274,0.15823374403292467,188,0.5113007517197382
g__GGB10485|s__GGB10485_SGB49305,GGB10485 SGB49305,ALL,bmi,0.014965871051031249,0.6578273748291852,188,0.9143242209408174
g__GGB10485|s__GGB10485_SGB49305,GGB10485 SGB49305,ALL,antibiotics_3m,0.3455515753106659,0.4792319517079169,188,0.8296238920667696
g__GGB10485|s__GGB10485_SGB49305,GGB10485 SGB49305,ALL,smoking,0.6053029648683897,0.09201051140651656,188,0.3613503720692287
g__GGB1088|s__GGB1088_SGB1395,GGB1088 SGB1395,ALL,site[T.Oral],1.8363130261399505,2.6106960132973685e-14,188,4.92002309083155e-13
g__GGB1088|s__GGB1088_SGB1395,GGB1088 SGB1395,ALL,sex[T.1],-0.1686091536589119,0.36113643898751013,188,0.7500092471644326
g__GGB1088|s__GGB1088_SGB1395,GGB1088 SGB1395,ALL,disease,0.20788560539490245,0.32922090918500224,188,0.721448491488066
g__GGB1088|s__GGB1088_SGB1395,GGB1088 SGB1395,ALL,ppi_use,-0.2536437385149334,0.2777415200088491,188,0.6740693069877687
g__GGB1088|s__GGB1088_SGB1395,GGB1088 SGB1395,ALL,age,-0.010336251128706743,0.1520967919904827,188,0.5010154916562716
g__GGB1088|s__GGB1088_SGB1395,GGB1088 SGB1395,ALL,bmi,0.0160557673886556,0.481586585162069,188,0.8296238920667696
g__GGB1088|s__GGB1088_SGB1395,GGB1088 SGB1395,ALL,antibiotics_3m,0.3061068982652233,0.35330156588069195,188,0.7429977768469207
g__GGB1088|s__GGB1088_SGB1395,GGB1088 SGB1395,ALL,smoking,0.32163689571596976,0.18400358511918816,188,0.565297666318031
g__GGB1144|s__GGB1144_SGB1468,GGB1144 SGB1468,ALL,site[T.Oral],8.731049326084989,7.555881362047337e-67,188,2.121691486462892e-64
g__GGB1144|s__GGB1144_SGB1468,GGB1144 SGB1468,ALL,sex[T.1],-0.07316594000771161,0.7796828013329069,188,0.9498748381899527
g__GGB1144|s__GGB1144_SGB1468,GGB1144 SGB1468,ALL,disease,0.3676967100733318,0.2239752114839594,188,0.618606398916655
g__GGB1144|s__GGB1144_SGB1468,GGB1144 SGB1468,ALL,ppi_use,-0.07454279390420464,0.8217510307870505,188,0.9592874833327049
g__GGB1144|s__GGB1144_SGB1468,GGB1144 SGB1468,ALL,age,-0.01826343796084173,0.07481026990043596,188,0.3176061718150286
g__GGB1144|s__GGB1144_SGB1468,GGB1144 SGB1468,ALL,bmi,-0.012134159728053378,0.7074858441972338,188,0.9226503321492032
g__GGB1144|s__GGB1144_SGB1468,GGB1144 SGB1468,ALL,antibiotics_3m,-0.3882365752770616,0.4063419220797392,188,0.7885335986177662
g__GGB1144|s__GGB1144_SGB1468,GGB1144 SGB1468,ALL,smoking,-0.13765848400146677,0.6877887051243794,188,0.9182517207218585
g__GGB1202|s__GGB1202_SGB1567,GGB1202 SGB1567,ALL,site[T.Oral],5.217249079028284,1.7339361426304734e-31,188,1.0584549322839934e-29
g__GGB1202|s__GGB1202_SGB1567,GGB1202 SGB1567,ALL,sex[T.1],0.29389227830476744,0.33329094028472206,188,0.7243660683587457
g__GGB1202|s__GGB1202_SGB1567,GGB1202 SGB1567,ALL,disease,0.6588721608796365,0.06104879142129653,188,0.2717343332804382
g__GGB1202|s__GGB1202_SGB1567,GGB1202 SGB1567,ALL,ppi_use,0.3524674193136883,0.358959976422479,188,0.7485619369058024
g__GGB1202|s__GGB1202_SGB1567,GGB1202 SGB1567,ALL,age,-0.019054278262933797,0.10876069574696075,188,0.4055777339408576
g__GGB1202|s__GGB1202_SGB1567,GGB1202 SGB1567,ALL,bmi,-0.0012488260546428811,0.9734359859029486,188,0.9939499763344429
g__GGB1202|s__GGB1202_SGB1567,GGB1202 SGB1567,ALL,antibiotics_3m,-0.040555363934782894,0.9403354541012575,188,0.9888202232323886
g__GGB1202|s__GGB1202_SGB1567,GGB1202 SGB1567,ALL,smoking,0.26845972067146945,0.4994592956736096,188,0.8436973872600326
g__GGB12785|s__GGB12785_SGB19823,GGB12785 SGB19823,ALL,site[T.Oral],5.078088269835467,1.9758924014461218e-30,188,1.1804906092044063e-28
g__GGB12785|s__GGB12785_SGB19823,GGB12785 SGB19823,ALL,sex[T.1],-0.19013860893626205,0.530467182244251,188,0.8591672372021686
g__GGB12785|s__GGB12785_SGB19823,GGB12785 SGB19823,ALL,disease,0.4755853477665703,0.17474301324557845,188,0.5464124512177999
g__GGB12785|s__GGB12785_SGB19823,GGB12785 SGB19823,ALL,ppi_use,0.09469848001853874,0.8048463295865762,188,0.9524381948458033
g__GGB12785|s__GGB12785_SGB19823,GGB12785 SGB19823,ALL,age,-0.003841348825175431,0.7452598846360459,188,0.9353001927554273
g__GGB12785|s__GGB12785_SGB19823,GGB12785 SGB19823,ALL,bmi,-0.03540290629420443,0.3451010359774468,188,0.7352380189868517
g__GGB12785|s__GGB12785_SGB19823,GGB12785 SGB19823,ALL,antibiotics_3m,0.8510394512413576,0.11700812457799159,188,0.4223121000192807
g__GGB12785|s__GGB12785_SGB19823,GGB12785 SGB19823,ALL,smoking,0.601136769687025,0.13092513797579697,188,0.45302455626812266
g__GGB13493|s__GGB13493_SGB15238,GGB13493 SGB15238,ALL,site[T.Oral],0.19287617864122217,0.6466240091222138,188,0.9143242209408174
g__GGB13493|s__GGB13493_SGB15238,GGB13493 SGB15238,ALL,sex[T.1],0.14195457606273143,0.6848467658397376,188,0.9182517207218585
g__GGB13493|s__GGB13493_SGB15238,GGB13493 SGB15238,ALL,disease,-1.375725374557205,0.0007902987797362039,188,0.0068281814569208015
g__GGB13493|s__GGB13493_SGB15238,GGB13493 SGB15238,ALL,ppi_use,-0.3691621566553823,0.40444786826818546,188,0.7866075147223898
g__GGB13493|s__GGB13493_SGB15238,GGB13493 SGB15238,ALL,age,0.03568100427289687,0.009588365446135814,188,0.06579505630894039
g__GGB13493|s__GGB13493_SGB15238,GGB13493 SGB15238,ALL,bmi,-0.09436754669553198,0.030112881609527502,188,0.16323739683311436
g__GGB13493|s__GGB13493_SGB15238,GGB13493 SGB15238,ALL,antibiotics_3m,0.5445781825309745,0.38374593398259693,188,0.7729975485101379
g__GGB13493|s__GGB13493_SGB15238,GGB13493 SGB15238,ALL,smoking,0.4472336978735583,0.32937926142724383,188,0.721448491488066
g__GGB14025|s__GGB14025_SGB14906,GGB14025 SGB14906,ALL,site[T.Oral],-1.2579599303959446,0.01541169302754144,188,0.09703146641555238
g__GGB14025|s__GGB14025_SGB14906,GGB14025 SGB14906,ALL,sex[T.1],-0.7108882289611377,0.09815620233483086,188,0.3780831497341633
g__GGB14025|s__GGB14025_SGB14906,GGB14025 SGB14906,ALL,disease,-1.1979143048483085,0.016168123999217347,188,0.10000020306123857
g__GGB14025|s__GGB14025_SGB14906,GGB14025 SGB14906,ALL,ppi_use,0.2633116593650131,0.6270110708015635,188,0.9109207001240979
g__GGB14025|s__GGB14025_SGB14906,GGB14025 SGB14906,ALL,age,0.0002761141872550144,0.9868157256557322,188,0.995960828360868
g__GGB14025|s__GGB14025_SGB14906,GGB14025 SGB14906,ALL,bmi,0.05361901274541428,0.31178788293420723,188,0.7074208354363257
g__GGB14025|s__GGB14025_SGB14906,GGB14025 SGB14906,ALL,antibiotics_3m,-1.7226102225197746,0.02530777509941723,188,0.14269926200635258
g__GGB14025|s__GGB14025_SGB14906,GGB14025 SGB14906,ALL,smoking,-0.3279532546980851,0.5588224544201142,188,0.8781048976002691
g__GGB1420|s__GGB1420_SGB1957,GGB1420 SGB1957,ALL,site[T.Oral],-0.21479047700898948,0.7083217991521353,188,0.9226503321492032
g__GGB1420|s__GGB1420_SGB1957,GGB1420 SGB1957,ALL,sex[T.1],0.5632117818902841,0.2388722241348873,188,0.634780613663392
g__GGB1420|s__GGB1420_SGB1957,GGB1420 SGB1957,ALL,disease,-1.3018911668720463,0.018973203171806254,188,0.11359649148492956
g__GGB1420|s__GGB1420_SGB1957,GGB1420 SGB1957,ALL,ppi_use,-0.8198238889528575,0.17561153581091452,188,0.5479079917300533
g__GGB1420|s__GGB1420_SGB1957,GGB1420 SGB1957,ALL,age,0.04254583693285701,0.023325435219965645,188,0.13421684856078592
g__GGB1420|s__GGB1420_SGB1957,GGB1420 SGB1957,ALL,bmi,-0.11875481183500237,0.04533817977514224,188,0.21874503231718112
g__GGB1420|s__GGB1420_SGB1957,GGB1420 SGB1957,ALL,antibiotics_3m,-0.1387466286687608,0.8707050609401442,188,0.9783672713565125
g__GGB1420|s__GGB1420_SGB1957,GGB1420 SGB1957,ALL,smoking,0.02756387180392437,0.9648219267231557,188,0.9939499763344429
g__GGB16040|s__GGB16040_SGB9347,GGB16040 SGB9347,ALL,site[T.Oral],-0.29940954183557333,0.6130521987661403,188,0.9039880685168755
g__GGB16040|s__GGB16040_SGB9347,GGB16040 SGB9347,ALL,sex[T.1],0.308547462952507,0.5308541638265203,188,0.8591672372021686
g__GGB16040|s__GGB16040_SGB9347,GGB16040 SGB9347,ALL,disease,-0.5555401179493518,0.32846939965932553,188,0.7211431385796608
g__GGB16040|s__GGB16040_SGB9347,GGB16040 SGB9347,ALL,ppi_use,0.34472276719888545,0.5798891028624202,188,0.8897970496380744
g__GGB16040|s__GGB16040_SGB9347,GGB16040 SGB9347,ALL,age,0.015708041391274272,0.4137592752685024,188,0.7930547500162717
g__GGB16040|s__GGB16040_SGB9347,GGB16040 SGB9347,ALL,bmi,-0.0834105044629344,0.1714377687381349,188,0.5401009690652461
g__GGB16040|s__GGB16040_SGB9347,GGB16040 SGB9347,ALL,antibiotics_3m,1.115736679294035,0.2052710965343325,188,0.593484234371248
g__GGB16040|s__GGB16040_SGB9347,GGB16040 SGB9347,ALL,smoking,-0.12717159855960933,0.8435558408718808,188,0.9671959785653682
g__GGB1843|s__GGB1843_SGB2516,GGB1843 SGB2516,ALL,site[T.Oral],0.9815714511898266,2.702605805281432e-11,188,4.361446609902449e-10
g__GGB1843|s__GGB1843_SGB2516,GGB1843 SGB2516,ALL,sex[T.1],0.0354515402819377,0.7578547586187695,188,0.938710261226954
g__GGB1843|s__GGB1843_SGB2516,GGB1843 SGB2516,ALL,disease,0.6099101855743866,7.834924289397828e-06,188,8.80018696185164e-05
g__GGB1843|s__GGB1843_SGB2516,GGB1843 SGB2516,ALL,ppi_use,-0.3134441744971759,0.03225916726329893,188,0.17061153258545234
g__GGB1843|s__GGB1843_SGB2516,GGB1843 SGB2516,ALL,age,-0.00396460785202913,0.37740566016412336,188,0.7656922800708262
g__GGB1843|s__GGB1843_SGB2516,GGB1843 SGB2516,ALL,bmi,0.0058969122359303315,0.6783066171286153,188,0.9182517207218585
g__GGB1843|s__GGB1843_SGB2516,GGB1843 SGB2516,ALL,antibiotics_3m,-0.05879105702048784,0.7746802970595408,188,0.946606733743773
g__GGB1843|s__GGB1843_SGB2516,GGB1843 SGB2516,ALL,smoking,0.020014036640077764,0.8942530947217755,188,0.9799497593165543
g__GGB1843|s__GGB1843_SGB2524,GGB1843 SGB2524,ALL,site[T.Oral],2.601511727139828,1.6283361857735445e-17,188,3.7478426308623875e-16
g__GGB1843|s__GGB1843_SGB2524,GGB1843 SGB2524,ALL,sex[T.1],0.008945950211077192,0.9687879682341158,188,0.9939499763344429
g__GGB1843|s__GGB1843_SGB2524,GGB1843 SGB2524,ALL,disease,0.819032227319006,0.0021830868514694,188,0.017415079201494533
g__GGB1843|s__GGB1843_SGB2524,GGB1843 SGB2524,ALL,ppi_use,-0.5163891269489225,0.07548383914062531,188,0.3176061718150286
g__GGB1843|s__GGB1843_SGB2524,GGB1843 SGB2524,ALL,age,0.007219643256837885,0.4188128296177075,188,0.7959103197931426
g__GGB1843|s__GGB1843_SGB2524,GGB1843 SGB2524,ALL,bmi,0.010683608050675702,0.7054925643337655,188,0.9215590097277504
g__GGB1843|s__GGB1843_SGB2524,GGB1843 SGB2524,ALL,antibiotics_3m,0.5191204523248404,0.2046530634340702,188,0.593484234371248
g__GGB1843|s__GGB1843_SGB2524,GGB1843 SGB2524,ALL,smoking,-0.044036108216570745,0.8830700662766363,188,0.9792429777759343
g__GGB2653|s__GGB2653_SGB3574,GGB2653 SGB3574,ALL,site[T.Oral],-2.201250118015671,3.199911502158442e-06,188,3.728361617452657e-05
g__GGB2653|s__GGB2653_SGB3574,GGB2653 SGB3574,ALL,sex[T.1],-0.524716535183419,0.16966010579841906,188,0.5364575932760168
g__GGB2653|s__GGB2653_SGB3574,GGB2653 SGB3574,ALL,disease,1.2672116926172134,0.004380236386149337,188,0.032625208945112304
g__GGB2653|s__GGB2653_SGB3574,GGB2653 SGB3574,ALL,ppi_use,0.24889770044727622,0.6057807834933208,188,0.9028834607480067
g__GGB2653|s__GGB2653_SGB3574,GGB2653 SGB3574,ALL,age,-0.03524787156558874,0.018673807451413275,188,0.11254191434627096
g__GGB2653|s__GGB2653_SGB3574,GGB2653 SGB3574,ALL,bmi,0.09463054211626927,0.045771349361758855,188,0.22007867980790902
g__GGB2653|s__GGB2653_SGB3574,GGB2653 SGB3574,ALL,antibiotics_3m,-0.005065538776655161,0.994061857341815,188,0.9965461247468106
g__GGB2653|s__GGB2653_SGB3574,GGB2653 SGB3574,ALL,smoking,0.009565949654459187,0.9847062237470067,188,0.9954706702564838
g__GGB2998|s__GGB2998_SGB3989,GGB2998 SGB3989,ALL,site[T.Oral],-0.5199363282162063,0.27554565786944496,188,0.6708596819878901
g__GGB2998|s__GGB2998_SGB3989,GGB2998 SGB3989,ALL,sex[T.1],0.4536166964961988,0.2526290371539619,188,0.6518451364784863
g__GGB2998|s__GGB2998_SGB3989,GGB2998 SGB3989,ALL,disease,-1.4318103477786002,0.00197853704860426,188,0.01605702899560914
g__GGB2998|s__GGB2998_SGB3989,GGB2998 SGB3989,ALL,ppi_use,0.4378904911150311,0.38232610068081174,188,0.7717984836173396
g__GGB2998|s__GGB2998_SGB3989,GGB2998 SGB3989,ALL,age,-0.0009388350752054256,0.9515299871810403,188,0.9911560385224073
g__GGB2998|s__GGB2998_SGB3989,GGB2998 SGB3989,ALL,bmi,-0.010107425419866286,0.8363556699468728,188,0.965263757176662
g__GGB2998|s__GGB2998_SGB3989,GGB2998 SGB3989,ALL,antibiotics_3m,0.10190679471790287,0.8853805126405798,188,0.9792429777759343
g__GGB2998|s__GGB2998_SGB3989,GGB2998 SGB3989,ALL,smoking,-0.3577712890868792,0.49031270499410107,188,0.8375165267560788
g__GGB3033|s__GGB3033_SGB4029,GGB3033 SGB4029,ALL,site[T.Oral],-0.8626612129248523,0.08415593766505546,188,0.3400142057028428
g__GGB3033|s__GGB3033_SGB4029,GGB3033 SGB4029,ALL,sex[T.1],-0.38861054581457566,0.34798070968370254,188,0.7384209812362191
g__GGB3033|s__GGB3033_SGB4029,GGB3033 SGB4029,ALL,disease,-0.32693450381983985,0.4935252616503484,188,0.8393815473738209
g__GGB3033|s__GGB3033_SGB4029,GGB3033 SGB4029,ALL,ppi_use,-0.3499161269417828,0.5038688385763472,188,0.845704541973929
g__GGB3033|s__GGB3033_SGB4029,GGB3033 SGB4029,ALL,age,0.0007296393719522597,0.9639383249463794,188,0.9939499763344429
g__GGB3033|s__GGB3033_SGB4029,GGB3033 SGB4029,ALL,bmi,0.005366597290900863,0.9164022493677784,188,0.9888202232323886
g__GGB3033|s__GGB3033_SGB4029,GGB3033 SGB4029,ALL,antibiotics_3m,0.14286122025731562,0.8466462705977054,188,0.9687786177010418
g__GGB3033|s__GGB3033_SGB4029,GGB3033 SGB4029,ALL,smoking,-0.38244076196649024,0.48038591481418025,188,0.8296238920667696
g__GGB3109|s__GGB3109_SGB4643,GGB3109 SGB4643,ALL,site[T.Oral],-0.8621686720768416,0.06802423194443848,188,0.2947716717592334
g__GGB3109|s__GGB3109_SGB4643,GGB3109 SGB4643,ALL,sex[T.1],0.3054724468754968,0.43502531531551725,188,0.8086680073463639
g__GGB3109|s__GGB3109_SGB4643,GGB3109 SGB4643,ALL,disease,-0.47290720646110995,0.29524093774045534,188,0.6956721013631939
g__GGB3109|s__GGB3109_SGB4643,GGB3109 SGB4643,ALL,ppi_use,0.5293568039106666,0.28528328909779715,188,0.6806078808722298
g__GGB3109|s__GGB3109_SGB4643,GGB3109 SGB4643,ALL,age,-0.0011470337926591963,0.9400722484964033,188,0.9888202232323886
g__GGB3109|s__GGB3109_SGB4643,GGB3109 SGB4643,ALL,bmi,0.051227683374065844,0.28997280947542536,188,0.6876904467403804
g__GGB3109|s__GGB3109_SGB4643,GGB3109 SGB4643,ALL,antibiotics_3m,0.16224647938277015,0.816290948047634,188,0.957648815864322
g__GGB3109|s__GGB3109_SGB4643,GGB3109 SGB4643,ALL,smoking,0.02719286991168186,0.9576440630266478,188,0.9920724544925161
g__GGB3175|s__GGB3175_SGB4191,GGB3175 SGB4191,ALL,site[T.Oral],-1.3145366259330555,0.03635332841264457,188,0.1867121498878959
g__GGB3175|s__GGB3175_SGB4191,GGB3175 SGB4191,ALL,sex[T.1],0.2665637958009679,0.6076570010910285,188,0.9039880685168755
g__GGB3175|s__GGB3175_SGB4191,GGB3175 SGB4191,ALL,disease,-2.414570052905325,7.989824020138816e-05,188,0.0008188111623558319
g__GGB3175|s__GGB3175_SGB4191,GGB3175 SGB4191,ALL,ppi_use,-0.8962912983439375,0.17332776539057293,188,0.5438037600186914
g__GGB3175|s__GGB3175_SGB4191,GGB3175 SGB4191,ALL,age,0.009382788060896362,0.6432586952017147,188,0.9143242209408174
g__GGB3175|s__GGB3175_SGB4191,GGB3175 SGB4191,ALL,bmi,-0.03573380359674662,0.5777326379528555,188,0.8888918543216734
g__GGB3175|s__GGB3175_SGB4191,GGB3175 SGB4191,ALL,antibiotics_3m,0.5053392044629442,0.5858051121111028,188,0.8925149925636463
g__GGB3175|s__GGB3175_SGB4191,GGB3175 SGB4191,ALL,smoking,0.15265459647048032,0.822295218084694,188,0.9592874833327049
g__GGB3256|s__GGB3256_SGB4303,GGB3256 SGB4303,ALL,site[T.Oral],-1.5692470645725587,0.017622442564136694,188,0.10710783272748017
g__GGB3256|s__GGB3256_SGB4303,GGB3256 SGB4303,ALL,sex[T.1],-0.05703012793486652,0.9167186212617185,188,0.9888202232323886
g__GGB3256|s__GGB3256_SGB4303,GGB3256 SGB4303,ALL,disease,0.4718117072750697,0.45373482312332847,188,0.8219918602131008
g__GGB3256|s__GGB3256_SGB4303,GGB3256 SGB4303,ALL,ppi_use,0.09158866329496021,0.8943935752335926,188,0.9799497593165543
g__GGB3256|s__GGB3256_SGB4303,GGB3256 SGB4303,ALL,age,0.012014356511313797,0.5725649323837719,188,0.8854868153289805
g__GGB3256|s__GGB3256_SGB4303,GGB3256 SGB4303,ALL,bmi,0.07005102831392904,0.2995358591308876,188,0.6976243051218186
g__GGB3256|s__GGB3256_SGB4303,GGB3256 SGB4303,ALL,antibiotics_3m,0.004916135858944659,0.9959731558311773,188,0.9973939449265142
g__GGB3256|s__GGB3256_SGB4303,GGB3256 SGB4303,ALL,smoking,0.3632651105874507,0.6111333450963901,188,0.9039880685168755
g__GGB3304|s__GGB3304_SGB4367,GGB3304 SGB4367,ALL,site[T.Oral],-0.721806963026327,0.22547638468174108,188,0.6202534438435316
g__GGB3304|s__GGB3304_SGB4367,GGB3304 SGB4367,ALL,sex[T.1],-0.5543623982899314,0.26271501636328126,188,0.662211639091646
g__GGB3304|s__GGB3304_SGB4367,GGB3304 SGB4367,ALL,disease,-1.2130670966319925,0.0344682716306209,188,0.17869465193744974
g__GGB3304|s__GGB3304_SGB4367,GGB3304 SGB4367,ALL,ppi_use,0.20844778306009545,0.7388077209969293,188,0.9353001927554273
g__GGB3304|s__GGB3304_SGB4367,GGB3304 SGB4367,ALL,age,0.007356447819761161,0.7028605918598709,188,0.9205375662045324
g__GGB3304|s__GGB3304_SGB4367,GGB3304 SGB4367,ALL,bmi,-0.07952475519665139,0.19399472176497742,188,0.577664028330919
g__GGB3304|s__GGB3304_SGB4367,GGB3304 SGB4367,ALL,antibiotics_3m,-0.4058002921958623,0.6457336450113628,188,0.9143242209408174
g__GGB3304|s__GGB3304_SGB4367,GGB3304 SGB4367,ALL,smoking,-0.6631637393512541,0.30610694905861613,188,0.7015758295273623
g__GGB3321|s__GGB3321_SGB4394,GGB3321 SGB4394,ALL,site[T.Oral],0.13124722596700328,0.7194901683389273,188,0.9288866173313599
g__GGB3321|s__GGB3321_SGB4394,GGB3321 SGB4394,ALL,sex[T.1],-0.5792807275437093,0.057793850548516344,188,0.26302290492744557
g__GGB3321|s__GGB3321_SGB4394,GGB3321 SGB4394,ALL,disease,-0.7621195880290662,0.030762291704699213,188,0.16611637520537575
g__GGB3321|s__GGB3321_SGB4394,GGB3321 SGB4394,ALL,ppi_use,-0.47710841562992257,0.21541541635409786,188,0.6048864891223068
g__GGB3321|s__GGB3321_SGB4394,GGB3321 SGB4394,ALL,age,0.006764037095105337,0.568456851926703,188,0.8841965619631355
g__GGB3321|s__GGB3321_SGB4394,GGB3321 SGB4394,ALL,bmi,-0.04460290199167963,0.23589110752693637,188,0.6326477840837034
g__GGB3321|s__GGB3321_SGB4394,GGB3321 SGB4394,ALL,antibiotics_3m,-0.051775360110161636,0.9239795920063056,188,0.9888202232323886
g__GGB3321|s__GGB3321_SGB4394,GGB3321 SGB4394,ALL,smoking,-0.10552395241926738,0.7908316832536755,188,0.9520934754399919
g__GGB3345|s__GGB3345_SGB9340,GGB3345 SGB9340,ALL,site[T.Oral],-0.5349575264344519,0.42659979203231146,188,0.804633914377994
g__GGB3345|s__GGB3345_SGB9340,GGB3345 SGB9340,ALL,sex[T.1],0.4257913718278869,0.4465711402656136,188,0.8163878657980749
g__GGB3345|s__GGB3345_SGB9340,GGB3345 SGB9340,ALL,disease,-1.4470797245592564,0.025865098830692403,188,0.14525839503316854
g__GGB3345|s__GGB3345_SGB9340,GGB3345 SGB9340,ALL,ppi_use,-0.828971551952929,0.2419626911608578,188,0.6385631924621135
g__GGB3345|s__GGB3345_SGB9340,GGB3345 SGB9340,ALL,age,0.03081782215263238,0.15884445820706783,188,0.5115249128817736
g__GGB3345|s__GGB3345_SGB9340,GGB3345 SGB9340,ALL,bmi,-0.07670968426456348,0.2677702034959908,188,0.6652548634800416
g__GGB3345|s__GGB3345_SGB9340,GGB3345 SGB9340,ALL,antibiotics_3m,-0.12455272705813687,0.9007152981409912,188,0.9839421991043321
g__GGB3345|s__GGB3345_SGB9340,GGB3345 SGB9340,ALL,smoking,-0.12682961184735336,0.8624431557841212,188,0.9754498420479378
g__GGB33469|s__GGB33469_SGB15236,GGB33469 SGB15236,ALL,site[T.Oral],-1.7839085505223296,0.0015150517913896946,188,0.012549455546378355
g__GGB33469|s__GGB33469_SGB15236,GGB33469 SGB15236,ALL,sex[T.1],-0.16070456987564724,0.7274618071668564,188,0.9324272694692913
g__GGB33469|s__GGB33469_SGB15236,GGB33469 SGB15236,ALL,disease,-3.0514908472956264,3.8934670024046006e-08,188,5.132795935564374e-07
g__GGB33469|s__GGB33469_SGB15236,GGB33469 SGB15236,ALL,ppi_use,0.15282126719414457,0.7933278409489875,188,0.9520934754399919
g__GGB33469|s__GGB33469_SGB15236,GGB33469 SGB15236,ALL,age,0.00881352291130849,0.6243365910263113,188,0.9084622504373384
g__GGB33469|s__GGB33469_SGB15236,GGB33469 SGB15236,ALL,bmi,-0.029897034200913993,0.6000431149899391,188,0.9005457332398444
g__GGB33469|s__GGB33469_SGB15236,GGB33469 SGB15236,ALL,antibiotics_3m,1.4211870718707778,0.08566347862670513,188,0.3441245321656481
g__GGB33469|s__GGB33469_SGB15236,GGB33469 SGB15236,ALL,smoking,0.276419809792731,0.6471678000860464,188,0.9143242209408174
g__GGB33469|s__GGB33469_SGB15237,GGB33469 SGB15237,ALL,site[T.Oral],0.05337002728450984,0.8964517732579252,188,0.9809963286470202
g__GGB33469|s__GGB33469_SGB15237,GGB33469 SGB15237,ALL,sex[T.1],0.42762965994094154,0.21075080957685094,188,0.5995577656317647
g__GGB33469|s__GGB33469_SGB15237,GGB33469 SGB15237,ALL,disease,-1.0116639520313246,0.010822415736883091,188,0.07201266205963915
g__GGB33469|s__GGB33469_SGB15237,GGB33469 SGB15237,ALL,ppi_use,0.03501572873891668,0.935295895769375,188,0.9888202232323886
g__GGB33469|s__GGB33469_SGB15237,GGB33469 SGB15237,ALL,age,0.020572772526223648,0.12327623947052939,188,0.4348739703935258
g__GGB33469|s__GGB33469_SGB15237,GGB33469 SGB15237,ALL,bmi,-0.05444175602799087,0.19751818497805085,188,0.5838221720193335
g__GGB33469|s__GGB33469_SGB15237,GGB33469 SGB15237,ALL,antibiotics_3m,0.8039928680451766,0.1878083045460344,188,0.5701123960683874
g__GGB33469|s__GGB33469_SGB15237,GGB33469 SGB15237,ALL,smoking,0.3367966925531426,0.4510010730318804,188,0.8196835036074565
g__GGB33512|s__GGB33512_SGB15203,GGB33512 SGB15203,ALL,site[T.Oral],-0.4241124243037637,0.32111029179340544,188,0.7127886951429901
g__GGB33512|s__GGB33512_SGB15203,GGB33512 SGB15203,ALL,sex[T.1],0.05016819364365277,0.8875920726640283,188,0.9799497593165543
g__GGB33512|s__GGB33512_SGB15203,GGB33512 SGB15203,ALL,disease,-1.1588719692344722,0.005125302002638846,188,0.037773879326535115
g__GGB33512|s__GGB33512_SGB15203,GGB33512 SGB15203,ALL,ppi_use,-0.015083490901937302,0.973199884983686,188,0.9939499763344429
g__GGB33512|s__GGB33512_SGB15203,GGB33512 SGB15203,ALL,age,0.009863032175411386,0.4766753702267843,188,0.8296238920667696
g__GGB33512|s__GGB33512_SGB15203,GGB33512 SGB15203,ALL,bmi,-0.043172641496044134,0.3257742843605871,188,0.7185568175148209
g__GGB33512|s__GGB33512_SGB15203,GGB33512 SGB15203,ALL,antibiotics_3m,0.36800153236808325,0.5617313507321993,188,0.8811964429363216
g__GGB33512|s__GGB33512_SGB15203,GGB33512 SGB15203,ALL,smoking,0.42723923623446003,0.3585229185914882,188,0.7485619369058024
g__GGB33928|s__GGB33928_SGB15225,GGB33928 SGB15225,ALL,site[T.Oral],-1.927770599712844,8.642566724790367e-05,188,0.0008792872233047591
g__GGB33928|s__GGB33928_SGB15225,GGB33928 SGB15225,ALL,sex[T.1],0.07802843247673627,0.8451511109575014,188,0.9678565740492103
g__GGB33928|s__GGB33928_SGB15225,GGB33928 SGB15225,ALL,disease,-2.5812063903114137,7.65491354837103e-08,188,9.951387612882338e-07
g__GGB33928|s__GGB33928_SGB15225,GGB33928 SGB15225,ALL,ppi_use,0.6167909514245519,0.22325285528947955,188,0.6182386761862511
g__GGB33928|s__GGB33928_SGB15225,GGB33928 SGB15225,ALL,age,0.012756805368801393,0.4136155592390319,188,0.7930547500162717
g__GGB33928|s__GGB33928_SGB15225,GGB33928 SGB15225,ALL,bmi,-0.013686394715272665,0.781705357553073,188,0.9511024978899324
g__GGB33928|s__GGB33928_SGB15225,GGB33928 SGB15225,ALL,antibiotics_3m,0.7574109098301226,0.28921507751569425,188,0.6864885356416478
g__GGB33928|s__GGB33928_SGB15225,GGB33928 SGB15225,ALL,smoking,-0.48864481332574045,0.3508633987996149,188,0.7413276326781931
g__GGB34228|s__GGB34228_SGB72916,GGB34228 SGB72916,ALL,site[T.Oral],0.1814047897025299,0.6493416418434286,188,0.9143242209408174
g__GGB34228|s__GGB34228_SGB72916,GGB34228 SGB72916,ALL,sex[T.1],0.525710988448879,0.11416684880901587,188,0.4157862974843731
g__GGB34228|s__GGB34228_SGB72916,GGB34228 SGB72916,ALL,disease,-0.8500182514645777,0.027353985374957857,188,0.1520989919463003
g__GGB34228|s__GGB34228_SGB72916,GGB34228 SGB72916,ALL,ppi_use,-0.060262537005945555,0.8857824656520203,188,0.9792429777759343
g__GGB34228|s__GGB34228_SGB72916,GGB34228 SGB72916,ALL,age,0.02306798860659062,0.07594115857787118,188,0.3176061718150286
g__GGB34228|s__GGB34228_SGB72916,GGB34228 SGB72916,ALL,bmi,-0.05782386339234784,0.15955832361660463,188,0.5126313188963681
g__GGB34228|s__GGB34228_SGB72916,GGB34228 SGB72916,ALL,antibiotics_3m,0.9850060980058918,0.09759315929378744,188,0.376827083420776
g__GGB34228|s__GGB34228_SGB72916,GGB34228 SGB72916,ALL,smoking,0.30640424111000164,0.48076322491629964,188,0.8296238920667696
g__GGB34540|s__GGB34540_SGB54300,GGB34540 SGB54300,ALL,site[T.Oral],0.1547593892445013,0.7360048632600198,188,0.9349679276632936
g__GGB34540|s__GGB34540_SGB54300,GGB34540 SGB54300,ALL,sex[T.1],-0.325832093648949,0.39364524461978856,188,0.7833847249414361
g__GGB34540|s__GGB34540_SGB54300,GGB34540 SGB54300,ALL,disease,-1.4655247148816013,0.00104273125482839,188,0.008792760851525885
g__GGB34540|s__GGB34540_SGB54300,GGB34540 SGB54300,ALL,ppi_use,0.22673397424244915,0.6386738030113089,188,0.9126697398757025
g__GGB34540|s__GGB34540_SGB54300,GGB34540 SGB54300,ALL,age,0.01683167000279973,0.25916700986891217,188,0.6573992445455333
g__GGB34540|s__GGB34540_SGB54300,GGB34540 SGB54300,ALL,bmi,-0.0256660710013871,0.5865372683018997,188,0.8925149925636463
g__GGB34540|s__GGB34540_SGB54300,GGB34540 SGB54300,ALL,antibiotics_3m,0.7725286174281641,0.2578517930017806,188,0.6566905599009093
g__GGB34540|s__GGB34540_SGB54300,GGB34540 SGB54300,ALL,smoking,0.4810635152695349,0.33631458521295143,188,0.7271519071568862
g__GGB34797|s__GGB34797_SGB14322,GGB34797 SGB14322,ALL,site[T.Oral],-1.120892718321653,0.021759360363447687,188,0.12562674805765922
g__GGB34797|s__GGB34797_SGB14322,GGB34797 SGB14322,ALL,sex[T.1],-0.0934061642269213,0.8167980462945339,188,0.957648815864322
g__GGB34797|s__GGB34797_SGB14322,GGB34797 SGB14322,ALL,disease,0.014357775838641444,0.975376670737302,188,0.9939499763344429
g__GGB34797|s__GGB34797_SGB14322,GGB34797 SGB14322,ALL,ppi_use,0.8072435776400048,0.11473798748939908,188,0.41625874531037804
g__GGB34797|s__GGB34797_SGB14322,GGB34797 SGB14322,ALL,age,0.031493365912499044,0.046512563322900845,188,0.22287931367014602
g__GGB34797|s__GGB34797_SGB14322,GGB34797 SGB14322,ALL,bmi,-0.08908120967011197,0.07517406269044664,188,0.3176061718150286
g__GGB34797|s__GGB34797_SGB14322,GGB34797 SGB14322,ALL,antibiotics_3m,-0.5165019307646512,0.4735166884719858,188,0.8296238920667696
g__GGB34797|s__GGB34797_SGB14322,GGB34797 SGB14322,ALL,smoking,0.28036720733451415,0.5955327807783088,188,0.8971330731896412
g__GGB3510|s__GGB3510_SGB4687,GGB3510 SGB4687,ALL,site[T.Oral],-0.11389980512235723,0.7443969911446129,188,0.9353001927554273
g__GGB3510|s__GGB3510_SGB4687,GGB3510 SGB4687,ALL,sex[T.1],-0.5547135171601796,0.05737559573715949,188,0.26154330004861015
g__GGB3510|s__GGB3510_SGB4687,GGB3510 SGB4687,ALL,disease,0.4471220868309101,0.18316310210485792,188,0.5639495512175888
g__GGB3510|s__GGB3510_SGB4687,GGB3510 SGB4687,ALL,ppi_use,-0.06740549373574327,0.854433708528471,188,0.9730274281517275
g__GGB3510|s__GGB3510_SGB4687,GGB3510 SGB4687,ALL,age,-0.003349466461258904,0.7675938634250706,188,0.9444814863420775
g__GGB3510|s__GGB3510_SGB4687,GGB3510 SGB4687,ALL,bmi,0.02252892073431633,0.5305496267403473,188,0.8591672372021686
g__GGB3510|s__GGB3510_SGB4687,GGB3510 SGB4687,ALL,antibiotics_3m,-0.14535291553574528,0.7793269637147798,188,0.9498748381899527
g__GGB3510|s__GGB3510_SGB4687,GGB3510 SGB4687,ALL,smoking,-0.29735515392269923,0.43467135461546114,188,0.8086680073463639
g__GGB3537|s__GGB3537_SGB4727,GGB3537 SGB4727,ALL,site[T.Oral],-0.21253763851146584,0.5630246293853431,188,0.8822394862243547
g__GGB3537|s__GGB3537_SGB4727,GGB3537 SGB4727,ALL,sex[T.1],0.10130514617566642,0.7401399460780631,188,0.9353001927554273
g__GGB3537|s__GGB3537_SGB4727,GGB3537 SGB4727,ALL,disease,0.39754343121371527,0.26007253483604376,188,0.6585064723350864
g__GGB3537|s__GGB3537_SGB4727,GGB3537 SGB4727,ALL,ppi_use,0.006838880751322037,0.9858767889935369,188,0.9954706702564838
g__GGB3537|s__GGB3537_SGB4727,GGB3537 SGB4727,ALL,age,-0.0053579264783658485,0.6530945915496595,188,0.9143242209408174
g__GGB3537|s__GGB3537_SGB4727,GGB3537 SGB4727,ALL,bmi,-0.04159409197712372,0.2713986823512789,188,0.6667876481515226
g__GGB3537|s__GGB3537_SGB4727,GGB3537 SGB4727,ALL,antibiotics_3m,-0.6489519572942822,0.23507154860624122,188,0.632227884823288
g__GGB3537|s__GGB3537_SGB4727,GGB3537 SGB4727,ALL,smoking,0.3671270358301436,0.35918599094459236,188,0.7485619369058024
g__GGB3570|s__GGB3570_SGB4777,GGB3570 SGB4777,ALL,site[T.Oral],-0.8426476615299562,0.03306139263905941,188,0.1728796844142995
g__GGB3570|s__GGB3570_SGB4777,GGB3570 SGB4777,ALL,sex[T.1],0.005772804544855616,0.9858988368886331,188,0.9954706702564838
g__GGB3570|s__GGB3570_SGB4777,GGB3570 SGB4777,ALL,disease,-1.1406155013267616,0.0028000870061926073,188,0.021798316632598184
g__GGB3570|s__GGB3570_SGB4777,GGB3570 SGB4777,ALL,ppi_use,0.43770627845427723,0.2902112462205665,188,0.6876904467403804
g__GGB3570|s__GGB3570_SGB4777,GGB3570 SGB4777,ALL,age,-0.0020572370499233198,0.8717780757756988,188,0.9791495172619564
g__GGB3570|s__GGB3570_SGB4777,GGB3570 SGB4777,ALL,bmi,0.031739574352115565,0.4322365589139985,188,0.8080694124038
g__GGB3570|s__GGB3570_SGB4777,GGB3570 SGB4777,ALL,antibiotics_3m,-0.277013444841845,0.635003048731104,188,0.911133653979019
g__GGB3570|s__GGB3570_SGB4777,GGB3570 SGB4777,ALL,smoking,-0.362843282001768,0.39673870387377874,188,0.7849728378272001
g__GGB3612|s__GGB3612_SGB4882,GGB3612 SGB4882,ALL,site[T.Oral],-0.7686974345069543,0.07447046913031743,188,0.3173187819695468
g__GGB3612|s__GGB3612_SGB4882,GGB3612 SGB4882,ALL,sex[T.1],-0.041153466786027805,0.9081541568734527,188,0.9880266844248954
g__GGB3612|s__GGB3612_SGB4882,GGB3612 SGB4882,ALL,disease,0.37796730340991225,0.35900108138147657,188,0.7485619369058024
g__GGB3612|s__GGB3612_SGB4882,GGB3612 SGB4882,ALL,ppi_use,0.020261584510585143,0.9641868753910874,188,0.9939499763344429
g__GGB3612|s__GGB3612_SGB4882,GGB3612 SGB4882,ALL,age,-0.0025060333107061964,0.857131915620202,188,0.9738665989800958
g__GGB3612|s__GGB3612_SGB4882,GGB3612 SGB4882,ALL,bmi,0.014625645615496249,0.7401827314060021,188,0.9353001927554273
g__GGB3612|s__GGB3612_SGB4882,GGB3612 SGB4882,ALL,antibiotics_3m,1.6676119263700064,0.009517965659584009,188,0.06566694735162629
g__GGB3612|s__GGB3612_SGB4882,GGB3612 SGB4882,ALL,smoking,0.31202351101919024,0.5044186098922024,188,0.8460705292821956
g__GGB3619|s__GGB3619_SGB4894,GGB3619 SGB4894,ALL,site[T.Oral],-0.13994220210530692,0.7541383617547055,188,0.9371949716057059
g__GGB3619|s__GGB3619_SGB4894,GGB3619 SGB4894,ALL,sex[T.1],-0.09983696048274907,0.7881262756344558,188,0.9520934754399919
g__GGB3619|s__GGB3619_SGB4894,GGB3619 SGB4894,ALL,disease,-1.5679710662611037,0.0003274105987446764,188,0.003024240004194248
g__GGB3619|s__GGB3619_SGB4894,GGB3619 SGB4894,ALL,ppi_use,-0.3537665163836474,0.45190608312647884,188,0.8202665038262137
g__GGB3619|s__GGB3619_SGB4894,GGB3619 SGB4894,ALL,age,-0.005783061287084645,0.6899841926849155,188,0.9182517207218585
g__GGB3619|s__GGB3619_SGB4894,GGB3619 SGB4894,ALL,bmi,-0.02082642326644303,0.650262250641702,188,0.9143242209408174
g__GGB3619|s__GGB3619_SGB4894,GGB3619 SGB4894,ALL,antibiotics_3m,0.8694631657748835,0.19108035422442388,188,0.5732440746339746
g__GGB3619|s__GGB3619_SGB4894,GGB3619 SGB4894,ALL,smoking,-0.310808732978903,0.5230882745696508,188,0.8584639830459261
g__GGB3653|s__GGB3653_SGB4964,GGB3653 SGB4964,ALL,site[T.Oral],-2.1368646698401452,1.4295987843866207e-05,188,0.00015742405437480905
g__GGB3653|s__GGB3653_SGB4964,GGB3653 SGB4964,ALL,sex[T.1],-0.08009824058691045,0.8407829975354275,188,0.9663520116558232
g__GGB3653|s__GGB3653_SGB4964,GGB3653 SGB4964,ALL,disease,-0.14335424280766657,0.7553502660647234,188,0.9372618414095198
g__GGB3653|s__GGB3653_SGB4964,GGB3653 SGB4964,ALL,ppi_use,0.43531493531524673,0.38857752077140084,188,0.7810491612928372
g__GGB3653|s__GGB3653_SGB4964,GGB3653 SGB4964,ALL,age,-0.007371106279897029,0.6357586866193041,188,0.9115540738750028
g__GGB3653|s__GGB3653_SGB4964,GGB3653 SGB4964,ALL,bmi,0.052695718147391345,0.28577250991102454,188,0.6811962715026798
g__GGB3653|s__GGB3653_SGB4964,GGB3653 SGB4964,ALL,antibiotics_3m,-1.0871802008159666,0.1280588167511517,188,0.446140393842722
g__GGB3653|s__GGB3653_SGB4964,GGB3653 SGB4964,ALL,smoking,-0.3497271012460602,0.5032192284802965,188,0.845704541973929
g__GGB3746|s__GGB3746_SGB5089,GGB3746 SGB5089,ALL,site[T.Oral],-2.1861492862085106,4.6194116205028644e-05,188,0.0004858167726731102
g__GGB3746|s__GGB3746_SGB5089,GGB3746 SGB5089,ALL,sex[T.1],-0.08927913870366797,0.8376945078964186,188,0.9656182997426698
g__GGB3746|s__GGB3746_SGB5089,GGB3746 SGB5089,ALL,disease,0.1503565554622217,0.7649582259076162,188,0.942721701004278
g__GGB3746|s__GGB3746_SGB5089,GGB3746 SGB5089,ALL,ppi_use,-0.03177873745118196,0.9540353550614558,188,0.9920724544925161
g__GGB3746|s__GGB3746_SGB5089,GGB3746 SGB5089,ALL,age,0.0004225626990469615,0.9801770276222628,188,0.9952452245437899
g__GGB3746|s__GGB3746_SGB5089,GGB3746 SGB5089,ALL,bmi,-0.012039924840330183,0.8231820632647227,188,0.9595293112070267
g__GGB3746|s__GGB3746_SGB5089,GGB3746 SGB5089,ALL,antibiotics_3m,0.00919104237748154,0.990579069959968,188,0.9963121042439106
g__GGB3746|s__GGB3746_SGB5089,GGB3746 SGB5089,ALL,smoking,1.0486511252704656,0.06742216762500841,188,0.29261429163991287
g__GGB3886|s__GGB3886_SGB5269,GGB3886 SGB5269,ALL,site[T.Oral],3.983502455960292,4.075556540374915e-23,188,1.4672003545349695e-21
g__GGB3886|s__GGB3886_SGB5269,GGB3886 SGB5269,ALL,sex[T.1],0.32275728921359986,0.2661527447111762,188,0.6649878909161648
g__GGB3886|s__GGB3886_SGB5269,GGB3886 SGB5269,ALL,disease,0.5714388926619177,0.0886930891641036,188,0.3513246315587025
g__GGB3886|s__GGB3886_SGB5269,GGB3886 SGB5269,ALL,ppi_use,0.37443088768612637,0.30773008067473273,188,0.7025252573452435
g__GGB3886|s__GGB3886_SGB5269,GGB3886 SGB5269,ALL,age,-0.01642559184834637,0.1474971786537357,188,0.49072521049726286
g__GGB3886|s__GGB3886_SGB5269,GGB3886 SGB5269,ALL,bmi,-0.030876086942040457,0.3892015593673632,188,0.7817439046520429
g__GGB3886|s__GGB3886_SGB5269,GGB3886 SGB5269,ALL,antibiotics_3m,0.2504810660169724,0.6284993120565237,188,0.9109207001240979
g__GGB3886|s__GGB3886_SGB5269,GGB3886 SGB5269,ALL,smoking,-0.48803922909669584,0.19940932793406524,188,0.5868076464389587
g__GGB3887|s__GGB3887_SGB5270,GGB3887 SGB5270,ALL,site[T.Oral],5.5756496513621965,3.967760277910258e-35,188,3.0112083406410823e-33
g__GGB3887|s__GGB3887_SGB5270,GGB3887 SGB5270,ALL,sex[T.1],-0.09715708322560726,0.7444938937462799,188,0.9353001927554273
g__GGB3887|s__GGB3887_SGB5270,GGB3887 SGB5270,ALL,disease,1.0154796372233985,0.003526914269934594,188,0.02691188932058788
g__GGB3887|s__GGB3887_SGB5270,GGB3887 SGB5270,ALL,ppi_use,0.10400134893749181,0.7827134067378776,188,0.9511024978899324
g__GGB3887|s__GGB3887_SGB5270,GGB3887 SGB5270,ALL,age,-0.0013822604131330173,0.9054044811089906,188,0.9865331829240258
g__GGB3887|s__GGB3887_SGB5270,GGB3887 SGB5270,ALL,bmi,-0.022291930721395885,0.5454077278760516,188,0.8688208562264884
g__GGB3887|s__GGB3887_SGB5270,GGB3887 SGB5270,ALL,antibiotics_3m,0.08406369586040084,0.8745361259753013,188,0.9792429777759343
g__GGB3887|s__GGB3887_SGB5270,GGB3887 SGB5270,ALL,smoking,-0.10431789344527227,0.7892913304907044,188,0.9520934754399919
g__GGB4538|s__GGB4538_SGB6256,GGB4538 SGB6256,ALL,site[T.Oral],4.0064453261995965,3.2049945511402e-26,188,1.451552370903497e-24
g__GGB4538|s__GGB4538_SGB6256,GGB4538 SGB6256,ALL,sex[T.1],0.09799304680430403,0.7131975049585421,188,0.9262990721200676
g__GGB4538|s__GGB4538_SGB6256,GGB4538 SGB6256,ALL,disease,0.4757064868122048,0.12315944834239416,188,0.4348739703935258
g__GGB4538|s__GGB4538_SGB6256,GGB4538 SGB6256,ALL,ppi_use,0.3748242390961178,0.26714321414294817,188,0.6652548634800416
g__GGB4538|s__GGB4538_SGB6256,GGB4538 SGB6256,ALL,age,-0.0043978539274134466,0.6725096629466416,188,0.9170548288563516
g__GGB4538|s__GGB4538_SGB6256,GGB4538 SGB6256,ALL,bmi,-0.002622457781377991,0.9365684566558741,188,0.9888202232323886
g__GGB4538|s__GGB4538_SGB6256,GGB4538 SGB6256,ALL,antibiotics_3m,0.17420108567923295,0.7144837056563653,188,0.9275405665663772
g__GGB4538|s__GGB4538_SGB6256,GGB4538 SGB6256,ALL,smoking,-0.11295442330389462,0.746275618279403,188,0.9353001927554273
g__GGB45432|s__GGB45432_SGB63101,GGB45432 SGB63101,ALL,site[T.Oral],-1.3681386943472942,0.00024255613463775334,188,0.0023010054934554437
g__GGB45432|s__GGB45432_SGB63101,GGB45432 SGB63101,ALL,sex[T.1],-0.0722856306179343,0.8121389059156575,188,0.9560161685312831
g__GGB45432|s__GGB45432_SGB63101,GGB45432 SGB63101,ALL,disease,1.569207345026203,1.3374416469724485e-05,188,0.00014785575372829274
g__GGB45432|s__GGB45432_SGB63101,GGB45432 SGB63101,ALL,ppi_use,0.2390015543213327,0.5346755172051615,188,0.8622150960715161
g__GGB45432|s__GGB45432_SGB63101,GGB45432 SGB63101,ALL,age,-0.02241199905834769,0.06022031428616344,188,0.2696948046499951
g__GGB45432|s__GGB45432_SGB63101,GGB45432 SGB63101,ALL,bmi,0.06333654776039728,0.09334836876280414,188,0.3640586381749361
g__GGB45432|s__GGB45432_SGB63101,GGB45432 SGB63101,ALL,antibiotics_3m,-0.1398075006275357,0.7968993980344027,188,0.9520934754399919
g__GGB45432|s__GGB45432_SGB63101,GGB45432 SGB63101,ALL,smoking,-0.21626794550896047,0.5872574671939172,188,0.8925149925636463
g__GGB4571|s__GGB4571_SGB6317,GGB4571 SGB6317,ALL,site[T.Oral],0.4306538435746281,0.31750189513915267,188,0.7108949685835698
g__GGB4571|s__GGB4571_SGB6317,GGB4571 SGB6317,ALL,sex[T.1],-0.4296621243509817,0.23061551671898448,188,0.6276618100189758
g__GGB4571|s__GGB4571_SGB6317,GGB4571 SGB6317,ALL,disease,-1.1594539670662694,0.005451729204661877,188,0.03955673283382571
g__GGB4571|s__GGB4571_SGB6317,GGB4571 SGB6317,ALL,ppi_use,-0.5251462937984178,0.24671983383019389,188,0.6444551566466832
g__GGB4571|s__GGB4571_SGB6317,GGB4571 SGB6317,ALL,age,-0.00031502357197784865,0.9819940535807388,188,0.9952452245437899
g__GGB4571|s__GGB4571_SGB6317,GGB4571 SGB6317,ALL,bmi,-0.04545616660750351,0.3046833531449293,188,0.7015758295273623
g__GGB4571|s__GGB4571_SGB6317,GGB4571 SGB6317,ALL,antibiotics_3m,-0.27985583957084376,0.6614373244559383,188,0.9152286238329983
g__GGB4571|s__GGB4571_SGB6317,GGB4571 SGB6317,ALL,smoking,0.06194449608742212,0.8947944121109652,188,0.9799497593165543
g__GGB47687|s__GGB47687_SGB2286,GGB47687 SGB2286,ALL,site[T.Oral],-0.7799498598932951,0.2298305474923647,188,0.6265671624840389
g__GGB47687|s__GGB47687_SGB2286,GGB47687 SGB2286,ALL,sex[T.1],-0.3932967645178587,0.46587208814464776,188,0.8281541296437301
g__GGB47687|s__GGB47687_SGB2286,GGB47687 SGB2286,ALL,disease,-1.5758911141837257,0.012007465961308268,188,0.07896244594696397
g__GGB47687|s__GGB47687_SGB2286,GGB47687 SGB2286,ALL,ppi_use,-0.6881210898942507,0.31352639387665987,188,0.7079561956588999
g__GGB47687|s__GGB47687_SGB2286,GGB47687 SGB2286,ALL,age,0.012024967908212792,0.5676509582034212,188,0.8841965619631355
g__GGB47687|s__GGB47687_SGB2286,GGB47687 SGB2286,ALL,bmi,-0.056598382572730345,0.3960850888310288,188,0.7844666037415087
g__GGB47687|s__GGB47687_SGB2286,GGB47687 SGB2286,ALL,antibiotics_3m,0.1678709476344292,0.8615608994284041,188,0.9752676323593169
g__GGB47687|s__GGB47687_SGB2286,GGB47687 SGB2286,ALL,smoking,-0.5124321676214222,0.4681231061731397,188,0.8288375051517769
g__GGB4768|s__GGB4768_SGB6601,GGB4768 SGB6601,ALL,site[T.Oral],0.28839367856308173,0.5752835142782402,188,0.8875802791721421
g__GGB4768|s__GGB4768_SGB6601,GGB4768 SGB6601,ALL,sex[T.1],0.3964397447291572,0.3546253931068919,188,0.7439400751603673
g__GGB4768|s__GGB4768_SGB6601,GGB4768 SGB6601,ALL,disease,-1.2011445537538488,0.015785644063540036,188,0.09872180073590295
g__GGB4768|s__GGB4768_SGB6601,GGB4768 SGB6601,ALL,ppi_use,-0.36307523140694486,0.5025295539581934,188,0.8454781231363734
g__GGB4768|s__GGB4768_SGB6601,GGB4768 SGB6601,ALL,age,0.020296309976913497,0.2249816390899357,188,0.6199690309759955
g__GGB4768|s__GGB4768_SGB6601,GGB4768 SGB6601,ALL,bmi,-0.12856454826818237,0.015891942062683743,188,0.0988956033662241
g__GGB4768|s__GGB4768_SGB6601,GGB4768 SGB6601,ALL,antibiotics_3m,1.7294328283347966,0.024601415216703167,188,0.1395210776689949
g__GGB4768|s__GGB4768_SGB6601,GGB4768 SGB6601,ALL,smoking,0.05257101768425445,0.9252307298199317,188,0.9888202232323886
g__GGB4769|s__GGB4769_SGB6602,GGB4769 SGB6602,ALL,site[T.Oral],0.18158427648337458,0.6902977601782929,188,0.9182517207218585
g__GGB4769|s__GGB4769_SGB6602,GGB4769 SGB6602,ALL,sex[T.1],-0.34459511680721594,0.36355620085418094,188,0.7522961031676787
g__GGB4769|s__GGB4769_SGB6602,GGB4769 SGB6602,ALL,disease,-1.0505379925524032,0.01710486992255747,188,0.10487003218895496
g__GGB4769|s__GGB4769_SGB6602,GGB4769 SGB6602,ALL,ppi_use,-0.5271587075018055,0.2721293889788426,188,0.6667876481515226
g__GGB4769|s__GGB4769_SGB6602,GGB4769 SGB6602,ALL,age,0.026319634151204356,0.0762872597845582,188,0.31829810620362475
g__GGB4769|s__GGB4769_SGB6602,GGB4769 SGB6602,ALL,bmi,-0.035580339443012164,0.4477628693200283,188,0.8175020396948242
g__GGB4769|s__GGB4769_SGB6602,GGB4769 SGB6602,ALL,antibiotics_3m,1.2342351327751973,0.069404666002679,188,0.29845069239743127
g__GGB4769|s__GGB4769_SGB6602,GGB4769 SGB6602,ALL,smoking,-0.04331827766380757,0.9304156682151438,188,0.9888202232323886
g__GGB4964|s__GGB4964_SGB6927,GGB4964 SGB6927,ALL,site[T.Oral],6.329050818904481,1.5212229846404637e-31,188,9.492431424156493e-30
g__GGB4964|s__GGB4964_SGB6927,GGB4964 SGB6927,ALL,sex[T.1],0.032597750158230895,0.9293221489156367,188,0.9888202232323886
g__GGB4964|s__GGB4964_SGB6927,GGB4964 SGB6927,ALL,disease,0.6694908536885608,0.11562671352167964,188,0.4182354635654107
g__GGB4964|s__GGB4964_SGB6927,GGB4964 SGB6927,ALL,ppi_use,0.3302918771783081,0.4777498681568605,188,0.8296238920667696
g__GGB4964|s__GGB4964_SGB6927,GGB4964 SGB6927,ALL,age,-0.023728271528331735,0.09929826558137723,188,0.3809146581318405
g__GGB4964|s__GGB4964_SGB6927,GGB4964 SGB6927,ALL,bmi,-0.0003809653650291142,0.9933096690002274,188,0.9963121042439106
g__GGB4964|s__GGB4964_SGB6927,GGB4964 SGB6927,ALL,antibiotics_3m,-0.42778550117478453,0.5148351237667748,188,0.8526527041633015
g__GGB4964|s__GGB4964_SGB6927,GGB4964 SGB6927,ALL,smoking,0.40139343097855484,0.40471625332946215,188,0.7866075147223898
g__GGB51647|s__GGB51647_SGB4348,GGB51647 SGB4348,ALL,site[T.Oral],-1.0748264274049661,0.1062001397272413,188,0.39974529806178766
g__GGB51647|s__GGB51647_SGB4348,GGB51647 SGB4348,ALL,sex[T.1],-0.2803320675347847,0.6111340047165104,188,0.9039880685168755
g__GGB51647|s__GGB51647_SGB4348,GGB51647 SGB4348,ALL,disease,-0.007921119307304431,0.9900614341471194,188,0.9963121042439106
g__GGB51647|s__GGB51647_SGB4348,GGB51647 SGB4348,ALL,ppi_use,-0.32292205985286976,0.6433522166434078,188,0.9143242209408174
g__GGB51647|s__GGB51647_SGB4348,GGB51647 SGB4348,ALL,age,-0.008921531539589354,0.6783452477469507,188,0.9182517207218585
g__GGB51647|s__GGB51647_SGB4348,GGB51647 SGB4348,ALL,bmi,0.03150104366306407,0.6439379115420848,188,0.9143242209408174
g__GGB51647|s__GGB51647_SGB4348,GGB51647 SGB4348,ALL,antibiotics_3m,0.5667985130483278,0.5649344102594402,188,0.8827689616074057
g__GGB51647|s__GGB51647_SGB4348,GGB51647 SGB4348,ALL,smoking,0.23779723605723652,0.7418300614154947,188,0.9353001927554273
g__GGB6518|s__GGB6518_SGB9205,GGB6518 SGB9205,ALL,site[T.Oral],0.04412121467668299,0.9284779322044326,188,0.9888202232323886
g__GGB6518|s__GGB6518_SGB9205,GGB6518 SGB9205,ALL,sex[T.1],-0.5090512250628493,0.21390168683063857,188,0.6027482020309496
g__GGB6518|s__GGB6518_SGB9205,GGB6518 SGB9205,ALL,disease,-1.366541503918143,0.004172016650780421,188,0.031156975413275056
g__GGB6518|s__GGB6518_SGB9205,GGB6518 SGB9205,ALL,ppi_use,-0.30697192310513066,0.5528708679516551,188,0.8734939755989003
g__GGB6518|s__GGB6518_SGB9205,GGB6518 SGB9205,ALL,age,0.03322030275685757,0.038396984845163504,188,0.19391858533312792
g__GGB6518|s__GGB6518_SGB9205,GGB6518 SGB9205,ALL,bmi,-0.060912625306599306,0.22889491167004883,188,0.6246228493386755
g__GGB6518|s__GGB6518_SGB9205,GGB6518 SGB9205,ALL,antibiotics_3m,0.3584066962189454,0.6235325761993654,188,0.9084622504373384
g__GGB6518|s__GGB6518_SGB9205,GGB6518 SGB9205,ALL,smoking,-0.3364194447532573,0.5298286759197401,188,0.8591672372021686
g__GGB6612|s__GGB6612_SGB9346,GGB6612 SGB9346,ALL,site[T.Oral],-0.9315905885620462,0.19108135821132488,188,0.5732440746339746
g__GGB6612|s__GGB6612_SGB9346,GGB6612 SGB9346,ALL,sex[T.1],-0.49669803388556166,0.40114628399753516,188,0.7866075147223898
g__GGB6612|s__GGB6612_SGB9346,GGB6612 SGB9346,ALL,disease,-0.8906893821469163,0.19255832571246845,188,0.5739955186843008
g__GGB6612|s__GGB6612_SGB9346,GGB6612 SGB9346,ALL,ppi_use,-0.13057729846238456,0.8613644721819392,188,0.9752676323593169
g__GGB6612|s__GGB6612_SGB9346,GGB6612 SGB9346,ALL,age,0.014387476393077065,0.5329624754909745,188,0.8605857568594919
g__GGB6612|s__GGB6612_SGB9346,GGB6612 SGB9346,ALL,bmi,-0.10292590845408932,0.16007784153900667,188,0.5137126617617493
g__GGB6612|s__GGB6612_SGB9346,GGB6612 SGB9346,ALL,antibiotics_3m,-0.5800851450165531,0.5828025879831114,188,0.8913451345624056
g__GGB6612|s__GGB6612_SGB9346,GGB6612 SGB9346,ALL,smoking,-0.17576229129109017,0.8203624428910633,188,0.9592874833327049
g__GGB77437|s__GGB77437_SGB9391,GGB77437 SGB9391,ALL,site[T.Oral],-0.8390724132918017,0.08229063193380956,188,0.3348870934349815
g__GGB77437|s__GGB77437_SGB9391,GGB77437 SGB9391,ALL,sex[T.1],-0.2840484387818385,0.47772450417888435,188,0.8296238920667696
g__GGB77437|s__GGB77437_SGB9391,GGB77437 SGB9391,ALL,disease,-0.6061679726209375,0.18989019844504187,188,0.5715023335837917
g__GGB77437|s__GGB77437_SGB9391,GGB77437 SGB9391,ALL,ppi_use,-0.29167053914123003,0.5643348198540162,188,0.8827689616074057
g__GGB77437|s__GGB77437_SGB9391,GGB77437 SGB9391,ALL,age,0.0362363471671179,0.021145228308695384,188,0.12318630931704697
g__GGB77437|s__GGB77437_SGB9391,GGB77437 SGB9391,ALL,bmi,0.035885008130896706,0.468139701983874,188,0.8288375051517769
g__GGB77437|s__GGB77437_SGB9391,GGB77437 SGB9391,ALL,antibiotics_3m,-0.6321000721023322,0.37657299143377065,188,0.7656753746237844
g__GGB77437|s__GGB77437_SGB9391,GGB77437 SGB9391,ALL,smoking,-0.18306966271907063,0.7266333741415898,188,0.9324272694692913
g__GGB79630|s__GGB79630_SGB13983,GGB79630 SGB13983,ALL,site[T.Oral],-0.6102384440787326,0.2196809419071738,188,0.6131849750251929
g__GGB79630|s__GGB79630_SGB13983,GGB79630 SGB13983,ALL,sex[T.1],-0.35531963703513014,0.3895243247996911,188,0.7818329549946623
g__GGB79630|s__GGB79630_SGB13983,GGB79630 SGB13983,ALL,disease,-2.9388316770590626,4.138804342221694e-09,188,5.929470710693121e-08
g__GGB79630|s__GGB79630_SGB13983,GGB79630 SGB13983,ALL,ppi_use,-0.43980328805460633,0.3998101558570766,188,0.7866075147223898
g__GGB79630|s__GGB79630_SGB13983,GGB79630 SGB13983,ALL,age,-0.007486395058033639,0.6419731660572847,188,0.9143242209408174
g__GGB79630|s__GGB79630_SGB13983,GGB79630 SGB13983,ALL,bmi,-0.10132356426493079,0.04814714152318011,188,0.2299271656413091
g__GGB79630|s__GGB79630_SGB13983,GGB79630 SGB13983,ALL,antibiotics_3m,-0.3550793940735887,0.629954890744001,188,0.9109207001240979
g__GGB79630|s__GGB79630_SGB13983,GGB79630 SGB13983,ALL,smoking,-0.3714585181542171,0.4919585044309289,188,0.8387489255871574
g__GGB79734|s__GGB79734_SGB15291,GGB79734 SGB15291,ALL,site[T.Oral],-2.7552687544339314,7.714215115157366e-08,188,9.982265457770452e-07
g__GGB79734|s__GGB79734_SGB15291,GGB79734 SGB15291,ALL,sex[T.1],0.6867763212450919,0.0945582804073459,188,0.367755749839096
g__GGB79734|s__GGB79734_SGB15291,GGB79734 SGB15291,ALL,disease,-1.1421765229685883,0.01640492417871258,188,0.10117028695295352
g__GGB79734|s__GGB79734_SGB15291,GGB79734 SGB15291,ALL,ppi_use,0.22964175007554566,0.657398510805866,188,0.9143242209408174
g__GGB79734|s__GGB79734_SGB15291,GGB79734 SGB15291,ALL,age,-0.005369800354421446,0.7366881689442806,188,0.9349679276632936
g__GGB79734|s__GGB79734_SGB15291,GGB79734 SGB15291,ALL,bmi,0.03848787948444318,0.4471141598352931,188,0.8168487708636974
g__GGB79734|s__GGB79734_SGB15291,GGB79734 SGB15291,ALL,antibiotics_3m,0.5226851309307575,0.4748094916988327,188,0.8296238920667696
g__GGB79734|s__GGB79734_SGB15291,GGB79734 SGB15291,ALL,smoking,0.1071004561562876,0.8415882664196145,188,0.9663520116558232
g__GGB79977|s__GGB79977_SGB1466,GGB79977 SGB1466,ALL,site[T.Oral],2.115498954932731,3.683233738445745e-12,188,6.193125950632127e-11
g__GGB79977|s__GGB79977_SGB1466,GGB79977 SGB1466,ALL,sex[T.1],-0.05437032181911377,0.8179706261728119,188,0.9578238191381384
g__GGB79977|s__GGB79977_SGB1466,GGB79977 SGB1466,ALL,disease,0.4458022337477548,0.10317954924958167,188,0.39205436304847807
g__GGB79977|s__GGB79977_SGB1466,GGB79977 SGB1466,ALL,ppi_use,-0.1182581896630308,0.6923568337258408,188,0.9182517207218585
g__GGB79977|s__GGB79977_SGB1466,GGB79977 SGB1466,ALL,age,-0.026171339529431792,0.0049855010908234415,188,0.036840229113242695
g__GGB79977|s__GGB79977_SGB1466,GGB79977 SGB1466,ALL,bmi,0.01601013418744318,0.5836730058348856,188,0.8918329879824617
g__GGB79977|s__GGB79977_SGB1466,GGB79977 SGB1466,ALL,antibiotics_3m,-0.37722684319141486,0.37179096628416053,188,0.7603707453211381
g__GGB79977|s__GGB79977_SGB1466,GGB79977 SGB1466,ALL,smoking,-0.36687179980431245,0.23653308405473533,188,0.6337642175817718
g__GGB80011|s__GGB80011_SGB15265,GGB80011 SGB15265,ALL,site[T.Oral],-2.490827134338675,0.0001309947165498374,188,0.0012906426809541874
g__GGB80011|s__GGB80011_SGB15265,GGB80011 SGB15265,ALL,sex[T.1],-0.6407459858757879,0.22800441409027697,188,0.6234044739683522
g__GGB80011|s__GGB80011_SGB15265,GGB80011 SGB15265,ALL,disease,-0.23216313623488402,0.704487733636396,188,0.9215590097277504
g__GGB80011|s__GGB80011_SGB15265,GGB80011 SGB15265,ALL,ppi_use,0.9954590428475014,0.13915188811282195,188,0.4724770275946844
g__GGB80011|s__GGB80011_SGB15265,GGB80011 SGB15265,ALL,age,-0.038181793824603474,0.06636556725881562,188,0.28982039325467224
g__GGB80011|s__GGB80011_SGB15265,GGB80011 SGB15265,ALL,bmi,0.10203138418632064,0.12096426140104927,188,0.4326976382345813
g__GGB80011|s__GGB80011_SGB15265,GGB80011 SGB15265,ALL,antibiotics_3m,0.838517385797057,0.3766334579951012,188,0.7656753746237844
g__GGB80011|s__GGB80011_SGB15265,GGB80011 SGB15265,ALL,smoking,-0.594675759801965,0.3924133694544052,188,0.7823610185092632
g__GGB80011|s__GGB80011_SGB15267,GGB80011 SGB15267,ALL,site[T.Oral],-0.07621919867208868,0.8844373556961445,188,0.9792429777759343
g__GGB80011|s__GGB80011_SGB15267,GGB80011 SGB15267,ALL,sex[T.1],-0.023256528509423856,0.9574590418533906,188,0.9920724544925161
g__GGB80011|s__GGB80011_SGB15267,GGB80011 SGB15267,ALL,disease,-0.362243829301794,0.47177533202428856,188,0.8296238920667696
g__GGB80011|s__GGB80011_SGB15267,GGB80011 SGB15267,ALL,ppi_use,-0.280761399872883,0.6108471986894433,188,0.9039880685168755
g__GGB80011|s__GGB80011_SGB15267,GGB80011 SGB15267,ALL,age,0.024416496278494973,0.15241827446714723,188,0.5011598532830789
g__GGB80011|s__GGB80011_SGB15267,GGB80011 SGB15267,ALL,bmi,-0.04526006071322399,0.40152056004549463,188,0.7866075147223898
g__GGB80011|s__GGB80011_SGB15267,GGB80011 SGB15267,ALL,antibiotics_3m,-0.11430183713542756,0.8833043622374023,188,0.9792429777759343
g__GGB80011|s__GGB80011_SGB15267,GGB80011 SGB15267,ALL,smoking,-0.24232535943968364,0.6713239065339799,188,0.9170548288563516
g__GGB80140|s__GGB80140_SGB15224,GGB80140 SGB15224,ALL,site[T.Oral],-1.2831963833994908,0.014501012062641039,188,0.09317812785330902
g__GGB80140|s__GGB80140_SGB15224,GGB80140 SGB15224,ALL,sex[T.1],-0.012190948343554648,0.977527258445106,188,0.99416485489886
g__GGB80140|s__GGB80140_SGB15224,GGB80140 SGB15224,ALL,disease,-3.5365291913484005,2.9515783431418595e-11,188,4.709109083830876e-10
g__GGB80140|s__GGB80140_SGB15224,GGB80140 SGB15224,ALL,ppi_use,0.3261961732169165,0.5515000298418091,188,0.8733082955421227
g__GGB80140|s__GGB80140_SGB15224,GGB80140 SGB15224,ALL,age,0.0106953107947003,0.5267643793346344,188,0.8591672372021686
g__GGB80140|s__GGB80140_SGB15224,GGB80140 SGB15224,ALL,bmi,-0.02711302462535477,0.6124430769636617,188,0.9039880685168755
g__GGB80140|s__GGB80140_SGB15224,GGB80140 SGB15224,ALL,antibiotics_3m,-0.4998411708686823,0.5181024113920865,188,0.8562869753908057
g__GGB80140|s__GGB80140_SGB15224,GGB80140 SGB15224,ALL,smoking,-0.01709959720386439,0.9759296688512387,188,0.9939499763344429
g__GGB9062|s__GGB9062_SGB13981,GGB9062 SGB13981,ALL,site[T.Oral],-0.107475915368049,0.8092810929472778,188,0.9546747583220461
g__GGB9062|s__GGB9062_SGB13981,GGB9062 SGB13981,ALL,sex[T.1],-0.10792416982493146,0.7706773524530153,188,0.9458320232957622
g__GGB9062|s__GGB9062_SGB13981,GGB9062 SGB13981,ALL,disease,-2.578573302236949,8.471481912000136e-09,188,1.189396060444819e-07
g__GGB9062|s__GGB9062_SGB13981,GGB9062 SGB13981,ALL,ppi_use,-0.39140422118462076,0.40375837147438565,188,0.7866075147223898
g__GGB9062|s__GGB9062_SGB13981,GGB9062 SGB13981,ALL,age,-0.007332210067512848,0.6119002172048704,188,0.9039880685168755
g__GGB9062|s__GGB9062_SGB13981,GGB9062 SGB13981,ALL,bmi,-0.06705224556468212,0.1440917932500738,188,0.4822523902815342
g__GGB9062|s__GGB9062_SGB13981,GGB9062 SGB13981,ALL,antibiotics_3m,1.282247093766251,0.05371442339055977,188,0.2480758238169274
g__GGB9062|s__GGB9062_SGB13981,GGB9062 SGB13981,ALL,smoking,-0.3823976534194086,0.43064093056048003,188,0.807236136858363
g__GGB9063|s__GGB9063_SGB13982,GGB9063 SGB13982,ALL,site[T.Oral],-0.43208796193032506,0.4083949853122202,188,0.7890931669223774
g__GGB9063|s__GGB9063_SGB13982,GGB9063 SGB13982,ALL,sex[T.1],-0.05989023380654767,0.8902792979314041,188,0.9799497593165543
g__GGB9063|s__GGB9063_SGB13982,GGB9063 SGB13982,ALL,disease,-2.6808481825116806,2.5455226267647435e-07,188,3.190994435694375e-06
g__GGB9063|s__GGB9063_SGB13982,GGB9063 SGB13982,ALL,ppi_use,-0.4849510171442627,0.37774589513274826,188,0.7656922800708262
g__GGB9063|s__GGB9063_SGB13982,GGB9063 SGB13982,ALL,age,0.006549577978955915,0.6991013738119567,188,0.9186133166420095
g__GGB9063|s__GGB9063_SGB13982,GGB9063 SGB13982,ALL,bmi,-0.011705752943096587,0.8273542635235922,188,0.9608792640332098
g__GGB9063|s__GGB9063_SGB13982,GGB9063 SGB13982,ALL,antibiotics_3m,0.15460930237527687,0.8419614210528629,188,0.9663520116558232
g__GGB9063|s__GGB9063_SGB13982,GGB9063 SGB13982,ALL,smoking,-0.19659206473528112,0.7295323631424753,188,0.9336950208313903
g__GGB9092|s__GGB9092_SGB14022,GGB9092 SGB14022,ALL,site[T.Oral],0.3486115767551497,0.4570856146643262,188,0.8228222595511439
g__GGB9092|s__GGB9092_SGB14022,GGB9092 SGB14022,ALL,sex[T.1],0.2359864414689896,0.5447610461596447,188,0.8688208562264884
g__GGB9092|s__GGB9092_SGB14022,GGB9092 SGB14022,ALL,disease,-1.5400680405181713,0.0007438674881206443,188,0.006446851563712251
g__GGB9092|s__GGB9092_SGB14022,GGB9092 SGB14022,ALL,ppi_use,-0.5101461514745599,0.3011819624737489,188,0.7000984690614958
g__GGB9092|s__GGB9092_SGB14022,GGB9092 SGB14022,ALL,age,0.0004218725865532748,0.977854113214019,188,0.99416485489886
g__GGB9092|s__GGB9092_SGB14022,GGB9092 SGB14022,ALL,bmi,-0.04074559772054658,0.3978613794317397,188,0.7862032043943176
g__GGB9092|s__GGB9092_SGB14022,GGB9092 SGB14022,ALL,antibiotics_3m,-0.4439838261696127,0.5235277305984187,188,0.8586833338319858
g__GGB9092|s__GGB9092_SGB14022,GGB9092 SGB14022,ALL,smoking,0.22254973618754537,0.6626518419796292,188,0.9152286238329983
g__GGB9101|s__GGB9101_SGB14033,GGB9101 SGB14033,ALL,site[T.Oral],0.3065958552018139,0.4402131109576751,188,0.8111013225519368
g__GGB9101|s__GGB9101_SGB14033,GGB9101 SGB14033,ALL,sex[T.1],-0.6462617709872784,0.051412273341565166,188,0.24181853189801503
g__GGB9101|s__GGB9101_SGB14033,GGB9101 SGB14033,ALL,disease,-0.5267475258392056,0.16765242516518838,188,0.5319412540834452
g__GGB9101|s__GGB9101_SGB14033,GGB9101 SGB14033,ALL,ppi_use,-0.6006004157385838,0.15140926969353152,188,0.5010154916562716
g__GGB9101|s__GGB9101_SGB14033,GGB9101 SGB14033,ALL,age,0.02936132865962281,0.023587559023209494,188,0.13517115456565768
g__GGB9101|s__GGB9101_SGB14033,GGB9101 SGB14033,ALL,bmi,-0.05471908780362276,0.18090872605751596,188,0.5588467577222275
g__GGB9101|s__GGB9101_SGB14033,GGB9101 SGB14033,ALL,antibiotics_3m,0.10331133434984693,0.860861106481362,188,0.9752676323593169
g__GGB9101|s__GGB9101_SGB14033,GGB9101 SGB14033,ALL,smoking,-0.11515703453500781,0.7898858490059812,188,0.9520934754399919
g__GGB9109|s__GGB9109_SGB14042,GGB9109 SGB14042,ALL,site[T.Oral],0.025559835072340567,0.9644731342281778,188,0.9939499763344429
g__GGB9109|s__GGB9109_SGB14042,GGB9109 SGB14042,ALL,sex[T.1],-0.338088857419621,0.4788709770182086,188,0.8296238920667696
g__GGB9109|s__GGB9109_SGB14042,GGB9109 SGB14042,ALL,disease,-2.2449076676059225,6.674542793677576e-05,188,0.000694152450542468
g__GGB9109|s__GGB9109_SGB14042,GGB9109 SGB14042,ALL,ppi_use,-0.0924596835526209,0.8782538224938481,188,0.9792429777759343
g__GGB9109|s__GGB9109_SGB14042,GGB9109 SGB14042,ALL,age,0.022872683221153253,0.22022186181789472,188,0.6140843972042188
g__GGB9109|s__GGB9109_SGB14042,GGB9109 SGB14042,ALL,bmi,-0.15706912120258865,0.008361698148352794,188,0.058117941585580805
g__GGB9109|s__GGB9109_SGB14042,GGB9109 SGB14042,ALL,antibiotics_3m,1.0042980324538575,0.2394910257426318,188,0.634780613663392
g__GGB9109|s__GGB9109_SGB14042,GGB9109 SGB14042,ALL,smoking,0.22304044759781042,0.7211503846864857,188,0.9291098080327714
g__GGB9110|s__GGB9110_SGB14043,GGB9110 SGB14043,ALL,site[T.Oral],0.3019586071368438,0.5092065803804003,188,0.8480854529447989
g__GGB9110|s__GGB9110_SGB14043,GGB9110 SGB14043,ALL,sex[T.1],-0.025611060320464514,0.9462815584183006,188,0.9897345547110037
g__GGB9110|s__GGB9110_SGB14043,GGB9110 SGB14043,ALL,disease,-0.9287179050714746,0.03533699522187184,188,0.1824012547481914
g__GGB9110|s__GGB9110_SGB14043,GGB9110 SGB14043,ALL,ppi_use,-0.5436543099647754,0.25908057990845085,188,0.6573992445455333
g__GGB9110|s__GGB9110_SGB14043,GGB9110 SGB14043,ALL,age,0.018513441777045253,0.21297752619245727,188,0.6022566903810876
g__GGB9110|s__GGB9110_SGB14043,GGB9110 SGB14043,ALL,bmi,-0.03654922147622504,0.4370801650058701,188,0.8090448934320917
g__GGB9110|s__GGB9110_SGB14043,GGB9110 SGB14043,ALL,antibiotics_3m,0.9290301164380248,0.17230010139519059,188,0.5417902404453474
g__GGB9110|s__GGB9110_SGB14043,GGB9110 SGB14043,ALL,smoking,-0.5728081201234717,0.250709040244504,188,0.6500378439580492
g__GGB9117|s__GGB9117_SGB14050,GGB9117 SGB14050,ALL,site[T.Oral],0.2968343500632636,0.524273283412131,188,0.8591672372021686
g__GGB9117|s__GGB9117_SGB14050,GGB9117 SGB14050,ALL,sex[T.1],-0.19833129715056422,0.6087701545330557,188,0.9039880685168755
g__GGB9117|s__GGB9117_SGB14050,GGB9117 SGB14050,ALL,disease,-1.3332430728336806,0.003209249763184686,188,0.024757069601710435
g__GGB9117|s__GGB9117_SGB14050,GGB9117 SGB14050,ALL,ppi_use,-0.015581546442921286,0.9746333774464595,188,0.9939499763344429
g__GGB9117|s__GGB9117_SGB14050,GGB9117 SGB14050,ALL,age,-0.015125257537652396,0.31767353030945655,188,0.7108949685835698
g__GGB9117|s__GGB9117_SGB14050,GGB9117 SGB14050,ALL,bmi,-0.029952523911953084,0.5318700517034414,188,0.8597511305649733
g__GGB9117|s__GGB9117_SGB14050,GGB9117 SGB14050,ALL,antibiotics_3m,0.8359195829432092,0.22789466674052955,188,0.6234044739683522
g__GGB9117|s__GGB9117_SGB14050,GGB9117 SGB14050,ALL,smoking,-0.4783497324419532,0.34626503593767755,188,0.7366001673583322
g__GGB9176|s__GGB9176_SGB14114,GGB9176 SGB14114,ALL,site[T.Oral],0.02482122003133048,0.9662566658716402,188,0.9939499763344429
g__GGB9176|s__GGB9176_SGB14114,GGB9176 SGB14114,ALL,sex[T.1],-0.2235395205806546,0.646881384552516,188,0.9143242209408174
g__GGB9176|s__GGB9176_SGB14114,GGB9176 SGB14114,ALL,disease,-1.5518514786173931,0.006363730269475237,188,0.04558508825685323
g__GGB9176|s__GGB9176_SGB14114,GGB9176 SGB14114,ALL,ppi_use,-0.7282500824056437,0.23888728630479464,188,0.634780613663392
g__GGB9176|s__GGB9176_SGB14114,GGB9176 SGB14114,ALL,age,0.023815636066364644,0.21190770134634407,188,0.6004407925131525
g__GGB9176|s__GGB9176_SGB14114,GGB9176 SGB14114,ALL,bmi,-0.02702960353259344,0.6541012869000569,188,0.9143242209408174
g__GGB9176|s__GGB9176_SGB14114,GGB9176 SGB14114,ALL,antibiotics_3m,-0.49343444965214656,0.5713473173034191,188,0.8854868153289805
g__GGB9176|s__GGB9176_SGB14114,GGB9176 SGB14114,ALL,smoking,-0.4112565441059428,0.5199658076449694,188,0.8578519317667885
g__GGB9261|s__GGB9261_SGB14209,GGB9261 SGB14209,ALL,site[T.Oral],-0.2512249135211509,0.695861124994481,188,0.9182517207218585
g__GGB9261|s__GGB9261_SGB14209,GGB9261 SGB14209,ALL,sex[T.1],-0.7148496178176424,0.18193935737839553,188,0.5614128741961919
g__GGB9261|s__GGB9261_SGB14209,GGB9261 SGB14209,ALL,disease,-2.4500682944889705,9.98082709433674e-05,188,0.0010117748188049663
g__GGB9261|s__GGB9261_SGB14209,GGB9261 SGB14209,ALL,ppi_use,-0.3956211753953488,0.5584609470523721,188,0.8781048976002691
g__GGB9261|s__GGB9261_SGB14209,GGB9261 SGB14209,ALL,age,0.01523490219103578,0.46521984548392725,188,0.8281541296437301
g__GGB9261|s__GGB9261_SGB14209,GGB9261 SGB14209,ALL,bmi,0.046685352708430945,0.47992712590315756,188,0.8296238920667696
g__GGB9261|s__GGB9261_SGB14209,GGB9261 SGB14209,ALL,antibiotics_3m,0.6541366388952666,0.4932620582573767,188,0.8393815473738209
g__GGB9261|s__GGB9261_SGB14209,GGB9261 SGB14209,ALL,smoking,-0.3099113535591566,0.6578478302671611,188,0.9143242209408174
g__GGB9293|s__GGB9293_SGB14250,GGB9293 SGB14250,ALL,site[T.Oral],-0.15802159812491598,0.6990945456774968,188,0.9186133166420095
g__GGB9293|s__GGB9293_SGB14250,GGB9293 SGB14250,ALL,sex[T.1],-0.36791200616237246,0.27974480059332346,188,0.6754837167052817
g__GGB9293|s__GGB9293_SGB14250,GGB9293 SGB14250,ALL,disease,-0.6705984615538111,0.08849326479624049,188,0.3513246315587025
g__GGB9293|s__GGB9293_SGB14250,GGB9293 SGB14250,ALL,ppi_use,0.3380386637553372,0.43206886919346654,188,0.8080694124038
g__GGB9293|s__GGB9293_SGB14250,GGB9293 SGB14250,ALL,age,0.010185430737405635,0.4428080409536428,188,0.8125110862086803
g__GGB9293|s__GGB9293_SGB14250,GGB9293 SGB14250,ALL,bmi,0.0033556559908795133,0.9363352637517716,188,0.9888202232323886
g__GGB9293|s__GGB9293_SGB14250,GGB9293 SGB14250,ALL,antibiotics_3m,-0.04616462201661918,0.9393712912553394,188,0.9888202232323886
g__GGB9293|s__GGB9293_SGB14250,GGB9293 SGB14250,ALL,smoking,-0.7797409836746322,0.08102889069860963,188,0.33167510944853623
g__GGB9296|s__GGB9296_SGB14253,GGB9296 SGB14253,ALL,site[T.Oral],-0.35449716771714823,0.41789924740022644,188,0.7959103197931426
g__GGB9296|s__GGB9296_SGB14253,GGB9296 SGB14253,ALL,sex[T.1],-0.09348057845585804,0.797071529332739,188,0.9520934754399919
g__GGB9296|s__GGB9296_SGB14253,GGB9296 SGB14253,ALL,disease,-1.5370903857476859,0.00031990563022922454,188,0.002964669998955982
g__GGB9296|s__GGB9296_SGB14253,GGB9296 SGB14253,ALL,ppi_use,0.05258363157531056,0.9089634085366577,188,0.9882689241604238
g__GGB9296|s__GGB9296_SGB14253,GGB9296 SGB14253,ALL,age,0.01987942271752735,0.16222927888512612,188,0.51942966375078
g__GGB9296|s__GGB9296_SGB14253,GGB9296 SGB14253,ALL,bmi,-0.02817797971093925,0.5308600984849582,188,0.8591672372021686
g__GGB9296|s__GGB9296_SGB14253,GGB9296 SGB14253,ALL,antibiotics_3m,-0.27780100159305965,0.6688181722385974,188,0.9170124158427644
g__GGB9296|s__GGB9296_SGB14253,GGB9296 SGB14253,ALL,smoking,-0.004622760866354795,0.9922516828647376,188,0.9963121042439106
g__GGB9302|s__GGB9302_SGB14263,GGB9302 SGB14263,ALL,site[T.Oral],-0.1651151705099964,0.6803173589522225,188,0.9182517207218585
g__GGB9302|s__GGB9302_SGB14263,GGB9302 SGB14263,ALL,sex[T.1],-0.4763129706004004,0.15390817418520034,188,0.5039334708604553
g__GGB9302|s__GGB9302_SGB14263,GGB9302 SGB14263,ALL,disease,-1.0094087836491128,0.009280255435479274,188,0.06418462380006354
g__GGB9302|s__GGB9302_SGB14263,GGB9302 SGB14263,ALL,ppi_use,1.0839850824444692,0.010802184524862849,188,0.07201266205963915
g__GGB9302|s__GGB9302_SGB14263,GGB9302 SGB14263,ALL,age,0.0035348249013164826,0.7856886742188364,188,0.9513642937501046
g__GGB9302|s__GGB9302_SGB14263,GGB9302 SGB14263,ALL,bmi,0.011930120021751594,0.7720635112707182,188,0.9460156893907191
g__GGB9302|s__GGB9302_SGB14263,GGB9302 SGB14263,ALL,antibiotics_3m,1.2255627604543629,0.04057158110174753,188,0.20235346311493263
g__GGB9302|s__GGB9302_SGB14263,GGB9302 SGB14263,ALL,smoking,-0.3418438520236283,0.4336253905011649,188,0.8086680073463639
g__GGB9342|s__GGB9342_SGB14306,GGB9342 SGB14306,ALL,site[T.Oral],-0.8344829982860588,0.1298943888568615,188,0.45085716181714103
g__GGB9342|s__GGB9342_SGB14306,GGB9342 SGB14306,ALL,sex[T.1],-0.3326897485645675,0.4665972085397647,188,0.8285296061155037
g__GGB9342|s__GGB9342_SGB14306,GGB9342 SGB14306,ALL,disease,-1.878762650342874,0.00045696017165996284,188,0.004086446375863617
g__GGB9342|s__GGB9342_SGB14306,GGB9342 SGB14306,ALL,ppi_use,0.16727201267535613,0.772175199459946,188,0.9460156893907191
g__GGB9342|s__GGB9342_SGB14306,GGB9342 SGB14306,ALL,age,0.0019609481727408855,0.9123729070093899,188,0.9888202232323886
g__GGB9342|s__GGB9342_SGB14306,GGB9342 SGB14306,ALL,bmi,-0.007657252234543763,0.892105432847493,188,0.9799497593165543
g__GGB9342|s__GGB9342_SGB14306,GGB9342 SGB14306,ALL,antibiotics_3m,0.27337768298836257,0.7375192164438018,188,0.9349679276632936
g__GGB9342|s__GGB9342_SGB14306,GGB9342 SGB14306,ALL,smoking,-1.1378324207799506,0.058322402641709334,188,0.2649988780225239
g__GGB9345|s__GGB9345_SGB14311,GGB9345 SGB14311,ALL,site[T.Oral],-0.8217143317246135,0.1112195224094963,188,0.4109268670077179
g__GGB9345|s__GGB9345_SGB14311,GGB9345 SGB14311,ALL,sex[T.1],-0.7631060928428824,0.07548889971646607,188,0.3176061718150286
g__GGB9345|s__GGB9345_SGB14311,GGB9345 SGB14311,ALL,disease,-1.8603283859188648,0.00021541188193910228,188,0.002071495083852737
g__GGB9345|s__GGB9345_SGB14311,GGB9345 SGB14311,ALL,ppi_use,-0.24490074203351442,0.6506962676713857,188,0.9143242209408174
g__GGB9345|s__GGB9345_SGB14311,GGB9345 SGB14311,ALL,age,0.035041178157378707,0.03678862295049239,188,0.18714212544380915
g__GGB9345|s__GGB9345_SGB14311,GGB9345 SGB14311,ALL,bmi,-0.020606237533057046,0.6966140134333068,188,0.9182517207218585
g__GGB9345|s__GGB9345_SGB14311,GGB9345 SGB14311,ALL,antibiotics_3m,0.9225151194763647,0.22783123466092028,188,0.6234044739683522
g__GGB9345|s__GGB9345_SGB14311,GGB9345 SGB14311,ALL,smoking,-0.9185473609741927,0.10205942845687752,188,0.3888505768072077
g__GGB9453|s__GGB9453_SGB14844,GGB9453 SGB14844,ALL,site[T.Oral],-1.3040004705371053,0.01044733349404857,188,0.07035038957143498
g__GGB9453|s__GGB9453_SGB14844,GGB9453 SGB14844,ALL,sex[T.1],-0.25908614598337393,0.5370684876668025,188,0.8642339904689865
g__GGB9453|s__GGB9453_SGB14844,GGB9453 SGB14844,ALL,disease,0.2475073427342655,0.6092443558872556,188,0.9039880685168755
g__GGB9453|s__GGB9453_SGB14844,GGB9453 SGB14844,ALL,ppi_use,-0.2768387282485732,0.6020607538727893,188,0.9009608178926797
g__GGB9453|s__GGB9453_SGB14844,GGB9453 SGB14844,ALL,age,-0.012096056521016004,0.4603170157352281,188,0.8248692917578305
g__GGB9453|s__GGB9453_SGB14844,GGB9453 SGB14844,ALL,bmi,-0.02015841948363322,0.6975657865670031,188,0.9182517207218585
g__GGB9453|s__GGB9453_SGB14844,GGB9453 SGB14844,ALL,antibiotics_3m,-0.007251988765903337,0.9922777814644062,188,0.9963121042439106
g__GGB9453|s__GGB9453_SGB14844,GGB9453 SGB14844,ALL,smoking,-0.7113529832645598,0.19641542346909188,188,0.5829366153936066
g__GGB9522|s__GGB9522_SGB14921,GGB9522 SGB14921,ALL,site[T.Oral],-0.867508689262671,0.0277161360568279,188,0.15380812262366153
g__GGB9522|s__GGB9522_SGB14921,GGB9522 SGB14921,ALL,sex[T.1],-0.24302944932685636,0.4555502661618902,188,0.8226271044261014
g__GGB9522|s__GGB9522_SGB14921,GGB9522 SGB14921,ALL,disease,-0.7729735913039466,0.04070526342310544,188,0.20266024768099303
g__GGB9522|s__GGB9522_SGB14921,GGB9522 SGB14921,ALL,ppi_use,1.1016958812176905,0.008055437963067335,188,0.05612821290395304
g__GGB9522|s__GGB9522_SGB14921,GGB9522 SGB14921,ALL,age,0.0011258409315125775,0.9293584243885269,188,0.9888202232323886
g__GGB9522|s__GGB9522_SGB14921,GGB9522 SGB14921,ALL,bmi,-0.0247644261707022,0.5384125341637132,188,0.8649098374895346
g__GGB9522|s__GGB9522_SGB14921,GGB9522 SGB14921,ALL,antibiotics_3m,-0.2347940876857993,0.6863223132994587,188,0.9182517207218585
g__GGB9522|s__GGB9522_SGB14921,GGB9522 SGB14921,ALL,smoking,-0.13324438422429988,0.7545746809515553,188,0.9371949716057059
g__GGB9524|s__GGB9524_SGB14924,GGB9524 SGB14924,ALL,site[T.Oral],-0.9206238925116613,0.05359912561251098,188,0.2480758238169274
g__GGB9524|s__GGB9524_SGB14924,GGB9524 SGB14924,ALL,sex[T.1],-0.2832640426517432,0.4730744084742866,188,0.8296238920667696
g__GGB9524|s__GGB9524_SGB14924,GGB9524 SGB14924,ALL,disease,-0.38493278547225035,0.39821926851669753,188,0.786357036564618
g__GGB9524|s__GGB9524_SGB14924,GGB9524 SGB14924,ALL,ppi_use,0.7812232564768391,0.1187628525376158,188,0.4269988347319144
g__GGB9524|s__GGB9524_SGB14924,GGB9524 SGB14924,ALL,age,-0.02743667863401241,0.0760083146224,188,0.3176061718150286
g__GGB9524|s__GGB9524_SGB14924,GGB9524 SGB14924,ALL,bmi,0.09178292083622931,0.06111541509554502,188,0.2717343332804382
g__GGB9524|s__GGB9524_SGB14924,GGB9524 SGB14924,ALL,antibiotics_3m,-0.3847661292051483,0.5851872159075941,188,0.8923181164981249
g__GGB9524|s__GGB9524_SGB14924,GGB9524 SGB14924,ALL,smoking,-0.8280498029131236,0.110249288376308,188,0.407878790198515
g__GGB9559|s__GGB9559_SGB14969,GGB9559 SGB14969,ALL,site[T.Oral],-0.44235167996397184,0.2557171627713837,188,0.6539652031530467
g__GGB9559|s__GGB9559_SGB14969,GGB9559 SGB14969,ALL,sex[T.1],0.26597525114467346,0.4106996666004067,188,0.7918905983942349
g__GGB9559|s__GGB9559_SGB14969,GGB9559 SGB14969,ALL,disease,-0.3041054403316249,0.41493710926790994,188,0.794047824477382
g__GGB9559|s__GGB9559_SGB14969,GGB9559 SGB14969,ALL,ppi_use,0.3501329970671097,0.391999728732464,188,0.7823610185092632
g__GGB9559|s__GGB9559_SGB14969,GGB9559 SGB14969,ALL,age,0.013019429610029618,0.3023585135735544,188,0.7010286872313781
g__GGB9559|s__GGB9559_SGB14969,GGB9559 SGB14969,ALL,bmi,0.03564353230433974,0.3725885796856867,188,0.7608936230962969
g__GGB9559|s__GGB9559_SGB14969,GGB9559 SGB14969,ALL,antibiotics_3m,0.6628415274138203,0.25144689131059994,188,0.6513495118082699
g__GGB9559|s__GGB9559_SGB14969,GGB9559 SGB14969,ALL,smoking,-0.11133035535287751,0.7924132138200333,188,0.9520934754399919
g__GGB9602|s__GGB9602_SGB15028,GGB9602 SGB15028,ALL,site[T.Oral],-0.18732947838884736,0.6901573078730735,188,0.9182517207218585
g__GGB9602|s__GGB9602_SGB15028,GGB9602 SGB15028,ALL,sex[T.1],-0.0313981174127508,0.9359347514133278,188,0.9888202232323886
g__GGB9602|s__GGB9602_SGB15028,GGB9602 SGB15028,ALL,disease,-1.1045333343365245,0.015077267648599171,188,0.09600219400740696
g__GGB9602|s__GGB9602_SGB15028,GGB9602 SGB15028,ALL,ppi_use,0.36116488383410833,0.4651838823099458,188,0.8281541296437301
g__GGB9602|s__GGB9602_SGB15028,GGB9602 SGB15028,ALL,age,0.022463853717756117,0.1417556374334357,188,0.4772779735168914
g__GGB9602|s__GGB9602_SGB15028,GGB9602 SGB15028,ALL,bmi,-0.0518909191891762,0.2833383829618343,188,0.6800121191084022
g__GGB9602|s__GGB9602_SGB15028,GGB9602 SGB15028,ALL,antibiotics_3m,1.0451782969732661,0.1353245970665875,188,0.462276725745715
g__GGB9602|s__GGB9602_SGB15028,GGB9602 SGB15028,ALL,smoking,0.5167644321520757,0.31306510212937644,188,0.7077993613359815
g__GGB9602|s__GGB9602_SGB15031,GGB9602 SGB15031,ALL,site[T.Oral],-0.6599691635667954,0.23432384810437282,188,0.6320666335034378
g__GGB9602|s__GGB9602_SGB15031,GGB9602 SGB15031,ALL,sex[T.1],-0.16456546703521654,0.7208478955801645,188,0.9291098080327714
g__GGB9602|s__GGB9602_SGB15031,GGB9602 SGB15031,ALL,disease,-3.0916682561930497,2.568560301116682e-08,188,3.4182546566519636e-07
g__GGB9602|s__GGB9602_SGB15031,GGB9602 SGB15031,ALL,ppi_use,0.3672244742240082,0.528651636540977,188,0.8591672372021686
g__GGB9602|s__GGB9602_SGB15031,GGB9602 SGB15031,ALL,age,0.010780178426283147,0.5487413564872363,188,0.8721663016932997
g__GGB9602|s__GGB9602_SGB15031,GGB9602 SGB15031,ALL,bmi,-0.066168897790857,0.24596403839119424,188,0.6442789363829043
g__GGB9602|s__GGB9602_SGB15031,GGB9602 SGB15031,ALL,antibiotics_3m,0.5015554613283855,0.5421703985153046,188,0.8674726376244872
g__GGB9602|s__GGB9602_SGB15031,GGB9602 SGB15031,ALL,smoking,-0.6023643246855185,0.31848786243966254,188,0.7108949685835698
g__GGB9608|s__GGB9608_SGB15041,GGB9608 SGB15041,ALL,site[T.Oral],-0.47322004748423163,0.2844401476623243,188,0.6803209521427733
g__GGB9608|s__GGB9608_SGB15041,GGB9608 SGB15041,ALL,sex[T.1],0.18277777899758862,0.6185651775051143,188,0.9055949001221903
g__GGB9608|s__GGB9608_SGB15041,GGB9608 SGB15041,ALL,disease,-0.4197506502749872,0.322188050762795,188,0.7134889956955272
g__GGB9608|s__GGB9608_SGB15041,GGB9608 SGB15041,ALL,ppi_use,-0.6202914444068153,0.18259898366610283,188,0.5628297981716979
g__GGB9608|s__GGB9608_SGB15041,GGB9608 SGB15041,ALL,age,0.02484384323556328,0.08405996436718503,188,0.3400142057028428
g__GGB9608|s__GGB9608_SGB15041,GGB9608 SGB15041,ALL,bmi,-0.006922317186162642,0.8787312701921198,188,0.9792429777759343
g__GGB9608|s__GGB9608_SGB15041,GGB9608 SGB15041,ALL,antibiotics_3m,-0.03605435053105066,0.956133304085517,188,0.9920724544925161
g__GGB9608|s__GGB9608_SGB15041,GGB9608 SGB15041,ALL,smoking,-0.5005282537528402,0.2983623366932924,188,0.6962624625758723
g__GGB9614|s__GGB9614_SGB15049,GGB9614 SGB15049,ALL,site[T.Oral],-2.595236424114622,1.8028195619559626e-08,188,2.457435597073953e-07
g__GGB9614|s__GGB9614_SGB15049,GGB9614 SGB15049,ALL,sex[T.1],0.4871365824912762,0.18474382491007452,188,0.5658310045267959
g__GGB9614|s__GGB9614_SGB15049,GGB9614 SGB15049,ALL,disease,-3.261525551817257,7.636237448230913e-13,188,1.3657678187663952e-11
g__GGB9614|s__GGB9614_SGB15049,GGB9614 SGB15049,ALL,ppi_use,0.19395112065662348,0.6756938725279734,188,0.9182517207218585
g__GGB9614|s__GGB9614_SGB15049,GGB9614 SGB15049,ALL,age,-0.007803816254154578,0.5853454311216332,188,0.8923181164981249
g__GGB9614|s__GGB9614_SGB15049,GGB9614 SGB15049,ALL,bmi,0.028795798445635182,0.5251752749262266,188,0.8591672372021686
g__GGB9614|s__GGB9614_SGB15049,GGB9614 SGB15049,ALL,antibiotics_3m,0.28531802639864223,0.6629191620175603,188,0.9152286238329983
g__GGB9614|s__GGB9614_SGB15049,GGB9614 SGB15049,ALL,smoking,0.4770204243194755,0.3207854970856705,188,0.7127759030426623
g__GGB9616|s__GGB9616_SGB15051,GGB9616 SGB15051,ALL,site[T.Oral],-0.503109642202916,0.36026383936354744,188,0.7493487858761787
g__GGB9616|s__GGB9616_SGB15051,GGB9616 SGB15051,ALL,sex[T.1],0.6175969877186798,0.17737147016326313,188,0.5509503188257111
g__GGB9616|s__GGB9616_SGB15051,GGB9616 SGB15051,ALL,disease,-1.6836424570139683,0.0016276111899722321,188,0.013363544507140432
g__GGB9616|s__GGB9616_SGB15051,GGB9616 SGB15051,ALL,ppi_use,-0.5105401867615812,0.37738247131490077,188,0.7656922800708262
g__GGB9616|s__GGB9616_SGB15051,GGB9616 SGB15051,ALL,age,-0.0036591485542914275,0.837326660796015,188,0.9655906626345833
g__GGB9616|s__GGB9616_SGB15051,GGB9616 SGB15051,ALL,bmi,0.014051957003893471,0.8034597702410405,188,0.9524381948458033
g__GGB9616|s__GGB9616_SGB15051,GGB9616 SGB15051,ALL,antibiotics_3m,-0.2596764823549626,0.750248805707483,188,0.936576260947086
g__GGB9616|s__GGB9616_SGB15051,GGB9616 SGB15051,ALL,smoking,-0.06767438555002003,0.90990596135766,188,0.9887068580249386
g__GGB9618|s__GGB9618_SGB15065,GGB9618 SGB15065,ALL,site[T.Oral],0.046485218768044324,0.9168587880116081,188,0.9888202232323886
g__GGB9618|s__GGB9618_SGB15065,GGB9618 SGB15065,ALL,sex[T.1],0.17888958474542613,0.629072491309616,188,0.9109207001240979
g__GGB9618|s__GGB9618_SGB15065,GGB9618 SGB15065,ALL,disease,-1.163158734337693,0.00703191543002603,188,0.05011578306475404
g__GGB9618|s__GGB9618_SGB15065,GGB9618 SGB15065,ALL,ppi_use,0.1541441546574018,0.7421036078524629,188,0.9353001927554273
g__GGB9618|s__GGB9618_SGB15065,GGB9618 SGB15065,ALL,age,0.022251450909177583,0.12475411543682426,188,0.4395352021914712
g__GGB9618|s__GGB9618_SGB15065,GGB9618 SGB15065,ALL,bmi,-0.041504111442889756,0.3650518958346999,188,0.7547156273043804
g__GGB9618|s__GGB9618_SGB15065,GGB9618 SGB15065,ALL,antibiotics_3m,1.1493521192435776,0.08347511094122471,188,0.33872559468635693
g__GGB9618|s__GGB9618_SGB15065,GGB9618 SGB15065,ALL,smoking,0.4666325119481291,0.3364307424623403,188,0.7271519071568862
g__GGB9619|s__GGB9619_SGB15066,GGB9619 SGB15066,ALL,site[T.Oral],0.10186849737918138,0.8221444158527409,188,0.9592874833327049
g__GGB9619|s__GGB9619_SGB15066,GGB9619 SGB15066,ALL,sex[T.1],-0.28604993498072767,0.4480714330282428,188,0.8175338427181974
g__GGB9619|s__GGB9619_SGB15066,GGB9619 SGB15066,ALL,disease,-1.4611936490273525,0.0009330459134382085,188,0.007939372499801483
g__GGB9619|s__GGB9619_SGB15066,GGB9619 SGB15066,ALL,ppi_use,-0.21650590805503542,0.6497375605696156,188,0.9143242209408174
g__GGB9619|s__GGB9619_SGB15066,GGB9619 SGB15066,ALL,age,-0.002712757724185068,0.8536146686472937,188,0.9727881451142861
g__GGB9619|s__GGB9619_SGB15066,GGB9619 SGB15066,ALL,bmi,-0.011716216879711147,0.8014055897854868,188,0.9524381948458033
g__GGB9619|s__GGB9619_SGB15066,GGB9619 SGB15066,ALL,antibiotics_3m,0.2976397405044039,0.6583477750107505,188,0.9143242209408174
g__GGB9619|s__GGB9619_SGB15066,GGB9619 SGB15066,ALL,smoking,0.6104512294247783,0.21695407446145515,188,0.6073848864284805
g__GGB9619|s__GGB9619_SGB15067,GGB9619 SGB15067,ALL,site[T.Oral],-1.9139882479465131,0.00022106957075938857,188,0.0021086915529511027
g__GGB9619|s__GGB9619_SGB15067,GGB9619 SGB15067,ALL,sex[T.1],-0.05875491236918075,0.8894357661903054,188,0.9799497593165543
g__GGB9619|s__GGB9619_SGB15067,GGB9619 SGB15067,ALL,disease,-0.3434514735350463,0.48153185255797326,188,0.8296238920667696
g__GGB9619|s__GGB9619_SGB15067,GGB9619 SGB15067,ALL,ppi_use,-0.9892677983138661,0.06554298839624743,188,0.28801989267083383
g__GGB9619|s__GGB9619_SGB15067,GGB9619 SGB15067,ALL,age,0.006554860733789847,0.6910967783806925,188,0.9182517207218585
g__GGB9619|s__GGB9619_SGB15067,GGB9619 SGB15067,ALL,bmi,0.016154801585622044,0.7572014196005172,188,0.938710261226954
g__GGB9619|s__GGB9619_SGB15067,GGB9619 SGB15067,ALL,antibiotics_3m,-0.8844130925873278,0.24224133009823853,188,0.6386982675266233
g__GGB9619|s__GGB9619_SGB15067,GGB9619 SGB15067,ALL,smoking,-0.34595029963427415,0.5321394105847307,188,0.8597511305649733
g__GGB9621|s__GGB9621_SGB15073,GGB9621 SGB15073,ALL,site[T.Oral],-1.6875954957284147,0.00045330817091181885,188,0.00406673911795651
g__GGB9621|s__GGB9621_SGB15073,GGB9621 SGB15073,ALL,sex[T.1],0.4544703610145353,0.2486679036630227,188,0.6469654645586529
g__GGB9621|s__GGB9621_SGB15073,GGB9621 SGB15073,ALL,disease,-1.802755300255841,0.00010042355803701433,188,0.0010143501833379
g__GGB9621|s__GGB9621_SGB15073,GGB9621 SGB15073,ALL,ppi_use,-0.16679356610513513,0.7374421720869729,188,0.9349679276632936
g__GGB9621|s__GGB9621_SGB15073,GGB9621 SGB15073,ALL,age,0.007321934554390002,0.6333541699241558,188,0.911133653979019
g__GGB9621|s__GGB9621_SGB15073,GGB9621 SGB15073,ALL,bmi,-0.03174062346804978,0.5140501373221132,188,0.8520972760333495
g__GGB9621|s__GGB9621_SGB15073,GGB9621 SGB15073,ALL,antibiotics_3m,0.3010700497269683,0.6682421590181596,188,0.9170124158427644
g__GGB9621|s__GGB9621_SGB15073,GGB9621 SGB15073,ALL,smoking,0.18419776657746686,0.7206111965339004,188,0.9291098080327714
g__GGB9627|s__GGB9627_SGB15081,GGB9627 SGB15081,ALL,site[T.Oral],-1.7689258575316447,0.00046363771369684824,188,0.004132999047811905
g__GGB9627|s__GGB9627_SGB15081,GGB9627 SGB15081,ALL,sex[T.1],0.2607852861804939,0.5278918656693674,188,0.8591672372021686
g__GGB9627|s__GGB9627_SGB15081,GGB9627 SGB15081,ALL,disease,-1.340896657123475,0.005367945237025296,188,0.039253099545747475
g__GGB9627|s__GGB9627_SGB15081,GGB9627 SGB15081,ALL,ppi_use,0.38742412695251216,0.4586192529437202,188,0.823403364620183
g__GGB9627|s__GGB9627_SGB15081,GGB9627 SGB15081,ALL,age,-0.0012457768201560118,0.9383725215402665,188,0.9888202232323886
g__GGB9627|s__GGB9627_SGB15081,GGB9627 SGB15081,ALL,bmi,0.0017918557551472956,0.9719975649394434,188,0.9939499763344429
g__GGB9627|s__GGB9627_SGB15081,GGB9627 SGB15081,ALL,antibiotics_3m,-0.7453271637813271,0.3128821176664127,188,0.7077993613359815
g__GGB9627|s__GGB9627_SGB15081,GGB9627 SGB15081,ALL,smoking,-0.4544367191457846,0.40112896850637636,188,0.7866075147223898
g__GGB9634|s__GGB9634_SGB15093,GGB9634 SGB15093,ALL,site[T.Oral],-1.0269481594125491,0.06892398583791672,188,0.2973864225132728
g__GGB9634|s__GGB9634_SGB15093,GGB9634 SGB15093,ALL,sex[T.1],0.08140539540515343,0.8616947991037982,188,0.9752676323593169
g__GGB9634|s__GGB9634_SGB15093,GGB9634 SGB15093,ALL,disease,-1.8020714161820688,0.0009943200901797965,188,0.008409791606099
g__GGB9634|s__GGB9634_SGB15093,GGB9634 SGB15093,ALL,ppi_use,-0.05285187725103507,0.9287531474279532,188,0.9888202232323886
g__GGB9634|s__GGB9634_SGB15093,GGB9634 SGB15093,ALL,age,0.010241254023704295,0.5744980462695277,188,0.8875802791721421
g__GGB9634|s__GGB9634_SGB15093,GGB9634 SGB15093,ALL,bmi,-0.03711847655762727,0.5207214260813358,188,0.8584639830459261
g__GGB9634|s__GGB9634_SGB15093,GGB9634 SGB15093,ALL,antibiotics_3m,-0.04682229295082644,0.9552574295705862,188,0.9920724544925161
g__GGB9634|s__GGB9634_SGB15093,GGB9634 SGB15093,ALL,smoking,-1.153172173441872,0.06073725709943284,188,0.2715767801516042
g__GGB9635|s__GGB9635_SGB15106,GGB9635 SGB15106,ALL,site[T.Oral],-1.4595360421546053,0.025251789399759413,188,0.14267006968717189
g__GGB9635|s__GGB9635_SGB15106,GGB9635 SGB15106,ALL,sex[T.1],-0.47374875723019744,0.3795423367979164,188,0.7672821322739735
g__GGB9635|s__GGB9635_SGB15106,GGB9635 SGB15106,ALL,disease,-3.5793297775588515,3.451892331250875e-08,188,4.5721290878077625e-07
g__GGB9635|s__GGB9635_SGB15106,GGB9635 SGB15106,ALL,ppi_use,0.9830645269165768,0.15021100344203425,188,0.49801067752992484
g__GGB9635|s__GGB9635_SGB15106,GGB9635 SGB15106,ALL,age,0.023529101926717932,0.2637091303924816,188,0.6641212898135322
g__GGB9635|s__GGB9635_SGB15106,GGB9635 SGB15106,ALL,bmi,-0.127467820581255,0.056794188350825864,188,0.25931395266523416
g__GGB9635|s__GGB9635_SGB15106,GGB9635 SGB15106,ALL,antibiotics_3m,0.6411254554155004,0.505330174728566,188,0.846639099425903
g__GGB9635|s__GGB9635_SGB15106,GGB9635 SGB15106,ALL,smoking,-0.6055969628883191,0.3909831362743166,188,0.7823610185092632
g__GGB9636|s__GGB9636_SGB15107,GGB9636 SGB15107,ALL,site[T.Oral],-0.08107903266959413,0.8744186321054221,188,0.9792429777759343
g__GGB9636|s__GGB9636_SGB15107,GGB9636 SGB15107,ALL,sex[T.1],-0.12234560350800952,0.7742486959455745,188,0.9464912225577593
g__GGB9636|s__GGB9636_SGB15107,GGB9636 SGB15107,ALL,disease,-1.5743881840420726,0.0016058457791119063,188,0.01326239690513598
g__GGB9636|s__GGB9636_SGB15107,GGB9636 SGB15107,ALL,ppi_use,0.43624179494082377,0.4192134483525848,188,0.7959103197931426
g__GGB9636|s__GGB9636_SGB15107,GGB9636 SGB15107,ALL,age,0.008941222660256636,0.5912621192661605,188,0.8950210409161071
g__GGB9636|s__GGB9636_SGB15107,GGB9636 SGB15107,ALL,bmi,-0.020204578687578183,0.7016325700081412,188,0.920216841000869
g__GGB9636|s__GGB9636_SGB15107,GGB9636 SGB15107,ALL,antibiotics_3m,0.7864906888797524,0.3025807581639709,188,0.7010286872313781
g__GGB9636|s__GGB9636_SGB15107,GGB9636 SGB15107,ALL,smoking,-0.6046617745607042,0.2797676504730209,188,0.6754837167052817
g__GGB9640|s__GGB9640_SGB15115,GGB9640 SGB15115,ALL,site[T.Oral],-0.39775060839690585,0.3313362934635796,188,0.7237333277879743
g__GGB9640|s__GGB9640_SGB15115,GGB9640 SGB15115,ALL,sex[T.1],0.22445654013182514,0.5093772171221831,188,0.8480854529447989
g__GGB9640|s__GGB9640_SGB15115,GGB9640 SGB15115,ALL,disease,-0.505185515255884,0.19882922143897105,188,0.5861896752923796
g__GGB9640|s__GGB9640_SGB15115,GGB9640 SGB15115,ALL,ppi_use,-0.007876746413064318,0.9853881717307995,188,0.9954706702564838
g__GGB9640|s__GGB9640_SGB15115,GGB9640 SGB15115,ALL,age,0.016211592623765324,0.2226818785004874,188,0.6176803299072586
g__GGB9640|s__GGB9640_SGB15115,GGB9640 SGB15115,ALL,bmi,-0.006535197776646532,0.876438130255855,188,0.9792429777759343
g__GGB9640|s__GGB9640_SGB15115,GGB9640 SGB15115,ALL,antibiotics_3m,-0.28468782140984417,0.6392902967424078,188,0.9130860392943443
g__GGB9640|s__GGB9640_SGB15115,GGB9640 SGB15115,ALL,smoking,0.0749382547481935,0.8663356117807998,188,0.9764392326275562
g__GGB9641|s__GGB9641_SGB15117,GGB9641 SGB15117,ALL,site[T.Oral],-0.6063637003467929,0.11289158301282086,188,0.41404336357141186
g__GGB9641|s__GGB9641_SGB15117,GGB9641 SGB15117,ALL,sex[T.1],0.218565177571874,0.4906575381875089,188,0.8375479436051824
g__GGB9641|s__GGB9641_SGB15117,GGB9641 SGB15117,ALL,disease,1.0668002485450774,0.0039285469403718375,188,0.029613305952191298
g__GGB9641|s__GGB9641_SGB15117,GGB9641 SGB15117,ALL,ppi_use,0.4056692367528984,0.312255756744367,188,0.7076789063262168
g__GGB9641|s__GGB9641_SGB15117,GGB9641 SGB15117,ALL,age,-0.021786186732920102,0.07939149678741202,188,0.3268787726965586
g__GGB9641|s__GGB9641_SGB15117,GGB9641 SGB15117,ALL,bmi,0.002114884390871665,0.9569468689295909,188,0.9920724544925161
g__GGB9641|s__GGB9641_SGB15117,GGB9641 SGB15117,ALL,antibiotics_3m,0.06463566092706223,0.9090807090834667,188,0.9882689241604238
g__GGB9641|s__GGB9641_SGB15117,GGB9641 SGB15117,ALL,smoking,-0.5711480293557613,0.16984002864044834,188,0.5364575932760168
g__GGB9642|s__GGB9642_SGB15119,GGB9642 SGB15119,ALL,site[T.Oral],-0.5382636168703872,0.2058924159869959,188,0.593484234371248
g__GGB9642|s__GGB9642_SGB15119,GGB9642 SGB15119,ALL,sex[T.1],-0.7066708221982562,0.046502144286624476,188,0.22287931367014602
g__GGB9642|s__GGB9642_SGB15119,GGB9642 SGB15119,ALL,disease,0.27526027333877406,0.4994195144818756,188,0.8436973872600326
g__GGB9642|s__GGB9642_SGB15119,GGB9642 SGB15119,ALL,ppi_use,0.22183699962450296,0.6194747705303689,188,0.9059818519006645
g__GGB9642|s__GGB9642_SGB15119,GGB9642 SGB15119,ALL,age,0.031181538339811393,0.02459807356115981,188,0.1395210776689949
g__GGB9642|s__GGB9642_SGB15119,GGB9642 SGB15119,ALL,bmi,0.0006024648191476054,0.9889850790144188,188,0.9962244021479952
g__GGB9642|s__GGB9642_SGB15119,GGB9642 SGB15119,ALL,antibiotics_3m,0.5058477178418148,0.4227854729668449,188,0.800764343536847
g__GGB9642|s__GGB9642_SGB15119,GGB9642 SGB15119,ALL,smoking,0.2677346123088062,0.5626483023029963,188,0.8821420619021852
g__GGB9646|s__GGB9646_SGB15123,GGB9646 SGB15123,ALL,site[T.Oral],-0.5840011508779166,0.11014279374578492,188,0.407878790198515
g__GGB9646|s__GGB9646_SGB15123,GGB9646 SGB15123,ALL,sex[T.1],-0.08811140863689687,0.7711233002769218,188,0.9458320232957622
g__GGB9646|s__GGB9646_SGB15123,GGB9646 SGB15123,ALL,disease,-1.1435886565737623,0.0012588004561038372,188,0.010551378151461418
g__GGB9646|s__GGB9646_SGB15123,GGB9646 SGB15123,ALL,ppi_use,-0.15041807411217883,0.6946682870717689,188,0.9182517207218585
g__GGB9646|s__GGB9646_SGB15123,GGB9646 SGB15123,ALL,age,0.017461363221358557,0.14074016706201362,188,0.474998063834296
g__GGB9646|s__GGB9646_SGB15123,GGB9646 SGB15123,ALL,bmi,0.0011108126375533255,0.9763306661276591,188,0.9939499763344429
g__GGB9646|s__GGB9646_SGB15123,GGB9646 SGB15123,ALL,antibiotics_3m,0.7187821130665583,0.1849832130183756,188,0.5658310045267959
g__GGB9646|s__GGB9646_SGB15123,GGB9646 SGB15123,ALL,smoking,-0.16159738930062212,0.6837346329928472,188,0.9182517207218585
g__GGB9677|s__GGB9677_SGB15180,GGB9677 SGB15180,ALL,site[T.Oral],0.23927376872594155,0.5905521049508854,188,0.8944284307993992
g__GGB9677|s__GGB9677_SGB15180,GGB9677 SGB15180,ALL,sex[T.1],-0.025071575153129428,0.9459176673858496,188,0.9897345547110037
g__GGB9677|s__GGB9677_SGB15180,GGB9677 SGB15180,ALL,disease,-1.4325681137153776,0.0009395591902613899,188,0.007970641106507501
g__GGB9677|s__GGB9677_SGB15180,GGB9677 SGB15180,ALL,ppi_use,-0.04373896051696891,0.9254698663630656,188,0.9888202232323886
g__GGB9677|s__GGB9677_SGB15180,GGB9677 SGB15180,ALL,age,0.01910682511658068,0.18632112062404843,188,0.5668455251549804
g__GGB9677|s__GGB9677_SGB15180,GGB9677 SGB15180,ALL,bmi,0.004767073024670099,0.9169068861407731,188,0.9888202232323886
g__GGB9677|s__GGB9677_SGB15180,GGB9677 SGB15180,ALL,antibiotics_3m,0.2593731276180884,0.6944465730481744,188,0.9182517207218585
g__GGB9677|s__GGB9677_SGB15180,GGB9677 SGB15180,ALL,smoking,-0.22213544574980645,0.6463610309896517,188,0.9143242209408174
g__GGB9699|s__GGB9699_SGB15216,GGB9699 SGB15216,ALL,site[T.Oral],-2.987342696889274,8.382137691006508e-10,188,1.2519703529971422e-08
g__GGB9699|s__GGB9699_SGB15216,GGB9699 SGB15216,ALL,sex[T.1],0.3352175141410928,0.38262263086248216,188,0.7718422036363864
g__GGB9699|s__GGB9699_SGB15216,GGB9699 SGB15216,ALL,disease,-1.7466041789746685,0.00011124850794853808,188,0.001103836785581254
g__GGB9699|s__GGB9699_SGB15216,GGB9699 SGB15216,ALL,ppi_use,0.4841894775435849,0.31899133205673,188,0.7108949685835698
g__GGB9699|s__GGB9699_SGB15216,GGB9699 SGB15216,ALL,age,-0.014472376145473503,0.334190276695724,188,0.7257589303647277
g__GGB9699|s__GGB9699_SGB15216,GGB9699 SGB15216,ALL,bmi,0.08712418927258578,0.0674160355830109,188,0.29261429163991287
g__GGB9699|s__GGB9699_SGB15216,GGB9699 SGB15216,ALL,antibiotics_3m,-0.1453790697673939,0.8319438058609602,188,0.9649311056826007
g__GGB9699|s__GGB9699_SGB15216,GGB9699 SGB15216,ALL,smoking,-0.6345241301333637,0.20747571494819253,188,0.5941413813355118
g__GGB9707|s__GGB9707_SGB15229,GGB9707 SGB15229,ALL,site[T.Oral],-1.9123172888070805,0.00020728161366498403,188,0.002000160725674485
g__GGB9707|s__GGB9707_SGB15229,GGB9707 SGB15229,ALL,sex[T.1],0.4203122400618815,0.3180068616018915,188,0.7108949685835698
g__GGB9707|s__GGB9707_SGB15229,GGB9707 SGB15229,ALL,disease,-2.102961488934594,2.355981955044598e-05,188,0.0002544460511448166
g__GGB9707|s__GGB9707_SGB15229,GGB9707 SGB15229,ALL,ppi_use,0.34041031062791577,0.5222917743794993,188,0.8584639830459261
g__GGB9707|s__GGB9707_SGB15229,GGB9707 SGB15229,ALL,age,0.01948434558789177,0.2357940140839559,188,0.6326477840837034
g__GGB9707|s__GGB9707_SGB15229,GGB9707 SGB15229,ALL,bmi,-0.0511169826163849,0.3259061805503233,188,0.7185568175148209
g__GGB9707|s__GGB9707_SGB15229,GGB9707 SGB15229,ALL,antibiotics_3m,-0.5362635877150241,0.47534762408509723,188,0.8296238920667696
g__GGB9707|s__GGB9707_SGB15229,GGB9707 SGB15229,ALL,smoking,-0.6437341600750771,0.24309915088812256,188,0.6403587389248105
g__GGB9708|s__GGB9708_SGB15233,GGB9708 SGB15233,ALL,site[T.Oral],-1.6869624507141578,0.00293493761465959,188,0.02276603541979041
g__GGB9708|s__GGB9708_SGB15233,GGB9708 SGB15233,ALL,sex[T.1],0.08410541797593292,0.8566916507640654,188,0.9738665989800958
g__GGB9708|s__GGB9708_SGB15233,GGB9708 SGB15233,ALL,disease,-2.1235218898339667,0.00010910049983683301,188,0.0010902284823552566
g__GGB9708|s__GGB9708_SGB15233,GGB9708 SGB15233,ALL,ppi_use,0.2998441607855385,0.6109203195943801,188,0.9039880685168755
g__GGB9708|s__GGB9708_SGB15233,GGB9708 SGB15233,ALL,age,0.024623054451398632,0.17655284242093505,188,0.5496234828359042
g__GGB9708|s__GGB9708_SGB15233,GGB9708 SGB15233,ALL,bmi,-0.03499320178580909,0.5435253962965523,188,0.868812571029971
g__GGB9708|s__GGB9708_SGB15233,GGB9708 SGB15233,ALL,antibiotics_3m,0.3563243937873805,0.6684540076278548,188,0.9170124158427644
g__GGB9708|s__GGB9708_SGB15233,GGB9708 SGB15233,ALL,smoking,-0.21757548428729373,0.7213174435582057,188,0.9291098080327714
g__GGB9708|s__GGB9708_SGB15234,GGB9708 SGB15234,ALL,site[T.Oral],-1.4161262269997612,0.009672565358468313,188,0.06608409617172513
g__GGB9708|s__GGB9708_SGB15234,GGB9708 SGB15234,ALL,sex[T.1],-0.4152843028638231,0.35751664041957976,188,0.7480676052892548
g__GGB9708|s__GGB9708_SGB15234,GGB9708 SGB15234,ALL,disease,-3.0307218854695104,2.4734978630261002e-08,188,3.3074199997034713e-07
g__GGB9708|s__GGB9708_SGB15234,GGB9708 SGB15234,ALL,ppi_use,-0.07625671787524994,0.8936310431172154,188,0.9799497593165543
g__GGB9708|s__GGB9708_SGB15234,GGB9708 SGB15234,ALL,age,0.033899132244200395,0.05522597561546353,188,0.2538044836795771
g__GGB9708|s__GGB9708_SGB15234,GGB9708 SGB15234,ALL,bmi,-0.0356264636319393,0.5228907411675346,188,0.8584639830459261
g__GGB9708|s__GGB9708_SGB15234,GGB9708 SGB15234,ALL,antibiotics_3m,0.18807455890948924,0.8153232254346978,188,0.957648815864322
g__GGB9708|s__GGB9708_SGB15234,GGB9708 SGB15234,ALL,smoking,-0.7079850990341812,0.2313575483312606,188,0.6282542777764966
g__GGB9712|s__GGB9712_SGB15244,GGB9712 SGB15244,ALL,site[T.Oral],-0.07089787522239972,0.8855450168336787,188,0.9792429777759343
g__GGB9712|s__GGB9712_SGB15244,GGB9712 SGB15244,ALL,sex[T.1],-0.5239853667665568,0.2017212026497042,188,0.591266322589112
g__GGB9712|s__GGB9712_SGB15244,GGB9712 SGB15244,ALL,disease,-2.1049729066118386,1.4356363924387175e-05,188,0.00015747136679562183
g__GGB9712|s__GGB9712_SGB15244,GGB9712 SGB15244,ALL,ppi_use,0.2279380109862769,0.6600196566406826,188,0.9143242209408174
g__GGB9712|s__GGB9712_SGB15244,GGB9712 SGB15244,ALL,age,0.020723166059857558,0.19572990213227578,188,0.5822135224443118
g__GGB9712|s__GGB9712_SGB15244,GGB9712 SGB15244,ALL,bmi,-0.05686477134718821,0.26215686257075616,188,0.6618690451984525
g__GGB9712|s__GGB9712_SGB15244,GGB9712 SGB15244,ALL,antibiotics_3m,0.5220719326154281,0.47566090057334676,188,0.8296238920667696
g__GGB9712|s__GGB9712_SGB15244,GGB9712 SGB15244,ALL,smoking,-0.6259984009043674,0.24395777529490012,188,0.6420182127723333
g__GGB9713|s__GGB9713_SGB15249,GGB9713 SGB15249,ALL,site[T.Oral],-2.4016356065662174,6.124088780663113e-05,188,0.0006392729106357628
g__GGB9713|s__GGB9713_SGB15249,GGB9713 SGB15249,ALL,sex[T.1],0.03913898091178674,0.9359508830141581,188,0.9888202232323886
g__GGB9713|s__GGB9713_SGB15249,GGB9713 SGB15249,ALL,disease,-4.237611915970285,2.121692823270815e-12,188,3.6327521022832e-11
g__GGB9713|s__GGB9713_SGB15249,GGB9713 SGB15249,ALL,ppi_use,0.23697502206223484,0.7005794936786864,188,0.9192650552568933
g__GGB9713|s__GGB9713_SGB15249,GGB9713 SGB15249,ALL,age,0.03350042367538994,0.07924706938781487,188,0.3267632464625318
g__GGB9713|s__GGB9713_SGB15249,GGB9713 SGB15249,ALL,bmi,-0.0853578311183983,0.1574478699564923,188,0.5093474871403576
g__GGB9713|s__GGB9713_SGB15249,GGB9713 SGB15249,ALL,antibiotics_3m,0.11217141363559731,0.8974002261373327,188,0.9814231077714499
g__GGB9713|s__GGB9713_SGB15249,GGB9713 SGB15249,ALL,smoking,-0.08763055514838987,0.8907200759764975,188,0.9799497593165543
g__GGB9724|s__GGB9724_SGB15278,GGB9724 SGB15278,ALL,site[T.Oral],-0.24685810668712946,0.5059384604056576,188,0.8471527709117987
g__GGB9724|s__GGB9724_SGB15278,GGB9724 SGB15278,ALL,sex[T.1],-0.019554242026267606,0.9494382103669164,188,0.9904663228648858
g__GGB9724|s__GGB9724_SGB15278,GGB9724 SGB15278,ALL,disease,0.20525684079297993,0.564185679742082,188,0.8827689616074057
g__GGB9724|s__GGB9724_SGB15278,GGB9724 SGB15278,ALL,ppi_use,-0.5429857576580819,0.1650850676151489,188,0.5255769499584333
g__GGB9724|s__GGB9724_SGB15278,GGB9724 SGB15278,ALL,age,0.015318055488794289,0.20404459870239408,188,0.593484234371248
g__GGB9724|s__GGB9724_SGB15278,GGB9724 SGB15278,ALL,bmi,-0.0011571356837680102,0.9757847191074067,188,0.9939499763344429
g__GGB9724|s__GGB9724_SGB15278,GGB9724 SGB15278,ALL,antibiotics_3m,-0.014143375364616729,0.9795128510621349,188,0.9952452245437899
g__GGB9724|s__GGB9724_SGB15278,GGB9724 SGB15278,ALL,smoking,-0.32727706388379485,0.4180979843125381,188,0.7959103197931426
g__GGB9747|s__GGB9747_SGB15356,GGB9747 SGB15356,ALL,site[T.Oral],-0.9823341905304024,0.08548883203225709,188,0.34391495751658724
g__GGB9747|s__GGB9747_SGB15356,GGB9747 SGB15356,ALL,sex[T.1],0.18526453158611506,0.6953372704347964,188,0.9182517207218585
g__GGB9747|s__GGB9747_SGB15356,GGB9747 SGB15356,ALL,disease,-2.0103334478450283,0.00029843650902639706,188,0.002774866613728884
g__GGB9747|s__GGB9747_SGB15356,GGB9747 SGB15356,ALL,ppi_use,0.2465971120905547,0.6803058912412263,188,0.9182517207218585
g__GGB9747|s__GGB9747_SGB15356,GGB9747 SGB15356,ALL,age,0.044983971231949235,0.015631738692169207,188,0.09797750501698912
g__GGB9747|s__GGB9747_SGB15356,GGB9747 SGB15356,ALL,bmi,-0.06223535765866053,0.2879118438391054,188,0.6839733142979763
g__GGB9747|s__GGB9747_SGB15356,GGB9747 SGB15356,ALL,antibiotics_3m,-0.28835173949187415,0.7328862554419655,188,0.9349679276632936
g__GGB9747|s__GGB9747_SGB15356,GGB9747 SGB15356,ALL,smoking,-0.7404750926386212,0.23280644139791526,188,0.6297885235504297
g__GGB9758|s__GGB9758_SGB15368,GGB9758 SGB15368,ALL,site[T.Oral],-1.0340775717909898,0.1142502653216772,188,0.4157862974843731
g__GGB9758|s__GGB9758_SGB15368,GGB9758 SGB15368,ALL,sex[T.1],0.23502209364315185,0.6649176639786801,188,0.916137782361204
g__GGB9758|s__GGB9758_SGB15368,GGB9758 SGB15368,ALL,disease,-3.941579730525057,2.169907360267398e-09,188,3.1734895143910695e-08
g__GGB9758|s__GGB9758_SGB15368,GGB9758 SGB15368,ALL,ppi_use,0.36686373871216865,0.5930782096197844,188,0.8959188763195812
g__GGB9758|s__GGB9758_SGB15368,GGB9758 SGB15368,ALL,age,0.0008640451243454891,0.9674412730069478,188,0.9939499763344429
g__GGB9758|s__GGB9758_SGB15368,GGB9758 SGB15368,ALL,bmi,0.00670100881203715,0.920406630688773,188,0.9888202232323886
g__GGB9758|s__GGB9758_SGB15368,GGB9758 SGB15368,ALL,antibiotics_3m,1.4525828677266193,0.13503185140463309,188,0.4618385368382578
g__GGB9758|s__GGB9758_SGB15368,GGB9758 SGB15368,ALL,smoking,-0.11013232902527037,0.8767982481961217,188,0.9792429777759343
g__GGB9759|s__GGB9759_SGB15370,GGB9759 SGB15370,ALL,site[T.Oral],-0.09074996694684107,0.8396049154173413,188,0.9663520116558232
g__GGB9759|s__GGB9759_SGB15370,GGB9759 SGB15370,ALL,sex[T.1],-0.4731373627486815,0.20536554842562765,188,0.593484234371248
g__GGB9759|s__GGB9759_SGB15370,GGB9759 SGB15370,ALL,disease,-1.2547270874391945,0.003933676324845924,188,0.029613305952191298
g__GGB9759|s__GGB9759_SGB15370,GGB9759 SGB15370,ALL,ppi_use,-0.16587863029281644,0.7250640267964557,188,0.9321390056974469
g__GGB9759|s__GGB9759_SGB15370,GGB9759 SGB15370,ALL,age,0.01822628455414512,0.2112091892235181,188,0.5995577656317647
g__GGB9759|s__GGB9759_SGB15370,GGB9759 SGB15370,ALL,bmi,-0.08099439479812433,0.08010895429394314,188,0.32886833868039816
g__GGB9759|s__GGB9759_SGB15370,GGB9759 SGB15370,ALL,antibiotics_3m,0.3505759757729903,0.5986413411818039,188,0.8997940168218728
g__GGB9759|s__GGB9759_SGB15370,GGB9759 SGB15370,ALL,smoking,-0.22136629943514655,0.6502947104605874,188,0.9143242209408174
g__GGB9760|s__GGB9760_SGB15373,GGB9760 SGB15373,ALL,site[T.Oral],-1.7824763606595069,0.00027271587117782783,188,0.0025611577467135136
g__GGB9760|s__GGB9760_SGB15373,GGB9760 SGB15373,ALL,sex[T.1],0.4445087687435789,0.26682503436026517,188,0.6652548634800416
g__GGB9760|s__GGB9760_SGB15373,GGB9760 SGB15373,ALL,disease,-2.4434666216186085,3.270659207949803e-07,188,3.9930482851839335e-06
g__GGB9760|s__GGB9760_SGB15373,GGB9760 SGB15373,ALL,ppi_use,0.2521392444886352,0.6180774184784679,188,0.9054497583420553
g__GGB9760|s__GGB9760_SGB15373,GGB9760 SGB15373,ALL,age,-0.014879010809919975,0.3406292716745516,188,0.7312591703838998
g__GGB9760|s__GGB9760_SGB15373,GGB9760 SGB15373,ALL,bmi,0.012190083968620551,0.8051189425053339,188,0.9524381948458033
g__GGB9760|s__GGB9760_SGB15373,GGB9760 SGB15373,ALL,antibiotics_3m,0.3399278338190364,0.6340007023165932,188,0.911133653979019
g__GGB9760|s__GGB9760_SGB15373,GGB9760 SGB15373,ALL,smoking,0.19822609613198433,0.7049008397457053,188,0.9215590097277504
g__GGB9760|s__GGB9760_SGB15374,GGB9760 SGB15374,ALL,site[T.Oral],-0.9386139353024096,0.09769591051649747,188,0.376827083420776
g__GGB9760|s__GGB9760_SGB15374,GGB9760 SGB15374,ALL,sex[T.1],0.5159988056400235,0.27246127378317736,188,0.6667876481515226
g__GGB9760|s__GGB9760_SGB15374,GGB9760 SGB15374,ALL,disease,-1.862496917710616,0.0007145618249651413,188,0.006231334175472412
g__GGB9760|s__GGB9760_SGB15374,GGB9760 SGB15374,ALL,ppi_use,-0.6054496557764145,0.30862708322301224,188,0.7034292611121903
g__GGB9760|s__GGB9760_SGB15374,GGB9760 SGB15374,ALL,age,0.020393026289057325,0.26639759008034053,188,0.6649878909161648
g__GGB9760|s__GGB9760_SGB15374,GGB9760 SGB15374,ALL,bmi,0.004325859033850243,0.9405765015148541,188,0.9888202232323886
g__GGB9760|s__GGB9760_SGB15374,GGB9760 SGB15374,ALL,antibiotics_3m,-0.8241298272682951,0.3262631907804564,188,0.7185568175148209
g__GGB9760|s__GGB9760_SGB15374,GGB9760 SGB15374,ALL,smoking,-0.6660223800816027,0.2793747751923592,188,0.6754837167052817
g__GGB9762|s__GGB9762_SGB15377,GGB9762 SGB15377,ALL,site[T.Oral],-0.2739202066362684,0.5965042536306823,188,0.8981147153860353
g__GGB9762|s__GGB9762_SGB15377,GGB9762 SGB15377,ALL,sex[T.1],-0.3680057046705709,0.39257360223630766,188,0.7823610185092632
g__GGB9762|s__GGB9762_SGB15377,GGB9762 SGB15377,ALL,disease,-1.0855067585035678,0.029742292229090302,188,0.16185340422342165
g__GGB9762|s__GGB9762_SGB15377,GGB9762 SGB15377,ALL,ppi_use,0.0746641430650215,0.8908291854383683,188,0.9799497593165543
g__GGB9762|s__GGB9762_SGB15377,GGB9762 SGB15377,ALL,age,0.036688220336904755,0.02985078934972403,188,0.16212962571378156
g__GGB9762|s__GGB9762_SGB15377,GGB9762 SGB15377,ALL,bmi,-0.04721523226945099,0.37495479469763215,188,0.76461369899125
g__GGB9762|s__GGB9762_SGB15377,GGB9762 SGB15377,ALL,antibiotics_3m,1.8679823735102015,0.015844818553957467,188,0.0988716677766946
g__GGB9762|s__GGB9762_SGB15377,GGB9762 SGB15377,ALL,smoking,-0.6376428365874761,0.2583190015877933,188,0.657028764908083
g__GGB9767|s__GGB9767_SGB15385,GGB9767 SGB15385,ALL,site[T.Oral],-0.13269440050668901,0.7450175477033556,188,0.9353001927554273
g__GGB9767|s__GGB9767_SGB15385,GGB9767 SGB15385,ALL,sex[T.1],-0.4143421474518543,0.222831258616828,188,0.6176803299072586
g__GGB9767|s__GGB9767_SGB15385,GGB9767 SGB15385,ALL,disease,-2.020001779768274,6.252889400663312e-07,188,7.568152343561457e-06
g__GGB9767|s__GGB9767_SGB15385,GGB9767 SGB15385,ALL,ppi_use,0.5139901583230728,0.23190373202922682,188,0.6282542777764966
g__GGB9767|s__GGB9767_SGB15385,GGB9767 SGB15385,ALL,age,0.026717018428897968,0.04473354746685882,188,0.21769809581791952
g__GGB9767|s__GGB9767_SGB15385,GGB9767 SGB15385,ALL,bmi,-0.045782619628229354,0.27570230520442496,188,0.6708596819878901
g__GGB9767|s__GGB9767_SGB15385,GGB9767 SGB15385,ALL,antibiotics_3m,0.6193446197169955,0.3073265297306648,188,0.7021748539330405
g__GGB9767|s__GGB9767_SGB15385,GGB9767 SGB15385,ALL,smoking,0.22467217109711687,0.6131099054268271,188,0.9039880685168755
g__GGB9770|s__GGB9770_SGB15390,GGB9770 SGB15390,ALL,site[T.Oral],-0.9118824086037621,0.032022571762567086,188,0.17030185891910676
g__GGB9770|s__GGB9770_SGB15390,GGB9770 SGB15390,ALL,sex[T.1],-0.5827067860611065,0.09848157231366103,188,0.3788167877489865
g__GGB9770|s__GGB9770_SGB15390,GGB9770 SGB15390,ALL,disease,-0.6134938886429541,0.13139018347981185,188,0.45302455626812266
g__GGB9770|s__GGB9770_SGB15390,GGB9770 SGB15390,ALL,ppi_use,-0.11604509738028172,0.7940335324110797,188,0.9520934754399919
g__GGB9770|s__GGB9770_SGB15390,GGB9770 SGB15390,ALL,age,0.007193890657697456,0.5999086572223922,188,0.9005457332398444
g__GGB9770|s__GGB9770_SGB15390,GGB9770 SGB15390,ALL,bmi,0.00416388623744056,0.92362412350948,188,0.9888202232323886
g__GGB9770|s__GGB9770_SGB15390,GGB9770 SGB15390,ALL,antibiotics_3m,-1.319298790406198,0.036648702231895355,188,0.18676870393314365
g__GGB9770|s__GGB9770_SGB15390,GGB9770 SGB15390,ALL,smoking,-0.6802044610882241,0.1404852024542859,188,0.474998063834296
g__GGB9775|s__GGB9775_SGB15395,GGB9775 SGB15395,ALL,site[T.Oral],-0.30642929706877475,0.5215277068807795,188,0.8584639830459261
g__GGB9775|s__GGB9775_SGB15395,GGB9775 SGB15395,ALL,sex[T.1],-0.4408155442623374,0.2679498755683501,188,0.6652548634800416
g__GGB9775|s__GGB9775_SGB15395,GGB9775 SGB15395,ALL,disease,-1.3469259763303243,0.0036827093368421377,188,0.028024519831579192
g__GGB9775|s__GGB9775_SGB15395,GGB9775 SGB15395,ALL,ppi_use,-0.5427260254512507,0.2809269766800841,188,0.676537693411386
g__GGB9775|s__GGB9775_SGB15395,GGB9775 SGB15395,ALL,age,-0.0030527563823049223,0.84388538015853,188,0.9671959785653682
g__GGB9775|s__GGB9775_SGB15395,GGB9775 SGB15395,ALL,bmi,-0.06471076906211708,0.18866616848598733,188,0.5701123960683874
g__GGB9775|s__GGB9775_SGB15395,GGB9775 SGB15395,ALL,antibiotics_3m,-0.5097857826096357,0.4727563069503016,188,0.8296238920667696
g__GGB9775|s__GGB9775_SGB15395,GGB9775 SGB15395,ALL,smoking,-0.028982852611883825,0.9555685710440086,188,0.9920724544925161
g__GGB9787|s__GGB9787_SGB15410,GGB9787 SGB15410,ALL,site[T.Oral],-0.09260104746421191,0.779953562787147,188,0.9498748381899527
g__GGB9787|s__GGB9787_SGB15410,GGB9787 SGB15410,ALL,sex[T.1],-0.23145561663367387,0.4013817183556956,188,0.7866075147223898
g__GGB9787|s__GGB9787_SGB15410,GGB9787 SGB15410,ALL,disease,-0.6174029806677144,0.05337973725688649,188,0.2480758238169274
g__GGB9787|s__GGB9787_SGB15410,GGB9787 SGB15410,ALL,ppi_use,0.7131496816034706,0.04194918125381273,188,0.20738257211391928
g__GGB9787|s__GGB9787_SGB15410,GGB9787 SGB15410,ALL,age,0.003428339372918483,0.7498825199342376,188,0.936576260947086
g__GGB9787|s__GGB9787_SGB15410,GGB9787 SGB15410,ALL,bmi,-0.007975411882299487,0.8148992801659927,188,0.957648815864322
g__GGB9787|s__GGB9787_SGB15410,GGB9787 SGB15410,ALL,antibiotics_3m,0.5732437877183958,0.2450007376912172,188,0.6429552069504092
g__GGB9787|s__GGB9787_SGB15410,GGB9787 SGB15410,ALL,smoking,-0.02701219021467362,0.9403266496549791,188,0.9888202232323886
g__GGB9818|s__GGB9818_SGB15459,GGB9818 SGB15459,ALL,site[T.Oral],-1.6434702156766972,0.0021702846237443437,188,0.01736227698995475
g__GGB9818|s__GGB9818_SGB15459,GGB9818 SGB15459,ALL,sex[T.1],-0.05864504139285604,0.8939316420991177,188,0.9799497593165543
g__GGB9818|s__GGB9818_SGB15459,GGB9818 SGB15459,ALL,disease,-0.7961940114390389,0.1179226022527325,188,0.42452136810983704
g__GGB9818|s__GGB9818_SGB15459,GGB9818 SGB15459,ALL,ppi_use,0.39108309224318244,0.4824425484733318,188,0.8300849731085268
g__GGB9818|s__GGB9818_SGB15459,GGB9818 SGB15459,ALL,age,-0.00691896422085572,0.6869256940202996,188,0.9182517207218585
g__GGB9818|s__GGB9818_SGB15459,GGB9818 SGB15459,ALL,bmi,-0.014445755760433825,0.7905108183025343,188,0.9520934754399919
g__GGB9818|s__GGB9818_SGB15459,GGB9818 SGB15459,ALL,antibiotics_3m,0.05987010206592742,0.9392510858737511,188,0.9888202232323886
g__GGB9818|s__GGB9818_SGB15459,GGB9818 SGB15459,ALL,smoking,-0.22428935902416203,0.6970351552390733,188,0.9182517207218585
g__Gordonibacter|s__Gordonibacter_pamelaeae,Gordonibacter pamelaeae,ALL,site[T.Oral],-0.9849837530329831,0.015347703464884692,188,0.09703146641555238
g__Gordonibacter|s__Gordonibacter_pamelaeae,Gordonibacter pamelaeae,ALL,sex[T.1],-0.14748743074413181,0.6598932014567314,188,0.9143242209408174
g__Gordonibacter|s__Gordonibacter_pamelaeae,Gordonibacter pamelaeae,ALL,disease,1.3966397934174726,0.00038643917794964263,188,0.00353459678072507
g__Gordonibacter|s__Gordonibacter_pamelaeae,Gordonibacter pamelaeae,ALL,ppi_use,-0.12337542688883323,0.7710248394018699,188,0.9458320232957622
g__Gordonibacter|s__Gordonibacter_pamelaeae,Gordonibacter pamelaeae,ALL,age,-0.03335749884283269,0.011456516278355443,188,0.07605176763504039
g__Gordonibacter|s__Gordonibacter_pamelaeae,Gordonibacter pamelaeae,ALL,bmi,0.034563115636255505,0.4045005839873057,188,0.7866075147223898
g__Gordonibacter|s__Gordonibacter_pamelaeae,Gordonibacter pamelaeae,ALL,antibiotics_3m,-0.31881264944053544,0.5943623750333931,188,0.8960591633374826
g__Gordonibacter|s__Gordonibacter_pamelaeae,Gordonibacter pamelaeae,ALL,smoking,0.20121303384515776,0.6466308966462806,188,0.9143242209408174
g__Granulicatella|s__Granulicatella_SGB8239,Granulicatella SGB8239,ALL,site[T.Oral],1.5410586477451933,6.123121560579317e-13,188,1.1021618809042771e-11
g__Granulicatella|s__Granulicatella_SGB8239,Granulicatella SGB8239,ALL,sex[T.1],-0.42690999830968457,0.010483134480978635,188,0.07042258761384691
g__Granulicatella|s__Granulicatella_SGB8239,Granulicatella SGB8239,ALL,disease,0.6416892531823203,0.0009211498812530542,188,0.007861972238779866
g__Granulicatella|s__Granulicatella_SGB8239,Granulicatella SGB8239,ALL,ppi_use,-0.3444550394234759,0.10073056304650752,188,0.3852233343357515
g__Granulicatella|s__Granulicatella_SGB8239,Granulicatella SGB8239,ALL,age,-0.011705893674687598,0.07079290647988747,188,0.3030281728590305
g__Granulicatella|s__Granulicatella_SGB8239,Granulicatella SGB8239,ALL,bmi,0.014000579794154163,0.49346653633361814,188,0.8393815473738209
g__Granulicatella|s__Granulicatella_SGB8239,Granulicatella SGB8239,ALL,antibiotics_3m,0.16152631763963074,0.5843919864272541,188,0.8918329879824617
g__Granulicatella|s__Granulicatella_SGB8239,Granulicatella SGB8239,ALL,smoking,0.3903316373657904,0.07258679673705942,188,0.3097625003611898
g__Granulicatella|s__Granulicatella_SGB8255,Granulicatella SGB8255,ALL,site[T.Oral],8.34914627130033,4.409067781399949e-67,188,1.375629147796784e-64
g__Granulicatella|s__Granulicatella_SGB8255,Granulicatella SGB8255,ALL,sex[T.1],-0.0686125952987757,0.7830546494936448,188,0.9511024978899324
g__Granulicatella|s__Granulicatella_SGB8255,Granulicatella SGB8255,ALL,disease,1.11829483353448,0.0001383531091170907,188,0.001358375980422345
g__Granulicatella|s__Granulicatella_SGB8255,Granulicatella SGB8255,ALL,ppi_use,-0.29671427937465444,0.34713143802673585,188,0.7378842376828723
g__Granulicatella|s__Granulicatella_SGB8255,Granulicatella SGB8255,ALL,age,-0.002050411544647182,0.8329899426249978,188,0.965124497867034
g__Granulicatella|s__Granulicatella_SGB8255,Granulicatella SGB8255,ALL,bmi,-0.014634375517698443,0.6348233227426314,188,0.911133653979019
g__Granulicatella|s__Granulicatella_SGB8255,Granulicatella SGB8255,ALL,antibiotics_3m,-0.10989567640783406,0.804969552794253,188,0.9524381948458033
g__Granulicatella|s__Granulicatella_SGB8255,Granulicatella SGB8255,ALL,smoking,-0.25474454797987256,0.43534992904043823,188,0.8086680073463639
g__Granulicatella|s__Granulicatella_adiacens,Granulicatella adiacens,ALL,site[T.Oral],2.2747525797247716,5.693053204102915e-18,188,1.3547536777221174e-16
g__Granulicatella|s__Granulicatella_adiacens,Granulicatella adiacens,ALL,sex[T.1],-0.25698201646379093,0.1920113361764322,188,0.5735827999823634
g__Granulicatella|s__Granulicatella_adiacens,Granulicatella adiacens,ALL,disease,0.8165536267414887,0.0004023169040334624,188,0.003644212472664395
g__Granulicatella|s__Granulicatella_adiacens,Granulicatella adiacens,ALL,ppi_use,-0.21473587418893517,0.388180268003512,188,0.7808095935199583
g__Granulicatella|s__Granulicatella_adiacens,Granulicatella adiacens,ALL,age,-0.015119319067125242,0.0498658195996023,188,0.23572932901630175
g__Granulicatella|s__Granulicatella_adiacens,Granulicatella adiacens,ALL,bmi,0.013414634332961467,0.5809659960442075,188,0.889990462025169
g__Granulicatella|s__Granulicatella_adiacens,Granulicatella adiacens,ALL,antibiotics_3m,0.19484739374352147,0.5789438483720937,188,0.8893185592061482
g__Granulicatella|s__Granulicatella_adiacens,Granulicatella adiacens,ALL,smoking,-0.046871086770179114,0.8554750591678312,188,0.9733281872541611
g__Haemophilus|s__Haemophilus_haemolyticus,Haemophilus haemolyticus,ALL,site[T.Oral],3.2336824039939684,1.8071772789907163e-18,188,4.5308516066124386e-17
g__Haemophilus|s__Haemophilus_haemolyticus,Haemophilus haemolyticus,ALL,sex[T.1],-0.3409321614432954,0.21482323801436198,188,0.6038274798241526
g__Haemophilus|s__Haemophilus_haemolyticus,Haemophilus haemolyticus,ALL,disease,0.5090546889356061,0.10895742300669994,188,0.4057724718870205
g__Haemophilus|s__Haemophilus_haemolyticus,Haemophilus haemolyticus,ALL,ppi_use,-0.7851258902751979,0.024644748762044682,188,0.1395210776689949
g__Haemophilus|s__Haemophilus_haemolyticus,Haemophilus haemolyticus,ALL,age,-0.02588586882813267,0.01642936283851382,188,0.10117028695295352
g__Haemophilus|s__Haemophilus_haemolyticus,Haemophilus haemolyticus,ALL,bmi,-0.023957108209263712,0.48012948849601833,188,0.8296238920667696
g__Haemophilus|s__Haemophilus_haemolyticus,Haemophilus haemolyticus,ALL,antibiotics_3m,0.021321323233497537,0.9652822499300007,188,0.9939499763344429
g__Haemophilus|s__Haemophilus_haemolyticus,Haemophilus haemolyticus,ALL,smoking,0.3969770488275369,0.26984046337358936,188,0.6667876481515226
g__Haemophilus|s__Haemophilus_parahaemolyticus,Haemophilus parahaemolyticus,ALL,site[T.Oral],4.152564060010727,6.528284705532788e-20,188,1.814992421102581e-18
g__Haemophilus|s__Haemophilus_parahaemolyticus,Haemophilus parahaemolyticus,ALL,sex[T.1],-0.19887045839277978,0.5526467158821726,188,0.8734939755989003
g__Haemophilus|s__Haemophilus_parahaemolyticus,Haemophilus parahaemolyticus,ALL,disease,0.3066897537360076,0.42756731412716975,188,0.8046977332902765
g__Haemophilus|s__Haemophilus_parahaemolyticus,Haemophilus parahaemolyticus,ALL,ppi_use,-1.2401937830195762,0.003799351298626234,188,0.028833995801466124
g__Haemophilus|s__Haemophilus_parahaemolyticus,Haemophilus parahaemolyticus,ALL,age,0.002011265155024278,0.8776369040393194,188,0.9792429777759343
g__Haemophilus|s__Haemophilus_parahaemolyticus,Haemophilus parahaemolyticus,ALL,bmi,-0.009384285444524906,0.8206166565952409,188,0.9592874833327049
g__Haemophilus|s__Haemophilus_parahaemolyticus,Haemophilus parahaemolyticus,ALL,antibiotics_3m,0.08794568444853888,0.8830600843915689,188,0.9792429777759343
g__Haemophilus|s__Haemophilus_parahaemolyticus,Haemophilus parahaemolyticus,ALL,smoking,0.2103751494954499,0.6313980457776509,188,0.9109207001240979
g__Haemophilus|s__Haemophilus_parainfluenzae,Haemophilus parainfluenzae,ALL,site[T.Oral],5.890833371729226,3.634648802867732e-22,188,1.1867550974944873e-20
g__Haemophilus|s__Haemophilus_parainfluenzae,Haemophilus parainfluenzae,ALL,sex[T.1],-0.0039382836608816965,0.9928777422277706,188,0.9963121042439106
g__Haemophilus|s__Haemophilus_parainfluenzae,Haemophilus parainfluenzae,ALL,disease,0.82051793845538,0.10825765454087652,188,0.4042386887643368
g__Haemophilus|s__Haemophilus_parainfluenzae,Haemophilus parainfluenzae,ALL,ppi_use,-0.4707538767720122,0.39944205362960483,188,0.7866075147223898
g__Haemophilus|s__Haemophilus_parainfluenzae,Haemophilus parainfluenzae,ALL,age,-0.01671999699498798,0.33209776421483383,188,0.7237333277879743
g__Haemophilus|s__Haemophilus_parainfluenzae,Haemophilus parainfluenzae,ALL,bmi,-0.018718839334989804,0.7314871837993031,188,0.9344153714930712
g__Haemophilus|s__Haemophilus_parainfluenzae,Haemophilus parainfluenzae,ALL,antibiotics_3m,2.0477050309514997,0.010036723538946244,188,0.06774788388788715
g__Haemophilus|s__Haemophilus_parainfluenzae,Haemophilus parainfluenzae,ALL,smoking,-0.47044511999174793,0.4159190809651496,188,0.794047824477382
g__Haemophilus|s__Haemophilus_sputorum,Haemophilus sputorum,ALL,site[T.Oral],3.105065232388738,4.0587944873613245e-17,188,9.11767593640848e-16
g__Haemophilus|s__Haemophilus_sputorum,Haemophilus sputorum,ALL,sex[T.1],-0.08461549603410193,0.7601065948666268,188,0.939310090531797
g__Haemophilus|s__Haemophilus_sputorum,Haemophilus sputorum,ALL,disease,0.062034339623904936,0.8461512818662141,188,0.9686069300775904
g__Haemophilus|s__Haemophilus_sputorum,Haemophilus sputorum,ALL,ppi_use,-0.6845016509265676,0.052076991127017025,188,0.24453543659642776
g__Haemophilus|s__Haemophilus_sputorum,Haemophilus sputorum,ALL,age,-0.010125071494401386,0.34964262935307855,188,0.7398617205903878
g__Haemophilus|s__Haemophilus_sputorum,Haemophilus sputorum,ALL,bmi,-0.01238944267136752,0.7176303846767613,188,0.92800027232958
g__Haemophilus|s__Haemophilus_sputorum,Haemophilus sputorum,ALL,antibiotics_3m,0.2204860191475859,0.6560280659855597,188,0.9143242209408174
g__Haemophilus|s__Haemophilus_sputorum,Haemophilus sputorum,ALL,smoking,0.34784022069474335,0.3383580217438943,188,0.7291706255232964
g__Holdemanella|s__Holdemanella_porci,Holdemanella porci,ALL,site[T.Oral],-1.0199984143988374,0.03434078634581845,188,0.17857208899825594
g__Holdemanella|s__Holdemanella_porci,Holdemanella porci,ALL,sex[T.1],-0.36375994173995274,0.36160867245318185,188,0.7500092471644326
g__Holdemanella|s__Holdemanella_porci,Holdemanella porci,ALL,disease,0.25934093164136174,0.5726652623352666,188,0.8854868153289805
g__Holdemanella|s__Holdemanella_porci,Holdemanella porci,ALL,ppi_use,0.5222194535723556,0.30068634069781436,188,0.6995254719796709
g__Holdemanella|s__Holdemanella_porci,Holdemanella porci,ALL,age,-0.016443109324963685,0.29079340195645254,188,0.6884889314449568
g__Holdemanella|s__Holdemanella_porci,Holdemanella porci,ALL,bmi,0.03515866337273652,0.4754782188323564,188,0.8296238920667696
g__Holdemanella|s__Holdemanella_porci,Holdemanella porci,ALL,antibiotics_3m,-0.5595704227633097,0.4318789643048645,188,0.8080694124038
g__Holdemanella|s__Holdemanella_porci,Holdemanella porci,ALL,smoking,0.13407735824256242,0.7971334322480513,188,0.9520934754399919
g__Holdemania|s__Holdemania_filiformis,Holdemania filiformis,ALL,site[T.Oral],-1.810677463659437,2.192019534407696e-05,188,0.00023765215647169151
g__Holdemania|s__Holdemania_filiformis,Holdemania filiformis,ALL,sex[T.1],-0.46716256169908776,0.17779081170981328,188,0.5516426511393986
g__Holdemania|s__Holdemania_filiformis,Holdemania filiformis,ALL,disease,0.5319649338705486,0.18349777678368845,188,0.5643611798560757
g__Holdemania|s__Holdemania_filiformis,Holdemania filiformis,ALL,ppi_use,0.4130456342147533,0.34564550089310087,188,0.7358397016738645
g__Holdemania|s__Holdemania_filiformis,Holdemania filiformis,ALL,age,-0.03183137652786274,0.019234056611286552,188,0.11442633678917932
g__Holdemania|s__Holdemania_filiformis,Holdemania filiformis,ALL,bmi,0.0992054003380967,0.021249260331671092,188,0.1235360724872307
g__Holdemania|s__Holdemania_filiformis,Holdemania filiformis,ALL,antibiotics_3m,0.3301153928081079,0.5931314783041672,188,0.8959188763195812
g__Holdemania|s__Holdemania_filiformis,Holdemania filiformis,ALL,smoking,0.8267289472917133,0.06916742271006172,188,0.2978866916715542
g__Hungatella|s__Hungatella_hathewayi,Hungatella hathewayi,ALL,site[T.Oral],-1.8076813740238211,4.5990960205974065e-06,188,5.292730174523573e-05
g__Hungatella|s__Hungatella_hathewayi,Hungatella hathewayi,ALL,sex[T.1],-0.3282640805208531,0.30326608063123267,188,0.7015758295273623
g__Hungatella|s__Hungatella_hathewayi,Hungatella hathewayi,ALL,disease,3.365429160084947,1.0927700078395085e-16,188,2.3972642046979218e-15
g__Hungatella|s__Hungatella_hathewayi,Hungatella hathewayi,ALL,ppi_use,-0.6063088241800106,0.13347752180748648,188,0.4581966763269218
g__Hungatella|s__Hungatella_hathewayi,Hungatella hathewayi,ALL,age,0.0011194083342773995,0.9282122829397286,188,0.9888202232323886
g__Hungatella|s__Hungatella_hathewayi,Hungatella hathewayi,ALL,bmi,-0.02872110018612231,0.46592328382768267,188,0.8281541296437301
g__Hungatella|s__Hungatella_hathewayi,Hungatella hathewayi,ALL,antibiotics_3m,0.01729526197707552,0.9757378157999643,188,0.9939499763344429
g__Hungatella|s__Hungatella_hathewayi,Hungatella hathewayi,ALL,smoking,-0.10780553975230449,0.7959960030448041,188,0.9520934754399919
g__Hydrogenoanaerobacterium|s__Hydrogenoanaerobacterium_saccharovorans,Hydrogenoanaerobacterium saccharovorans,ALL,site[T.Oral],-2.7594220723091483,2.7308342767705353e-09,188,3.952671468645187e-08
g__Hydrogenoanaerobacterium|s__Hydrogenoanaerobacterium_saccharovorans,Hydrogenoanaerobacterium saccharovorans,ALL,sex[T.1],0.35211017356319113,0.3377647169550343,188,0.7284510946311339
g__Hydrogenoanaerobacterium|s__Hydrogenoanaerobacterium_saccharovorans,Hydrogenoanaerobacterium saccharovorans,ALL,disease,-0.9954820382585712,0.019596513178343565,188,0.11609073629702264
g__Hydrogenoanaerobacterium|s__Hydrogenoanaerobacterium_saccharovorans,Hydrogenoanaerobacterium saccharovorans,ALL,ppi_use,0.002015221050872839,0.996535285969391,188,0.9976010991094653
g__Hydrogenoanaerobacterium|s__Hydrogenoanaerobacterium_saccharovorans,Hydrogenoanaerobacterium saccharovorans,ALL,age,-0.018874583460842708,0.18841022096363394,188,0.5701123960683874
g__Hydrogenoanaerobacterium|s__Hydrogenoanaerobacterium_saccharovorans,Hydrogenoanaerobacterium saccharovorans,ALL,bmi,-0.005980382831213367,0.8950910140178694,188,0.9799497593165543
g__Hydrogenoanaerobacterium|s__Hydrogenoanaerobacterium_saccharovorans,Hydrogenoanaerobacterium saccharovorans,ALL,antibiotics_3m,-0.828215043642184,0.2072296433523216,188,0.5941413813355118
g__Hydrogenoanaerobacterium|s__Hydrogenoanaerobacterium_saccharovorans,Hydrogenoanaerobacterium saccharovorans,ALL,smoking,0.31881424519977747,0.5071774071902933,188,0.8474902540308566
g__Intestinibacter|s__Intestinibacter_bartlettii,Intestinibacter bartlettii,ALL,site[T.Oral],-2.7108862909913896,3.3877835589382027e-11,188,5.344323726684535e-10
g__Intestinibacter|s__Intestinibacter_bartlettii,Intestinibacter bartlettii,ALL,sex[T.1],-0.23310398187521486,0.4657457469706363,188,0.8281541296437301
g__Intestinibacter|s__Intestinibacter_bartlettii,Intestinibacter bartlettii,ALL,disease,4.185340726194946,6.538168948377556e-23,188,2.266565235437553e-21
g__Intestinibacter|s__Intestinibacter_bartlettii,Intestinibacter bartlettii,ALL,ppi_use,-0.8363753142222731,0.03958176315443772,188,0.1984742695315377
g__Intestinibacter|s__Intestinibacter_bartlettii,Intestinibacter bartlettii,ALL,age,-0.007280472626275009,0.5592427838225443,188,0.8782568992013515
g__Intestinibacter|s__Intestinibacter_bartlettii,Intestinibacter bartlettii,ALL,bmi,0.04832803009252051,0.22184796097809728,188,0.6168083225417877
g__Intestinibacter|s__Intestinibacter_bartlettii,Intestinibacter bartlettii,ALL,antibiotics_3m,0.723945747003934,0.20535780681764634,188,0.593484234371248
g__Intestinibacter|s__Intestinibacter_bartlettii,Intestinibacter bartlettii,ALL,smoking,-0.1860338912920776,0.6565059173580126,188,0.9143242209408174
g__Isoptericola|s__Isoptericola_variabilis,Isoptericola variabilis,ALL,site[T.Oral],5.20263884757035,1.1110718464148317e-23,188,4.2160672226119554e-22
g__Isoptericola|s__Isoptericola_variabilis,Isoptericola variabilis,ALL,sex[T.1],0.9727237827452891,0.009606828022316796,188,0.06579505630894039
g__Isoptericola|s__Isoptericola_variabilis,Isoptericola variabilis,ALL,disease,0.7272888015353688,0.09154769198361151,188,0.3610200404399487
g__Isoptericola|s__Isoptericola_variabilis,Isoptericola variabilis,ALL,ppi_use,0.5150773610092356,0.27465532016990996,188,0.6694723429141555
g__Isoptericola|s__Isoptericola_variabilis,Isoptericola variabilis,ALL,age,-0.004927160042751471,0.734399781138784,188,0.9349679276632936
g__Isoptericola|s__Isoptericola_variabilis,Isoptericola variabilis,ALL,bmi,0.05728059245198661,0.214037270464413,188,0.6027482020309496
g__Isoptericola|s__Isoptericola_variabilis,Isoptericola variabilis,ALL,antibiotics_3m,0.917389888170158,0.16859744579513708,188,0.5337335149861837
g__Isoptericola|s__Isoptericola_variabilis,Isoptericola variabilis,ALL,smoking,0.432326043546576,0.37547369883559645,188,0.7651162164951777
g__Lachnoanaerobaculum|s__Lachnoanaerobaculum_orale,Lachnoanaerobaculum orale,ALL,site[T.Oral],7.335085773885078,1.5245945568333468e-53,188,2.6756634472425235e-51
g__Lachnoanaerobaculum|s__Lachnoanaerobaculum_orale,Lachnoanaerobaculum orale,ALL,sex[T.1],-0.24642056516911814,0.36884135993395983,188,0.7593156442042223
g__Lachnoanaerobaculum|s__Lachnoanaerobaculum_orale,Lachnoanaerobaculum orale,ALL,disease,0.6367309533721766,0.04512582161683778,188,0.21857242359989826
g__Lachnoanaerobaculum|s__Lachnoanaerobaculum_orale,Lachnoanaerobaculum orale,ALL,ppi_use,0.2135515221058108,0.537907406684074,188,0.8645930154372523
g__Lachnoanaerobaculum|s__Lachnoanaerobaculum_orale,Lachnoanaerobaculum orale,ALL,age,-0.005570643057715928,0.6023746896778805,188,0.9009608178926797
g__Lachnoanaerobaculum|s__Lachnoanaerobaculum_orale,Lachnoanaerobaculum orale,ALL,bmi,-0.006530447120728934,0.8470760921773928,188,0.9688756280383376
g__Lachnoanaerobaculum|s__Lachnoanaerobaculum_orale,Lachnoanaerobaculum orale,ALL,antibiotics_3m,0.3690361714624157,0.45099875443936355,188,0.8196835036074565
g__Lachnoanaerobaculum|s__Lachnoanaerobaculum_orale,Lachnoanaerobaculum orale,ALL,smoking,-0.18283972665354484,0.610354612483893,188,0.9039880685168755
g__Lachnoanaerobaculum|s__Lachnoanaerobaculum_sp_ICM7,Lachnoanaerobaculum sp ICM7,ALL,site[T.Oral],2.877096435187879,6.15354258570092e-18,188,1.4520292084578305e-16
g__Lachnoanaerobaculum|s__Lachnoanaerobaculum_sp_ICM7,Lachnoanaerobaculum sp ICM7,ALL,sex[T.1],0.10582755597082143,0.6707223593886739,188,0.9170548288563516
g__Lachnoanaerobaculum|s__Lachnoanaerobaculum_sp_ICM7,Lachnoanaerobaculum sp ICM7,ALL,disease,1.0101808598183437,0.0005411728639207613,188,0.004733998136727408
g__Lachnoanaerobaculum|s__Lachnoanaerobaculum_sp_ICM7,Lachnoanaerobaculum sp ICM7,ALL,ppi_use,-0.6144584932928817,0.05219124154922607,188,0.24466278175330017
g__Lachnoanaerobaculum|s__Lachnoanaerobaculum_sp_ICM7,Lachnoanaerobaculum sp ICM7,ALL,age,0.008549983226776945,0.3791253430569048,188,0.7669913280286663
g__Lachnoanaerobaculum|s__Lachnoanaerobaculum_sp_ICM7,Lachnoanaerobaculum sp ICM7,ALL,bmi,0.0014735449236369406,0.9617973144926062,188,0.9939499763344429
g__Lachnoanaerobaculum|s__Lachnoanaerobaculum_sp_ICM7,Lachnoanaerobaculum sp ICM7,ALL,antibiotics_3m,0.34910914513020697,0.4325817686051776,188,0.8081767173941042
g__Lachnoanaerobaculum|s__Lachnoanaerobaculum_sp_ICM7,Lachnoanaerobaculum sp ICM7,ALL,smoking,-0.3539149154330469,0.2782531380752541,188,0.674311592771743
g__Lachnoclostridium|s__Clostridium_symbiosum,Clostridium symbiosum,ALL,site[T.Oral],-1.7277285177012602,5.547230074028766e-05,188,0.0005812172405922678
g__Lachnoclostridium|s__Clostridium_symbiosum,Clostridium symbiosum,ALL,sex[T.1],0.2937786779574038,0.39937917235168674,188,0.7866075147223898
g__Lachnoclostridium|s__Clostridium_symbiosum,Clostridium symbiosum,ALL,disease,3.3216060224233352,2.8124784182322143e-14,188,5.264959598930704e-13
g__Lachnoclostridium|s__Clostridium_symbiosum,Clostridium symbiosum,ALL,ppi_use,-0.5645395407894952,0.20108172563524537,188,0.5900078219266134
g__Lachnoclostridium|s__Clostridium_symbiosum,Clostridium symbiosum,ALL,age,-0.003306916844610529,0.8077596617073997,188,0.9534212400480783
g__Lachnoclostridium|s__Clostridium_symbiosum,Clostridium symbiosum,ALL,bmi,-0.013970301032937183,0.7456019218348098,188,0.9353001927554273
g__Lachnoclostridium|s__Clostridium_symbiosum,Clostridium symbiosum,ALL,antibiotics_3m,0.485172113214652,0.4357777915927924,188,0.8086680073463639
g__Lachnoclostridium|s__Clostridium_symbiosum,Clostridium symbiosum,ALL,smoking,-0.04504058081715192,0.9213281983904437,188,0.9888202232323886
g__Lachnospira|s__Lachnospira_eligens,Lachnospira eligens,ALL,site[T.Oral],-3.1129165378668837,3.2752517166430093e-10,188,5.0256321422587814e-09
g__Lachnospira|s__Lachnospira_eligens,Lachnospira eligens,ALL,sex[T.1],0.7532229177541642,0.05421834270288994,188,0.24999196438376842
g__Lachnospira|s__Lachnospira_eligens,Lachnospira eligens,ALL,disease,-0.9124613289493594,0.043367722457916875,188,0.21326893986310086
g__Lachnospira|s__Lachnospira_eligens,Lachnospira eligens,ALL,ppi_use,0.401300645606951,0.41551760920263214,188,0.794047824477382
g__Lachnospira|s__Lachnospira_eligens,Lachnospira eligens,ALL,age,-0.04183456895075332,0.006417243176797046,188,0.045851447431160576
g__Lachnospira|s__Lachnospira_eligens,Lachnospira eligens,ALL,bmi,0.024958062819700207,0.6041258402601717,188,0.9023326380056181
g__Lachnospira|s__Lachnospira_eligens,Lachnospira eligens,ALL,antibiotics_3m,-0.755866243219144,0.2777177531298587,188,0.6740693069877687
g__Lachnospira|s__Lachnospira_eligens,Lachnospira eligens,ALL,smoking,-0.2096937901027189,0.6808565766268948,188,0.9182517207218585
g__Lachnospira|s__Lachnospira_pectinoschiza,Lachnospira pectinoschiza,ALL,site[T.Oral],-1.4779690862359611,0.006008778771712949,188,0.043152559567698104
g__Lachnospira|s__Lachnospira_pectinoschiza,Lachnospira pectinoschiza,ALL,sex[T.1],0.2612751880587686,0.5551382947760828,188,0.8750353262280829
g__Lachnospira|s__Lachnospira_pectinoschiza,Lachnospira pectinoschiza,ALL,disease,-0.37974612976370603,0.4574165053986238,188,0.8228222595511439
g__Lachnospira|s__Lachnospira_pectinoschiza,Lachnospira pectinoschiza,ALL,ppi_use,-0.25078284956971886,0.6542922543307512,188,0.9143242209408174
g__Lachnospira|s__Lachnospira_pectinoschiza,Lachnospira pectinoschiza,ALL,age,0.007924227728922425,0.6464431500816457,188,0.9143242209408174
g__Lachnospira|s__Lachnospira_pectinoschiza,Lachnospira pectinoschiza,ALL,bmi,-0.044813979300579565,0.4131704798221536,188,0.7930547500162717
g__Lachnospira|s__Lachnospira_pectinoschiza,Lachnospira pectinoschiza,ALL,antibiotics_3m,-0.06676159552206438,0.9326913148755502,188,0.9888202232323886
g__Lachnospira|s__Lachnospira_pectinoschiza,Lachnospira pectinoschiza,ALL,smoking,0.1665376545624381,0.7738644795233975,188,0.9464912225577593
g__Lachnospira|s__Lachnospira_sp_NSJ_43,Lachnospira sp NSJ 43,ALL,site[T.Oral],-0.5350873120856249,0.18830095569215838,188,0.5701123960683874
g__Lachnospira|s__Lachnospira_sp_NSJ_43,Lachnospira sp NSJ 43,ALL,sex[T.1],0.34758035900893663,0.30355456371060285,188,0.7015758295273623
g__Lachnospira|s__Lachnospira_sp_NSJ_43,Lachnospira sp NSJ 43,ALL,disease,-0.15786858599835168,0.6851012567350092,188,0.9182517207218585
g__Lachnospira|s__Lachnospira_sp_NSJ_43,Lachnospira sp NSJ 43,ALL,ppi_use,-0.3538728858719458,0.40742370256143823,188,0.7890931669223774
g__Lachnospira|s__Lachnospira_sp_NSJ_43,Lachnospira sp NSJ 43,ALL,age,0.0038496797265645073,0.7699719572849917,188,0.9457923254839268
g__Lachnospira|s__Lachnospira_sp_NSJ_43,Lachnospira sp NSJ 43,ALL,bmi,0.04745113135385262,0.25604652561745006,188,0.6542116869279342
g__Lachnospira|s__Lachnospira_sp_NSJ_43,Lachnospira sp NSJ 43,ALL,antibiotics_3m,0.20093478699866726,0.7387973693731444,188,0.9353001927554273
g__Lachnospira|s__Lachnospira_sp_NSJ_43,Lachnospira sp NSJ 43,ALL,smoking,-0.3966654332941429,0.36975691346799455,188,0.7600859538932129
g__Lacrimispora|s__Lacrimispora_amygdalina,Lacrimispora amygdalina,ALL,site[T.Oral],-3.672928131482918,9.995002347562559e-15,188,1.909249428024195e-13
g__Lacrimispora|s__Lacrimispora_amygdalina,Lacrimispora amygdalina,ALL,sex[T.1],0.3602276993587375,0.3203477247643431,188,0.7127759030426623
g__Lacrimispora|s__Lacrimispora_amygdalina,Lacrimispora amygdalina,ALL,disease,-1.0621473449009151,0.01172009766278536,188,0.07740522165316653
g__Lacrimispora|s__Lacrimispora_amygdalina,Lacrimispora amygdalina,ALL,ppi_use,-0.36665498712646005,0.42374432689088704,188,0.801801933901355
g__Lacrimispora|s__Lacrimispora_amygdalina,Lacrimispora amygdalina,ALL,age,-0.017147160942850462,0.2257475141054449,188,0.6202534438435316
g__Lacrimispora|s__Lacrimispora_amygdalina,Lacrimispora amygdalina,ALL,bmi,0.03963906889296827,0.37626705363058044,188,0.7656753746237844
g__Lacrimispora|s__Lacrimispora_amygdalina,Lacrimispora amygdalina,ALL,antibiotics_3m,-0.9189341687337467,0.1563954059255462,188,0.5079799203848716
g__Lacrimispora|s__Lacrimispora_amygdalina,Lacrimispora amygdalina,ALL,smoking,0.23638367621465178,0.6181435850219801,188,0.9054497583420553
g__Lacrimispora|s__Lacrimispora_celerecrescens,Lacrimispora celerecrescens,ALL,site[T.Oral],-3.951004262898683,1.3612033252701266e-12,188,2.3889118358490722e-11
g__Lacrimispora|s__Lacrimispora_celerecrescens,Lacrimispora celerecrescens,ALL,sex[T.1],0.16594307497379074,0.7004631977421397,188,0.9192650552568933
g__Lacrimispora|s__Lacrimispora_celerecrescens,Lacrimispora celerecrescens,ALL,disease,2.001848156893948,8.282638425479757e-05,188,0.0008457326799544421
g__Lacrimispora|s__Lacrimispora_celerecrescens,Lacrimispora celerecrescens,ALL,ppi_use,0.7834214058091894,0.1521959452930198,188,0.5010154916562716
g__Lacrimispora|s__Lacrimispora_celerecrescens,Lacrimispora celerecrescens,ALL,age,-0.03580571321159109,0.0344916315349351,188,0.17869465193744974
g__Lacrimispora|s__Lacrimispora_celerecrescens,Lacrimispora celerecrescens,ALL,bmi,0.12954452877892456,0.01595093862818847,188,0.0988956033662241
g__Lacrimispora|s__Lacrimispora_celerecrescens,Lacrimispora celerecrescens,ALL,antibiotics_3m,0.3413293425202675,0.6577657479216433,188,0.9143242209408174
g__Lacrimispora|s__Lacrimispora_celerecrescens,Lacrimispora celerecrescens,ALL,smoking,-0.581418301768247,0.30396468246292324,188,0.7015758295273623
g__Lancefieldella|s__Lancefieldella_parvula,Lancefieldella parvula,ALL,site[T.Oral],9.0826183451892,1.5869296891502932e-71,188,8.912197134268047e-69
g__Lancefieldella|s__Lancefieldella_parvula,Lancefieldella parvula,ALL,sex[T.1],0.11452076786034072,0.6507557337733098,188,0.9143242209408174
g__Lancefieldella|s__Lancefieldella_parvula,Lancefieldella parvula,ALL,disease,1.0439297328913602,0.00043813572836118173,188,0.003943221555250636
g__Lancefieldella|s__Lancefieldella_parvula,Lancefieldella parvula,ALL,ppi_use,0.2338641976997401,0.4651111300877656,188,0.8281541296437301
g__Lancefieldella|s__Lancefieldella_parvula,Lancefieldella parvula,ALL,age,-0.002460438676135725,0.8031284689108151,188,0.9524381948458033
g__Lancefieldella|s__Lancefieldella_parvula,Lancefieldella parvula,ALL,bmi,0.011379641442648443,0.715916101765252,188,0.9276677783367492
g__Lancefieldella|s__Lancefieldella_parvula,Lancefieldella parvula,ALL,antibiotics_3m,0.12298877686608131,0.7854215348423439,188,0.9513642937501046
g__Lancefieldella|s__Lancefieldella_parvula,Lancefieldella parvula,ALL,smoking,-0.2042640436332386,0.5375862908763007,188,0.864571766770133
g__Lancefieldella|s__Lancefieldella_rimae,Lancefieldella rimae,ALL,site[T.Oral],2.7453361032296866,6.31113284131654e-18,188,1.4768050848680703e-16
g__Lancefieldella|s__Lancefieldella_rimae,Lancefieldella rimae,ALL,sex[T.1],-0.039372154908430025,0.8683656875045421,188,0.9769113984426099
g__Lancefieldella|s__Lancefieldella_rimae,Lancefieldella rimae,ALL,disease,0.8544970871771443,0.002095130464598443,188,0.016857095543244778
g__Lancefieldella|s__Lancefieldella_rimae,Lancefieldella rimae,ALL,ppi_use,-0.48980417900631906,0.10440399826806772,188,0.39563620396320404
g__Lancefieldella|s__Lancefieldella_rimae,Lancefieldella rimae,ALL,age,-0.028766679830270127,0.002194310960947929,188,0.01745502883382942
g__Lancefieldella|s__Lancefieldella_rimae,Lancefieldella rimae,ALL,bmi,0.009928627912956131,0.7353386814146954,188,0.9349679276632936
g__Lancefieldella|s__Lancefieldella_rimae,Lancefieldella rimae,ALL,antibiotics_3m,-0.20234297708727064,0.6335385352919646,188,0.911133653979019
g__Lancefieldella|s__Lancefieldella_rimae,Lancefieldella rimae,ALL,smoking,-0.07970063400890483,0.797810062602034,188,0.9520934754399919
g__Lautropia|s__Lautropia_mirabilis,Lautropia mirabilis,ALL,site[T.Oral],4.4408700171051985,1.8452612297934863e-26,188,8.635822555433515e-25
g__Lautropia|s__Lautropia_mirabilis,Lautropia mirabilis,ALL,sex[T.1],-0.10349886964406779,0.7244291337201993,188,0.9321390056974469
g__Lautropia|s__Lautropia_mirabilis,Lautropia mirabilis,ALL,disease,0.8338821184488926,0.014617385462948518,188,0.09371145748849186
g__Lautropia|s__Lautropia_mirabilis,Lautropia mirabilis,ALL,ppi_use,-0.5794753790204288,0.11987802423715964,188,0.4304571509692382
g__Lautropia|s__Lautropia_mirabilis,Lautropia mirabilis,ALL,age,0.002639035252753408,0.8177929561235344,188,0.9578238191381384
g__Lautropia|s__Lautropia_mirabilis,Lautropia mirabilis,ALL,bmi,0.024597335073481934,0.498135726502822,188,0.8431375045328053
g__Lautropia|s__Lautropia_mirabilis,Lautropia mirabilis,ALL,antibiotics_3m,-0.31350584191315617,0.5500381871138504,188,0.8726029544721424
g__Lautropia|s__Lautropia_mirabilis,Lautropia mirabilis,ALL,smoking,-0.509878127395605,0.18575179036551254,188,0.5668455251549804
g__Leptotrichia|s__Leptotrichia_sp_oral_taxon_215,Leptotrichia sp oral taxon 215,ALL,site[T.Oral],3.123083649338551,5.244899067093843e-18,188,1.269627291413751e-16
g__Leptotrichia|s__Leptotrichia_sp_oral_taxon_215,Leptotrichia sp oral taxon 215,ALL,sex[T.1],0.10902402889461547,0.6858052711341807,188,0.9182517207218585
g__Leptotrichia|s__Leptotrichia_sp_oral_taxon_215,Leptotrichia sp oral taxon 215,ALL,disease,0.8442004975634771,0.007183720508054286,188,0.050939109057112214
g__Leptotrichia|s__Leptotrichia_sp_oral_taxon_215,Leptotrichia sp oral taxon 215,ALL,ppi_use,0.18225276955579978,0.5929965893037359,188,0.8959188763195812
g__Leptotrichia|s__Leptotrichia_sp_oral_taxon_215,Leptotrichia sp oral taxon 215,ALL,age,0.0035809270329520923,0.7334522819276027,188,0.9349679276632936
g__Leptotrichia|s__Leptotrichia_sp_oral_taxon_215,Leptotrichia sp oral taxon 215,ALL,bmi,0.018414199817463287,0.5805305294872587,188,0.889990462025169
g__Leptotrichia|s__Leptotrichia_sp_oral_taxon_215,Leptotrichia sp oral taxon 215,ALL,antibiotics_3m,0.05950166294670821,0.9015966090795751,188,0.9839421991043321
g__Leptotrichia|s__Leptotrichia_sp_oral_taxon_215,Leptotrichia sp oral taxon 215,ALL,smoking,-0.3396802542450165,0.3363021574027686,188,0.7271519071568862
g__Leptotrichia|s__Leptotrichia_sp_oral_taxon_221,Leptotrichia sp oral taxon 221,ALL,site[T.Oral],3.7985836899389795,1.383843115152527e-21,188,4.4157175765321545e-20
g__Leptotrichia|s__Leptotrichia_sp_oral_taxon_221,Leptotrichia sp oral taxon 221,ALL,sex[T.1],0.057988283694894276,0.8413896107831611,188,0.9663520116558232
g__Leptotrichia|s__Leptotrichia_sp_oral_taxon_221,Leptotrichia sp oral taxon 221,ALL,disease,0.7383446440328678,0.028261524411373213,188,0.15560462852379606
g__Leptotrichia|s__Leptotrichia_sp_oral_taxon_221,Leptotrichia sp oral taxon 221,ALL,ppi_use,-0.2342815149968722,0.5229685140718856,188,0.8584639830459261
g__Leptotrichia|s__Leptotrichia_sp_oral_taxon_221,Leptotrichia sp oral taxon 221,ALL,age,-0.004941869940142277,0.662151049650356,188,0.9152286238329983
g__Leptotrichia|s__Leptotrichia_sp_oral_taxon_221,Leptotrichia sp oral taxon 221,ALL,bmi,-0.01635836927283188,0.6480027437903598,188,0.9143242209408174
g__Leptotrichia|s__Leptotrichia_sp_oral_taxon_221,Leptotrichia sp oral taxon 221,ALL,antibiotics_3m,0.27120174048932155,0.6003937934417569,188,0.9005906901626354
g__Leptotrichia|s__Leptotrichia_sp_oral_taxon_221,Leptotrichia sp oral taxon 221,ALL,smoking,-0.4066061631101578,0.2846784610996292,188,0.6803209521427733
g__Leptotrichia|s__Leptotrichia_wadei,Leptotrichia wadei,ALL,site[T.Oral],6.658010318083678,2.092043343259371e-40,188,1.8357680337100978e-38
g__Leptotrichia|s__Leptotrichia_wadei,Leptotrichia wadei,ALL,sex[T.1],0.2621160772555301,0.41041744886131204,188,0.7918905983942349
g__Leptotrichia|s__Leptotrichia_wadei,Leptotrichia wadei,ALL,disease,0.5397337618579007,0.14263813278856693,188,0.4785279293551923
g__Leptotrichia|s__Leptotrichia_wadei,Leptotrichia wadei,ALL,ppi_use,0.3106107217591073,0.44060703772580423,188,0.811294794710858
g__Leptotrichia|s__Leptotrichia_wadei,Leptotrichia wadei,ALL,age,0.00577449754159441,0.6419182313745123,188,0.9143242209408174
g__Leptotrichia|s__Leptotrichia_wadei,Leptotrichia wadei,ALL,bmi,0.0023239397882242425,0.9528794880853784,188,0.9920003389449094
g__Leptotrichia|s__Leptotrichia_wadei,Leptotrichia wadei,ALL,antibiotics_3m,0.40744702097891755,0.4736351238891574,188,0.8296238920667696
g__Leptotrichia|s__Leptotrichia_wadei,Leptotrichia wadei,ALL,smoking,-0.32612020448572765,0.43412215075782334,188,0.8086680073463639
g__Mediterraneibacter|s__Ruminococcus_gnavus,Ruminococcus gnavus,ALL,site[T.Oral],-3.9090484605769906,2.3313227727305016e-11,188,3.806019968504214e-10
g__Mediterraneibacter|s__Ruminococcus_gnavus,Ruminococcus gnavus,ALL,sex[T.1],-0.30201097060163484,0.5082265914903823,188,0.8474902540308566
g__Mediterraneibacter|s__Ruminococcus_gnavus,Ruminococcus gnavus,ALL,disease,5.342615634954634,1.9030596982507847e-19,188,5.089325364464956e-18
g__Mediterraneibacter|s__Ruminococcus_gnavus,Ruminococcus gnavus,ALL,ppi_use,-0.6208580674634812,0.2828021019700633,188,0.6798872451472069
g__Mediterraneibacter|s__Ruminococcus_gnavus,Ruminococcus gnavus,ALL,age,0.006418880208882203,0.7184731453149954,188,0.92800027232958
g__Mediterraneibacter|s__Ruminococcus_gnavus,Ruminococcus gnavus,ALL,bmi,-0.0031278820098702134,0.9557713642072616,188,0.9920724544925161
g__Mediterraneibacter|s__Ruminococcus_gnavus,Ruminococcus gnavus,ALL,antibiotics_3m,-0.30478640860747624,0.7084167080176931,188,0.9226503321492032
g__Mediterraneibacter|s__Ruminococcus_gnavus,Ruminococcus gnavus,ALL,smoking,0.5090690941844586,0.39462501195013033,188,0.7836683405629179
g__Mediterraneibacter|s__Ruminococcus_lactaris,Ruminococcus lactaris,ALL,site[T.Oral],-2.0112116561311604,0.00047748807483922274,188,0.004229610454727248
g__Mediterraneibacter|s__Ruminococcus_lactaris,Ruminococcus lactaris,ALL,sex[T.1],-0.15838881462281904,0.7364596872780804,188,0.9349679276632936
g__Mediterraneibacter|s__Ruminococcus_lactaris,Ruminococcus lactaris,ALL,disease,-0.26206363681988804,0.6294295568603356,188,0.9109207001240979
g__Mediterraneibacter|s__Ruminococcus_lactaris,Ruminococcus lactaris,ALL,ppi_use,0.02279568217547169,0.9694531961863408,188,0.9939499763344429
g__Mediterraneibacter|s__Ruminococcus_lactaris,Ruminococcus lactaris,ALL,age,-0.003508084491571301,0.8484954084146522,188,0.9695930087951098
g__Mediterraneibacter|s__Ruminococcus_lactaris,Ruminococcus lactaris,ALL,bmi,-0.09344600890169251,0.10946228633337945,188,0.4071127152637477
g__Mediterraneibacter|s__Ruminococcus_lactaris,Ruminococcus lactaris,ALL,antibiotics_3m,-0.6218987402033327,0.4596668501378878,188,0.8242302140403505
g__Mediterraneibacter|s__Ruminococcus_lactaris,Ruminococcus lactaris,ALL,smoking,0.6611457417264046,0.28407653638460273,188,0.6803209521427733
g__Mediterraneibacter|s__Ruminococcus_torques,Ruminococcus torques,ALL,site[T.Oral],-6.868502106170732,4.3868191313538394e-32,188,2.7995882092821777e-30
g__Mediterraneibacter|s__Ruminococcus_torques,Ruminococcus torques,ALL,sex[T.1],0.41239380601153,0.2956662796171044,188,0.6959186195849365
g__Mediterraneibacter|s__Ruminococcus_torques,Ruminococcus torques,ALL,disease,4.0987564467445905,2.620138615743856e-16,188,5.659499410006729e-15
g__Mediterraneibacter|s__Ruminococcus_torques,Ruminococcus torques,ALL,ppi_use,0.27107220681169475,0.5864513483091532,188,0.8925149925636463
g__Mediterraneibacter|s__Ruminococcus_torques,Ruminococcus torques,ALL,age,0.0005634007759317214,0.9707494042169348,188,0.9939499763344429
g__Mediterraneibacter|s__Ruminococcus_torques,Ruminococcus torques,ALL,bmi,0.02941632412553681,0.5458276004592717,188,0.8688684252208815
g__Mediterraneibacter|s__Ruminococcus_torques,Ruminococcus torques,ALL,antibiotics_3m,-1.0397243892789825,0.14049036038102136,188,0.474998063834296
g__Mediterraneibacter|s__Ruminococcus_torques,Ruminococcus torques,ALL,smoking,0.2687230030281379,0.6023848399892202,188,0.9009608178926797
g__Megasphaera|s__Megasphaera_micronuciformis,Megasphaera micronuciformis,ALL,site[T.Oral],8.590098866778977,6.934563862088866e-58,188,1.497865794211195e-55
g__Megasphaera|s__Megasphaera_micronuciformis,Megasphaera micronuciformis,ALL,sex[T.1],-0.24079133433697175,0.4191415547124069,188,0.7959103197931426
g__Megasphaera|s__Megasphaera_micronuciformis,Megasphaera micronuciformis,ALL,disease,0.7458756742821328,0.031016164933862726,188,0.16699214045346458
g__Megasphaera|s__Megasphaera_micronuciformis,Megasphaera micronuciformis,ALL,ppi_use,-0.11118647366384019,0.767895738361454,188,0.9444814863420775
g__Megasphaera|s__Megasphaera_micronuciformis,Megasphaera micronuciformis,ALL,age,-0.009141217508689847,0.4318559915718868,188,0.8080694124038
g__Megasphaera|s__Megasphaera_micronuciformis,Megasphaera micronuciformis,ALL,bmi,-0.01563193242515576,0.6711706638845627,188,0.9170548288563516
g__Megasphaera|s__Megasphaera_micronuciformis,Megasphaera micronuciformis,ALL,antibiotics_3m,-0.296549262198793,0.5772869737259275,188,0.888718104288599
g__Megasphaera|s__Megasphaera_micronuciformis,Megasphaera micronuciformis,ALL,smoking,0.08713709792599388,0.823185936858165,188,0.9595293112070267
g__Methylobacterium|s__Methylobacterium_SGB15164,Methylobacterium SGB15164,ALL,site[T.Oral],-1.7062565092529165,0.00022049440875483627,188,0.0021086915529511027
g__Methylobacterium|s__Methylobacterium_SGB15164,Methylobacterium SGB15164,ALL,sex[T.1],-0.6438889509370601,0.08868039773806545,188,0.3513246315587025
g__Methylobacterium|s__Methylobacterium_SGB15164,Methylobacterium SGB15164,ALL,disease,-1.330957863525822,0.002500985573026046,188,0.01967161761640655
g__Methylobacterium|s__Methylobacterium_SGB15164,Methylobacterium SGB15164,ALL,ppi_use,0.6459555540561112,0.17635454569180936,188,0.549615498671033
g__Methylobacterium|s__Methylobacterium_SGB15164,Methylobacterium SGB15164,ALL,age,-0.013611884730298205,0.3550141384312294,188,0.7439400751603673
g__Methylobacterium|s__Methylobacterium_SGB15164,Methylobacterium SGB15164,ALL,bmi,0.0024640073386591054,0.9578021453451606,188,0.9920724544925161
g__Methylobacterium|s__Methylobacterium_SGB15164,Methylobacterium SGB15164,ALL,antibiotics_3m,0.15794163164796052,0.8144135768763457,188,0.957648815864322
g__Methylobacterium|s__Methylobacterium_SGB15164,Methylobacterium SGB15164,ALL,smoking,-0.5720286243668515,0.2470867129769736,188,0.64481365245292
g__Mogibacterium|s__Mogibacterium_diversum,Mogibacterium diversum,ALL,site[T.Oral],6.700813397628648,2.1315574269557133e-46,188,3.325229586050913e-44
g__Mogibacterium|s__Mogibacterium_diversum,Mogibacterium diversum,ALL,sex[T.1],0.00518557105706971,0.9854714148557593,188,0.9954706702564838
g__Mogibacterium|s__Mogibacterium_diversum,Mogibacterium diversum,ALL,disease,1.2941568721158787,0.00011473830198583494,188,0.0011344547604796636
g__Mogibacterium|s__Mogibacterium_diversum,Mogibacterium diversum,ALL,ppi_use,0.18085221273999436,0.6157731360009158,188,0.9052622695294917
g__Mogibacterium|s__Mogibacterium_diversum,Mogibacterium diversum,ALL,age,-0.011136225764302529,0.31694842006197776,188,0.7108949685835698
g__Mogibacterium|s__Mogibacterium_diversum,Mogibacterium diversum,ALL,bmi,-0.019974740496692765,0.5706157394518624,188,0.8854868153289805
g__Mogibacterium|s__Mogibacterium_diversum,Mogibacterium diversum,ALL,antibiotics_3m,-0.044403839337533356,0.930430780054914,188,0.9888202232323886
g__Mogibacterium|s__Mogibacterium_diversum,Mogibacterium diversum,ALL,smoking,-0.704974874502053,0.05995603599100047,188,0.2689401742216123
g__Neisseria|s__Neisseria_sicca,Neisseria sicca,ALL,site[T.Oral],3.366261651301687,2.0474154757008312e-21,188,6.387936284186593e-20
g__Neisseria|s__Neisseria_sicca,Neisseria sicca,ALL,sex[T.1],-0.5203074106944386,0.045075031538349346,188,0.21857242359989826
g__Neisseria|s__Neisseria_sicca,Neisseria sicca,ALL,disease,0.47457800452338333,0.11239553981559808,188,0.4136391557040621
g__Neisseria|s__Neisseria_sicca,Neisseria sicca,ALL,ppi_use,-0.5757406983802155,0.0792315399216178,188,0.3267632464625318
g__Neisseria|s__Neisseria_sicca,Neisseria sicca,ALL,age,-0.001713114305098258,0.8649858876325642,188,0.9754539648482893
g__Neisseria|s__Neisseria_sicca,Neisseria sicca,ALL,bmi,0.03165704350273293,0.3219404119510109,188,0.7134889956955272
g__Neisseria|s__Neisseria_sicca,Neisseria sicca,ALL,antibiotics_3m,-0.03767222590797078,0.9348896769703208,188,0.9888202232323886
g__Neisseria|s__Neisseria_sicca,Neisseria sicca,ALL,smoking,-0.13312336344895884,0.6938329899197366,188,0.9182517207218585
g__Neisseria|s__Neisseria_sp_oral_taxon_014,Neisseria sp oral taxon 014,ALL,site[T.Oral],2.9601041905694956,5.54391454691427e-18,188,1.3305394912594245e-16
g__Neisseria|s__Neisseria_sp_oral_taxon_014,Neisseria sp oral taxon 014,ALL,sex[T.1],-0.24280024632714742,0.3427575523007682,188,0.7322973341230107
g__Neisseria|s__Neisseria_sp_oral_taxon_014,Neisseria sp oral taxon 014,ALL,disease,0.6189037638006851,0.03699134148461601,188,0.18770174703365686
g__Neisseria|s__Neisseria_sp_oral_taxon_014,Neisseria sp oral taxon 014,ALL,ppi_use,-0.5562319244685549,0.08667966995029604,188,0.34721328562115733
g__Neisseria|s__Neisseria_sp_oral_taxon_014,Neisseria sp oral taxon 014,ALL,age,0.00855623372571286,0.3914648303536229,188,0.7823610185092632
g__Neisseria|s__Neisseria_sp_oral_taxon_014,Neisseria sp oral taxon 014,ALL,bmi,-0.0033831959534179777,0.9147351479160779,188,0.9888202232323886
g__Neisseria|s__Neisseria_sp_oral_taxon_014,Neisseria sp oral taxon 014,ALL,antibiotics_3m,-0.3432604018336674,0.4524616360052216,188,0.8207443629862159
g__Neisseria|s__Neisseria_sp_oral_taxon_014,Neisseria sp oral taxon 014,ALL,smoking,-0.5373089073033795,0.10970143971791943,188,0.40740718700674416
g__Neisseria|s__Neisseria_subflava,Neisseria subflava,ALL,site[T.Oral],8.039444076360422,6.155363136799781e-43,188,6.647792187743763e-41
g__Neisseria|s__Neisseria_subflava,Neisseria subflava,ALL,sex[T.1],-0.9126443601101054,0.013216957431172204,188,0.086309805736585
g__Neisseria|s__Neisseria_subflava,Neisseria subflava,ALL,disease,0.74541874472154,0.07814025630126802,188,0.3245826030975748
g__Neisseria|s__Neisseria_subflava,Neisseria subflava,ALL,ppi_use,-1.0933455413988817,0.018844457575214454,188,0.11306674545128673
g__Neisseria|s__Neisseria_subflava,Neisseria subflava,ALL,age,0.013925293256756338,0.32908594792108925,188,0.721448491488066
g__Neisseria|s__Neisseria_subflava,Neisseria subflava,ALL,bmi,-0.04198816611209202,0.35288445239513877,188,0.7429977768469207
g__Neisseria|s__Neisseria_subflava,Neisseria subflava,ALL,antibiotics_3m,0.09299968773120114,0.8866134543295032,188,0.9793904719737392
g__Neisseria|s__Neisseria_subflava,Neisseria subflava,ALL,smoking,-0.6262904309800952,0.1913477491006772,188,0.5734306077638224
g__Odoribacter|s__Odoribacter_splanchnicus,Odoribacter splanchnicus,ALL,site[T.Oral],-5.318325629559346,1.6026675672538953e-33,188,1.1250726322122346e-31
g__Odoribacter|s__Odoribacter_splanchnicus,Odoribacter splanchnicus,ALL,sex[T.1],0.6686082155829527,0.024340520903553785,188,0.1389190705227216
g__Odoribacter|s__Odoribacter_splanchnicus,Odoribacter splanchnicus,ALL,disease,-1.4407893682551507,3.556714983521322e-05,188,0.00037687757259350464
g__Odoribacter|s__Odoribacter_splanchnicus,Odoribacter splanchnicus,ALL,ppi_use,-0.5112938118454977,0.17153896265861898,188,0.5401009690652461
g__Odoribacter|s__Odoribacter_splanchnicus,Odoribacter splanchnicus,ALL,age,-0.00033875588993902643,0.9765101819458448,188,0.9939499763344429
g__Odoribacter|s__Odoribacter_splanchnicus,Odoribacter splanchnicus,ALL,bmi,0.03747529946346223,0.3045742153211146,188,0.7015758295273623
g__Odoribacter|s__Odoribacter_splanchnicus,Odoribacter splanchnicus,ALL,antibiotics_3m,-0.21191733693491754,0.6874287959867642,188,0.9182517207218585
g__Odoribacter|s__Odoribacter_splanchnicus,Odoribacter splanchnicus,ALL,smoking,0.013118004591171616,0.9728955536062971,188,0.9939499763344429
g__Oribacterium|s__Oribacterium_SGB5287,Oribacterium SGB5287,ALL,site[T.Oral],3.8387018975239697,1.5485374118374084e-21,188,4.885722530830835e-20
g__Oribacterium|s__Oribacterium_SGB5287,Oribacterium SGB5287,ALL,sex[T.1],0.43783645103074165,0.13667228833440262,188,0.4663132267837212
g__Oribacterium|s__Oribacterium_SGB5287,Oribacterium SGB5287,ALL,disease,0.5350243198026126,0.11510660224034419,188,0.4170572117301761
g__Oribacterium|s__Oribacterium_SGB5287,Oribacterium SGB5287,ALL,ppi_use,0.23536648623502932,0.52605296837506,188,0.8591672372021686
g__Oribacterium|s__Oribacterium_SGB5287,Oribacterium SGB5287,ALL,age,-0.013507134119243234,0.23881277238739868,188,0.634780613663392
g__Oribacterium|s__Oribacterium_SGB5287,Oribacterium SGB5287,ALL,bmi,-0.024406994491744886,0.5010974405446234,188,0.8440801517992216
g__Oribacterium|s__Oribacterium_SGB5287,Oribacterium SGB5287,ALL,antibiotics_3m,-0.20316980640776086,0.6981721594519829,188,0.9182517207218585
g__Oribacterium|s__Oribacterium_SGB5287,Oribacterium SGB5287,ALL,smoking,-0.02582599319103622,0.9463858584539181,188,0.9897345547110037
g__Oribacterium|s__Oribacterium_asaccharolyticum,Oribacterium asaccharolyticum,ALL,site[T.Oral],3.2443750017193924,4.765406317398669e-22,188,1.5380759700293635e-20
g__Oribacterium|s__Oribacterium_asaccharolyticum,Oribacterium asaccharolyticum,ALL,sex[T.1],-0.23662884121142286,0.3325507355926719,188,0.7237333277879743
g__Oribacterium|s__Oribacterium_asaccharolyticum,Oribacterium asaccharolyticum,ALL,disease,0.6290459207461813,0.026412080583946913,188,0.1480341762070318
g__Oribacterium|s__Oribacterium_asaccharolyticum,Oribacterium asaccharolyticum,ALL,ppi_use,-0.22384499865338492,0.4684477303556418,188,0.8288602563570525
g__Oribacterium|s__Oribacterium_asaccharolyticum,Oribacterium asaccharolyticum,ALL,age,-0.016823245039205098,0.0783951655175077,188,0.32468086249728856
g__Oribacterium|s__Oribacterium_asaccharolyticum,Oribacterium asaccharolyticum,ALL,bmi,0.01394352593395933,0.6438367731820481,188,0.9143242209408174
g__Oribacterium|s__Oribacterium_asaccharolyticum,Oribacterium asaccharolyticum,ALL,antibiotics_3m,0.11426312639478317,0.7930948601196358,188,0.9520934754399919
g__Oribacterium|s__Oribacterium_asaccharolyticum,Oribacterium asaccharolyticum,ALL,smoking,-0.297770724714206,0.35172800550931904,188,0.7425956687745623
g__Oribacterium|s__Oribacterium_sinus,Oribacterium sinus,ALL,site[T.Oral],5.71944821281831,1.3041812001318485e-41,188,1.2628071758518037e-39
g__Oribacterium|s__Oribacterium_sinus,Oribacterium sinus,ALL,sex[T.1],-0.2776800207343381,0.29853988779962615,188,0.6962624625758723
g__Oribacterium|s__Oribacterium_sinus,Oribacterium sinus,ALL,disease,1.1823967590940105,0.00016565837648975255,188,0.0016151691707750873
g__Oribacterium|s__Oribacterium_sinus,Oribacterium sinus,ALL,ppi_use,-0.46249053676391877,0.17157053575719355,188,0.5401009690652461
g__Oribacterium|s__Oribacterium_sinus,Oribacterium sinus,ALL,age,0.007431964394838646,0.4754840595360411,188,0.8296238920667696
g__Oribacterium|s__Oribacterium_sinus,Oribacterium sinus,ALL,bmi,-0.0009668837668695912,0.9766054076590911,188,0.9939499763344429
g__Oribacterium|s__Oribacterium_sinus,Oribacterium sinus,ALL,antibiotics_3m,0.2573607602085999,0.58916336288356,188,0.8932887273094149
g__Oribacterium|s__Oribacterium_sinus,Oribacterium sinus,ALL,smoking,-0.887933159009199,0.011743099866185523,188,0.07740522165316653
g__Oscillibacter|s__Oscillibacter_SGB15077,Oscillibacter SGB15077,ALL,site[T.Oral],0.016743279205048256,0.9686823960340574,188,0.9939499763344429
g__Oscillibacter|s__Oscillibacter_SGB15077,Oscillibacter SGB15077,ALL,sex[T.1],-0.532022710969868,0.13471246258374425,188,0.46130804260384617
g__Oscillibacter|s__Oscillibacter_SGB15077,Oscillibacter SGB15077,ALL,disease,-0.03793954451799316,0.9261120688661755,188,0.9888202232323886
g__Oscillibacter|s__Oscillibacter_SGB15077,Oscillibacter SGB15077,ALL,ppi_use,-0.16997713663256037,0.7047825718289019,188,0.9215590097277504
g__Oscillibacter|s__Oscillibacter_SGB15077,Oscillibacter SGB15077,ALL,age,-0.009854572572159239,0.4766347782514919,188,0.8296238920667696
g__Oscillibacter|s__Oscillibacter_SGB15077,Oscillibacter SGB15077,ALL,bmi,0.01379635149592442,0.7529880929317616,188,0.9371288941770366
g__Oscillibacter|s__Oscillibacter_SGB15077,Oscillibacter SGB15077,ALL,antibiotics_3m,-0.5212612769821515,0.41089195222948727,188,0.7918905983942349
g__Oscillibacter|s__Oscillibacter_SGB15077,Oscillibacter SGB15077,ALL,smoking,-0.5998455118861634,0.19743991379133646,188,0.5838221720193335
g__Oscillibacter|s__Oscillibacter_sp_ER4,Oscillibacter sp ER4,ALL,site[T.Oral],-3.4588469308645338,6.827961959572944e-09,188,9.634631749990366e-08
g__Oscillibacter|s__Oscillibacter_sp_ER4,Oscillibacter sp ER4,ALL,sex[T.1],0.36417846934750525,0.4418177726647121,188,0.8125110862086803
g__Oscillibacter|s__Oscillibacter_sp_ER4,Oscillibacter sp ER4,ALL,disease,-3.864725468543916,2.9930087908667544e-11,188,4.748230895341156e-10
g__Oscillibacter|s__Oscillibacter_sp_ER4,Oscillibacter sp ER4,ALL,ppi_use,1.0459532616396476,0.08182018792357625,188,0.3339405344322705
g__Oscillibacter|s__Oscillibacter_sp_ER4,Oscillibacter sp ER4,ALL,age,0.0071649863262088715,0.6980021607628425,188,0.9182517207218585
g__Oscillibacter|s__Oscillibacter_sp_ER4,Oscillibacter sp ER4,ALL,bmi,0.08604362283483662,0.1424490112745079,188,0.4784651000703567
g__Oscillibacter|s__Oscillibacter_sp_ER4,Oscillibacter sp ER4,ALL,antibiotics_3m,-0.8065562326604635,0.34044063596723584,188,0.7312591703838998
g__Oscillibacter|s__Oscillibacter_sp_ER4,Oscillibacter sp ER4,ALL,smoking,-0.2974693560454399,0.631234671731824,188,0.9109207001240979
g__Oscillibacter|s__Oscillibacter_valericigenes,Oscillibacter valericigenes,ALL,site[T.Oral],-0.7047068768186594,0.15185663352948434,188,0.5010154916562716
g__Oscillibacter|s__Oscillibacter_valericigenes,Oscillibacter valericigenes,ALL,sex[T.1],-0.6128719517766776,0.13399260811396665,188,0.45940322781931425
g__Oscillibacter|s__Oscillibacter_valericigenes,Oscillibacter valericigenes,ALL,disease,-1.0127394253209265,0.03242140057123269,188,0.1711264902331229
g__Oscillibacter|s__Oscillibacter_valericigenes,Oscillibacter valericigenes,ALL,ppi_use,-0.2581797610892177,0.6167848410293195,188,0.9052622695294917
g__Oscillibacter|s__Oscillibacter_valericigenes,Oscillibacter valericigenes,ALL,age,-0.018181876110182533,0.25396577576184726,188,0.6525236719636739
g__Oscillibacter|s__Oscillibacter_valericigenes,Oscillibacter valericigenes,ALL,bmi,-0.016249852104775475,0.747175250437693,188,0.9353001927554273
g__Oscillibacter|s__Oscillibacter_valericigenes,Oscillibacter valericigenes,ALL,antibiotics_3m,-0.11048924496879177,0.8793993424818312,188,0.9792429777759343
g__Oscillibacter|s__Oscillibacter_valericigenes,Oscillibacter valericigenes,ALL,smoking,-1.0545003068263674,0.049474191211188526,188,0.23466812317739422
g__Parabacteroides|s__Parabacteroides_distasonis,Parabacteroides distasonis,ALL,site[T.Oral],-6.097512129640527,1.2149478300537846e-25,188,5.41519604252544e-24
g__Parabacteroides|s__Parabacteroides_distasonis,Parabacteroides distasonis,ALL,sex[T.1],-0.01908179731459628,0.9630778755205972,188,0.9939499763344429
g__Parabacteroides|s__Parabacteroides_distasonis,Parabacteroides distasonis,ALL,disease,-0.7362327265193983,0.12286933017120091,188,0.4348739703935258
g__Parabacteroides|s__Parabacteroides_distasonis,Parabacteroides distasonis,ALL,ppi_use,-0.0060014802086731395,0.9908174194251704,188,0.9963121042439106
g__Parabacteroides|s__Parabacteroides_distasonis,Parabacteroides distasonis,ALL,age,0.0050893058189886995,0.7517375277695824,188,0.9368460585698936
g__Parabacteroides|s__Parabacteroides_distasonis,Parabacteroides distasonis,ALL,bmi,0.038642760961814945,0.44862741357095703,188,0.8180167385111996
g__Parabacteroides|s__Parabacteroides_distasonis,Parabacteroides distasonis,ALL,antibiotics_3m,-1.2425617194988368,0.09275138075557797,188,0.3624999287271583
g__Parabacteroides|s__Parabacteroides_distasonis,Parabacteroides distasonis,ALL,smoking,-0.16517770166212598,0.759635246042161,188,0.939310090531797
g__Parabacteroides|s__Parabacteroides_goldsteinii,Parabacteroides goldsteinii,ALL,site[T.Oral],-0.24281953379705776,0.5726241489308745,188,0.8854868153289805
g__Parabacteroides|s__Parabacteroides_goldsteinii,Parabacteroides goldsteinii,ALL,sex[T.1],-0.07130561971583207,0.8419902011619007,188,0.9663520116558232
g__Parabacteroides|s__Parabacteroides_goldsteinii,Parabacteroides goldsteinii,ALL,disease,-0.008816870060373206,0.9829546649510481,188,0.9952452245437899
g__Parabacteroides|s__Parabacteroides_goldsteinii,Parabacteroides goldsteinii,ALL,ppi_use,-0.11190647373111078,0.8046763370598398,188,0.9524381948458033
g__Parabacteroides|s__Parabacteroides_goldsteinii,Parabacteroides goldsteinii,ALL,age,0.022117233378198535,0.11431161739954988,188,0.4157862974843731
g__Parabacteroides|s__Parabacteroides_goldsteinii,Parabacteroides goldsteinii,ALL,bmi,-0.0006024773116559872,0.9891287867480807,188,0.9962244021479952
g__Parabacteroides|s__Parabacteroides_goldsteinii,Parabacteroides goldsteinii,ALL,antibiotics_3m,-0.25879764200601607,0.6854634742271442,188,0.9182517207218585
g__Parabacteroides|s__Parabacteroides_goldsteinii,Parabacteroides goldsteinii,ALL,smoking,0.2835352118774771,0.5451527203908046,188,0.8688208562264884
g__Parabacteroides|s__Parabacteroides_merdae,Parabacteroides merdae,ALL,site[T.Oral],-3.500859411999799,3.0682256476831794e-07,188,3.7954086425966376e-06
g__Parabacteroides|s__Parabacteroides_merdae,Parabacteroides merdae,ALL,sex[T.1],-0.4009725225442158,0.4645692089717878,188,0.8281541296437301
g__Parabacteroides|s__Parabacteroides_merdae,Parabacteroides merdae,ALL,disease,-0.8979051505637506,0.15663274879316863,188,0.5079799203848716
g__Parabacteroides|s__Parabacteroides_merdae,Parabacteroides merdae,ALL,ppi_use,-0.13599930891394538,0.84443992853146,188,0.9674366867875723
g__Parabacteroides|s__Parabacteroides_merdae,Parabacteroides merdae,ALL,age,0.009011272897516551,0.6734622744172223,188,0.9175555878522854
g__Parabacteroides|s__Parabacteroides_merdae,Parabacteroides merdae,ALL,bmi,0.007640004814063493,0.9101877592572886,188,0.9887068580249386
g__Parabacteroides|s__Parabacteroides_merdae,Parabacteroides merdae,ALL,antibiotics_3m,-0.6488975400272514,0.5074973066179337,188,0.8474902540308566
g__Parabacteroides|s__Parabacteroides_merdae,Parabacteroides merdae,ALL,smoking,-0.47058832080401825,0.5121211245309509,188,0.8501956655802574
g__Paraprevotella|s__Paraprevotella_clara,Paraprevotella clara,ALL,site[T.Oral],-0.9890712928535738,0.10045070783291393,188,0.38480980572281354
g__Paraprevotella|s__Paraprevotella_clara,Paraprevotella clara,ALL,sex[T.1],0.04272676803789639,0.9317271951778221,188,0.9888202232323886
g__Paraprevotella|s__Paraprevotella_clara,Paraprevotella clara,ALL,disease,-0.04948891500200502,0.9314633892101508,188,0.9888202232323886
g__Paraprevotella|s__Paraprevotella_clara,Paraprevotella clara,ALL,ppi_use,-0.31582854892197454,0.6167795256743692,188,0.9052622695294917
g__Paraprevotella|s__Paraprevotella_clara,Paraprevotella clara,ALL,age,0.07860182647596321,7.784153527150144e-05,188,0.0008006557913640148
g__Paraprevotella|s__Paraprevotella_clara,Paraprevotella clara,ALL,bmi,-0.14560610900756352,0.01910162928394178,188,0.11412207453044367
g__Paraprevotella|s__Paraprevotella_clara,Paraprevotella clara,ALL,antibiotics_3m,0.3212875351555304,0.7183774432974694,188,0.92800027232958
g__Paraprevotella|s__Paraprevotella_clara,Paraprevotella clara,ALL,smoking,0.41256192777119993,0.5278061623585109,188,0.8591672372021686
g__Parasutterella|s__Parasutterella_SGB9260,Parasutterella SGB9260,ALL,site[T.Oral],-1.268113103191445,0.03161788797850443,188,0.16878902936053314
g__Parasutterella|s__Parasutterella_SGB9260,Parasutterella SGB9260,ALL,sex[T.1],0.4658235544136719,0.3398269089308342,188,0.7312137626649675
g__Parasutterella|s__Parasutterella_SGB9260,Parasutterella SGB9260,ALL,disease,1.2206282630401215,0.031050920050180616,188,0.16699214045346458
g__Parasutterella|s__Parasutterella_SGB9260,Parasutterella SGB9260,ALL,ppi_use,-0.13486679915145228,0.8268714344137983,188,0.9608792640332098
g__Parasutterella|s__Parasutterella_SGB9260,Parasutterella SGB9260,ALL,age,-0.02197684413695696,0.24877528525737794,188,0.6469654645586529
g__Parasutterella|s__Parasutterella_SGB9260,Parasutterella SGB9260,ALL,bmi,0.10652732817144536,0.07835879530986713,188,0.32468086249728856
g__Parasutterella|s__Parasutterella_SGB9260,Parasutterella SGB9260,ALL,antibiotics_3m,0.22403316448776742,0.7969261814108678,188,0.9520934754399919
g__Parasutterella|s__Parasutterella_SGB9260,Parasutterella SGB9260,ALL,smoking,-0.26377360955054097,0.6794842415270654,188,0.9182517207218585
g__Parasutterella|s__Parasutterella_excrementihominis,Parasutterella excrementihominis,ALL,site[T.Oral],-2.4190548597056294,6.8303370955006524e-06,188,7.733704259744286e-05
g__Parasutterella|s__Parasutterella_excrementihominis,Parasutterella excrementihominis,ALL,sex[T.1],0.09802933979309383,0.8214939731689836,188,0.9592874833327049
g__Parasutterella|s__Parasutterella_excrementihominis,Parasutterella excrementihominis,ALL,disease,-1.4833919606236778,0.0034563105078290178,188,0.02644501336780349
g__Parasutterella|s__Parasutterella_excrementihominis,Parasutterella excrementihominis,ALL,ppi_use,-0.49612128169932945,0.36723447456715497,188,0.7571177713543107
g__Parasutterella|s__Parasutterella_excrementihominis,Parasutterella excrementihominis,ALL,age,0.012260037009636501,0.4699038003283398,188,0.8289124241423771
g__Parasutterella|s__Parasutterella_excrementihominis,Parasutterella excrementihominis,ALL,bmi,-0.03287127548706731,0.5407287557792295,188,0.8666474578927378
g__Parasutterella|s__Parasutterella_excrementihominis,Parasutterella excrementihominis,ALL,antibiotics_3m,-0.37369050301311263,0.6302112227197068,188,0.9109207001240979
g__Parasutterella|s__Parasutterella_excrementihominis,Parasutterella excrementihominis,ALL,smoking,-0.021561251218280546,0.9697688086027866,188,0.9939499763344429
g__Phascolarctobacterium|s__Phascolarctobacterium_faecium,Phascolarctobacterium faecium,ALL,site[T.Oral],-1.196390428149094,0.052859648931487736,188,0.2473831569993626
g__Phascolarctobacterium|s__Phascolarctobacterium_faecium,Phascolarctobacterium faecium,ALL,sex[T.1],-0.12466268972215369,0.8073101475456396,188,0.9534212400480783
g__Phascolarctobacterium|s__Phascolarctobacterium_faecium,Phascolarctobacterium faecium,ALL,disease,0.574771909338389,0.3303476726002066,188,0.7230056622458146
g__Phascolarctobacterium|s__Phascolarctobacterium_faecium,Phascolarctobacterium faecium,ALL,ppi_use,0.15740536133381752,0.8076684888051813,188,0.9534212400480783
g__Phascolarctobacterium|s__Phascolarctobacterium_faecium,Phascolarctobacterium faecium,ALL,age,-0.01639625052252207,0.4114486885404123,188,0.7921308080388016
g__Phascolarctobacterium|s__Phascolarctobacterium_faecium,Phascolarctobacterium faecium,ALL,bmi,0.062150655106816784,0.32593050380279687,188,0.7185568175148209
g__Phascolarctobacterium|s__Phascolarctobacterium_faecium,Phascolarctobacterium faecium,ALL,antibiotics_3m,-1.016893999805446,0.2661079240067201,188,0.6649878909161648
g__Phascolarctobacterium|s__Phascolarctobacterium_faecium,Phascolarctobacterium faecium,ALL,smoking,0.16537429331871784,0.8048522125152371,188,0.9524381948458033
g__Phocaeicola|s__Phocaeicola_dorei,Phocaeicola dorei,ALL,site[T.Oral],-5.075674608325498,4.763079645691242e-11,188,7.430404247278338e-10
g__Phocaeicola|s__Phocaeicola_dorei,Phocaeicola dorei,ALL,sex[T.1],-0.42442931469528156,0.4818791196441956,188,0.8296238920667696
g__Phocaeicola|s__Phocaeicola_dorei,Phocaeicola dorei,ALL,disease,0.5956091553890023,0.3924993684047221,188,0.7823610185092632
g__Phocaeicola|s__Phocaeicola_dorei,Phocaeicola dorei,ALL,ppi_use,1.0051337248068613,0.18874897195095192,188,0.5701123960683874
g__Phocaeicola|s__Phocaeicola_dorei,Phocaeicola dorei,ALL,age,-0.011924015266480952,0.6125072498373502,188,0.9039880685168755
g__Phocaeicola|s__Phocaeicola_dorei,Phocaeicola dorei,ALL,bmi,0.05254314927818979,0.4812659669677928,188,0.8296238920667696
g__Phocaeicola|s__Phocaeicola_dorei,Phocaeicola dorei,ALL,antibiotics_3m,-0.6443214601356752,0.5499211759267417,188,0.8726029544721424
g__Phocaeicola|s__Phocaeicola_dorei,Phocaeicola dorei,ALL,smoking,0.4522807681059356,0.5670320891159386,188,0.8841965619631355
g__Phocaeicola|s__Phocaeicola_massiliensis,Phocaeicola massiliensis,ALL,site[T.Oral],-1.5130139648200722,0.02059019380993208,188,0.12045263378810267
g__Phocaeicola|s__Phocaeicola_massiliensis,Phocaeicola massiliensis,ALL,sex[T.1],0.5385459715551975,0.31859368612828703,188,0.7108949685835698
g__Phocaeicola|s__Phocaeicola_massiliensis,Phocaeicola massiliensis,ALL,disease,0.04523286332045522,0.9420424093001544,188,0.9892502188911121
g__Phocaeicola|s__Phocaeicola_massiliensis,Phocaeicola massiliensis,ALL,ppi_use,-0.8273518278880415,0.2261329503802477,188,0.6207051072020875
g__Phocaeicola|s__Phocaeicola_massiliensis,Phocaeicola massiliensis,ALL,age,0.028606593756053338,0.17509568756170651,188,0.5469062187689343
g__Phocaeicola|s__Phocaeicola_massiliensis,Phocaeicola massiliensis,ALL,bmi,-0.06865244486961637,0.3037850908997589,188,0.7015758295273623
g__Phocaeicola|s__Phocaeicola_massiliensis,Phocaeicola massiliensis,ALL,antibiotics_3m,-1.109439009408017,0.250216153364706,188,0.6493594811904754
g__Phocaeicola|s__Phocaeicola_massiliensis,Phocaeicola massiliensis,ALL,smoking,1.2124904864449082,0.08725222168783349,188,0.3486741469738069
g__Phocaeicola|s__Phocaeicola_vulgatus,Phocaeicola vulgatus,ALL,site[T.Oral],-6.202463409841773,1.4633291854101846e-20,188,4.325293002770314e-19
g__Phocaeicola|s__Phocaeicola_vulgatus,Phocaeicola vulgatus,ALL,sex[T.1],0.6247234677391873,0.20259472930114877,188,0.5931810265476553
g__Phocaeicola|s__Phocaeicola_vulgatus,Phocaeicola vulgatus,ALL,disease,-1.5172187398821106,0.0077782831828672756,188,0.05487793763188772
g__Phocaeicola|s__Phocaeicola_vulgatus,Phocaeicola vulgatus,ALL,ppi_use,0.5189858355193947,0.40212571201504244,188,0.7866075147223898
g__Phocaeicola|s__Phocaeicola_vulgatus,Phocaeicola vulgatus,ALL,age,0.005229059681825074,0.7841582421961562,188,0.9512333149308023
g__Phocaeicola|s__Phocaeicola_vulgatus,Phocaeicola vulgatus,ALL,bmi,-0.07574400646076099,0.21138254557530167,188,0.5995577656317647
g__Phocaeicola|s__Phocaeicola_vulgatus,Phocaeicola vulgatus,ALL,antibiotics_3m,-0.3397777467218818,0.6974148433266506,188,0.9182517207218585
g__Phocaeicola|s__Phocaeicola_vulgatus,Phocaeicola vulgatus,ALL,smoking,-0.6162217754205357,0.33669244350536287,188,0.7271519071568862
g__Porphyromonas|s__Porphyromonas_endodontalis,Porphyromonas endodontalis,ALL,site[T.Oral],3.622004212082489,1.2059171210300198e-20,188,3.602356676438612e-19
g__Porphyromonas|s__Porphyromonas_endodontalis,Porphyromonas endodontalis,ALL,sex[T.1],0.11103716452718827,0.6967536716145221,188,0.9182517207218585
g__Porphyromonas|s__Porphyromonas_endodontalis,Porphyromonas endodontalis,ALL,disease,0.12862521508340188,0.6956049076499001,188,0.9182517207218585
g__Porphyromonas|s__Porphyromonas_endodontalis,Porphyromonas endodontalis,ALL,ppi_use,-0.26226721418482296,0.46708061484360486,188,0.8285296061155037
g__Porphyromonas|s__Porphyromonas_endodontalis,Porphyromonas endodontalis,ALL,age,-0.023854693324556135,0.03298134477435057,188,0.17280236861259715
g__Porphyromonas|s__Porphyromonas_endodontalis,Porphyromonas endodontalis,ALL,bmi,0.015343426053922119,0.6631428288392874,188,0.9152286238329983
g__Porphyromonas|s__Porphyromonas_endodontalis,Porphyromonas endodontalis,ALL,antibiotics_3m,-0.27104979778497873,0.5943625431853092,188,0.8960591633374826
g__Porphyromonas|s__Porphyromonas_endodontalis,Porphyromonas endodontalis,ALL,smoking,0.03503485353402994,0.92517536737812,188,0.9888202232323886
g__Porphyromonas|s__Porphyromonas_pasteri,Porphyromonas pasteri,ALL,site[T.Oral],6.680084109421877,3.439207697729426e-33,188,2.355437857371763e-31
g__Porphyromonas|s__Porphyromonas_pasteri,Porphyromonas pasteri,ALL,sex[T.1],-0.5198534689360577,0.16472733831267466,188,0.5255769499584333
g__Porphyromonas|s__Porphyromonas_pasteri,Porphyromonas pasteri,ALL,disease,0.35288902795197796,0.4128704173093165,188,0.7930547500162717
g__Porphyromonas|s__Porphyromonas_pasteri,Porphyromonas pasteri,ALL,ppi_use,-0.2868521760778839,0.5436266692662604,188,0.868812571029971
g__Porphyromonas|s__Porphyromonas_pasteri,Porphyromonas pasteri,ALL,age,-0.0026413234418845703,0.8560687596424954,188,0.9736091847209911
g__Porphyromonas|s__Porphyromonas_pasteri,Porphyromonas pasteri,ALL,bmi,-0.003158596064241382,0.945412402261075,188,0.9897345547110037
g__Porphyromonas|s__Porphyromonas_pasteri,Porphyromonas pasteri,ALL,antibiotics_3m,-0.515306527805676,0.4398075544095671,188,0.810886154157626
g__Porphyromonas|s__Porphyromonas_pasteri,Porphyromonas pasteri,ALL,smoking,-0.4789956789748447,0.3276284158537165,188,0.7204330758843838
g__Prevotella|s__Prevotella_copri_clade_A,Prevotella copri clade A,ALL,site[T.Oral],-2.490180225192745,0.0030433532979239775,188,0.023541972618651597
g__Prevotella|s__Prevotella_copri_clade_A,Prevotella copri clade A,ALL,sex[T.1],-1.0198337273780338,0.14066710697450094,188,0.474998063834296
g__Prevotella|s__Prevotella_copri_clade_A,Prevotella copri clade A,ALL,disease,1.003366136114643,0.20862827011739413,188,0.5953538439935393
g__Prevotella|s__Prevotella_copri_clade_A,Prevotella copri clade A,ALL,ppi_use,-0.5200417495134149,0.5515832264620072,188,0.8733082955421227
g__Prevotella|s__Prevotella_copri_clade_A,Prevotella copri clade A,ALL,age,0.0023803109093216332,0.9295671642889722,188,0.9888202232323886
g__Prevotella|s__Prevotella_copri_clade_A,Prevotella copri clade A,ALL,bmi,0.031974063704772744,0.7078755402949684,188,0.9226503321492032
g__Prevotella|s__Prevotella_copri_clade_A,Prevotella copri clade A,ALL,antibiotics_3m,-0.7877371175414246,0.522994959457535,188,0.8584639830459261
g__Prevotella|s__Prevotella_copri_clade_A,Prevotella copri clade A,ALL,smoking,0.20041235350460865,0.8245071972055997,188,0.9602721732697321
g__Prevotella|s__Prevotella_histicola,Prevotella histicola,ALL,site[T.Oral],10.249650921685944,1.2823633354138701e-75,188,1.2002920819473825e-72
g__Prevotella|s__Prevotella_histicola,Prevotella histicola,ALL,sex[T.1],0.05898563724585947,0.8258727199674462,188,0.9608792640332098
g__Prevotella|s__Prevotella_histicola,Prevotella histicola,ALL,disease,0.4177252379213476,0.17798809449562952,188,0.5516452200261895
g__Prevotella|s__Prevotella_histicola,Prevotella histicola,ALL,ppi_use,0.353198405406974,0.29842687123353195,188,0.6962624625758723
g__Prevotella|s__Prevotella_histicola,Prevotella histicola,ALL,age,-0.0006850682242215607,0.9477906757898464,188,0.9897345547110037
g__Prevotella|s__Prevotella_histicola,Prevotella histicola,ALL,bmi,0.0038592432162901664,0.9073057119937133,188,0.9878691117791186
g__Prevotella|s__Prevotella_histicola,Prevotella histicola,ALL,antibiotics_3m,0.3968323509804383,0.40770998300295325,188,0.7890931669223774
g__Prevotella|s__Prevotella_histicola,Prevotella histicola,ALL,smoking,0.5225431592316668,0.13786658684736702,188,0.46924772832412925
g__Prevotella|s__Prevotella_jejuni,Prevotella jejuni,ALL,site[T.Oral],9.190428840586193,4.3476268466203756e-54,188,8.720097275221439e-52
g__Prevotella|s__Prevotella_jejuni,Prevotella jejuni,ALL,sex[T.1],0.030316842928587065,0.9289379397748259,188,0.9888202232323886
g__Prevotella|s__Prevotella_jejuni,Prevotella jejuni,ALL,disease,-0.027958255728162403,0.9431743371915875,188,0.9897345547110037
g__Prevotella|s__Prevotella_jejuni,Prevotella jejuni,ALL,ppi_use,0.01635010869834118,0.9696721641351982,188,0.9939499763344429
g__Prevotella|s__Prevotella_jejuni,Prevotella jejuni,ALL,age,-0.015709656426764397,0.2372289147064926,188,0.6338142649817614
g__Prevotella|s__Prevotella_jejuni,Prevotella jejuni,ALL,bmi,-0.04207778070945041,0.3173814739414776,188,0.7108949685835698
g__Prevotella|s__Prevotella_jejuni,Prevotella jejuni,ALL,antibiotics_3m,-1.2784365940449505,0.036375972677160265,188,0.1867121498878959
g__Prevotella|s__Prevotella_jejuni,Prevotella jejuni,ALL,smoking,0.6639357861904239,0.1370601852516246,188,0.46706917498369166
g__Prevotella|s__Prevotella_melaninogenica,Prevotella melaninogenica,ALL,site[T.Oral],9.335891354318376,1.0785262485582653e-64,188,2.7531833690469173e-62
g__Prevotella|s__Prevotella_melaninogenica,Prevotella melaninogenica,ALL,sex[T.1],-0.030153960264086142,0.9170184698739902,188,0.9888202232323886
g__Prevotella|s__Prevotella_melaninogenica,Prevotella melaninogenica,ALL,disease,0.5972175642749963,0.0749806662788769,188,0.3176061718150286
g__Prevotella|s__Prevotella_melaninogenica,Prevotella melaninogenica,ALL,ppi_use,-0.17884232982200904,0.6253217134012162,188,0.9093233408755128
g__Prevotella|s__Prevotella_melaninogenica,Prevotella melaninogenica,ALL,age,-0.010101803625625091,0.3715973566803521,188,0.7603707453211381
g__Prevotella|s__Prevotella_melaninogenica,Prevotella melaninogenica,ALL,bmi,-0.039947068281017246,0.2650256698254285,188,0.6647027903253948
g__Prevotella|s__Prevotella_melaninogenica,Prevotella melaninogenica,ALL,antibiotics_3m,-0.24133937059437988,0.6406772906839397,188,0.9141371098783043
g__Prevotella|s__Prevotella_melaninogenica,Prevotella melaninogenica,ALL,smoking,-0.48869998176048346,0.19826813661654738,188,0.5854226368236226
g__Prevotella|s__Prevotella_nanceiensis,Prevotella nanceiensis,ALL,site[T.Oral],3.9834144314458446,2.068714304327275e-24,188,8.181619389508434e-23
g__Prevotella|s__Prevotella_nanceiensis,Prevotella nanceiensis,ALL,sex[T.1],0.07142627903735015,0.7978701894448457,188,0.9520934754399919
g__Prevotella|s__Prevotella_nanceiensis,Prevotella nanceiensis,ALL,disease,0.6499629205490899,0.0445757901160534,188,0.21768490199283122
g__Prevotella|s__Prevotella_nanceiensis,Prevotella nanceiensis,ALL,ppi_use,-0.15425018108533667,0.6620242940624632,188,0.9152286238329983
g__Prevotella|s__Prevotella_nanceiensis,Prevotella nanceiensis,ALL,age,-0.011020531394795785,0.31188995522442,188,0.7074208354363257
g__Prevotella|s__Prevotella_nanceiensis,Prevotella nanceiensis,ALL,bmi,0.010762311312225974,0.754937704930928,188,0.9371949716057059
g__Prevotella|s__Prevotella_nanceiensis,Prevotella nanceiensis,ALL,antibiotics_3m,0.006976659744852714,0.9888243198330695,188,0.9962244021479952
g__Prevotella|s__Prevotella_nanceiensis,Prevotella nanceiensis,ALL,smoking,-0.3804504152937216,0.29823793470869525,188,0.6962624625758723
g__Prevotella|s__Prevotella_nigrescens,Prevotella nigrescens,ALL,site[T.Oral],3.472320082161179,1.623392333202207e-18,188,4.106743848316935e-17
g__Prevotella|s__Prevotella_nigrescens,Prevotella nigrescens,ALL,sex[T.1],-0.04252575335408384,0.884995706859358,188,0.9792429777759343
g__Prevotella|s__Prevotella_nigrescens,Prevotella nigrescens,ALL,disease,0.1058859860933627,0.7549626160157075,188,0.9371949716057059
g__Prevotella|s__Prevotella_nigrescens,Prevotella nigrescens,ALL,ppi_use,-0.14713660332025572,0.6924616716319316,188,0.9182517207218585
g__Prevotella|s__Prevotella_nigrescens,Prevotella nigrescens,ALL,age,-0.019358865231757,0.09281960425741696,188,0.3624999287271583
g__Prevotella|s__Prevotella_nigrescens,Prevotella nigrescens,ALL,bmi,0.0573689985558407,0.11572968489683907,188,0.4182354635654107
g__Prevotella|s__Prevotella_nigrescens,Prevotella nigrescens,ALL,antibiotics_3m,-0.5482721351192257,0.2971714922286435,188,0.6962001724591617
g__Prevotella|s__Prevotella_nigrescens,Prevotella nigrescens,ALL,smoking,-0.018984704286967444,0.9606722173416288,188,0.9939499763344429
g__Prevotella|s__Prevotella_oris,Prevotella oris,ALL,site[T.Oral],4.470479252266881,6.00925467077751e-25,188,2.5185055396333205e-23
g__Prevotella|s__Prevotella_oris,Prevotella oris,ALL,sex[T.1],-0.07317032948952888,0.8123413739728068,188,0.9560161685312831
g__Prevotella|s__Prevotella_oris,Prevotella oris,ALL,disease,0.452308720921986,0.20438220611154426,188,0.593484234371248
g__Prevotella|s__Prevotella_oris,Prevotella oris,ALL,ppi_use,-0.32845163295847174,0.39999107807532064,188,0.7866075147223898
g__Prevotella|s__Prevotella_oris,Prevotella oris,ALL,age,-0.028861102237484323,0.017272040790886713,188,0.10566424954424812
g__Prevotella|s__Prevotella_oris,Prevotella oris,ALL,bmi,0.02829486311733844,0.4580268589237374,188,0.8228659116173094
g__Prevotella|s__Prevotella_oris,Prevotella oris,ALL,antibiotics_3m,-0.5128802523200737,0.35203844325470146,188,0.7426756070215905
g__Prevotella|s__Prevotella_oris,Prevotella oris,ALL,smoking,-0.13906312408716684,0.7304531349564357,188,0.93386324799071
g__Prevotella|s__Prevotella_oulorum,Prevotella oulorum,ALL,site[T.Oral],3.8752309520952264,3.292878540088011e-22,188,1.0878121106549571e-20
g__Prevotella|s__Prevotella_oulorum,Prevotella oulorum,ALL,sex[T.1],0.0584477002411472,0.8401970149785549,188,0.9663520116558232
g__Prevotella|s__Prevotella_oulorum,Prevotella oulorum,ALL,disease,0.7740112382914387,0.02159531296116188,188,0.1250301830823558
g__Prevotella|s__Prevotella_oulorum,Prevotella oulorum,ALL,ppi_use,0.10405933715600234,0.7765891350073247,188,0.9480831633040879
g__Prevotella|s__Prevotella_oulorum,Prevotella oulorum,ALL,age,-0.00684990430137858,0.5449672758138905,188,0.8688208562264884
g__Prevotella|s__Prevotella_oulorum,Prevotella oulorum,ALL,bmi,-0.045621156089168925,0.20396435310634203,188,0.593484234371248
g__Prevotella|s__Prevotella_oulorum,Prevotella oulorum,ALL,antibiotics_3m,-0.005986584863026184,0.9907732591181462,188,0.9963121042439106
g__Prevotella|s__Prevotella_oulorum,Prevotella oulorum,ALL,smoking,0.043946623343192805,0.907825394555354,188,0.9880266844248954
g__Prevotella|s__Prevotella_pallens,Prevotella pallens,ALL,site[T.Oral],8.585294621026595,2.911968054323352e-53,188,4.8098860567882194e-51
g__Prevotella|s__Prevotella_pallens,Prevotella pallens,ALL,sex[T.1],-0.20682658343525534,0.5211227941464606,188,0.8584639830459261
g__Prevotella|s__Prevotella_pallens,Prevotella pallens,ALL,disease,0.028974247301406495,0.937870340545274,188,0.9888202232323886
g__Prevotella|s__Prevotella_pallens,Prevotella pallens,ALL,ppi_use,-0.06715731480633248,0.8691220868363617,188,0.9773707728620359
g__Prevotella|s__Prevotella_pallens,Prevotella pallens,ALL,age,-0.01944421405902561,0.12319111722627553,188,0.4348739703935258
g__Prevotella|s__Prevotella_pallens,Prevotella pallens,ALL,bmi,-0.03168023571808466,0.4267693191219559,188,0.804633914377994
g__Prevotella|s__Prevotella_pallens,Prevotella pallens,ALL,antibiotics_3m,0.3599479267191334,0.5318363751901948,188,0.8597511305649733
g__Prevotella|s__Prevotella_pallens,Prevotella pallens,ALL,smoking,-0.46479745295606084,0.271398069165716,188,0.6667876481515226
g__Prevotella|s__Prevotella_salivae,Prevotella salivae,ALL,site[T.Oral],9.122870790148887,2.5448402658140067e-70,188,1.1909852444009551e-67
g__Prevotella|s__Prevotella_salivae,Prevotella salivae,ALL,sex[T.1],-0.08136807007980076,0.7532407101700753,188,0.9371288941770366
g__Prevotella|s__Prevotella_salivae,Prevotella salivae,ALL,disease,0.22886088684280737,0.4437778575463377,188,0.8133996240144362
g__Prevotella|s__Prevotella_salivae,Prevotella salivae,ALL,ppi_use,0.4042106868172521,0.21793660087112326,188,0.6095278637909504
g__Prevotella|s__Prevotella_salivae,Prevotella salivae,ALL,age,-0.004950097107220954,0.6241316666256234,188,0.9084622504373384
g__Prevotella|s__Prevotella_salivae,Prevotella salivae,ALL,bmi,0.0023627548804691237,0.9411286056218902,188,0.9890303609978546
g__Prevotella|s__Prevotella_salivae,Prevotella salivae,ALL,antibiotics_3m,0.17107831396873804,0.7113459015126868,188,0.9247291942298873
g__Prevotella|s__Prevotella_salivae,Prevotella salivae,ALL,smoking,-0.24569139207987628,0.468795176424195,188,0.8289124241423771
g__Prevotella|s__Prevotella_sp_HJM029,Prevotella sp HJM029,ALL,site[T.Oral],4.1512277430806055,4.3117822387704316e-20,188,1.2229782349967041e-18
g__Prevotella|s__Prevotella_sp_HJM029,Prevotella sp HJM029,ALL,sex[T.1],0.04810783893525705,0.884995480162938,188,0.9792429777759343
g__Prevotella|s__Prevotella_sp_HJM029,Prevotella sp HJM029,ALL,disease,0.6074207047132881,0.11471322533638593,188,0.41625874531037804
g__Prevotella|s__Prevotella_sp_HJM029,Prevotella sp HJM029,ALL,ppi_use,0.11991759950423263,0.7756618256607488,188,0.9473938262093878
g__Prevotella|s__Prevotella_sp_HJM029,Prevotella sp HJM029,ALL,age,-0.013300279104591724,0.30617720125573655,188,0.7015758295273623
g__Prevotella|s__Prevotella_sp_HJM029,Prevotella sp HJM029,ALL,bmi,-0.02107061814794153,0.6084618298520483,188,0.9039880685168755
g__Prevotella|s__Prevotella_sp_HJM029,Prevotella sp HJM029,ALL,antibiotics_3m,-0.26356365061390863,0.6573613829229995,188,0.9143242209408174
g__Prevotella|s__Prevotella_sp_HJM029,Prevotella sp HJM029,ALL,smoking,-0.08240790700218932,0.8499374239639821,188,0.9696768562849242
g__Prevotella|s__Prevotella_vespertina,Prevotella vespertina,ALL,site[T.Oral],7.385956997392578,5.928551074262359e-36,188,4.756391833293916e-34
g__Prevotella|s__Prevotella_vespertina,Prevotella vespertina,ALL,sex[T.1],-0.5277741207805541,0.17453960952343797,188,0.5464124512177999
g__Prevotella|s__Prevotella_vespertina,Prevotella vespertina,ALL,disease,-0.21522737355327698,0.6305323706425863,188,0.9109207001240979
g__Prevotella|s__Prevotella_vespertina,Prevotella vespertina,ALL,ppi_use,0.20554769864015388,0.6752295077761379,188,0.9181813355135086
g__Prevotella|s__Prevotella_vespertina,Prevotella vespertina,ALL,age,-0.025858742362355448,0.0887069671563818,188,0.3513246315587025
g__Prevotella|s__Prevotella_vespertina,Prevotella vespertina,ALL,bmi,-0.013385350268102418,0.7800610316474469,188,0.9498748381899527
g__Prevotella|s__Prevotella_vespertina,Prevotella vespertina,ALL,antibiotics_3m,-0.6490706424610254,0.3491825304735523,188,0.7394453586498755
g__Prevotella|s__Prevotella_vespertina,Prevotella vespertina,ALL,smoking,0.38398557440848,0.4498277644563936,188,0.8186107340204493
g__Pseudoflavonifractor|s__Pseudoflavonifractor_sp_An184,Pseudoflavonifractor sp An184,ALL,site[T.Oral],-0.8329485456534694,0.06663723828698861,188,0.2905549147668696
g__Pseudoflavonifractor|s__Pseudoflavonifractor_sp_An184,Pseudoflavonifractor sp An184,ALL,sex[T.1],-0.5823712923222912,0.12247277315421724,188,0.4348739703935258
g__Pseudoflavonifractor|s__Pseudoflavonifractor_sp_An184,Pseudoflavonifractor sp An184,ALL,disease,0.4901710137345442,0.25913515792237585,188,0.6573992445455333
g__Pseudoflavonifractor|s__Pseudoflavonifractor_sp_An184,Pseudoflavonifractor sp An184,ALL,ppi_use,0.01701218734437453,0.9714548443632118,188,0.9939499763344429
g__Pseudoflavonifractor|s__Pseudoflavonifractor_sp_An184,Pseudoflavonifractor sp An184,ALL,age,-0.02329837491636657,0.113390080693168,188,0.41404336357141186
g__Pseudoflavonifractor|s__Pseudoflavonifractor_sp_An184,Pseudoflavonifractor sp An184,ALL,bmi,0.03672504952230208,0.42964785425779717,188,0.8069907523450799
g__Pseudoflavonifractor|s__Pseudoflavonifractor_sp_An184,Pseudoflavonifractor sp An184,ALL,antibiotics_3m,-0.7154410640660067,0.2872416178632504,188,0.6829589017442905
g__Pseudoflavonifractor|s__Pseudoflavonifractor_sp_An184,Pseudoflavonifractor sp An184,ALL,smoking,-0.5085995644508718,0.3021076132852422,188,0.7010286872313781
g__Rheinheimera|s__Rheinheimera_SGB14999,Rheinheimera SGB14999,ALL,site[T.Oral],-2.2509913572555518,2.508825316083283e-05,188,0.0002678624139757361
g__Rheinheimera|s__Rheinheimera_SGB14999,Rheinheimera SGB14999,ALL,sex[T.1],-0.46987804922480003,0.278778638594158,188,0.6748365665279273
g__Rheinheimera|s__Rheinheimera_SGB14999,Rheinheimera SGB14999,ALL,disease,0.3102839229995278,0.5348926984888109,188,0.8622150960715161
g__Rheinheimera|s__Rheinheimera_SGB14999,Rheinheimera SGB14999,ALL,ppi_use,-0.11352851950427585,0.8358666561457476,188,0.9651769739592562
g__Rheinheimera|s__Rheinheimera_SGB14999,Rheinheimera SGB14999,ALL,age,-0.014905005765419903,0.3783691386824942,188,0.766013368003204
g__Rheinheimera|s__Rheinheimera_SGB14999,Rheinheimera SGB14999,ALL,bmi,0.02906731192476809,0.5873816617726562,188,0.8925149925636463
g__Rheinheimera|s__Rheinheimera_SGB14999,Rheinheimera SGB14999,ALL,antibiotics_3m,-0.1233316093582035,0.8733375138601144,188,0.9792429777759343
g__Rheinheimera|s__Rheinheimera_SGB14999,Rheinheimera SGB14999,ALL,smoking,1.2514247478657625,0.028413193058971765,188,0.15613355403051413
g__Romboutsia|s__Romboutsia_timonensis,Romboutsia timonensis,ALL,site[T.Oral],-1.60000503414855,1.4693773161406168e-05,188,0.00016054519469738723
g__Romboutsia|s__Romboutsia_timonensis,Romboutsia timonensis,ALL,sex[T.1],-0.20178621324436136,0.49997776709989583,188,0.8436973872600326
g__Romboutsia|s__Romboutsia_timonensis,Romboutsia timonensis,ALL,disease,2.3095753355260906,2.5429059739314443e-10,188,3.923340645494228e-09
g__Romboutsia|s__Romboutsia_timonensis,Romboutsia timonensis,ALL,ppi_use,0.23167751962220115,0.5403700630420817,188,0.8666036560246673
g__Romboutsia|s__Romboutsia_timonensis,Romboutsia timonensis,ALL,age,-0.013873527574458477,0.23528423776365237,188,0.632227884823288
g__Romboutsia|s__Romboutsia_timonensis,Romboutsia timonensis,ALL,bmi,0.02838089969354651,0.442920385386504,188,0.8125110862086803
g__Romboutsia|s__Romboutsia_timonensis,Romboutsia timonensis,ALL,antibiotics_3m,0.29495596030998966,0.5808460252931205,188,0.889990462025169
g__Romboutsia|s__Romboutsia_timonensis,Romboutsia timonensis,ALL,smoking,0.3965332946614515,0.3118208957150506,188,0.7074208354363257
g__Roseburia|s__Roseburia_faecis,Roseburia faecis,ALL,site[T.Oral],-5.232086600847142,4.5235044547196e-16,188,9.622727658221693e-15
g__Roseburia|s__Roseburia_faecis,Roseburia faecis,ALL,sex[T.1],0.06958051760571977,0.8863560286185483,188,0.9793904719737392
g__Roseburia|s__Roseburia_faecis,Roseburia faecis,ALL,disease,0.4831608912284147,0.39020057046256007,188,0.7821504216441556
g__Roseburia|s__Roseburia_faecis,Roseburia faecis,ALL,ppi_use,0.4637265336367218,0.4518431444337905,188,0.8202665038262137
g__Roseburia|s__Roseburia_faecis,Roseburia faecis,ALL,age,0.0017955863830144464,0.9247013032226036,188,0.9888202232323886
g__Roseburia|s__Roseburia_faecis,Roseburia faecis,ALL,bmi,0.06429386577845347,0.28617345250809173,188,0.6815734136070583
g__Roseburia|s__Roseburia_faecis,Roseburia faecis,ALL,antibiotics_3m,0.2924999604697975,0.7366216473033499,188,0.9349679276632936
g__Roseburia|s__Roseburia_faecis,Roseburia faecis,ALL,smoking,0.015642469828663304,0.9804253001821934,188,0.9952452245437899
g__Roseburia|s__Roseburia_hominis,Roseburia hominis,ALL,site[T.Oral],-4.940808570646139,1.5801301089699703e-22,188,5.282149221413901e-21
g__Roseburia|s__Roseburia_hominis,Roseburia hominis,ALL,sex[T.1],0.3864134490836092,0.2916960936930078,188,0.6900443395871659
g__Roseburia|s__Roseburia_hominis,Roseburia hominis,ALL,disease,0.17177782050262652,0.6841621316505311,188,0.9182517207218585
g__Roseburia|s__Roseburia_hominis,Roseburia hominis,ALL,ppi_use,0.39811594552201024,0.3902395800297229,188,0.7821504216441556
g__Roseburia|s__Roseburia_hominis,Roseburia hominis,ALL,age,3.952959455603421e-05,0.9977910806417176,188,0.9985022645908564
g__Roseburia|s__Roseburia_hominis,Roseburia hominis,ALL,bmi,0.02061754404106581,0.6486343592933039,188,0.9143242209408174
g__Roseburia|s__Roseburia_hominis,Roseburia hominis,ALL,antibiotics_3m,0.6701115122732982,0.30589766220250875,188,0.7015758295273623
g__Roseburia|s__Roseburia_hominis,Roseburia hominis,ALL,smoking,0.11991940281047059,0.802395696234599,188,0.9524381948458033
g__Roseburia|s__Roseburia_intestinalis,Roseburia intestinalis,ALL,site[T.Oral],-3.8353025171105832,8.686766555351179e-10,188,1.2906053167950323e-08
g__Roseburia|s__Roseburia_intestinalis,Roseburia intestinalis,ALL,sex[T.1],0.4590394888503499,0.3522948392281904,188,0.7426756070215905
g__Roseburia|s__Roseburia_intestinalis,Roseburia intestinalis,ALL,disease,0.9668118728811635,0.09042667155940996,188,0.3571281205890621
g__Roseburia|s__Roseburia_intestinalis,Roseburia intestinalis,ALL,ppi_use,-0.34847332821823174,0.576435616405738,188,0.8878942462245268
g__Roseburia|s__Roseburia_intestinalis,Roseburia intestinalis,ALL,age,-0.00931235675821807,0.6283978110756967,188,0.9109207001240979
g__Roseburia|s__Roseburia_intestinalis,Roseburia intestinalis,ALL,bmi,-0.001689669048666586,0.9778786785009442,188,0.99416485489886
g__Roseburia|s__Roseburia_intestinalis,Roseburia intestinalis,ALL,antibiotics_3m,0.06663956402093,0.9396629934437564,188,0.9888202232323886
g__Roseburia|s__Roseburia_intestinalis,Roseburia intestinalis,ALL,smoking,0.4809378472255422,0.45657279110846305,188,0.8228222595511439
g__Roseburia|s__Roseburia_inulinivorans,Roseburia inulinivorans,ALL,site[T.Oral],-4.3011311018092275,2.6050551866603564e-15,188,5.300720988508899e-14
g__Roseburia|s__Roseburia_inulinivorans,Roseburia inulinivorans,ALL,sex[T.1],0.7818392568251781,0.0597422390802744,188,0.26840993173985683
g__Roseburia|s__Roseburia_inulinivorans,Roseburia inulinivorans,ALL,disease,0.20435724216355922,0.6682736146891213,188,0.9170124158427644
g__Roseburia|s__Roseburia_inulinivorans,Roseburia inulinivorans,ALL,ppi_use,-0.615897168945411,0.23962516042848842,188,0.634780613663392
g__Roseburia|s__Roseburia_inulinivorans,Roseburia inulinivorans,ALL,age,0.0010954212259773114,0.9458386107981136,188,0.9897345547110037
g__Roseburia|s__Roseburia_inulinivorans,Roseburia inulinivorans,ALL,bmi,-0.03371492375414755,0.5095157261815797,188,0.8480854529447989
g__Roseburia|s__Roseburia_inulinivorans,Roseburia inulinivorans,ALL,antibiotics_3m,0.6105482910389567,0.4085382255582152,188,0.7890931669223774
g__Roseburia|s__Roseburia_inulinivorans,Roseburia inulinivorans,ALL,smoking,-0.14575293366355874,0.7876782571402228,188,0.9520934754399919
g__Roseburia|s__Roseburia_sp_AF02_12,Roseburia sp AF02 12,ALL,site[T.Oral],-2.2302968227988127,2.49057354312294e-05,188,0.00026692864538508456
g__Roseburia|s__Roseburia_sp_AF02_12,Roseburia sp AF02 12,ALL,sex[T.1],0.49435294198889496,0.2500264543821762,188,0.6493594811904754
g__Roseburia|s__Roseburia_sp_AF02_12,Roseburia sp AF02 12,ALL,disease,0.5861491583353214,0.23722165659202168,188,0.6338142649817614
g__Roseburia|s__Roseburia_sp_AF02_12,Roseburia sp AF02 12,ALL,ppi_use,0.4546109242549581,0.40264240384500294,188,0.7866075147223898
g__Roseburia|s__Roseburia_sp_AF02_12,Roseburia sp AF02 12,ALL,age,-0.0024885494593010734,0.881822673640486,188,0.9792429777759343
g__Roseburia|s__Roseburia_sp_AF02_12,Roseburia sp AF02 12,ALL,bmi,0.02454215727411802,0.6436145507059341,188,0.9143242209408174
g__Roseburia|s__Roseburia_sp_AF02_12,Roseburia sp AF02 12,ALL,antibiotics_3m,0.24716979022635796,0.7470303769215734,188,0.9353001927554273
g__Roseburia|s__Roseburia_sp_AF02_12,Roseburia sp AF02 12,ALL,smoking,0.2409262565247113,0.6680852814998581,188,0.9170124158427644
g__Roseburia|s__Roseburia_sp_AM16_25,Roseburia sp AM16 25,ALL,site[T.Oral],-0.08448639064116116,0.8350574598810587,188,0.9651769739592562
g__Roseburia|s__Roseburia_sp_AM16_25,Roseburia sp AM16 25,ALL,sex[T.1],0.5227626047715783,0.12246456124017226,188,0.4348739703935258
g__Roseburia|s__Roseburia_sp_AM16_25,Roseburia sp AM16 25,ALL,disease,-0.1342791221400683,0.7301381705684458,188,0.93386324799071
g__Roseburia|s__Roseburia_sp_AM16_25,Roseburia sp AM16 25,ALL,ppi_use,-0.09942518762382994,0.8157871501170184,188,0.957648815864322
g__Roseburia|s__Roseburia_sp_AM16_25,Roseburia sp AM16 25,ALL,age,-0.005111424011721504,0.6978558612951888,188,0.9182517207218585
g__Roseburia|s__Roseburia_sp_AM16_25,Roseburia sp AM16 25,ALL,bmi,-0.0009738932167434886,0.9813685074510567,188,0.9952452245437899
g__Roseburia|s__Roseburia_sp_AM16_25,Roseburia sp AM16 25,ALL,antibiotics_3m,0.9316609883138348,0.12327380264144559,188,0.4348739703935258
g__Roseburia|s__Roseburia_sp_AM16_25,Roseburia sp AM16 25,ALL,smoking,-0.13997908655042476,0.7513723619083942,188,0.9368460585698936
g__Rothia|s__Rothia_aeria,Rothia aeria,ALL,site[T.Oral],3.4211318752579527,1.920893763673267e-20,188,5.618614258744305e-19
g__Rothia|s__Rothia_aeria,Rothia aeria,ALL,sex[T.1],-0.1023484498148319,0.7056096406391251,188,0.9215590097277504
g__Rothia|s__Rothia_aeria,Rothia aeria,ALL,disease,0.7640211004734173,0.015331555280616969,188,0.09703146641555238
g__Rothia|s__Rothia_aeria,Rothia aeria,ALL,ppi_use,-0.6328107205652737,0.06607243213154622,188,0.28898970315480027
g__Rothia|s__Rothia_aeria,Rothia aeria,ALL,age,-0.0028522551612360212,0.7873104523221244,188,0.9520934754399919
g__Rothia|s__Rothia_aeria,Rothia aeria,ALL,bmi,0.005881480958883857,0.8605887175495297,188,0.9752676323593169
g__Rothia|s__Rothia_aeria,Rothia aeria,ALL,antibiotics_3m,-0.276274731648065,0.5681520443009187,188,0.8841965619631355
g__Rothia|s__Rothia_aeria,Rothia aeria,ALL,smoking,-0.4501058145298428,0.20550038994132824,188,0.593484234371248
g__Rothia|s__Rothia_mucilaginosa,Rothia mucilaginosa,ALL,site[T.Oral],11.155997864793743,3.396338747840481e-123,188,9.536919203936071e-120
g__Rothia|s__Rothia_mucilaginosa,Rothia mucilaginosa,ALL,sex[T.1],-0.1401179069670313,0.34843582625996805,188,0.7384209812362191
g__Rothia|s__Rothia_mucilaginosa,Rothia mucilaginosa,ALL,disease,0.9166673191875454,2.924410999529108e-07,188,3.63351596755652e-06
g__Rothia|s__Rothia_mucilaginosa,Rothia mucilaginosa,ALL,ppi_use,-0.5591804441783517,0.003432385733012786,188,0.026333713492622684
g__Rothia|s__Rothia_mucilaginosa,Rothia mucilaginosa,ALL,age,0.0030220238972757823,0.6039910155332251,188,0.9023326380056181
g__Rothia|s__Rothia_mucilaginosa,Rothia mucilaginosa,ALL,bmi,0.014404618903004847,0.43538430834346975,188,0.8086680073463639
g__Rothia|s__Rothia_mucilaginosa,Rothia mucilaginosa,ALL,antibiotics_3m,0.0841301988356462,0.7523461047276032,188,0.9368460585698936
g__Rothia|s__Rothia_mucilaginosa,Rothia mucilaginosa,ALL,smoking,0.08501898446008359,0.6636574609964144,188,0.9152996809813024
g__Ruminococcus|s__Ruminococcus_bicirculans,Ruminococcus bicirculans,ALL,site[T.Oral],-3.6180040337809936,5.441490729096865e-10,188,8.170965757916576e-09
g__Ruminococcus|s__Ruminococcus_bicirculans,Ruminococcus bicirculans,ALL,sex[T.1],0.1808963397898629,0.6934605783640164,188,0.9182517207218585
g__Ruminococcus|s__Ruminococcus_bicirculans,Ruminococcus bicirculans,ALL,disease,-0.9448253587717481,0.07559937062161284,188,0.3176061718150286
g__Ruminococcus|s__Ruminococcus_bicirculans,Ruminococcus bicirculans,ALL,ppi_use,0.2399946958474678,0.6793412937501733,188,0.9182517207218585
g__Ruminococcus|s__Ruminococcus_bicirculans,Ruminococcus bicirculans,ALL,age,-0.03833435740126187,0.033383813640923236,188,0.17424116859426106
g__Ruminococcus|s__Ruminococcus_bicirculans,Ruminococcus bicirculans,ALL,bmi,0.17638240341874423,0.002150476848337702,188,0.017252968543235048
g__Ruminococcus|s__Ruminococcus_bicirculans,Ruminococcus bicirculans,ALL,antibiotics_3m,-1.92401567901226,0.019810014120597384,188,0.11710846242239464
g__Ruminococcus|s__Ruminococcus_bicirculans,Ruminococcus bicirculans,ALL,smoking,-0.3777478613113444,0.5297868192652154,188,0.8591672372021686
g__Ruminococcus|s__Ruminococcus_bromii,Ruminococcus bromii,ALL,site[T.Oral],-2.1467182735147157,0.0028012970133469155,188,0.021798316632598184
g__Ruminococcus|s__Ruminococcus_bromii,Ruminococcus bromii,ALL,sex[T.1],-0.24752545534319267,0.6747628874022473,188,0.9179913700704992
g__Ruminococcus|s__Ruminococcus_bromii,Ruminococcus bromii,ALL,disease,-1.9032115814901212,0.0056551696816424255,188,0.04082189322892527
g__Ruminococcus|s__Ruminococcus_bromii,Ruminococcus bromii,ALL,ppi_use,0.6370827225578898,0.3936156448851318,188,0.7833847249414361
g__Ruminococcus|s__Ruminococcus_bromii,Ruminococcus bromii,ALL,age,-0.025444599007049967,0.26968769785691377,188,0.6667876481515226
g__Ruminococcus|s__Ruminococcus_bromii,Ruminococcus bromii,ALL,bmi,0.022406206117481554,0.7586206428423754,188,0.9392446054238932
g__Ruminococcus|s__Ruminococcus_bromii,Ruminococcus bromii,ALL,antibiotics_3m,-0.9582821385607879,0.36349086777553596,188,0.7522961031676787
g__Ruminococcus|s__Ruminococcus_bromii,Ruminococcus bromii,ALL,smoking,0.11643479826942393,0.8801615813048662,188,0.9792429777759343
g__Ruminococcus|s__Ruminococcus_callidus,Ruminococcus callidus,ALL,site[T.Oral],-0.7070291604509895,0.17901146148369515,188,0.5537403220712792
g__Ruminococcus|s__Ruminococcus_callidus,Ruminococcus callidus,ALL,sex[T.1],0.21692443874020767,0.6192078051292885,188,0.9059818519006645
g__Ruminococcus|s__Ruminococcus_callidus,Ruminococcus callidus,ALL,disease,-0.019004008271942274,0.9698888553671812,188,0.9939499763344429
g__Ruminococcus|s__Ruminococcus_callidus,Ruminococcus callidus,ALL,ppi_use,0.37704964331907553,0.4948437631151652,188,0.8400975131967254
g__Ruminococcus|s__Ruminococcus_callidus,Ruminococcus callidus,ALL,age,0.011092629090545201,0.5149925164747007,188,0.8526527041633015
g__Ruminococcus|s__Ruminococcus_callidus,Ruminococcus callidus,ALL,bmi,0.030280730833841845,0.5747231342966297,188,0.8875802791721421
g__Ruminococcus|s__Ruminococcus_callidus,Ruminococcus callidus,ALL,antibiotics_3m,1.032437088264379,0.186324223546313,188,0.5668455251549804
g__Ruminococcus|s__Ruminococcus_callidus,Ruminococcus callidus,ALL,smoking,0.04886610509417628,0.931848532052052,188,0.9888202232323886
g__Ruminococcus|s__Ruminococcus_sp_BSD2780120874_150323_B10,Ruminococcus sp BSD2780120874 150323 B10,ALL,site[T.Oral],-1.0540725411493612,0.07779404065272612,188,0.32362320911534065
g__Ruminococcus|s__Ruminococcus_sp_BSD2780120874_150323_B10,Ruminococcus sp BSD2780120874 150323 B10,ALL,sex[T.1],-0.1660075515709647,0.7372624371812477,188,0.9349679276632936
g__Ruminococcus|s__Ruminococcus_sp_BSD2780120874_150323_B10,Ruminococcus sp BSD2780120874 150323 B10,ALL,disease,0.6739944240708722,0.23863915884198647,188,0.634780613663392
g__Ruminococcus|s__Ruminococcus_sp_BSD2780120874_150323_B10,Ruminococcus sp BSD2780120874 150323 B10,ALL,ppi_use,0.09645697567521759,0.8775261200740088,188,0.9792429777759343
g__Ruminococcus|s__Ruminococcus_sp_BSD2780120874_150323_B10,Ruminococcus sp BSD2780120874 150323 B10,ALL,age,0.023375547989481167,0.22694016445554602,188,0.6223124822179426
g__Ruminococcus|s__Ruminococcus_sp_BSD2780120874_150323_B10,Ruminococcus sp BSD2780120874 150323 B10,ALL,bmi,0.043222868778896674,0.48007545257605355,188,0.8296238920667696
g__Ruminococcus|s__Ruminococcus_sp_BSD2780120874_150323_B10,Ruminococcus sp BSD2780120874 150323 B10,ALL,antibiotics_3m,0.3960706117361289,0.6540917929684735,188,0.9143242209408174
g__Ruminococcus|s__Ruminococcus_sp_BSD2780120874_150323_B10,Ruminococcus sp BSD2780120874 150323 B10,ALL,smoking,-0.03789897494594437,0.9533542355676214,188,0.9920003389449094
g__Ruthenibacterium|s__Ruthenibacterium_lactatiformans,Ruthenibacterium lactatiformans,ALL,site[T.Oral],-4.984098584512472,7.632089425087236e-30,188,4.464772313676033e-28
g__Ruthenibacterium|s__Ruthenibacterium_lactatiformans,Ruthenibacterium lactatiformans,ALL,sex[T.1],0.07479021144092668,0.8042204964594125,188,0.9524381948458033
g__Ruthenibacterium|s__Ruthenibacterium_lactatiformans,Ruthenibacterium lactatiformans,ALL,disease,0.9931467471581666,0.004780342658234471,188,0.035417420011404736
g__Ruthenibacterium|s__Ruthenibacterium_lactatiformans,Ruthenibacterium lactatiformans,ALL,ppi_use,-0.5485107084271592,0.15182886616754995,188,0.5010154916562716
g__Ruthenibacterium|s__Ruthenibacterium_lactatiformans,Ruthenibacterium lactatiformans,ALL,age,0.00913446883318118,0.4381807699521182,188,0.8094813171220709
g__Ruthenibacterium|s__Ruthenibacterium_lactatiformans,Ruthenibacterium lactatiformans,ALL,bmi,0.033387463814280004,0.3712045176316009,188,0.7602788369872613
g__Ruthenibacterium|s__Ruthenibacterium_lactatiformans,Ruthenibacterium lactatiformans,ALL,antibiotics_3m,-0.17917678336220297,0.7395267808181887,188,0.9353001927554273
g__Ruthenibacterium|s__Ruthenibacterium_lactatiformans,Ruthenibacterium lactatiformans,ALL,smoking,0.18091967416403582,0.6470824237393501,188,0.9143242209408174
g__Sanguibacter|s__Sanguibacter_SGB15121,Sanguibacter SGB15121,ALL,site[T.Oral],-0.8896224161550864,0.08209710275249427,188,0.33458441876488226
g__Sanguibacter|s__Sanguibacter_SGB15121,Sanguibacter SGB15121,ALL,sex[T.1],0.07118628127224748,0.8665550454800106,188,0.9764392326275562
g__Sanguibacter|s__Sanguibacter_SGB15121,Sanguibacter SGB15121,ALL,disease,0.3819299706259046,0.43495472770875543,188,0.8086680073463639
g__Sanguibacter|s__Sanguibacter_SGB15121,Sanguibacter SGB15121,ALL,ppi_use,-0.21312819052464582,0.69091591508025,188,0.9182517207218585
g__Sanguibacter|s__Sanguibacter_SGB15121,Sanguibacter SGB15121,ALL,age,-0.025368929340002917,0.12610851229765982,188,0.4431218595109761
g__Sanguibacter|s__Sanguibacter_SGB15121,Sanguibacter SGB15121,ALL,bmi,0.03480450427944386,0.5065732456311642,188,0.8474902540308566
g__Sanguibacter|s__Sanguibacter_SGB15121,Sanguibacter SGB15121,ALL,antibiotics_3m,0.8319266155823994,0.2723432195021827,188,0.6667876481515226
g__Sanguibacter|s__Sanguibacter_SGB15121,Sanguibacter SGB15121,ALL,smoking,-0.34033690867486854,0.5397559346866576,188,0.8665721352773782
g__Selenomonas|s__Selenomonas_SGB5880,Selenomonas SGB5880,ALL,site[T.Oral],7.023815639913359,1.2669695793092028e-43,188,1.4823544077917674e-41
g__Selenomonas|s__Selenomonas_SGB5880,Selenomonas SGB5880,ALL,sex[T.1],0.4037728151967551,0.20060954938224393,188,0.5892380906541224
g__Selenomonas|s__Selenomonas_SGB5880,Selenomonas SGB5880,ALL,disease,1.3428880932891323,0.00028385187996635424,188,0.0026568535964850756
g__Selenomonas|s__Selenomonas_SGB5880,Selenomonas SGB5880,ALL,ppi_use,0.08262537630598658,0.8356310530292471,188,0.9651769739592562
g__Selenomonas|s__Selenomonas_SGB5880,Selenomonas SGB5880,ALL,age,-0.005674365193968316,0.6442047695530979,188,0.9143242209408174
g__Selenomonas|s__Selenomonas_SGB5880,Selenomonas SGB5880,ALL,bmi,-0.02687796430886259,0.49003184461670624,188,0.8375165267560788
g__Selenomonas|s__Selenomonas_SGB5880,Selenomonas SGB5880,ALL,antibiotics_3m,-0.16600315591280881,0.7678120067493159,188,0.9444814863420775
g__Selenomonas|s__Selenomonas_SGB5880,Selenomonas SGB5880,ALL,smoking,-0.4802486373861364,0.24487597902340094,188,0.6429552069504092
g__Selenomonas|s__Selenomonas_noxia,Selenomonas noxia,ALL,site[T.Oral],2.445007241266017,8.093969018977001e-19,188,2.0790541711681032e-17
g__Selenomonas|s__Selenomonas_noxia,Selenomonas noxia,ALL,sex[T.1],-0.0869108363865905,0.6713387483538913,188,0.9170548288563516
g__Selenomonas|s__Selenomonas_noxia,Selenomonas noxia,ALL,disease,0.7236494404885175,0.0024971122420404473,188,0.01967161761640655
g__Selenomonas|s__Selenomonas_noxia,Selenomonas noxia,ALL,ppi_use,-0.16984992988564038,0.5122973882342576,188,0.8501956655802574
g__Selenomonas|s__Selenomonas_noxia,Selenomonas noxia,ALL,age,-0.002543937536320148,0.7502498165322407,188,0.936576260947086
g__Selenomonas|s__Selenomonas_noxia,Selenomonas noxia,ALL,bmi,0.002116286679063931,0.9333772562288752,188,0.9888202232323886
g__Selenomonas|s__Selenomonas_noxia,Selenomonas noxia,ALL,antibiotics_3m,0.03934649875068229,0.9143309383082827,188,0.9888202232323886
g__Selenomonas|s__Selenomonas_noxia,Selenomonas noxia,ALL,smoking,-0.07599409000669285,0.7769014810408499,188,0.9480831633040879
g__Selenomonas|s__Selenomonas_sputigena,Selenomonas sputigena,ALL,site[T.Oral],4.128649829909772,3.589282021080535e-24,188,1.3998199882214088e-22
g__Selenomonas|s__Selenomonas_sputigena,Selenomonas sputigena,ALL,sex[T.1],0.1676047414949055,0.5648938379165721,188,0.8827689616074057
g__Selenomonas|s__Selenomonas_sputigena,Selenomonas sputigena,ALL,disease,0.6252923583756753,0.06387345461743545,188,0.2815646162727767
g__Selenomonas|s__Selenomonas_sputigena,Selenomonas sputigena,ALL,ppi_use,0.20473175733553606,0.5783495077798068,188,0.8888918543216734
g__Selenomonas|s__Selenomonas_sputigena,Selenomonas sputigena,ALL,age,-0.02024602778464469,0.0759413055236361,188,0.3176061718150286
g__Selenomonas|s__Selenomonas_sputigena,Selenomonas sputigena,ALL,bmi,-0.0340454843827207,0.3446490484260397,188,0.7348325952773876
g__Selenomonas|s__Selenomonas_sputigena,Selenomonas sputigena,ALL,antibiotics_3m,-0.27751290903886366,0.5935990451255178,188,0.8960591633374826
g__Selenomonas|s__Selenomonas_sputigena,Selenomonas sputigena,ALL,smoking,-0.07757608239279896,0.8387255254642206,188,0.9663520116558232
g__Senegalimassilia|s__Senegalimassilia_anaerobia,Senegalimassilia anaerobia,ALL,site[T.Oral],-0.8802267613567754,0.045160417560945444,188,0.21857242359989826
g__Senegalimassilia|s__Senegalimassilia_anaerobia,Senegalimassilia anaerobia,ALL,sex[T.1],0.677069598731826,0.06363506656755952,188,0.280954822203942
g__Senegalimassilia|s__Senegalimassilia_anaerobia,Senegalimassilia anaerobia,ALL,disease,1.09583929552982,0.009602669622525985,188,0.06579505630894039
g__Senegalimassilia|s__Senegalimassilia_anaerobia,Senegalimassilia anaerobia,ALL,ppi_use,-0.6255612118026483,0.1745803358116263,188,0.5464124512177999
g__Senegalimassilia|s__Senegalimassilia_anaerobia,Senegalimassilia anaerobia,ALL,age,0.01138397867308414,0.4223871895761686,188,0.800764343536847
g__Senegalimassilia|s__Senegalimassilia_anaerobia,Senegalimassilia anaerobia,ALL,bmi,-0.016603856412278805,0.7116594689212202,188,0.9247291942298873
g__Senegalimassilia|s__Senegalimassilia_anaerobia,Senegalimassilia anaerobia,ALL,antibiotics_3m,0.6164510999836268,0.34270034821541484,188,0.7322973341230107
g__Senegalimassilia|s__Senegalimassilia_anaerobia,Senegalimassilia anaerobia,ALL,smoking,0.35034778022997815,0.4618130829233996,188,0.82649530710574
g__Slackia|s__Slackia_isoflavoniconvertens,Slackia isoflavoniconvertens,ALL,site[T.Oral],-1.061225257506106,0.0329278058980276,188,0.17280236861259715
g__Slackia|s__Slackia_isoflavoniconvertens,Slackia isoflavoniconvertens,ALL,sex[T.1],-0.6197196773983382,0.1328514203051583,188,0.4566056159325392
g__Slackia|s__Slackia_isoflavoniconvertens,Slackia isoflavoniconvertens,ALL,disease,-0.5679468471606208,0.23201555771161927,188,0.6282542777764966
g__Slackia|s__Slackia_isoflavoniconvertens,Slackia isoflavoniconvertens,ALL,ppi_use,1.1002738231845848,0.03547246127661603,188,0.18276453443071158
g__Slackia|s__Slackia_isoflavoniconvertens,Slackia isoflavoniconvertens,ALL,age,-0.006357793966433416,0.6918859593020804,188,0.9182517207218585
g__Slackia|s__Slackia_isoflavoniconvertens,Slackia isoflavoniconvertens,ALL,bmi,-0.05806892137647027,0.25399158598870925,188,0.6525236719636739
g__Slackia|s__Slackia_isoflavoniconvertens,Slackia isoflavoniconvertens,ALL,antibiotics_3m,-0.7862774610598348,0.2849267276476225,188,0.6803352476484048
g__Slackia|s__Slackia_isoflavoniconvertens,Slackia isoflavoniconvertens,ALL,smoking,-0.04697667343611653,0.9304531631296552,188,0.9888202232323886
g__Solobacterium|s__Solobacterium_SGB6829,Solobacterium SGB6829,ALL,site[T.Oral],6.21024939770907,5.250630674205456e-45,188,7.371885466584461e-43
g__Solobacterium|s__Solobacterium_SGB6829,Solobacterium SGB6829,ALL,sex[T.1],0.026489298699325606,0.92212882984893,188,0.9888202232323886
g__Solobacterium|s__Solobacterium_SGB6829,Solobacterium SGB6829,ALL,disease,0.6443009494449498,0.04049692914012357,188,0.20234052851506582
g__Solobacterium|s__Solobacterium_SGB6829,Solobacterium SGB6829,ALL,ppi_use,0.2571237295444848,0.4535721442374372,188,0.8219918602131008
g__Solobacterium|s__Solobacterium_SGB6829,Solobacterium SGB6829,ALL,age,-0.012883289036880389,0.22404654832558338,188,0.618606398916655
g__Solobacterium|s__Solobacterium_SGB6829,Solobacterium SGB6829,ALL,bmi,-0.021020974920805024,0.5305580255012088,188,0.8591672372021686
g__Solobacterium|s__Solobacterium_SGB6829,Solobacterium SGB6829,ALL,antibiotics_3m,-0.13897605347003797,0.7740248308455808,188,0.9464912225577593
g__Solobacterium|s__Solobacterium_SGB6829,Solobacterium SGB6829,ALL,smoking,-0.10809824293489532,0.7606806075033142,188,0.939310090531797
g__Staphylococcus|s__Staphylococcus_SGB6340,Staphylococcus SGB6340,ALL,site[T.Oral],0.06216919811339969,0.8849866047256144,188,0.9792429777759343
g__Staphylococcus|s__Staphylococcus_SGB6340,Staphylococcus SGB6340,ALL,sex[T.1],-0.08169018623354421,0.819180954888022,188,0.9584417172189857
g__Staphylococcus|s__Staphylococcus_SGB6340,Staphylococcus SGB6340,ALL,disease,-0.8302744004163383,0.04522456485453735,188,0.21857242359989826
g__Staphylococcus|s__Staphylococcus_SGB6340,Staphylococcus SGB6340,ALL,ppi_use,0.14615048095132183,0.7464913911677186,188,0.9353001927554273
g__Staphylococcus|s__Staphylococcus_SGB6340,Staphylococcus SGB6340,ALL,age,-0.014948719387590207,0.284459764776149,188,0.6803209521427733
g__Staphylococcus|s__Staphylococcus_SGB6340,Staphylococcus SGB6340,ALL,bmi,-0.00888505573979863,0.8405999470820973,188,0.9663520116558232
g__Staphylococcus|s__Staphylococcus_SGB6340,Staphylococcus SGB6340,ALL,antibiotics_3m,0.43636162337703416,0.49442894126274806,188,0.8399010690053216
g__Staphylococcus|s__Staphylococcus_SGB6340,Staphylococcus SGB6340,ALL,smoking,-0.14308170152611666,0.7598044919013804,188,0.939310090531797
g__Stomatobaculum|s__Stomatobaculum_SGB5266,Stomatobaculum SGB5266,ALL,site[T.Oral],3.6580658546115115,4.209529636119781e-17,188,9.381237474781226e-16
g__Stomatobaculum|s__Stomatobaculum_SGB5266,Stomatobaculum SGB5266,ALL,sex[T.1],-0.12253778034854027,0.7075984761917613,188,0.9226503321492032
g__Stomatobaculum|s__Stomatobaculum_SGB5266,Stomatobaculum SGB5266,ALL,disease,0.47117127147861754,0.21220806670189998,188,0.6006857371965072
g__Stomatobaculum|s__Stomatobaculum_SGB5266,Stomatobaculum SGB5266,ALL,ppi_use,0.10419314781983215,0.8009353998219657,188,0.9524381948458033
g__Stomatobaculum|s__Stomatobaculum_SGB5266,Stomatobaculum SGB5266,ALL,age,0.011640725392663089,0.3616497580700291,188,0.7500092471644326
g__Stomatobaculum|s__Stomatobaculum_SGB5266,Stomatobaculum SGB5266,ALL,bmi,0.023962337114706002,0.5530884218713834,188,0.8734939755989003
g__Stomatobaculum|s__Stomatobaculum_SGB5266,Stomatobaculum SGB5266,ALL,antibiotics_3m,-0.6144621738837386,0.29296434765176216,188,0.6912973850471833
g__Stomatobaculum|s__Stomatobaculum_SGB5266,Stomatobaculum SGB5266,ALL,smoking,-0.11116033523225827,0.7949723082838109,188,0.9520934754399919
g__Stomatobaculum|s__Stomatobaculum_longum,Stomatobaculum longum,ALL,site[T.Oral],7.139520543850844,1.0611195003911359e-44,188,1.4188683605230046e-42
g__Stomatobaculum|s__Stomatobaculum_longum,Stomatobaculum longum,ALL,sex[T.1],0.12452237402297121,0.691151777312569,188,0.9182517207218585
g__Stomatobaculum|s__Stomatobaculum_longum,Stomatobaculum longum,ALL,disease,1.2210502009272184,0.0008838117902110316,188,0.007589429684747941
g__Stomatobaculum|s__Stomatobaculum_longum,Stomatobaculum longum,ALL,ppi_use,0.018379080740993967,0.9630207446177286,188,0.9939499763344429
g__Stomatobaculum|s__Stomatobaculum_longum,Stomatobaculum longum,ALL,age,0.0026775151003356115,0.8266882188256861,188,0.9608792640332098
g__Stomatobaculum|s__Stomatobaculum_longum,Stomatobaculum longum,ALL,bmi,-0.014059771214925054,0.7166997081638646,188,0.9278436055897334
g__Stomatobaculum|s__Stomatobaculum_longum,Stomatobaculum longum,ALL,antibiotics_3m,-0.0527732922747304,0.9248781373142914,188,0.9888202232323886
g__Stomatobaculum|s__Stomatobaculum_longum,Stomatobaculum longum,ALL,smoking,-0.06821501994154434,0.8679762832195813,188,0.9769113984426099
g__Streptococcus|s__Streptococcus_SGB15012,Streptococcus SGB15012,ALL,site[T.Oral],0.2553693377742332,0.47982900173859455,188,0.8296238920667696
g__Streptococcus|s__Streptococcus_SGB15012,Streptococcus SGB15012,ALL,sex[T.1],0.03264950739624784,0.9134182532859075,188,0.9888202232323886
g__Streptococcus|s__Streptococcus_SGB15012,Streptococcus SGB15012,ALL,disease,-0.8588725963974594,0.013969949465286995,188,0.09043913266221207
g__Streptococcus|s__Streptococcus_SGB15012,Streptococcus SGB15012,ALL,ppi_use,0.10431069004223174,0.7836495345309904,188,0.9512333149308023
g__Streptococcus|s__Streptococcus_SGB15012,Streptococcus SGB15012,ALL,age,0.01740096724893872,0.1387506349530983,188,0.47168496724975795
g__Streptococcus|s__Streptococcus_SGB15012,Streptococcus SGB15012,ALL,bmi,-0.12081567792288736,0.0013375620018503816,188,0.011145027006515939
g__Streptococcus|s__Streptococcus_SGB15012,Streptococcus SGB15012,ALL,antibiotics_3m,0.6107020766947413,0.25569526252857466,188,0.6539652031530467
g__Streptococcus|s__Streptococcus_SGB15012,Streptococcus SGB15012,ALL,smoking,-0.3793926562711206,0.33526274754115093,188,0.7271519071568862
g__Streptococcus|s__Streptococcus_australis,Streptococcus australis,ALL,site[T.Oral],4.930891311015817,3.037679419526235e-27,188,1.5508734200053942e-25
g__Streptococcus|s__Streptococcus_australis,Streptococcus australis,ALL,sex[T.1],-0.06356676178753279,0.8421165856559114,188,0.9663520116558232
g__Streptococcus|s__Streptococcus_australis,Streptococcus australis,ALL,disease,1.077966986192417,0.0038099134970028324,188,0.02883621859726133
g__Streptococcus|s__Streptococcus_australis,Streptococcus australis,ALL,ppi_use,-0.4073481882660242,0.31363871346142147,188,0.7079561956588999
g__Streptococcus|s__Streptococcus_australis,Streptococcus australis,ALL,age,0.017338176451927208,0.164961371309687,188,0.5255769499584333
g__Streptococcus|s__Streptococcus_australis,Streptococcus australis,ALL,bmi,0.004672140571153002,0.9057274022714168,188,0.9865331829240258
g__Streptococcus|s__Streptococcus_australis,Streptococcus australis,ALL,antibiotics_3m,0.2056286512508517,0.7183145447528778,188,0.92800027232958
g__Streptococcus|s__Streptococcus_australis,Streptococcus australis,ALL,smoking,-0.9056457529709543,0.031306796254551184,188,0.16744663596719947
g__Streptococcus|s__Streptococcus_cristatus,Streptococcus cristatus,ALL,site[T.Oral],3.4865644425147435,1.550214856488652e-22,188,5.244582309662813e-21
g__Streptococcus|s__Streptococcus_cristatus,Streptococcus cristatus,ALL,sex[T.1],-0.11364044642749588,0.6598587414243726,188,0.9143242209408174
g__Streptococcus|s__Streptococcus_cristatus,Streptococcus cristatus,ALL,disease,0.9312406035254902,0.002035031371238721,188,0.01645957067135421
g__Streptococcus|s__Streptococcus_cristatus,Streptococcus cristatus,ALL,ppi_use,-0.31110915600816696,0.3413618300834881,188,0.7317129915072019
g__Streptococcus|s__Streptococcus_cristatus,Streptococcus cristatus,ALL,age,0.010013660202224313,0.32085069139812145,188,0.7127759030426623
g__Streptococcus|s__Streptococcus_cristatus,Streptococcus cristatus,ALL,bmi,-0.03603230651430042,0.25970160451371455,188,0.6581607450130961
g__Streptococcus|s__Streptococcus_cristatus,Streptococcus cristatus,ALL,antibiotics_3m,-0.0010515230558504518,0.9981802803016678,188,0.9985358842490499
g__Streptococcus|s__Streptococcus_cristatus,Streptococcus cristatus,ALL,smoking,0.12289972721296478,0.7162335268639859,188,0.9276677783367492
g__Streptococcus|s__Streptococcus_gordonii,Streptococcus gordonii,ALL,site[T.Oral],3.8940013234536424,2.1330732414697733e-25,188,9.214876403149421e-24
g__Streptococcus|s__Streptococcus_gordonii,Streptococcus gordonii,ALL,sex[T.1],-0.402912179829929,0.1297091033009343,188,0.450771240184435
g__Streptococcus|s__Streptococcus_gordonii,Streptococcus gordonii,ALL,disease,0.7624800792106997,0.013436642504475781,188,0.08754081705932248
g__Streptococcus|s__Streptococcus_gordonii,Streptococcus gordonii,ALL,ppi_use,0.03111872399027994,0.9260570031505677,188,0.9888202232323886
g__Streptococcus|s__Streptococcus_gordonii,Streptococcus gordonii,ALL,age,-0.00867837126825774,0.4018970081769705,188,0.7866075147223898
g__Streptococcus|s__Streptococcus_gordonii,Streptococcus gordonii,ALL,bmi,0.053252893266014734,0.1053917708497619,188,0.39830429683193996
g__Streptococcus|s__Streptococcus_gordonii,Streptococcus gordonii,ALL,antibiotics_3m,-0.17069663497919427,0.7184647789288772,188,0.92800027232958
g__Streptococcus|s__Streptococcus_gordonii,Streptococcus gordonii,ALL,smoking,0.3337422593330782,0.3369033586934148,188,0.7271519071568862
g__Streptococcus|s__Streptococcus_infantis,Streptococcus infantis,ALL,site[T.Oral],8.418597327115721,2.4876577274554878e-67,188,8.731678623368761e-65
g__Streptococcus|s__Streptococcus_infantis,Streptococcus infantis,ALL,sex[T.1],-0.3555337870436508,0.15656987047423185,188,0.5079799203848716
g__Streptococcus|s__Streptococcus_infantis,Streptococcus infantis,ALL,disease,0.9025786618926306,0.002039861322518257,188,0.01645957067135421
g__Streptococcus|s__Streptococcus_infantis,Streptococcus infantis,ALL,ppi_use,-0.27010029031262806,0.3940451913511145,188,0.7836252813838028
g__Streptococcus|s__Streptococcus_infantis,Streptococcus infantis,ALL,age,0.0012575216874963014,0.8975407908679072,188,0.9814231077714499
g__Streptococcus|s__Streptococcus_infantis,Streptococcus infantis,ALL,bmi,-0.03907196214092962,0.20762190351562831,188,0.5941413813355118
g__Streptococcus|s__Streptococcus_infantis,Streptococcus infantis,ALL,antibiotics_3m,0.276083987572303,0.537004895723885,188,0.8642339904689865
g__Streptococcus|s__Streptococcus_infantis,Streptococcus infantis,ALL,smoking,-0.5841641980319249,0.07594897905499974,188,0.3176061718150286
g__Streptococcus|s__Streptococcus_mitis,Streptococcus mitis,ALL,site[T.Oral],9.403907866789705,4.373495660450978e-74,188,3.070193953636587e-71
g__Streptococcus|s__Streptococcus_mitis,Streptococcus mitis,ALL,sex[T.1],-0.24749074606465737,0.32625343036754295,188,0.7185568175148209
g__Streptococcus|s__Streptococcus_mitis,Streptococcus mitis,ALL,disease,0.5896756027235226,0.04355136083549151,188,0.21379758955604922
g__Streptococcus|s__Streptococcus_mitis,Streptococcus mitis,ALL,ppi_use,-0.9157249459907953,0.004473708387031852,188,0.03323326230366518
g__Streptococcus|s__Streptococcus_mitis,Streptococcus mitis,ALL,age,-0.010097211844180057,0.3047807510742018,188,0.7015758295273623
g__Streptococcus|s__Streptococcus_mitis,Streptococcus mitis,ALL,bmi,-0.0038697528926786347,0.9010548294785197,188,0.9839421991043321
g__Streptococcus|s__Streptococcus_mitis,Streptococcus mitis,ALL,antibiotics_3m,-0.5975789133640131,0.18495602553753912,188,0.5658310045267959
g__Streptococcus|s__Streptococcus_mitis,Streptococcus mitis,ALL,smoking,0.41623934009584773,0.20778021241861558,188,0.5941413813355118
g__Streptococcus|s__Streptococcus_oralis,Streptococcus oralis,ALL,site[T.Oral],4.126021753427071,2.479681189552719e-26,188,1.1414663574203336e-24
g__Streptococcus|s__Streptococcus_oralis,Streptococcus oralis,ALL,sex[T.1],-0.009017342206385823,0.9737147605456827,188,0.9939499763344429
g__Streptococcus|s__Streptococcus_oralis,Streptococcus oralis,ALL,disease,0.8220455681555131,0.009903332488354954,188,0.06730753044309229
g__Streptococcus|s__Streptococcus_oralis,Streptococcus oralis,ALL,ppi_use,-0.20940089999012002,0.5454883082362176,188,0.8688208562264884
g__Streptococcus|s__Streptococcus_oralis,Streptococcus oralis,ALL,age,-0.028295495593139198,0.008688606207263928,188,0.0602410030370299
g__Streptococcus|s__Streptococcus_oralis,Streptococcus oralis,ALL,bmi,0.03038677787805351,0.36963863534645136,188,0.7600859538932129
g__Streptococcus|s__Streptococcus_oralis,Streptococcus oralis,ALL,antibiotics_3m,-0.13036857500587498,0.789709168257515,188,0.9520934754399919
g__Streptococcus|s__Streptococcus_oralis,Streptococcus oralis,ALL,smoking,-0.14534647064996664,0.6851289707264809,188,0.9182517207218585
g__Streptococcus|s__Streptococcus_parasanguinis,Streptococcus parasanguinis,ALL,site[T.Oral],6.448562126253606,3.6660614916864377e-36,188,3.027735490781034e-34
g__Streptococcus|s__Streptococcus_parasanguinis,Streptococcus parasanguinis,ALL,sex[T.1],0.2812861394877517,0.4042976646980534,188,0.7866075147223898
g__Streptococcus|s__Streptococcus_parasanguinis,Streptococcus parasanguinis,ALL,disease,4.413107554569777,6.902812322459806e-23,188,2.36379231725209e-21
g__Streptococcus|s__Streptococcus_parasanguinis,Streptococcus parasanguinis,ALL,ppi_use,0.645636291071692,0.13109560303738366,188,0.45302455626812266
g__Streptococcus|s__Streptococcus_parasanguinis,Streptococcus parasanguinis,ALL,age,-0.0063180753910406975,0.630980738367503,188,0.9109207001240979
g__Streptococcus|s__Streptococcus_parasanguinis,Streptococcus parasanguinis,ALL,bmi,0.017353965242995713,0.6770433781368321,188,0.9182517207218585
g__Streptococcus|s__Streptococcus_parasanguinis,Streptococcus parasanguinis,ALL,antibiotics_3m,0.2405436697136635,0.6894522650472725,188,0.9182517207218585
g__Streptococcus|s__Streptococcus_parasanguinis,Streptococcus parasanguinis,ALL,smoking,0.2082096193873005,0.6371323661810588,188,0.9116142174841795
g__Streptococcus|s__Streptococcus_salivarius,Streptococcus salivarius,ALL,site[T.Oral],5.669624203076233,1.7877518545872222e-29,188,1.0244912668736571e-27
g__Streptococcus|s__Streptococcus_salivarius,Streptococcus salivarius,ALL,sex[T.1],-0.021018523155300436,0.9516118339532208,188,0.9911560385224073
g__Streptococcus|s__Streptococcus_salivarius,Streptococcus salivarius,ALL,disease,5.431650063127191,2.017862823798722e-29,188,1.1332317618453622e-27
g__Streptococcus|s__Streptococcus_salivarius,Streptococcus salivarius,ALL,ppi_use,0.5465640576569922,0.2132508097712932,188,0.6024228107020034
g__Streptococcus|s__Streptococcus_salivarius,Streptococcus salivarius,ALL,age,0.003496911001547806,0.795867508960845,188,0.9520934754399919
g__Streptococcus|s__Streptococcus_salivarius,Streptococcus salivarius,ALL,bmi,0.025141647679515152,0.5572859311780707,188,0.877163057594183
g__Streptococcus|s__Streptococcus_salivarius,Streptococcus salivarius,ALL,antibiotics_3m,0.5010284013545707,0.41842623653672373,188,0.7959103197931426
g__Streptococcus|s__Streptococcus_salivarius,Streptococcus salivarius,ALL,smoking,0.6519805117796378,0.1517729626686993,188,0.5010154916562716
g__Streptococcus|s__Streptococcus_sanguinis,Streptococcus sanguinis,ALL,site[T.Oral],5.330907714942563,1.7278698098157873e-43,188,1.9407433703850921e-41
g__Streptococcus|s__Streptococcus_sanguinis,Streptococcus sanguinis,ALL,sex[T.1],0.22250733554364072,0.35350606476762325,188,0.7429977768469207
g__Streptococcus|s__Streptococcus_sanguinis,Streptococcus sanguinis,ALL,disease,1.1971424922812142,2.4006518580410944e-05,188,0.0002582770274858005
g__Streptococcus|s__Streptococcus_sanguinis,Streptococcus sanguinis,ALL,ppi_use,-0.5222185978650171,0.08610974257019001,188,0.34542308162441937
g__Streptococcus|s__Streptococcus_sanguinis,Streptococcus sanguinis,ALL,age,-0.0031111635261512633,0.7392877250981127,188,0.9353001927554273
g__Streptococcus|s__Streptococcus_sanguinis,Streptococcus sanguinis,ALL,bmi,-0.004853918429733968,0.8698000239122622,188,0.9777415801223508
g__Streptococcus|s__Streptococcus_sanguinis,Streptococcus sanguinis,ALL,antibiotics_3m,-0.18364959053036348,0.667807649639862,188,0.9170124158427644
g__Streptococcus|s__Streptococcus_sanguinis,Streptococcus sanguinis,ALL,smoking,-0.09054579180051149,0.7728642059214311,188,0.9464468775522803
g__Streptococcus|s__Streptococcus_thermophilus,Streptococcus thermophilus,ALL,site[T.Oral],-3.8111919257810367,1.8915350614824862e-11,188,3.1060996799080827e-10
g__Streptococcus|s__Streptococcus_thermophilus,Streptococcus thermophilus,ALL,sex[T.1],-0.22267688575210404,0.6149288192206022,188,0.904989583003905
g__Streptococcus|s__Streptococcus_thermophilus,Streptococcus thermophilus,ALL,disease,3.12802561106618,5.315078092743041e-09,188,7.537747113344676e-08
g__Streptococcus|s__Streptococcus_thermophilus,Streptococcus thermophilus,ALL,ppi_use,-0.7326809294380943,0.1916376390097313,188,0.5735827999823634
g__Streptococcus|s__Streptococcus_thermophilus,Streptococcus thermophilus,ALL,age,0.002962990590707055,0.8637611573509396,188,0.9754539648482893
g__Streptococcus|s__Streptococcus_thermophilus,Streptococcus thermophilus,ALL,bmi,0.013681913650836066,0.8025175974780794,188,0.9524381948458033
g__Streptococcus|s__Streptococcus_thermophilus,Streptococcus thermophilus,ALL,antibiotics_3m,0.3527692315363169,0.6554290162940908,188,0.9143242209408174
g__Streptococcus|s__Streptococcus_thermophilus,Streptococcus thermophilus,ALL,smoking,0.7364867117590765,0.20475246451353918,188,0.593484234371248
g__Streptococcus|s__Streptococcus_vestibularis,Streptococcus vestibularis,ALL,site[T.Oral],3.5595477518473517,3.838214514413456e-18,188,9.45412838287104e-17
g__Streptococcus|s__Streptococcus_vestibularis,Streptococcus vestibularis,ALL,sex[T.1],-0.35300680905119297,0.24883287098409726,188,0.6469654645586529
g__Streptococcus|s__Streptococcus_vestibularis,Streptococcus vestibularis,ALL,disease,0.5485609524882394,0.12094722714205335,188,0.4326976382345813
g__Streptococcus|s__Streptococcus_vestibularis,Streptococcus vestibularis,ALL,ppi_use,0.06787525478321065,0.8606123878578757,188,0.9752676323593169
g__Streptococcus|s__Streptococcus_vestibularis,Streptococcus vestibularis,ALL,age,0.007915219726375936,0.5070436782368137,188,0.8474902540308566
g__Streptococcus|s__Streptococcus_vestibularis,Streptococcus vestibularis,ALL,bmi,0.03447489305936104,0.3619604152768232,188,0.750099517414996
g__Streptococcus|s__Streptococcus_vestibularis,Streptococcus vestibularis,ALL,antibiotics_3m,0.07968956219653843,0.883904482421289,188,0.9792429777759343
g__Streptococcus|s__Streptococcus_vestibularis,Streptococcus vestibularis,ALL,smoking,0.33263532084672365,0.40623266612464437,188,0.7885335986177662
g__Sutterella|s__Sutterella_wadsworthensis,Sutterella wadsworthensis,ALL,site[T.Oral],-4.3268172809975844,1.3022452616811012e-07,188,1.6697281711417955e-06
g__Sutterella|s__Sutterella_wadsworthensis,Sutterella wadsworthensis,ALL,sex[T.1],-0.6378529173725649,0.330872069853671,188,0.7235893864089628
g__Sutterella|s__Sutterella_wadsworthensis,Sutterella wadsworthensis,ALL,disease,-0.8797550359921943,0.2453584209726086,188,0.6432926667517133
g__Sutterella|s__Sutterella_wadsworthensis,Sutterella wadsworthensis,ALL,ppi_use,-0.18427295438098054,0.8240542857637984,188,0.9601429188484423
g__Sutterella|s__Sutterella_wadsworthensis,Sutterella wadsworthensis,ALL,age,0.045142098623872924,0.07871508156416765,188,0.325525698132817
g__Sutterella|s__Sutterella_wadsworthensis,Sutterella wadsworthensis,ALL,bmi,-0.09640364729481332,0.2348365317304117,188,0.632227884823288
g__Sutterella|s__Sutterella_wadsworthensis,Sutterella wadsworthensis,ALL,antibiotics_3m,0.2140367872226929,0.8548641970264642,188,0.9730274281517275
g__Sutterella|s__Sutterella_wadsworthensis,Sutterella wadsworthensis,ALL,smoking,0.982050350114426,0.25319102437895646,188,0.6519990219169947
g__Tannerella|s__Tannerella_serpentiformis,Tannerella serpentiformis,ALL,site[T.Oral],3.8579333335073223,8.694867094466944e-20,188,2.3704064855595318e-18
g__Tannerella|s__Tannerella_serpentiformis,Tannerella serpentiformis,ALL,sex[T.1],0.19297592475174435,0.5368776423571285,188,0.8642339904689865
g__Tannerella|s__Tannerella_serpentiformis,Tannerella serpentiformis,ALL,disease,0.9297644573726087,0.010571776157510194,188,0.07084856193386306
g__Tannerella|s__Tannerella_serpentiformis,Tannerella serpentiformis,ALL,ppi_use,-0.09987422967631318,0.8004566551999167,188,0.9524381948458033
g__Tannerella|s__Tannerella_serpentiformis,Tannerella serpentiformis,ALL,age,0.014826079167081691,0.2247572070253024,188,0.6199589757633096
g__Tannerella|s__Tannerella_serpentiformis,Tannerella serpentiformis,ALL,bmi,0.00023815113656003393,0.9950786707233332,188,0.9968536951092114
g__Tannerella|s__Tannerella_serpentiformis,Tannerella serpentiformis,ALL,antibiotics_3m,-0.12895804289145849,0.8171905627491987,188,0.9577091403170909
g__Tannerella|s__Tannerella_serpentiformis,Tannerella serpentiformis,ALL,smoking,-0.42310532000484574,0.30162596379018836,188,0.7005506255772116
g__Veillonella|s__Veillonella_atypica,Veillonella atypica,ALL,site[T.Oral],11.406740348092628,2.7406191334875034e-115,188,3.847829263416455e-112
g__Veillonella|s__Veillonella_atypica,Veillonella atypica,ALL,sex[T.1],0.174484968546855,0.3049430610167641,188,0.7015758295273623
g__Veillonella|s__Veillonella_atypica,Veillonella atypica,ALL,disease,0.4076045157403986,0.038667616896095894,188,0.1949347724313057
g__Veillonella|s__Veillonella_atypica,Veillonella atypica,ALL,ppi_use,0.012529941444841193,0.9534932032807373,188,0.9920003389449094
g__Veillonella|s__Veillonella_atypica,Veillonella atypica,ALL,age,-0.005250688588427039,0.42859619355317435,188,0.8060938456110607
g__Veillonella|s__Veillonella_atypica,Veillonella atypica,ALL,bmi,0.011047333190742569,0.598901359487208,188,0.8997940168218728
g__Veillonella|s__Veillonella_atypica,Veillonella atypica,ALL,antibiotics_3m,0.010924065712367464,0.9712713840167371,188,0.9939499763344429
g__Veillonella|s__Veillonella_atypica,Veillonella atypica,ALL,smoking,0.18422135093969977,0.40792683830638565,188,0.7890931669223774
g__Veillonella|s__Veillonella_dispar,Veillonella dispar,ALL,site[T.Oral],8.640396050961646,1.510960991112244e-45,188,2.2330412963385165e-43
g__Veillonella|s__Veillonella_dispar,Veillonella dispar,ALL,sex[T.1],-0.2780442815287927,0.45654146074727575,188,0.8228222595511439
g__Veillonella|s__Veillonella_dispar,Veillonella dispar,ALL,disease,1.1228421528919625,0.009775351389656163,188,0.06662423956833619
g__Veillonella|s__Veillonella_dispar,Veillonella dispar,ALL,ppi_use,0.3016463222639453,0.5230519630729411,188,0.8584639830459261
g__Veillonella|s__Veillonella_dispar,Veillonella dispar,ALL,age,-0.010163346139528384,0.4854887927917171,188,0.8343038740264024
g__Veillonella|s__Veillonella_dispar,Veillonella dispar,ALL,bmi,-0.03249016051799058,0.4815389341973957,188,0.8296238920667696
g__Veillonella|s__Veillonella_dispar,Veillonella dispar,ALL,antibiotics_3m,0.6465699970709723,0.33260996925716224,188,0.7237333277879743
g__Veillonella|s__Veillonella_dispar,Veillonella dispar,ALL,smoking,-0.11918287775521202,0.8073207373042851,188,0.9534212400480783
g__Veillonella|s__Veillonella_parvula,Veillonella parvula,ALL,site[T.Oral],4.996216313153564,2.7614705456162167e-34,188,2.0405813926553518e-32
g__Veillonella|s__Veillonella_parvula,Veillonella parvula,ALL,sex[T.1],-0.19858286073857975,0.4659841612667712,188,0.8281541296437301
g__Veillonella|s__Veillonella_parvula,Veillonella parvula,ALL,disease,0.48804089771182524,0.12143149076213387,188,0.4338163181425851
g__Veillonella|s__Veillonella_parvula,Veillonella parvula,ALL,ppi_use,0.37727430341139995,0.27403192662334247,188,0.6685331450550354
g__Veillonella|s__Veillonella_parvula,Veillonella parvula,ALL,age,-0.00023026148460061953,0.9827042946083064,188,0.9952452245437899
g__Veillonella|s__Veillonella_parvula,Veillonella parvula,ALL,bmi,0.02491694171730325,0.45934787380515285,188,0.8241845556836226
g__Veillonella|s__Veillonella_parvula,Veillonella parvula,ALL,antibiotics_3m,0.08134067916791364,0.8671271656672395,188,0.976691969993425
g__Veillonella|s__Veillonella_parvula,Veillonella parvula,ALL,smoking,0.08789985401976812,0.8052308670099491,188,0.9524381948458033
g__Veillonella|s__Veillonella_rogosae,Veillonella rogosae,ALL,site[T.Oral],5.719590037148169,2.902463076649317e-29,188,1.5980620233786828e-27
g__Veillonella|s__Veillonella_rogosae,Veillonella rogosae,ALL,sex[T.1],-0.5974727830803466,0.09025789461924025,188,0.35696361702933327
g__Veillonella|s__Veillonella_rogosae,Veillonella rogosae,ALL,disease,0.3863093587782542,0.3411296963679479,188,0.7317129915072019
g__Veillonella|s__Veillonella_rogosae,Veillonella rogosae,ALL,ppi_use,-0.37393783679090226,0.4005451647809162,188,0.7866075147223898
g__Veillonella|s__Veillonella_rogosae,Veillonella rogosae,ALL,age,0.00018788135733395953,0.9890642756990407,188,0.9962244021479952
g__Veillonella|s__Veillonella_rogosae,Veillonella rogosae,ALL,bmi,0.00035521235032929827,0.9934736082204237,188,0.9963121042439106
g__Veillonella|s__Veillonella_rogosae,Veillonella rogosae,ALL,antibiotics_3m,-0.9300070306769175,0.13946539158258797,188,0.4729695888452984
g__Veillonella|s__Veillonella_rogosae,Veillonella rogosae,ALL,smoking,-0.8414096616769398,0.0686593822496639,188,0.29706555524970146
g__Vescimonas|s__Vescimonas_SGB15087,Vescimonas SGB15087,ALL,site[T.Oral],-0.1725015460676119,0.7098853041846604,188,0.923278339115575
g__Vescimonas|s__Vescimonas_SGB15087,Vescimonas SGB15087,ALL,sex[T.1],0.050802672700759985,0.8951464147603141,188,0.9799497593165543
g__Vescimonas|s__Vescimonas_SGB15087,Vescimonas SGB15087,ALL,disease,-0.2520412266854776,0.5710798654199768,188,0.8854868153289805
g__Vescimonas|s__Vescimonas_SGB15087,Vescimonas SGB15087,ALL,ppi_use,0.21478307747704636,0.6596840368160648,188,0.9143242209408174
g__Vescimonas|s__Vescimonas_SGB15087,Vescimonas SGB15087,ALL,age,0.02714181251669876,0.07244450694680611,188,0.3096258379096371
g__Vescimonas|s__Vescimonas_SGB15087,Vescimonas SGB15087,ALL,bmi,-0.01658508685096201,0.7278488970945562,188,0.9324272694692913
g__Vescimonas|s__Vescimonas_SGB15087,Vescimonas SGB15087,ALL,antibiotics_3m,1.7525080822044752,0.011638480939599075,188,0.07707748697734482
g__Vescimonas|s__Vescimonas_SGB15087,Vescimonas SGB15087,ALL,smoking,0.20393537755668822,0.6862666209566464,188,0.9182517207218585
g__Vescimonas|s__Vescimonas_coprocola,Vescimonas coprocola,ALL,site[T.Oral],-3.0453420950018013,2.036096152700014e-08,188,2.7620086940974105e-07
g__Vescimonas|s__Vescimonas_coprocola,Vescimonas coprocola,ALL,sex[T.1],0.7307407513966867,0.09179488969552448,188,0.3610200404399487
g__Vescimonas|s__Vescimonas_coprocola,Vescimonas coprocola,ALL,disease,-1.87516412186909,0.00022153276642470629,188,0.0021086915529511027
g__Vescimonas|s__Vescimonas_coprocola,Vescimonas coprocola,ALL,ppi_use,0.6256665558559253,0.2527989151086437,188,0.6518451364784863
g__Vescimonas|s__Vescimonas_coprocola,Vescimonas coprocola,ALL,age,0.004467235677295658,0.7908865466304237,188,0.9520934754399919
g__Vescimonas|s__Vescimonas_coprocola,Vescimonas coprocola,ALL,bmi,0.041316433465561235,0.43920315580008396,188,0.8103038511738737
g__Vescimonas|s__Vescimonas_coprocola,Vescimonas coprocola,ALL,antibiotics_3m,-0.016042287657250534,0.9834002157122279,188,0.9952452245437899
g__Vescimonas|s__Vescimonas_coprocola,Vescimonas coprocola,ALL,smoking,0.15455876689452983,0.7845642298360891,188,0.9512333149308023
g__Victivallis|s__Victivallis_lenta,Victivallis lenta,ALL,site[T.Oral],-0.28564856660594873,0.61414356350864,188,0.904307879565947
g__Victivallis|s__Victivallis_lenta,Victivallis lenta,ALL,sex[T.1],-0.19363021425997343,0.6810009397005877,188,0.9182517207218585
g__Victivallis|s__Victivallis_lenta,Victivallis lenta,ALL,disease,-2.57186088443623,4.338933714284075e-06,188,5.013878958728264e-05
g__Victivallis|s__Victivallis_lenta,Victivallis lenta,ALL,ppi_use,-0.09238435525529431,0.8767596912158755,188,0.9792429777759343
g__Victivallis|s__Victivallis_lenta,Victivallis lenta,ALL,age,0.013287054147779826,0.4699531977331426,188,0.8289124241423771
g__Victivallis|s__Victivallis_lenta,Victivallis lenta,ALL,bmi,-0.06411953290538648,0.27151490421686014,188,0.6667876481515226
g__Victivallis|s__Victivallis_lenta,Victivallis lenta,ALL,antibiotics_3m,-0.4169959013620219,0.6201545471661364,188,0.9065038877889177
g__Victivallis|s__Victivallis_lenta,Victivallis lenta,ALL,smoking,0.3609189688407186,0.5585418275549445,188,0.8781048976002691
g__Victivallis|s__Victivallis_vadensis,Victivallis vadensis,ALL,site[T.Oral],-0.16166153943783448,0.7487778151091651,188,0.9365559486977887
g__Victivallis|s__Victivallis_vadensis,Victivallis vadensis,ALL,sex[T.1],-0.7491340937944192,0.07551938902687085,188,0.3176061718150286
g__Victivallis|s__Victivallis_vadensis,Victivallis vadensis,ALL,disease,-1.9606946362739317,7.465965676287927e-05,188,0.0007735952626943358
g__Victivallis|s__Victivallis_vadensis,Victivallis vadensis,ALL,ppi_use,0.030302576072895243,0.9544804671676883,188,0.9920724544925161
g__Victivallis|s__Victivallis_vadensis,Victivallis vadensis,ALL,age,0.0402975129153837,0.014672060822520868,188,0.09384771478277584
g__Victivallis|s__Victivallis_vadensis,Victivallis vadensis,ALL,bmi,-0.09857799973439961,0.058663406717669384,188,0.26568846139228325
g__Victivallis|s__Victivallis_vadensis,Victivallis vadensis,ALL,antibiotics_3m,0.060474632190121926,0.9356921857922946,188,0.9888202232323886
g__Victivallis|s__Victivallis_vadensis,Victivallis vadensis,ALL,smoking,0.07320594923847357,0.8940252119086652,188,0.9799497593165543
g__Waltera|s__Waltera_intestinalis,Waltera intestinalis,ALL,site[T.Oral],-3.240104495693129,4.1833251433459883e-10,188,6.384117936149747e-09
g__Waltera|s__Waltera_intestinalis,Waltera intestinalis,ALL,sex[T.1],-0.07332979990428519,0.8573355529482894,188,0.9738665989800958
g__Waltera|s__Waltera_intestinalis,Waltera intestinalis,ALL,disease,-1.8621534775056041,0.00010710919309090627,188,0.0010741521935688028
g__Waltera|s__Waltera_intestinalis,Waltera intestinalis,ALL,ppi_use,-0.22710873538898219,0.6599337165673644,188,0.9143242209408174
g__Waltera|s__Waltera_intestinalis,Waltera intestinalis,ALL,age,-0.016324593634573784,0.30579225398075777,188,0.7015758295273623
g__Waltera|s__Waltera_intestinalis,Waltera intestinalis,ALL,bmi,0.07128653135436498,0.15861111998177144,188,0.5115249128817736
g__Waltera|s__Waltera_intestinalis,Waltera intestinalis,ALL,antibiotics_3m,-0.12493525406508078,0.8638450223668984,188,0.9754539648482893
g__Waltera|s__Waltera_intestinalis,Waltera intestinalis,ALL,smoking,-0.19462857533936853,0.7156328611395114,188,0.9276677783367492
