taxon,pretty_taxon,model,term,beta,p,n,q
g__Abiotrophia|s__Abiotrophia_defectiva,Abiotrophia defectiva,Oral,sex[T.1],-0.5084264393084946,0.44551415486393575,48,0.9201938969517912
g__Abiotrophia|s__Abiotrophia_defectiva,Abiotrophia defectiva,Oral,disease,0.40720845854930043,0.6578803908320876,48,0.9858314552846569
g__Abiotrophia|s__Abiotrophia_defectiva,Abiotrophia defectiva,Oral,ppi_use,-0.18396381144803117,0.7889310227636926,48,0.9858314552846569
g__Abiotrophia|s__Abiotrophia_defectiva,Abiotrophia defectiva,Oral,age,0.003321479041194727,0.899426409679337,48,0.9874408865963867
g__Abiotrophia|s__Abiotrophia_defectiva,Abiotrophia defectiva,Oral,bmi,0.058900829586733004,0.518776362741322,48,0.9303894330331592
g__Abiotrophia|s__Abiotrophia_defectiva,Abiotrophia defectiva,Oral,antibiotics_3m,0.8686629624816039,0.49625603278853736,48,0.9201938969517912
g__Abiotrophia|s__Abiotrophia_defectiva,Abiotrophia defectiva,Oral,smoking,-0.16636502932645833,0.8198797425834907,48,0.9858314552846569
g__Actinomyces|s__Actinomyces_SGB17132,Actinomyces SGB17132,Oral,sex[T.1],-1.0560488889267274,0.31254776706872517,48,0.9201938969517912
g__Actinomyces|s__Actinomyces_SGB17132,Actinomyces SGB17132,Oral,disease,3.9034124833162966,0.009294623352581749,48,0.9201938969517912
g__Actinomyces|s__Actinomyces_SGB17132,Actinomyces SGB17132,Oral,ppi_use,1.6453698691650962,0.13133555585944062,48,0.9201938969517912
g__Actinomyces|s__Actinomyces_SGB17132,Actinomyces SGB17132,Oral,age,-0.010752090493316102,0.7938034385014812,48,0.9858314552846569
g__Actinomyces|s__Actinomyces_SGB17132,Actinomyces SGB17132,Oral,bmi,-0.0485833984083132,0.7332808899242678,48,0.9858314552846569
g__Actinomyces|s__Actinomyces_SGB17132,Actinomyces SGB17132,Oral,antibiotics_3m,1.8730353724957722,0.34972412149845644,48,0.9201938969517912
g__Actinomyces|s__Actinomyces_SGB17132,Actinomyces SGB17132,Oral,smoking,-1.8562923730965089,0.11002850268517353,48,0.9201938969517912
g__Actinomyces|s__Actinomyces_SGB17154,Actinomyces SGB17154,Oral,sex[T.1],1.7648451641609915,0.20332051040322863,48,0.9201938969517912
g__Actinomyces|s__Actinomyces_SGB17154,Actinomyces SGB17154,Oral,disease,4.0452394517432815,0.03823079321277298,48,0.9201938969517912
g__Actinomyces|s__Actinomyces_SGB17154,Actinomyces SGB17154,Oral,ppi_use,2.628816847073036,0.06993385059043009,48,0.9201938969517912
g__Actinomyces|s__Actinomyces_SGB17154,Actinomyces SGB17154,Oral,age,-0.0278685327041977,0.6086720858629557,48,0.9858314552846569
g__Actinomyces|s__Actinomyces_SGB17154,Actinomyces SGB17154,Oral,bmi,0.15374087528526945,0.41615445207390644,48,0.9201938969517912
g__Actinomyces|s__Actinomyces_SGB17154,Actinomyces SGB17154,Oral,antibiotics_3m,-0.6962565976311323,0.7915028210346615,48,0.9858314552846569
g__Actinomyces|s__Actinomyces_SGB17154,Actinomyces SGB17154,Oral,smoking,2.769790396794095,0.07242179623053174,48,0.9201938969517912
g__Actinomyces|s__Actinomyces_SGB17157,Actinomyces SGB17157,Oral,sex[T.1],-1.5929006360515336,0.06381553320787574,48,0.9201938969517912
g__Actinomyces|s__Actinomyces_SGB17157,Actinomyces SGB17157,Oral,disease,2.2450691069369015,0.05914459044860366,48,0.9201938969517912
g__Actinomyces|s__Actinomyces_SGB17157,Actinomyces SGB17157,Oral,ppi_use,1.3400930578881902,0.12896042546961373,48,0.9201938969517912
g__Actinomyces|s__Actinomyces_SGB17157,Actinomyces SGB17157,Oral,age,-0.02409386919401923,0.4705091037406631,48,0.9201938969517912
g__Actinomyces|s__Actinomyces_SGB17157,Actinomyces SGB17157,Oral,bmi,0.2033005755464515,0.08362350998357587,48,0.9201938969517912
g__Actinomyces|s__Actinomyces_SGB17157,Actinomyces SGB17157,Oral,antibiotics_3m,0.240725921355396,0.881311398146233,48,0.9874408865963867
g__Actinomyces|s__Actinomyces_SGB17157,Actinomyces SGB17157,Oral,smoking,-2.052759322202475,0.03119402956784602,48,0.9201938969517912
g__Actinomyces|s__Actinomyces_SGB17163,Actinomyces SGB17163,Oral,sex[T.1],-0.8784956769563973,0.45928387763305156,48,0.9201938969517912
g__Actinomyces|s__Actinomyces_SGB17163,Actinomyces SGB17163,Oral,disease,2.015631133928962,0.22236969200279497,48,0.9201938969517912
g__Actinomyces|s__Actinomyces_SGB17163,Actinomyces SGB17163,Oral,ppi_use,-0.050856781365143267,0.9668536824936894,48,0.9874408865963867
g__Actinomyces|s__Actinomyces_SGB17163,Actinomyces SGB17163,Oral,age,-0.02614263734609521,0.5773362133738744,48,0.9858314552846569
g__Actinomyces|s__Actinomyces_SGB17163,Actinomyces SGB17163,Oral,bmi,-0.005185426377157562,0.9744993791350999,48,0.9874408865963867
g__Actinomyces|s__Actinomyces_SGB17163,Actinomyces SGB17163,Oral,antibiotics_3m,1.2557817137251952,0.580529167795774,48,0.9858314552846569
g__Actinomyces|s__Actinomyces_SGB17163,Actinomyces SGB17163,Oral,smoking,-0.671752928283318,0.6063199063502567,48,0.9858314552846569
g__Actinomyces|s__Actinomyces_SGB17168,Actinomyces SGB17168,Oral,sex[T.1],-0.8731589940987944,0.5412775913362691,48,0.9616189746299444
g__Actinomyces|s__Actinomyces_SGB17168,Actinomyces SGB17168,Oral,disease,2.4650730838235413,0.21581568722850145,48,0.9201938969517912
g__Actinomyces|s__Actinomyces_SGB17168,Actinomyces SGB17168,Oral,ppi_use,-0.05974935834482409,0.967692513774382,48,0.9874408865963867
g__Actinomyces|s__Actinomyces_SGB17168,Actinomyces SGB17168,Oral,age,0.08609828725894927,0.13261021942637374,48,0.9201938969517912
g__Actinomyces|s__Actinomyces_SGB17168,Actinomyces SGB17168,Oral,bmi,-0.038352341825759625,0.8445358469826153,48,0.9874408865963867
g__Actinomyces|s__Actinomyces_SGB17168,Actinomyces SGB17168,Oral,antibiotics_3m,-1.1364781510107387,0.6779591976204773,48,0.9858314552846569
g__Actinomyces|s__Actinomyces_SGB17168,Actinomyces SGB17168,Oral,smoking,-1.6753625079409489,0.2889270414657463,48,0.9201938969517912
g__Actinomyces|s__Actinomyces_dentalis,Actinomyces dentalis,Oral,sex[T.1],-0.30979309219589807,0.7199679684182753,48,0.9858314552846569
g__Actinomyces|s__Actinomyces_dentalis,Actinomyces dentalis,Oral,disease,1.5713634344414171,0.19302162129895262,48,0.9201938969517912
g__Actinomyces|s__Actinomyces_dentalis,Actinomyces dentalis,Oral,ppi_use,1.1205532047039968,0.21412983992904844,48,0.9201938969517912
g__Actinomyces|s__Actinomyces_dentalis,Actinomyces dentalis,Oral,age,0.04029781127054617,0.2423555805614885,48,0.9201938969517912
g__Actinomyces|s__Actinomyces_dentalis,Actinomyces dentalis,Oral,bmi,-0.0028823395962033274,0.9805775400685697,48,0.9874408865963867
g__Actinomyces|s__Actinomyces_dentalis,Actinomyces dentalis,Oral,antibiotics_3m,1.5539484134688977,0.35052603516066605,48,0.9201938969517912
g__Actinomyces|s__Actinomyces_dentalis,Actinomyces dentalis,Oral,smoking,0.41872138736592557,0.6597104723713338,48,0.9858314552846569
g__Actinomyces|s__Actinomyces_graevenitzii,Actinomyces graevenitzii,Oral,sex[T.1],1.4842730660440564,0.14850595803888883,48,0.9201938969517912
g__Actinomyces|s__Actinomyces_graevenitzii,Actinomyces graevenitzii,Oral,disease,3.2176167118063828,0.026190557212179843,48,0.9201938969517912
g__Actinomyces|s__Actinomyces_graevenitzii,Actinomyces graevenitzii,Oral,ppi_use,0.987555573531141,0.34905796709166337,48,0.9201938969517912
g__Actinomyces|s__Actinomyces_graevenitzii,Actinomyces graevenitzii,Oral,age,0.03984417071720374,0.3236555656562672,48,0.9201938969517912
g__Actinomyces|s__Actinomyces_graevenitzii,Actinomyces graevenitzii,Oral,bmi,-0.019683295793976596,0.8874154986742063,48,0.9874408865963867
g__Actinomyces|s__Actinomyces_graevenitzii,Actinomyces graevenitzii,Oral,antibiotics_3m,1.9016411947491458,0.33077356028337823,48,0.9201938969517912
g__Actinomyces|s__Actinomyces_graevenitzii,Actinomyces graevenitzii,Oral,smoking,0.8521833784328673,0.44644154644171585,48,0.9201938969517912
g__Actinomyces|s__Actinomyces_naeslundii,Actinomyces naeslundii,Oral,sex[T.1],-0.6455258566678214,0.425714978578134,48,0.9201938969517912
g__Actinomyces|s__Actinomyces_naeslundii,Actinomyces naeslundii,Oral,disease,2.3147938654925517,0.04336630907843029,48,0.9201938969517912
g__Actinomyces|s__Actinomyces_naeslundii,Actinomyces naeslundii,Oral,ppi_use,0.4546643996778593,0.5867985480141944,48,0.9858314552846569
g__Actinomyces|s__Actinomyces_naeslundii,Actinomyces naeslundii,Oral,age,-0.012706531178604114,0.6910925428655321,48,0.9858314552846569
g__Actinomyces|s__Actinomyces_naeslundii,Actinomyces naeslundii,Oral,bmi,0.08820223703824354,0.427344498578316,48,0.9201938969517912
g__Actinomyces|s__Actinomyces_naeslundii,Actinomyces naeslundii,Oral,antibiotics_3m,-1.1991228441669977,0.440133184396018,48,0.9201938969517912
g__Actinomyces|s__Actinomyces_naeslundii,Actinomyces naeslundii,Oral,smoking,-1.5492846981935289,0.08677387039767574,48,0.9201938969517912
g__Actinomyces|s__Actinomyces_oris,Actinomyces oris,Oral,sex[T.1],-1.2768828560602627,0.20252665338906187,48,0.9201938969517912
g__Actinomyces|s__Actinomyces_oris,Actinomyces oris,Oral,disease,2.8549264175558875,0.04260881469409576,48,0.9201938969517912
g__Actinomyces|s__Actinomyces_oris,Actinomyces oris,Oral,ppi_use,-0.05400112850178296,0.9580222863182826,48,0.9874408865963867
g__Actinomyces|s__Actinomyces_oris,Actinomyces oris,Oral,age,0.045931445306406415,0.24590402898153915,48,0.9201938969517912
g__Actinomyces|s__Actinomyces_oris,Actinomyces oris,Oral,bmi,0.08875140340473628,0.5151025431494478,48,0.925151278156574
g__Actinomyces|s__Actinomyces_oris,Actinomyces oris,Oral,antibiotics_3m,-0.44164494602716386,0.8163763402350822,48,0.9858314552846569
g__Actinomyces|s__Actinomyces_oris,Actinomyces oris,Oral,smoking,2.2379972575681824,0.04550837608144016,48,0.9201938969517912
g__Actinomyces|s__Actinomyces_sp_HMSC035G02,Actinomyces sp HMSC035G02,Oral,sex[T.1],-1.0022346881407707,0.4189217351432253,48,0.9201938969517912
g__Actinomyces|s__Actinomyces_sp_HMSC035G02,Actinomyces sp HMSC035G02,Oral,disease,2.9335302916229447,0.0916460239976892,48,0.9201938969517912
g__Actinomyces|s__Actinomyces_sp_HMSC035G02,Actinomyces sp HMSC035G02,Oral,ppi_use,-1.6992640242951254,0.18827709376188584,48,0.9201938969517912
g__Actinomyces|s__Actinomyces_sp_HMSC035G02,Actinomyces sp HMSC035G02,Oral,age,0.04095157259746625,0.40411697646253797,48,0.9201938969517912
g__Actinomyces|s__Actinomyces_sp_HMSC035G02,Actinomyces sp HMSC035G02,Oral,bmi,-0.024555257151588954,0.8847097353192483,48,0.9874408865963867
g__Actinomyces|s__Actinomyces_sp_HMSC035G02,Actinomyces sp HMSC035G02,Oral,antibiotics_3m,0.04237340256322586,0.9857197421167732,48,0.9913353406987849
g__Actinomyces|s__Actinomyces_sp_HMSC035G02,Actinomyces sp HMSC035G02,Oral,smoking,-0.8676703755421253,0.5240376736034066,48,0.9377717145255425
g__Actinomyces|s__Actinomyces_sp_ICM47,Actinomyces sp ICM47,Oral,sex[T.1],-1.3464269269585603,0.26411172731378224,48,0.9201938969517912
g__Actinomyces|s__Actinomyces_sp_ICM47,Actinomyces sp ICM47,Oral,disease,3.346914678797212,0.04846080984144102,48,0.9201938969517912
g__Actinomyces|s__Actinomyces_sp_ICM47,Actinomyces sp ICM47,Oral,ppi_use,0.14773629098764895,0.9049799528207791,48,0.9874408865963867
g__Actinomyces|s__Actinomyces_sp_ICM47,Actinomyces sp ICM47,Oral,age,0.02532915622909626,0.5932951894855122,48,0.9858314552846569
g__Actinomyces|s__Actinomyces_sp_ICM47,Actinomyces sp ICM47,Oral,bmi,-0.0397002673513345,0.8088224965316776,48,0.9858314552846569
g__Actinomyces|s__Actinomyces_sp_ICM47,Actinomyces sp ICM47,Oral,antibiotics_3m,3.239770686912112,0.16291497430933924,48,0.9201938969517912
g__Actinomyces|s__Actinomyces_sp_ICM47,Actinomyces sp ICM47,Oral,smoking,-2.7508241151839794,0.04174739446624727,48,0.9201938969517912
g__Actinomyces|s__Actinomyces_sp_ICM58,Actinomyces sp ICM58,Oral,sex[T.1],-2.337892511043989,0.13462406955857903,48,0.9201938969517912
g__Actinomyces|s__Actinomyces_sp_ICM58,Actinomyces sp ICM58,Oral,disease,2.854150680145022,0.18531034531659507,48,0.9201938969517912
g__Actinomyces|s__Actinomyces_sp_ICM58,Actinomyces sp ICM58,Oral,ppi_use,-0.3941319210065166,0.8047543323360026,48,0.9858314552846569
g__Actinomyces|s__Actinomyces_sp_ICM58,Actinomyces sp ICM58,Oral,age,0.03271631327849475,0.5922271929082508,48,0.9858314552846569
g__Actinomyces|s__Actinomyces_sp_ICM58,Actinomyces sp ICM58,Oral,bmi,-0.17643869314485078,0.40565698695094454,48,0.9201938969517912
g__Actinomyces|s__Actinomyces_sp_ICM58,Actinomyces sp ICM58,Oral,antibiotics_3m,3.125591573144529,0.2933314236607368,48,0.9201938969517912
g__Actinomyces|s__Actinomyces_sp_ICM58,Actinomyces sp ICM58,Oral,smoking,-0.3373749578149886,0.8422429575302427,48,0.9874408865963867
g__Actinomyces|s__Actinomyces_sp_ph3,Actinomyces sp ph3,Oral,sex[T.1],0.3030024077372566,0.756985874087011,48,0.9858314552846569
g__Actinomyces|s__Actinomyces_sp_ph3,Actinomyces sp ph3,Oral,disease,4.362805819610234,0.002386691585380865,48,0.9201938969517912
g__Actinomyces|s__Actinomyces_sp_ph3,Actinomyces sp ph3,Oral,ppi_use,1.1253366121567976,0.2700041377934987,48,0.9201938969517912
g__Actinomyces|s__Actinomyces_sp_ph3,Actinomyces sp ph3,Oral,age,-0.011742998960602935,0.7618663423945625,48,0.9858314552846569
g__Actinomyces|s__Actinomyces_sp_ph3,Actinomyces sp ph3,Oral,bmi,0.14427317796149905,0.28577753812745704,48,0.9201938969517912
g__Actinomyces|s__Actinomyces_sp_ph3,Actinomyces sp ph3,Oral,antibiotics_3m,0.6599443418412396,0.7252310477617423,48,0.9858314552846569
g__Actinomyces|s__Actinomyces_sp_ph3,Actinomyces sp ph3,Oral,smoking,0.9184746925315826,0.395697241887643,48,0.9201938969517912
g__Adlercreutzia|s__Adlercreutzia_equolifaciens,Adlercreutzia equolifaciens,Oral,sex[T.1],0.0868610538215775,0.5115933509304627,48,0.9201938969517912
g__Adlercreutzia|s__Adlercreutzia_equolifaciens,Adlercreutzia equolifaciens,Oral,disease,-0.1849895645897665,0.31398671206050566,48,0.9201938969517912
g__Adlercreutzia|s__Adlercreutzia_equolifaciens,Adlercreutzia equolifaciens,Oral,ppi_use,-0.09279045040068379,0.49799302400758116,48,0.9201938969517912
g__Adlercreutzia|s__Adlercreutzia_equolifaciens,Adlercreutzia equolifaciens,Oral,age,0.0010857856387497047,0.8353687789591597,48,0.9858314552846569
g__Adlercreutzia|s__Adlercreutzia_equolifaciens,Adlercreutzia equolifaciens,Oral,bmi,0.000475664343950237,0.9790309318647736,48,0.9874408865963867
g__Adlercreutzia|s__Adlercreutzia_equolifaciens,Adlercreutzia equolifaciens,Oral,antibiotics_3m,-0.06728754896527267,0.7903849900180979,48,0.9858314552846569
g__Adlercreutzia|s__Adlercreutzia_equolifaciens,Adlercreutzia equolifaciens,Oral,smoking,0.14614484484387635,0.3171672749278232,48,0.9201938969517912
g__Agathobaculum|s__Agathobaculum_butyriciproducens,Agathobaculum butyriciproducens,Oral,sex[T.1],0.0868610538215775,0.5115933509304627,48,0.9201938969517912
g__Agathobaculum|s__Agathobaculum_butyriciproducens,Agathobaculum butyriciproducens,Oral,disease,-0.1849895645897665,0.31398671206050566,48,0.9201938969517912
g__Agathobaculum|s__Agathobaculum_butyriciproducens,Agathobaculum butyriciproducens,Oral,ppi_use,-0.09279045040068379,0.49799302400758116,48,0.9201938969517912
g__Agathobaculum|s__Agathobaculum_butyriciproducens,Agathobaculum butyriciproducens,Oral,age,0.0010857856387497047,0.8353687789591597,48,0.9858314552846569
g__Agathobaculum|s__Agathobaculum_butyriciproducens,Agathobaculum butyriciproducens,Oral,bmi,0.000475664343950237,0.9790309318647736,48,0.9874408865963867
g__Agathobaculum|s__Agathobaculum_butyriciproducens,Agathobaculum butyriciproducens,Oral,antibiotics_3m,-0.06728754896527267,0.7903849900180979,48,0.9858314552846569
g__Agathobaculum|s__Agathobaculum_butyriciproducens,Agathobaculum butyriciproducens,Oral,smoking,0.14614484484387635,0.3171672749278232,48,0.9201938969517912
g__Aggregatibacter|s__Aggregatibacter_sp_2125159857,Aggregatibacter sp 2125159857,Oral,sex[T.1],0.20118501208476758,0.8121122565746166,48,0.9858314552846569
g__Aggregatibacter|s__Aggregatibacter_sp_2125159857,Aggregatibacter sp 2125159857,Oral,disease,-1.7050697147515783,0.15043147129901696,48,0.9201938969517912
g__Aggregatibacter|s__Aggregatibacter_sp_2125159857,Aggregatibacter sp 2125159857,Oral,ppi_use,-1.0304433428113409,0.24314186339164376,48,0.9201938969517912
g__Aggregatibacter|s__Aggregatibacter_sp_2125159857,Aggregatibacter sp 2125159857,Oral,age,0.06243469937322147,0.06792694314853301,48,0.9201938969517912
g__Aggregatibacter|s__Aggregatibacter_sp_2125159857,Aggregatibacter sp 2125159857,Oral,bmi,-0.10931643303177031,0.34873970004080057,48,0.9201938969517912
g__Aggregatibacter|s__Aggregatibacter_sp_2125159857,Aggregatibacter sp 2125159857,Oral,antibiotics_3m,-2.4063856073262473,0.1433334731004632,48,0.9201938969517912
g__Aggregatibacter|s__Aggregatibacter_sp_2125159857,Aggregatibacter sp 2125159857,Oral,smoking,-0.7985493403610509,0.39307369474832454,48,0.9201938969517912
g__Akkermansia|s__Akkermansia_muciniphila,Akkermansia muciniphila,Oral,sex[T.1],0.0868610538215775,0.5115933509304627,48,0.9201938969517912
g__Akkermansia|s__Akkermansia_muciniphila,Akkermansia muciniphila,Oral,disease,-0.1849895645897665,0.31398671206050566,48,0.9201938969517912
g__Akkermansia|s__Akkermansia_muciniphila,Akkermansia muciniphila,Oral,ppi_use,-0.09279045040068379,0.49799302400758116,48,0.9201938969517912
g__Akkermansia|s__Akkermansia_muciniphila,Akkermansia muciniphila,Oral,age,0.0010857856387497047,0.8353687789591597,48,0.9858314552846569
g__Akkermansia|s__Akkermansia_muciniphila,Akkermansia muciniphila,Oral,bmi,0.000475664343950237,0.9790309318647736,48,0.9874408865963867
g__Akkermansia|s__Akkermansia_muciniphila,Akkermansia muciniphila,Oral,antibiotics_3m,-0.06728754896527267,0.7903849900180979,48,0.9858314552846569
g__Akkermansia|s__Akkermansia_muciniphila,Akkermansia muciniphila,Oral,smoking,0.14614484484387635,0.3171672749278232,48,0.9201938969517912
g__Alistipes|s__Alistipes_communis,Alistipes communis,Oral,sex[T.1],0.0868610538215775,0.5115933509304627,48,0.9201938969517912
g__Alistipes|s__Alistipes_communis,Alistipes communis,Oral,disease,-0.1849895645897665,0.31398671206050566,48,0.9201938969517912
g__Alistipes|s__Alistipes_communis,Alistipes communis,Oral,ppi_use,-0.09279045040068379,0.49799302400758116,48,0.9201938969517912
g__Alistipes|s__Alistipes_communis,Alistipes communis,Oral,age,0.0010857856387497047,0.8353687789591597,48,0.9858314552846569
g__Alistipes|s__Alistipes_communis,Alistipes communis,Oral,bmi,0.000475664343950237,0.9790309318647736,48,0.9874408865963867
g__Alistipes|s__Alistipes_communis,Alistipes communis,Oral,antibiotics_3m,-0.06728754896527267,0.7903849900180979,48,0.9858314552846569
g__Alistipes|s__Alistipes_communis,Alistipes communis,Oral,smoking,0.14614484484387635,0.3171672749278232,48,0.9201938969517912
g__Alistipes|s__Alistipes_dispar,Alistipes dispar,Oral,sex[T.1],0.0868610538215775,0.5115933509304627,48,0.9201938969517912
g__Alistipes|s__Alistipes_dispar,Alistipes dispar,Oral,disease,-0.1849895645897665,0.31398671206050566,48,0.9201938969517912
g__Alistipes|s__Alistipes_dispar,Alistipes dispar,Oral,ppi_use,-0.09279045040068379,0.49799302400758116,48,0.9201938969517912
g__Alistipes|s__Alistipes_dispar,Alistipes dispar,Oral,age,0.0010857856387497047,0.8353687789591597,48,0.9858314552846569
g__Alistipes|s__Alistipes_dispar,Alistipes dispar,Oral,bmi,0.000475664343950237,0.9790309318647736,48,0.9874408865963867
g__Alistipes|s__Alistipes_dispar,Alistipes dispar,Oral,antibiotics_3m,-0.06728754896527267,0.7903849900180979,48,0.9858314552846569
g__Alistipes|s__Alistipes_dispar,Alistipes dispar,Oral,smoking,0.14614484484387635,0.3171672749278232,48,0.9201938969517912
g__Alistipes|s__Alistipes_finegoldii,Alistipes finegoldii,Oral,sex[T.1],0.0868610538215775,0.5115933509304627,48,0.9201938969517912
g__Alistipes|s__Alistipes_finegoldii,Alistipes finegoldii,Oral,disease,-0.1849895645897665,0.31398671206050566,48,0.9201938969517912
g__Alistipes|s__Alistipes_finegoldii,Alistipes finegoldii,Oral,ppi_use,-0.09279045040068379,0.49799302400758116,48,0.9201938969517912
g__Alistipes|s__Alistipes_finegoldii,Alistipes finegoldii,Oral,age,0.0010857856387497047,0.8353687789591597,48,0.9858314552846569
g__Alistipes|s__Alistipes_finegoldii,Alistipes finegoldii,Oral,bmi,0.000475664343950237,0.9790309318647736,48,0.9874408865963867
g__Alistipes|s__Alistipes_finegoldii,Alistipes finegoldii,Oral,antibiotics_3m,-0.06728754896527267,0.7903849900180979,48,0.9858314552846569
g__Alistipes|s__Alistipes_finegoldii,Alistipes finegoldii,Oral,smoking,0.14614484484387635,0.3171672749278232,48,0.9201938969517912
g__Alistipes|s__Alistipes_ihumii,Alistipes ihumii,Oral,sex[T.1],0.0868610538215775,0.5115933509304627,48,0.9201938969517912
g__Alistipes|s__Alistipes_ihumii,Alistipes ihumii,Oral,disease,-0.1849895645897665,0.31398671206050566,48,0.9201938969517912
g__Alistipes|s__Alistipes_ihumii,Alistipes ihumii,Oral,ppi_use,-0.09279045040068379,0.49799302400758116,48,0.9201938969517912
g__Alistipes|s__Alistipes_ihumii,Alistipes ihumii,Oral,age,0.0010857856387497047,0.8353687789591597,48,0.9858314552846569
g__Alistipes|s__Alistipes_ihumii,Alistipes ihumii,Oral,bmi,0.000475664343950237,0.9790309318647736,48,0.9874408865963867
g__Alistipes|s__Alistipes_ihumii,Alistipes ihumii,Oral,antibiotics_3m,-0.06728754896527267,0.7903849900180979,48,0.9858314552846569
g__Alistipes|s__Alistipes_ihumii,Alistipes ihumii,Oral,smoking,0.14614484484387635,0.3171672749278232,48,0.9201938969517912
g__Alistipes|s__Alistipes_indistinctus,Alistipes indistinctus,Oral,sex[T.1],0.0868610538215775,0.5115933509304627,48,0.9201938969517912
g__Alistipes|s__Alistipes_indistinctus,Alistipes indistinctus,Oral,disease,-0.1849895645897665,0.31398671206050566,48,0.9201938969517912
g__Alistipes|s__Alistipes_indistinctus,Alistipes indistinctus,Oral,ppi_use,-0.09279045040068379,0.49799302400758116,48,0.9201938969517912
g__Alistipes|s__Alistipes_indistinctus,Alistipes indistinctus,Oral,age,0.0010857856387497047,0.8353687789591597,48,0.9858314552846569
g__Alistipes|s__Alistipes_indistinctus,Alistipes indistinctus,Oral,bmi,0.000475664343950237,0.9790309318647736,48,0.9874408865963867
g__Alistipes|s__Alistipes_indistinctus,Alistipes indistinctus,Oral,antibiotics_3m,-0.06728754896527267,0.7903849900180979,48,0.9858314552846569
g__Alistipes|s__Alistipes_indistinctus,Alistipes indistinctus,Oral,smoking,0.14614484484387635,0.3171672749278232,48,0.9201938969517912
g__Alistipes|s__Alistipes_onderdonkii,Alistipes onderdonkii,Oral,sex[T.1],0.0868610538215775,0.5115933509304627,48,0.9201938969517912
g__Alistipes|s__Alistipes_onderdonkii,Alistipes onderdonkii,Oral,disease,-0.1849895645897665,0.31398671206050566,48,0.9201938969517912
g__Alistipes|s__Alistipes_onderdonkii,Alistipes onderdonkii,Oral,ppi_use,-0.09279045040068379,0.49799302400758116,48,0.9201938969517912
g__Alistipes|s__Alistipes_onderdonkii,Alistipes onderdonkii,Oral,age,0.0010857856387497047,0.8353687789591597,48,0.9858314552846569
g__Alistipes|s__Alistipes_onderdonkii,Alistipes onderdonkii,Oral,bmi,0.000475664343950237,0.9790309318647736,48,0.9874408865963867
g__Alistipes|s__Alistipes_onderdonkii,Alistipes onderdonkii,Oral,antibiotics_3m,-0.06728754896527267,0.7903849900180979,48,0.9858314552846569
g__Alistipes|s__Alistipes_onderdonkii,Alistipes onderdonkii,Oral,smoking,0.14614484484387635,0.3171672749278232,48,0.9201938969517912
g__Alistipes|s__Alistipes_putredinis,Alistipes putredinis,Oral,sex[T.1],0.0868610538215775,0.5115933509304627,48,0.9201938969517912
g__Alistipes|s__Alistipes_putredinis,Alistipes putredinis,Oral,disease,-0.1849895645897665,0.31398671206050566,48,0.9201938969517912
g__Alistipes|s__Alistipes_putredinis,Alistipes putredinis,Oral,ppi_use,-0.09279045040068379,0.49799302400758116,48,0.9201938969517912
g__Alistipes|s__Alistipes_putredinis,Alistipes putredinis,Oral,age,0.0010857856387497047,0.8353687789591597,48,0.9858314552846569
g__Alistipes|s__Alistipes_putredinis,Alistipes putredinis,Oral,bmi,0.000475664343950237,0.9790309318647736,48,0.9874408865963867
g__Alistipes|s__Alistipes_putredinis,Alistipes putredinis,Oral,antibiotics_3m,-0.06728754896527267,0.7903849900180979,48,0.9858314552846569
g__Alistipes|s__Alistipes_putredinis,Alistipes putredinis,Oral,smoking,0.14614484484387635,0.3171672749278232,48,0.9201938969517912
g__Alistipes|s__Alistipes_senegalensis,Alistipes senegalensis,Oral,sex[T.1],0.0868610538215775,0.5115933509304627,48,0.9201938969517912
g__Alistipes|s__Alistipes_senegalensis,Alistipes senegalensis,Oral,disease,-0.1849895645897665,0.31398671206050566,48,0.9201938969517912
g__Alistipes|s__Alistipes_senegalensis,Alistipes senegalensis,Oral,ppi_use,-0.09279045040068379,0.49799302400758116,48,0.9201938969517912
g__Alistipes|s__Alistipes_senegalensis,Alistipes senegalensis,Oral,age,0.0010857856387497047,0.8353687789591597,48,0.9858314552846569
g__Alistipes|s__Alistipes_senegalensis,Alistipes senegalensis,Oral,bmi,0.000475664343950237,0.9790309318647736,48,0.9874408865963867
g__Alistipes|s__Alistipes_senegalensis,Alistipes senegalensis,Oral,antibiotics_3m,-0.06728754896527267,0.7903849900180979,48,0.9858314552846569
g__Alistipes|s__Alistipes_senegalensis,Alistipes senegalensis,Oral,smoking,0.14614484484387635,0.3171672749278232,48,0.9201938969517912
g__Alistipes|s__Alistipes_shahii,Alistipes shahii,Oral,sex[T.1],0.0868610538215775,0.5115933509304627,48,0.9201938969517912
g__Alistipes|s__Alistipes_shahii,Alistipes shahii,Oral,disease,-0.1849895645897665,0.31398671206050566,48,0.9201938969517912
g__Alistipes|s__Alistipes_shahii,Alistipes shahii,Oral,ppi_use,-0.09279045040068379,0.49799302400758116,48,0.9201938969517912
g__Alistipes|s__Alistipes_shahii,Alistipes shahii,Oral,age,0.0010857856387497047,0.8353687789591597,48,0.9858314552846569
g__Alistipes|s__Alistipes_shahii,Alistipes shahii,Oral,bmi,0.000475664343950237,0.9790309318647736,48,0.9874408865963867
g__Alistipes|s__Alistipes_shahii,Alistipes shahii,Oral,antibiotics_3m,-0.06728754896527267,0.7903849900180979,48,0.9858314552846569
g__Alistipes|s__Alistipes_shahii,Alistipes shahii,Oral,smoking,0.14614484484387635,0.3171672749278232,48,0.9201938969517912
g__Alistipes|s__Alistipes_sp_AF17_16,Alistipes sp AF17 16,Oral,sex[T.1],0.0868610538215775,0.5115933509304627,48,0.9201938969517912
g__Alistipes|s__Alistipes_sp_AF17_16,Alistipes sp AF17 16,Oral,disease,-0.1849895645897665,0.31398671206050566,48,0.9201938969517912
g__Alistipes|s__Alistipes_sp_AF17_16,Alistipes sp AF17 16,Oral,ppi_use,-0.09279045040068379,0.49799302400758116,48,0.9201938969517912
g__Alistipes|s__Alistipes_sp_AF17_16,Alistipes sp AF17 16,Oral,age,0.0010857856387497047,0.8353687789591597,48,0.9858314552846569
g__Alistipes|s__Alistipes_sp_AF17_16,Alistipes sp AF17 16,Oral,bmi,0.000475664343950237,0.9790309318647736,48,0.9874408865963867
g__Alistipes|s__Alistipes_sp_AF17_16,Alistipes sp AF17 16,Oral,antibiotics_3m,-0.06728754896527267,0.7903849900180979,48,0.9858314552846569
g__Alistipes|s__Alistipes_sp_AF17_16,Alistipes sp AF17 16,Oral,smoking,0.14614484484387635,0.3171672749278232,48,0.9201938969517912
g__Alloprevotella|s__Alloprevotella_SGB1483,Alloprevotella SGB1483,Oral,sex[T.1],1.6859784730103646,0.17342228449301636,48,0.9201938969517912
g__Alloprevotella|s__Alloprevotella_SGB1483,Alloprevotella SGB1483,Oral,disease,-0.40462021991909586,0.811183648108285,48,0.9858314552846569
g__Alloprevotella|s__Alloprevotella_SGB1483,Alloprevotella SGB1483,Oral,ppi_use,2.153843830808936,0.0947215899103602,48,0.9201938969517912
g__Alloprevotella|s__Alloprevotella_SGB1483,Alloprevotella SGB1483,Oral,age,-0.04363693510946251,0.3701370069107388,48,0.9201938969517912
g__Alloprevotella|s__Alloprevotella_SGB1483,Alloprevotella SGB1483,Oral,bmi,-0.17613983256729157,0.2973048748974654,48,0.9201938969517912
g__Alloprevotella|s__Alloprevotella_SGB1483,Alloprevotella SGB1483,Oral,antibiotics_3m,-0.16578392996683244,0.9436827978150054,48,0.9874408865963867
g__Alloprevotella|s__Alloprevotella_SGB1483,Alloprevotella SGB1483,Oral,smoking,-0.40860263343733577,0.7616754695259385,48,0.9858314552846569
g__Alloprevotella|s__Alloprevotella_SGB1484,Alloprevotella SGB1484,Oral,sex[T.1],0.774309142849171,0.565200672542832,48,0.9858314552846569
g__Alloprevotella|s__Alloprevotella_SGB1484,Alloprevotella SGB1484,Oral,disease,-0.7371195722818773,0.6919046650184587,48,0.9858314552846569
g__Alloprevotella|s__Alloprevotella_SGB1484,Alloprevotella SGB1484,Oral,ppi_use,1.949377275856355,0.16587054693364064,48,0.9201938969517912
g__Alloprevotella|s__Alloprevotella_SGB1484,Alloprevotella SGB1484,Oral,age,-0.04055597205077198,0.44727271200477403,48,0.9201938969517912
g__Alloprevotella|s__Alloprevotella_SGB1484,Alloprevotella SGB1484,Oral,bmi,-0.14570116378729916,0.430817134559493,48,0.9201938969517912
g__Alloprevotella|s__Alloprevotella_SGB1484,Alloprevotella SGB1484,Oral,antibiotics_3m,-0.5843874234464959,0.820574383178532,48,0.9858314552846569
g__Alloprevotella|s__Alloprevotella_SGB1484,Alloprevotella SGB1484,Oral,smoking,0.266311606324381,0.8570264749681508,48,0.9874408865963867
g__Alloprevotella|s__Alloprevotella_tannerae,Alloprevotella tannerae,Oral,sex[T.1],-0.004884649469290014,0.9962567879857369,48,0.9978813404325134
g__Alloprevotella|s__Alloprevotella_tannerae,Alloprevotella tannerae,Oral,disease,-4.290031536080683,0.004660195089126458,48,0.9201938969517912
g__Alloprevotella|s__Alloprevotella_tannerae,Alloprevotella tannerae,Oral,ppi_use,-0.7574401081438139,0.4832845716826666,48,0.9201938969517912
g__Alloprevotella|s__Alloprevotella_tannerae,Alloprevotella tannerae,Oral,age,-0.05683326292709284,0.17285427791326557,48,0.9201938969517912
g__Alloprevotella|s__Alloprevotella_tannerae,Alloprevotella tannerae,Oral,bmi,0.07280231992547775,0.6106861632637497,48,0.9858314552846569
g__Alloprevotella|s__Alloprevotella_tannerae,Alloprevotella tannerae,Oral,antibiotics_3m,-0.8176750656791771,0.6823990081421838,48,0.9858314552846569
g__Alloprevotella|s__Alloprevotella_tannerae,Alloprevotella tannerae,Oral,smoking,-0.44529715467845377,0.6977030523593786,48,0.9858314552846569
g__Anaerobutyricum|s__Anaerobutyricum_hallii,Anaerobutyricum hallii,Oral,sex[T.1],0.0868610538215775,0.5115933509304627,48,0.9201938969517912
g__Anaerobutyricum|s__Anaerobutyricum_hallii,Anaerobutyricum hallii,Oral,disease,-0.1849895645897665,0.31398671206050566,48,0.9201938969517912
g__Anaerobutyricum|s__Anaerobutyricum_hallii,Anaerobutyricum hallii,Oral,ppi_use,-0.09279045040068379,0.49799302400758116,48,0.9201938969517912
g__Anaerobutyricum|s__Anaerobutyricum_hallii,Anaerobutyricum hallii,Oral,age,0.0010857856387497047,0.8353687789591597,48,0.9858314552846569
g__Anaerobutyricum|s__Anaerobutyricum_hallii,Anaerobutyricum hallii,Oral,bmi,0.000475664343950237,0.9790309318647736,48,0.9874408865963867
g__Anaerobutyricum|s__Anaerobutyricum_hallii,Anaerobutyricum hallii,Oral,antibiotics_3m,-0.06728754896527267,0.7903849900180979,48,0.9858314552846569
g__Anaerobutyricum|s__Anaerobutyricum_hallii,Anaerobutyricum hallii,Oral,smoking,0.14614484484387635,0.3171672749278232,48,0.9201938969517912
g__Anaerobutyricum|s__Anaerobutyricum_soehngenii,Anaerobutyricum soehngenii,Oral,sex[T.1],0.0868610538215775,0.5115933509304627,48,0.9201938969517912
g__Anaerobutyricum|s__Anaerobutyricum_soehngenii,Anaerobutyricum soehngenii,Oral,disease,-0.1849895645897665,0.31398671206050566,48,0.9201938969517912
g__Anaerobutyricum|s__Anaerobutyricum_soehngenii,Anaerobutyricum soehngenii,Oral,ppi_use,-0.09279045040068379,0.49799302400758116,48,0.9201938969517912
g__Anaerobutyricum|s__Anaerobutyricum_soehngenii,Anaerobutyricum soehngenii,Oral,age,0.0010857856387497047,0.8353687789591597,48,0.9858314552846569
g__Anaerobutyricum|s__Anaerobutyricum_soehngenii,Anaerobutyricum soehngenii,Oral,bmi,0.000475664343950237,0.9790309318647736,48,0.9874408865963867
g__Anaerobutyricum|s__Anaerobutyricum_soehngenii,Anaerobutyricum soehngenii,Oral,antibiotics_3m,-0.06728754896527267,0.7903849900180979,48,0.9858314552846569
g__Anaerobutyricum|s__Anaerobutyricum_soehngenii,Anaerobutyricum soehngenii,Oral,smoking,0.14614484484387635,0.3171672749278232,48,0.9201938969517912
g__Anaeromassilibacillus|s__Anaeromassilibacillus_sp_An250,Anaeromassilibacillus sp An250,Oral,sex[T.1],0.0868610538215775,0.5115933509304627,48,0.9201938969517912
g__Anaeromassilibacillus|s__Anaeromassilibacillus_sp_An250,Anaeromassilibacillus sp An250,Oral,disease,-0.1849895645897665,0.31398671206050566,48,0.9201938969517912
g__Anaeromassilibacillus|s__Anaeromassilibacillus_sp_An250,Anaeromassilibacillus sp An250,Oral,ppi_use,-0.09279045040068379,0.49799302400758116,48,0.9201938969517912
g__Anaeromassilibacillus|s__Anaeromassilibacillus_sp_An250,Anaeromassilibacillus sp An250,Oral,age,0.0010857856387497047,0.8353687789591597,48,0.9858314552846569
g__Anaeromassilibacillus|s__Anaeromassilibacillus_sp_An250,Anaeromassilibacillus sp An250,Oral,bmi,0.000475664343950237,0.9790309318647736,48,0.9874408865963867
g__Anaeromassilibacillus|s__Anaeromassilibacillus_sp_An250,Anaeromassilibacillus sp An250,Oral,antibiotics_3m,-0.06728754896527267,0.7903849900180979,48,0.9858314552846569
g__Anaeromassilibacillus|s__Anaeromassilibacillus_sp_An250,Anaeromassilibacillus sp An250,Oral,smoking,0.14614484484387635,0.3171672749278232,48,0.9201938969517912
g__Anaerostipes|s__Anaerostipes_hadrus,Anaerostipes hadrus,Oral,sex[T.1],0.0868610538215775,0.5115933509304627,48,0.9201938969517912
g__Anaerostipes|s__Anaerostipes_hadrus,Anaerostipes hadrus,Oral,disease,-0.1849895645897665,0.31398671206050566,48,0.9201938969517912
g__Anaerostipes|s__Anaerostipes_hadrus,Anaerostipes hadrus,Oral,ppi_use,-0.09279045040068379,0.49799302400758116,48,0.9201938969517912
g__Anaerostipes|s__Anaerostipes_hadrus,Anaerostipes hadrus,Oral,age,0.0010857856387497047,0.8353687789591597,48,0.9858314552846569
g__Anaerostipes|s__Anaerostipes_hadrus,Anaerostipes hadrus,Oral,bmi,0.000475664343950237,0.9790309318647736,48,0.9874408865963867
g__Anaerostipes|s__Anaerostipes_hadrus,Anaerostipes hadrus,Oral,antibiotics_3m,-0.06728754896527267,0.7903849900180979,48,0.9858314552846569
g__Anaerostipes|s__Anaerostipes_hadrus,Anaerostipes hadrus,Oral,smoking,0.14614484484387635,0.3171672749278232,48,0.9201938969517912
g__Anaerotignum|s__Anaerotignum_faecicola,Anaerotignum faecicola,Oral,sex[T.1],0.0868610538215775,0.5115933509304627,48,0.9201938969517912
g__Anaerotignum|s__Anaerotignum_faecicola,Anaerotignum faecicola,Oral,disease,-0.1849895645897665,0.31398671206050566,48,0.9201938969517912
g__Anaerotignum|s__Anaerotignum_faecicola,Anaerotignum faecicola,Oral,ppi_use,-0.09279045040068379,0.49799302400758116,48,0.9201938969517912
g__Anaerotignum|s__Anaerotignum_faecicola,Anaerotignum faecicola,Oral,age,0.0010857856387497047,0.8353687789591597,48,0.9858314552846569
g__Anaerotignum|s__Anaerotignum_faecicola,Anaerotignum faecicola,Oral,bmi,0.000475664343950237,0.9790309318647736,48,0.9874408865963867
g__Anaerotignum|s__Anaerotignum_faecicola,Anaerotignum faecicola,Oral,antibiotics_3m,-0.06728754896527267,0.7903849900180979,48,0.9858314552846569
g__Anaerotignum|s__Anaerotignum_faecicola,Anaerotignum faecicola,Oral,smoking,0.14614484484387635,0.3171672749278232,48,0.9201938969517912
g__Bacteroides|s__Bacteroides_caccae,Bacteroides caccae,Oral,sex[T.1],0.0868610538215775,0.5115933509304627,48,0.9201938969517912
g__Bacteroides|s__Bacteroides_caccae,Bacteroides caccae,Oral,disease,-0.1849895645897665,0.31398671206050566,48,0.9201938969517912
g__Bacteroides|s__Bacteroides_caccae,Bacteroides caccae,Oral,ppi_use,-0.09279045040068379,0.49799302400758116,48,0.9201938969517912
g__Bacteroides|s__Bacteroides_caccae,Bacteroides caccae,Oral,age,0.0010857856387497047,0.8353687789591597,48,0.9858314552846569
g__Bacteroides|s__Bacteroides_caccae,Bacteroides caccae,Oral,bmi,0.000475664343950237,0.9790309318647736,48,0.9874408865963867
g__Bacteroides|s__Bacteroides_caccae,Bacteroides caccae,Oral,antibiotics_3m,-0.06728754896527267,0.7903849900180979,48,0.9858314552846569
g__Bacteroides|s__Bacteroides_caccae,Bacteroides caccae,Oral,smoking,0.14614484484387635,0.3171672749278232,48,0.9201938969517912
g__Bacteroides|s__Bacteroides_cellulosilyticus,Bacteroides cellulosilyticus,Oral,sex[T.1],0.0868610538215775,0.5115933509304627,48,0.9201938969517912
g__Bacteroides|s__Bacteroides_cellulosilyticus,Bacteroides cellulosilyticus,Oral,disease,-0.1849895645897665,0.31398671206050566,48,0.9201938969517912
g__Bacteroides|s__Bacteroides_cellulosilyticus,Bacteroides cellulosilyticus,Oral,ppi_use,-0.09279045040068379,0.49799302400758116,48,0.9201938969517912
g__Bacteroides|s__Bacteroides_cellulosilyticus,Bacteroides cellulosilyticus,Oral,age,0.0010857856387497047,0.8353687789591597,48,0.9858314552846569
g__Bacteroides|s__Bacteroides_cellulosilyticus,Bacteroides cellulosilyticus,Oral,bmi,0.000475664343950237,0.9790309318647736,48,0.9874408865963867
g__Bacteroides|s__Bacteroides_cellulosilyticus,Bacteroides cellulosilyticus,Oral,antibiotics_3m,-0.06728754896527267,0.7903849900180979,48,0.9858314552846569
g__Bacteroides|s__Bacteroides_cellulosilyticus,Bacteroides cellulosilyticus,Oral,smoking,0.14614484484387635,0.3171672749278232,48,0.9201938969517912
g__Bacteroides|s__Bacteroides_eggerthii,Bacteroides eggerthii,Oral,sex[T.1],0.0868610538215775,0.5115933509304627,48,0.9201938969517912
g__Bacteroides|s__Bacteroides_eggerthii,Bacteroides eggerthii,Oral,disease,-0.1849895645897665,0.31398671206050566,48,0.9201938969517912
g__Bacteroides|s__Bacteroides_eggerthii,Bacteroides eggerthii,Oral,ppi_use,-0.09279045040068379,0.49799302400758116,48,0.9201938969517912
g__Bacteroides|s__Bacteroides_eggerthii,Bacteroides eggerthii,Oral,age,0.0010857856387497047,0.8353687789591597,48,0.9858314552846569
g__Bacteroides|s__Bacteroides_eggerthii,Bacteroides eggerthii,Oral,bmi,0.000475664343950237,0.9790309318647736,48,0.9874408865963867
g__Bacteroides|s__Bacteroides_eggerthii,Bacteroides eggerthii,Oral,antibiotics_3m,-0.06728754896527267,0.7903849900180979,48,0.9858314552846569
g__Bacteroides|s__Bacteroides_eggerthii,Bacteroides eggerthii,Oral,smoking,0.14614484484387635,0.3171672749278232,48,0.9201938969517912
g__Bacteroides|s__Bacteroides_finegoldii,Bacteroides finegoldii,Oral,sex[T.1],0.0868610538215775,0.5115933509304627,48,0.9201938969517912
g__Bacteroides|s__Bacteroides_finegoldii,Bacteroides finegoldii,Oral,disease,-0.1849895645897665,0.31398671206050566,48,0.9201938969517912
g__Bacteroides|s__Bacteroides_finegoldii,Bacteroides finegoldii,Oral,ppi_use,-0.09279045040068379,0.49799302400758116,48,0.9201938969517912
g__Bacteroides|s__Bacteroides_finegoldii,Bacteroides finegoldii,Oral,age,0.0010857856387497047,0.8353687789591597,48,0.9858314552846569
g__Bacteroides|s__Bacteroides_finegoldii,Bacteroides finegoldii,Oral,bmi,0.000475664343950237,0.9790309318647736,48,0.9874408865963867
g__Bacteroides|s__Bacteroides_finegoldii,Bacteroides finegoldii,Oral,antibiotics_3m,-0.06728754896527267,0.7903849900180979,48,0.9858314552846569
g__Bacteroides|s__Bacteroides_finegoldii,Bacteroides finegoldii,Oral,smoking,0.14614484484387635,0.3171672749278232,48,0.9201938969517912
g__Bacteroides|s__Bacteroides_fragilis,Bacteroides fragilis,Oral,sex[T.1],0.0868610538215775,0.5115933509304627,48,0.9201938969517912
g__Bacteroides|s__Bacteroides_fragilis,Bacteroides fragilis,Oral,disease,-0.1849895645897665,0.31398671206050566,48,0.9201938969517912
g__Bacteroides|s__Bacteroides_fragilis,Bacteroides fragilis,Oral,ppi_use,-0.09279045040068379,0.49799302400758116,48,0.9201938969517912
g__Bacteroides|s__Bacteroides_fragilis,Bacteroides fragilis,Oral,age,0.0010857856387497047,0.8353687789591597,48,0.9858314552846569
g__Bacteroides|s__Bacteroides_fragilis,Bacteroides fragilis,Oral,bmi,0.000475664343950237,0.9790309318647736,48,0.9874408865963867
g__Bacteroides|s__Bacteroides_fragilis,Bacteroides fragilis,Oral,antibiotics_3m,-0.06728754896527267,0.7903849900180979,48,0.9858314552846569
g__Bacteroides|s__Bacteroides_fragilis,Bacteroides fragilis,Oral,smoking,0.14614484484387635,0.3171672749278232,48,0.9201938969517912
g__Bacteroides|s__Bacteroides_nordii,Bacteroides nordii,Oral,sex[T.1],0.0868610538215775,0.5115933509304627,48,0.9201938969517912
g__Bacteroides|s__Bacteroides_nordii,Bacteroides nordii,Oral,disease,-0.1849895645897665,0.31398671206050566,48,0.9201938969517912
g__Bacteroides|s__Bacteroides_nordii,Bacteroides nordii,Oral,ppi_use,-0.09279045040068379,0.49799302400758116,48,0.9201938969517912
g__Bacteroides|s__Bacteroides_nordii,Bacteroides nordii,Oral,age,0.0010857856387497047,0.8353687789591597,48,0.9858314552846569
g__Bacteroides|s__Bacteroides_nordii,Bacteroides nordii,Oral,bmi,0.000475664343950237,0.9790309318647736,48,0.9874408865963867
g__Bacteroides|s__Bacteroides_nordii,Bacteroides nordii,Oral,antibiotics_3m,-0.06728754896527267,0.7903849900180979,48,0.9858314552846569
g__Bacteroides|s__Bacteroides_nordii,Bacteroides nordii,Oral,smoking,0.14614484484387635,0.3171672749278232,48,0.9201938969517912
g__Bacteroides|s__Bacteroides_ovatus,Bacteroides ovatus,Oral,sex[T.1],0.0868610538215775,0.5115933509304627,48,0.9201938969517912
g__Bacteroides|s__Bacteroides_ovatus,Bacteroides ovatus,Oral,disease,-0.1849895645897665,0.31398671206050566,48,0.9201938969517912
g__Bacteroides|s__Bacteroides_ovatus,Bacteroides ovatus,Oral,ppi_use,-0.09279045040068379,0.49799302400758116,48,0.9201938969517912
g__Bacteroides|s__Bacteroides_ovatus,Bacteroides ovatus,Oral,age,0.0010857856387497047,0.8353687789591597,48,0.9858314552846569
g__Bacteroides|s__Bacteroides_ovatus,Bacteroides ovatus,Oral,bmi,0.000475664343950237,0.9790309318647736,48,0.9874408865963867
g__Bacteroides|s__Bacteroides_ovatus,Bacteroides ovatus,Oral,antibiotics_3m,-0.06728754896527267,0.7903849900180979,48,0.9858314552846569
g__Bacteroides|s__Bacteroides_ovatus,Bacteroides ovatus,Oral,smoking,0.14614484484387635,0.3171672749278232,48,0.9201938969517912
g__Bacteroides|s__Bacteroides_stercoris,Bacteroides stercoris,Oral,sex[T.1],0.0868610538215775,0.5115933509304627,48,0.9201938969517912
g__Bacteroides|s__Bacteroides_stercoris,Bacteroides stercoris,Oral,disease,-0.1849895645897665,0.31398671206050566,48,0.9201938969517912
g__Bacteroides|s__Bacteroides_stercoris,Bacteroides stercoris,Oral,ppi_use,-0.09279045040068379,0.49799302400758116,48,0.9201938969517912
g__Bacteroides|s__Bacteroides_stercoris,Bacteroides stercoris,Oral,age,0.0010857856387497047,0.8353687789591597,48,0.9858314552846569
g__Bacteroides|s__Bacteroides_stercoris,Bacteroides stercoris,Oral,bmi,0.000475664343950237,0.9790309318647736,48,0.9874408865963867
g__Bacteroides|s__Bacteroides_stercoris,Bacteroides stercoris,Oral,antibiotics_3m,-0.06728754896527267,0.7903849900180979,48,0.9858314552846569
g__Bacteroides|s__Bacteroides_stercoris,Bacteroides stercoris,Oral,smoking,0.14614484484387635,0.3171672749278232,48,0.9201938969517912
g__Bacteroides|s__Bacteroides_thetaiotaomicron,Bacteroides thetaiotaomicron,Oral,sex[T.1],0.0868610538215775,0.5115933509304627,48,0.9201938969517912
g__Bacteroides|s__Bacteroides_thetaiotaomicron,Bacteroides thetaiotaomicron,Oral,disease,-0.1849895645897665,0.31398671206050566,48,0.9201938969517912
g__Bacteroides|s__Bacteroides_thetaiotaomicron,Bacteroides thetaiotaomicron,Oral,ppi_use,-0.09279045040068379,0.49799302400758116,48,0.9201938969517912
g__Bacteroides|s__Bacteroides_thetaiotaomicron,Bacteroides thetaiotaomicron,Oral,age,0.0010857856387497047,0.8353687789591597,48,0.9858314552846569
g__Bacteroides|s__Bacteroides_thetaiotaomicron,Bacteroides thetaiotaomicron,Oral,bmi,0.000475664343950237,0.9790309318647736,48,0.9874408865963867
g__Bacteroides|s__Bacteroides_thetaiotaomicron,Bacteroides thetaiotaomicron,Oral,antibiotics_3m,-0.06728754896527267,0.7903849900180979,48,0.9858314552846569
g__Bacteroides|s__Bacteroides_thetaiotaomicron,Bacteroides thetaiotaomicron,Oral,smoking,0.14614484484387635,0.3171672749278232,48,0.9201938969517912
g__Bacteroides|s__Bacteroides_uniformis,Bacteroides uniformis,Oral,sex[T.1],0.0868610538215775,0.5115933509304627,48,0.9201938969517912
g__Bacteroides|s__Bacteroides_uniformis,Bacteroides uniformis,Oral,disease,-0.1849895645897665,0.31398671206050566,48,0.9201938969517912
g__Bacteroides|s__Bacteroides_uniformis,Bacteroides uniformis,Oral,ppi_use,-0.09279045040068379,0.49799302400758116,48,0.9201938969517912
g__Bacteroides|s__Bacteroides_uniformis,Bacteroides uniformis,Oral,age,0.0010857856387497047,0.8353687789591597,48,0.9858314552846569
g__Bacteroides|s__Bacteroides_uniformis,Bacteroides uniformis,Oral,bmi,0.000475664343950237,0.9790309318647736,48,0.9874408865963867
g__Bacteroides|s__Bacteroides_uniformis,Bacteroides uniformis,Oral,antibiotics_3m,-0.06728754896527267,0.7903849900180979,48,0.9858314552846569
g__Bacteroides|s__Bacteroides_uniformis,Bacteroides uniformis,Oral,smoking,0.14614484484387635,0.3171672749278232,48,0.9201938969517912
g__Bacteroides|s__Bacteroides_xylanisolvens,Bacteroides xylanisolvens,Oral,sex[T.1],0.0868610538215775,0.5115933509304627,48,0.9201938969517912
g__Bacteroides|s__Bacteroides_xylanisolvens,Bacteroides xylanisolvens,Oral,disease,-0.1849895645897665,0.31398671206050566,48,0.9201938969517912
g__Bacteroides|s__Bacteroides_xylanisolvens,Bacteroides xylanisolvens,Oral,ppi_use,-0.09279045040068379,0.49799302400758116,48,0.9201938969517912
g__Bacteroides|s__Bacteroides_xylanisolvens,Bacteroides xylanisolvens,Oral,age,0.0010857856387497047,0.8353687789591597,48,0.9858314552846569
g__Bacteroides|s__Bacteroides_xylanisolvens,Bacteroides xylanisolvens,Oral,bmi,0.000475664343950237,0.9790309318647736,48,0.9874408865963867
g__Bacteroides|s__Bacteroides_xylanisolvens,Bacteroides xylanisolvens,Oral,antibiotics_3m,-0.06728754896527267,0.7903849900180979,48,0.9858314552846569
g__Bacteroides|s__Bacteroides_xylanisolvens,Bacteroides xylanisolvens,Oral,smoking,0.14614484484387635,0.3171672749278232,48,0.9201938969517912
g__Barnesiella|s__Barnesiella_intestinihominis,Barnesiella intestinihominis,Oral,sex[T.1],0.0868610538215775,0.5115933509304627,48,0.9201938969517912
g__Barnesiella|s__Barnesiella_intestinihominis,Barnesiella intestinihominis,Oral,disease,-0.1849895645897665,0.31398671206050566,48,0.9201938969517912
g__Barnesiella|s__Barnesiella_intestinihominis,Barnesiella intestinihominis,Oral,ppi_use,-0.09279045040068379,0.49799302400758116,48,0.9201938969517912
g__Barnesiella|s__Barnesiella_intestinihominis,Barnesiella intestinihominis,Oral,age,0.0010857856387497047,0.8353687789591597,48,0.9858314552846569
g__Barnesiella|s__Barnesiella_intestinihominis,Barnesiella intestinihominis,Oral,bmi,0.000475664343950237,0.9790309318647736,48,0.9874408865963867
g__Barnesiella|s__Barnesiella_intestinihominis,Barnesiella intestinihominis,Oral,antibiotics_3m,-0.06728754896527267,0.7903849900180979,48,0.9858314552846569
g__Barnesiella|s__Barnesiella_intestinihominis,Barnesiella intestinihominis,Oral,smoking,0.14614484484387635,0.3171672749278232,48,0.9201938969517912
g__Bifidobacterium|s__Bifidobacterium_adolescentis,Bifidobacterium adolescentis,Oral,sex[T.1],0.0868610538215775,0.5115933509304627,48,0.9201938969517912
g__Bifidobacterium|s__Bifidobacterium_adolescentis,Bifidobacterium adolescentis,Oral,disease,-0.1849895645897665,0.31398671206050566,48,0.9201938969517912
g__Bifidobacterium|s__Bifidobacterium_adolescentis,Bifidobacterium adolescentis,Oral,ppi_use,-0.09279045040068379,0.49799302400758116,48,0.9201938969517912
g__Bifidobacterium|s__Bifidobacterium_adolescentis,Bifidobacterium adolescentis,Oral,age,0.0010857856387497047,0.8353687789591597,48,0.9858314552846569
g__Bifidobacterium|s__Bifidobacterium_adolescentis,Bifidobacterium adolescentis,Oral,bmi,0.000475664343950237,0.9790309318647736,48,0.9874408865963867
g__Bifidobacterium|s__Bifidobacterium_adolescentis,Bifidobacterium adolescentis,Oral,antibiotics_3m,-0.06728754896527267,0.7903849900180979,48,0.9858314552846569
g__Bifidobacterium|s__Bifidobacterium_adolescentis,Bifidobacterium adolescentis,Oral,smoking,0.14614484484387635,0.3171672749278232,48,0.9201938969517912
g__Bifidobacterium|s__Bifidobacterium_bifidum,Bifidobacterium bifidum,Oral,sex[T.1],0.0868610538215775,0.5115933509304627,48,0.9201938969517912
g__Bifidobacterium|s__Bifidobacterium_bifidum,Bifidobacterium bifidum,Oral,disease,-0.1849895645897665,0.31398671206050566,48,0.9201938969517912
g__Bifidobacterium|s__Bifidobacterium_bifidum,Bifidobacterium bifidum,Oral,ppi_use,-0.09279045040068379,0.49799302400758116,48,0.9201938969517912
g__Bifidobacterium|s__Bifidobacterium_bifidum,Bifidobacterium bifidum,Oral,age,0.0010857856387497047,0.8353687789591597,48,0.9858314552846569
g__Bifidobacterium|s__Bifidobacterium_bifidum,Bifidobacterium bifidum,Oral,bmi,0.000475664343950237,0.9790309318647736,48,0.9874408865963867
g__Bifidobacterium|s__Bifidobacterium_bifidum,Bifidobacterium bifidum,Oral,antibiotics_3m,-0.06728754896527267,0.7903849900180979,48,0.9858314552846569
g__Bifidobacterium|s__Bifidobacterium_bifidum,Bifidobacterium bifidum,Oral,smoking,0.14614484484387635,0.3171672749278232,48,0.9201938969517912
g__Bifidobacterium|s__Bifidobacterium_longum,Bifidobacterium longum,Oral,sex[T.1],0.0868610538215775,0.5115933509304627,48,0.9201938969517912
g__Bifidobacterium|s__Bifidobacterium_longum,Bifidobacterium longum,Oral,disease,-0.1849895645897665,0.31398671206050566,48,0.9201938969517912
g__Bifidobacterium|s__Bifidobacterium_longum,Bifidobacterium longum,Oral,ppi_use,-0.09279045040068379,0.49799302400758116,48,0.9201938969517912
g__Bifidobacterium|s__Bifidobacterium_longum,Bifidobacterium longum,Oral,age,0.0010857856387497047,0.8353687789591597,48,0.9858314552846569
g__Bifidobacterium|s__Bifidobacterium_longum,Bifidobacterium longum,Oral,bmi,0.000475664343950237,0.9790309318647736,48,0.9874408865963867
g__Bifidobacterium|s__Bifidobacterium_longum,Bifidobacterium longum,Oral,antibiotics_3m,-0.06728754896527267,0.7903849900180979,48,0.9858314552846569
g__Bifidobacterium|s__Bifidobacterium_longum,Bifidobacterium longum,Oral,smoking,0.14614484484387635,0.3171672749278232,48,0.9201938969517912
g__Bilophila|s__Bilophila_wadsworthia,Bilophila wadsworthia,Oral,sex[T.1],0.0868610538215775,0.5115933509304627,48,0.9201938969517912
g__Bilophila|s__Bilophila_wadsworthia,Bilophila wadsworthia,Oral,disease,-0.1849895645897665,0.31398671206050566,48,0.9201938969517912
g__Bilophila|s__Bilophila_wadsworthia,Bilophila wadsworthia,Oral,ppi_use,-0.09279045040068379,0.49799302400758116,48,0.9201938969517912
g__Bilophila|s__Bilophila_wadsworthia,Bilophila wadsworthia,Oral,age,0.0010857856387497047,0.8353687789591597,48,0.9858314552846569
g__Bilophila|s__Bilophila_wadsworthia,Bilophila wadsworthia,Oral,bmi,0.000475664343950237,0.9790309318647736,48,0.9874408865963867
g__Bilophila|s__Bilophila_wadsworthia,Bilophila wadsworthia,Oral,antibiotics_3m,-0.06728754896527267,0.7903849900180979,48,0.9858314552846569
g__Bilophila|s__Bilophila_wadsworthia,Bilophila wadsworthia,Oral,smoking,0.14614484484387635,0.3171672749278232,48,0.9201938969517912
g__Bittarella|s__Bittarella_massiliensis,Bittarella massiliensis,Oral,sex[T.1],0.0868610538215775,0.5115933509304627,48,0.9201938969517912
g__Bittarella|s__Bittarella_massiliensis,Bittarella massiliensis,Oral,disease,-0.1849895645897665,0.31398671206050566,48,0.9201938969517912
g__Bittarella|s__Bittarella_massiliensis,Bittarella massiliensis,Oral,ppi_use,-0.09279045040068379,0.49799302400758116,48,0.9201938969517912
g__Bittarella|s__Bittarella_massiliensis,Bittarella massiliensis,Oral,age,0.0010857856387497047,0.8353687789591597,48,0.9858314552846569
g__Bittarella|s__Bittarella_massiliensis,Bittarella massiliensis,Oral,bmi,0.000475664343950237,0.9790309318647736,48,0.9874408865963867
g__Bittarella|s__Bittarella_massiliensis,Bittarella massiliensis,Oral,antibiotics_3m,-0.06728754896527267,0.7903849900180979,48,0.9858314552846569
g__Bittarella|s__Bittarella_massiliensis,Bittarella massiliensis,Oral,smoking,0.14614484484387635,0.3171672749278232,48,0.9201938969517912
g__Blautia|s__Blautia_SGB4815,Blautia SGB4815,Oral,sex[T.1],0.0868610538215775,0.5115933509304627,48,0.9201938969517912
g__Blautia|s__Blautia_SGB4815,Blautia SGB4815,Oral,disease,-0.1849895645897665,0.31398671206050566,48,0.9201938969517912
g__Blautia|s__Blautia_SGB4815,Blautia SGB4815,Oral,ppi_use,-0.09279045040068379,0.49799302400758116,48,0.9201938969517912
g__Blautia|s__Blautia_SGB4815,Blautia SGB4815,Oral,age,0.0010857856387497047,0.8353687789591597,48,0.9858314552846569
g__Blautia|s__Blautia_SGB4815,Blautia SGB4815,Oral,bmi,0.000475664343950237,0.9790309318647736,48,0.9874408865963867
g__Blautia|s__Blautia_SGB4815,Blautia SGB4815,Oral,antibiotics_3m,-0.06728754896527267,0.7903849900180979,48,0.9858314552846569
g__Blautia|s__Blautia_SGB4815,Blautia SGB4815,Oral,smoking,0.14614484484387635,0.3171672749278232,48,0.9201938969517912
g__Blautia|s__Blautia_faecis,Blautia faecis,Oral,sex[T.1],0.0868610538215775,0.5115933509304627,48,0.9201938969517912
g__Blautia|s__Blautia_faecis,Blautia faecis,Oral,disease,-0.1849895645897665,0.31398671206050566,48,0.9201938969517912
g__Blautia|s__Blautia_faecis,Blautia faecis,Oral,ppi_use,-0.09279045040068379,0.49799302400758116,48,0.9201938969517912
g__Blautia|s__Blautia_faecis,Blautia faecis,Oral,age,0.0010857856387497047,0.8353687789591597,48,0.9858314552846569
g__Blautia|s__Blautia_faecis,Blautia faecis,Oral,bmi,0.000475664343950237,0.9790309318647736,48,0.9874408865963867
g__Blautia|s__Blautia_faecis,Blautia faecis,Oral,antibiotics_3m,-0.06728754896527267,0.7903849900180979,48,0.9858314552846569
g__Blautia|s__Blautia_faecis,Blautia faecis,Oral,smoking,0.14614484484387635,0.3171672749278232,48,0.9201938969517912
g__Blautia|s__Blautia_glucerasea,Blautia glucerasea,Oral,sex[T.1],0.0868610538215775,0.5115933509304627,48,0.9201938969517912
g__Blautia|s__Blautia_glucerasea,Blautia glucerasea,Oral,disease,-0.1849895645897665,0.31398671206050566,48,0.9201938969517912
g__Blautia|s__Blautia_glucerasea,Blautia glucerasea,Oral,ppi_use,-0.09279045040068379,0.49799302400758116,48,0.9201938969517912
g__Blautia|s__Blautia_glucerasea,Blautia glucerasea,Oral,age,0.0010857856387497047,0.8353687789591597,48,0.9858314552846569
g__Blautia|s__Blautia_glucerasea,Blautia glucerasea,Oral,bmi,0.000475664343950237,0.9790309318647736,48,0.9874408865963867
g__Blautia|s__Blautia_glucerasea,Blautia glucerasea,Oral,antibiotics_3m,-0.06728754896527267,0.7903849900180979,48,0.9858314552846569
g__Blautia|s__Blautia_glucerasea,Blautia glucerasea,Oral,smoking,0.14614484484387635,0.3171672749278232,48,0.9201938969517912
g__Blautia|s__Blautia_luti,Blautia luti,Oral,sex[T.1],0.0868610538215775,0.5115933509304627,48,0.9201938969517912
g__Blautia|s__Blautia_luti,Blautia luti,Oral,disease,-0.1849895645897665,0.31398671206050566,48,0.9201938969517912
g__Blautia|s__Blautia_luti,Blautia luti,Oral,ppi_use,-0.09279045040068379,0.49799302400758116,48,0.9201938969517912
g__Blautia|s__Blautia_luti,Blautia luti,Oral,age,0.0010857856387497047,0.8353687789591597,48,0.9858314552846569
g__Blautia|s__Blautia_luti,Blautia luti,Oral,bmi,0.000475664343950237,0.9790309318647736,48,0.9874408865963867
g__Blautia|s__Blautia_luti,Blautia luti,Oral,antibiotics_3m,-0.06728754896527267,0.7903849900180979,48,0.9858314552846569
g__Blautia|s__Blautia_luti,Blautia luti,Oral,smoking,0.14614484484387635,0.3171672749278232,48,0.9201938969517912
g__Blautia|s__Blautia_massiliensis,Blautia massiliensis,Oral,sex[T.1],0.0868610538215775,0.5115933509304627,48,0.9201938969517912
g__Blautia|s__Blautia_massiliensis,Blautia massiliensis,Oral,disease,-0.1849895645897665,0.31398671206050566,48,0.9201938969517912
g__Blautia|s__Blautia_massiliensis,Blautia massiliensis,Oral,ppi_use,-0.09279045040068379,0.49799302400758116,48,0.9201938969517912
g__Blautia|s__Blautia_massiliensis,Blautia massiliensis,Oral,age,0.0010857856387497047,0.8353687789591597,48,0.9858314552846569
g__Blautia|s__Blautia_massiliensis,Blautia massiliensis,Oral,bmi,0.000475664343950237,0.9790309318647736,48,0.9874408865963867
g__Blautia|s__Blautia_massiliensis,Blautia massiliensis,Oral,antibiotics_3m,-0.06728754896527267,0.7903849900180979,48,0.9858314552846569
g__Blautia|s__Blautia_massiliensis,Blautia massiliensis,Oral,smoking,0.14614484484387635,0.3171672749278232,48,0.9201938969517912
g__Blautia|s__Blautia_obeum,Blautia obeum,Oral,sex[T.1],0.0868610538215775,0.5115933509304627,48,0.9201938969517912
g__Blautia|s__Blautia_obeum,Blautia obeum,Oral,disease,-0.1849895645897665,0.31398671206050566,48,0.9201938969517912
g__Blautia|s__Blautia_obeum,Blautia obeum,Oral,ppi_use,-0.09279045040068379,0.49799302400758116,48,0.9201938969517912
g__Blautia|s__Blautia_obeum,Blautia obeum,Oral,age,0.0010857856387497047,0.8353687789591597,48,0.9858314552846569
g__Blautia|s__Blautia_obeum,Blautia obeum,Oral,bmi,0.000475664343950237,0.9790309318647736,48,0.9874408865963867
g__Blautia|s__Blautia_obeum,Blautia obeum,Oral,antibiotics_3m,-0.06728754896527267,0.7903849900180979,48,0.9858314552846569
g__Blautia|s__Blautia_obeum,Blautia obeum,Oral,smoking,0.14614484484387635,0.3171672749278232,48,0.9201938969517912
g__Blautia|s__Blautia_sp_MSK_20_85,Blautia sp MSK 20 85,Oral,sex[T.1],0.0868610538215775,0.5115933509304627,48,0.9201938969517912
g__Blautia|s__Blautia_sp_MSK_20_85,Blautia sp MSK 20 85,Oral,disease,-0.1849895645897665,0.31398671206050566,48,0.9201938969517912
g__Blautia|s__Blautia_sp_MSK_20_85,Blautia sp MSK 20 85,Oral,ppi_use,-0.09279045040068379,0.49799302400758116,48,0.9201938969517912
g__Blautia|s__Blautia_sp_MSK_20_85,Blautia sp MSK 20 85,Oral,age,0.0010857856387497047,0.8353687789591597,48,0.9858314552846569
g__Blautia|s__Blautia_sp_MSK_20_85,Blautia sp MSK 20 85,Oral,bmi,0.000475664343950237,0.9790309318647736,48,0.9874408865963867
g__Blautia|s__Blautia_sp_MSK_20_85,Blautia sp MSK 20 85,Oral,antibiotics_3m,-0.06728754896527267,0.7903849900180979,48,0.9858314552846569
g__Blautia|s__Blautia_sp_MSK_20_85,Blautia sp MSK 20 85,Oral,smoking,0.14614484484387635,0.3171672749278232,48,0.9201938969517912
g__Blautia|s__Blautia_wexlerae,Blautia wexlerae,Oral,sex[T.1],0.0868610538215775,0.5115933509304627,48,0.9201938969517912
g__Blautia|s__Blautia_wexlerae,Blautia wexlerae,Oral,disease,-0.1849895645897665,0.31398671206050566,48,0.9201938969517912
g__Blautia|s__Blautia_wexlerae,Blautia wexlerae,Oral,ppi_use,-0.09279045040068379,0.49799302400758116,48,0.9201938969517912
g__Blautia|s__Blautia_wexlerae,Blautia wexlerae,Oral,age,0.0010857856387497047,0.8353687789591597,48,0.9858314552846569
g__Blautia|s__Blautia_wexlerae,Blautia wexlerae,Oral,bmi,0.000475664343950237,0.9790309318647736,48,0.9874408865963867
g__Blautia|s__Blautia_wexlerae,Blautia wexlerae,Oral,antibiotics_3m,-0.06728754896527267,0.7903849900180979,48,0.9858314552846569
g__Blautia|s__Blautia_wexlerae,Blautia wexlerae,Oral,smoking,0.14614484484387635,0.3171672749278232,48,0.9201938969517912
g__Butyricicoccus|s__Butyricicoccus_sp_AM29_23AC,Butyricicoccus sp AM29 23AC,Oral,sex[T.1],0.0868610538215775,0.5115933509304627,48,0.9201938969517912
g__Butyricicoccus|s__Butyricicoccus_sp_AM29_23AC,Butyricicoccus sp AM29 23AC,Oral,disease,-0.1849895645897665,0.31398671206050566,48,0.9201938969517912
g__Butyricicoccus|s__Butyricicoccus_sp_AM29_23AC,Butyricicoccus sp AM29 23AC,Oral,ppi_use,-0.09279045040068379,0.49799302400758116,48,0.9201938969517912
g__Butyricicoccus|s__Butyricicoccus_sp_AM29_23AC,Butyricicoccus sp AM29 23AC,Oral,age,0.0010857856387497047,0.8353687789591597,48,0.9858314552846569
g__Butyricicoccus|s__Butyricicoccus_sp_AM29_23AC,Butyricicoccus sp AM29 23AC,Oral,bmi,0.000475664343950237,0.9790309318647736,48,0.9874408865963867
g__Butyricicoccus|s__Butyricicoccus_sp_AM29_23AC,Butyricicoccus sp AM29 23AC,Oral,antibiotics_3m,-0.06728754896527267,0.7903849900180979,48,0.9858314552846569
g__Butyricicoccus|s__Butyricicoccus_sp_AM29_23AC,Butyricicoccus sp AM29 23AC,Oral,smoking,0.14614484484387635,0.3171672749278232,48,0.9201938969517912
g__Butyricimonas|s__Butyricimonas_SGB15260,Butyricimonas SGB15260,Oral,sex[T.1],0.0868610538215775,0.5115933509304627,48,0.9201938969517912
g__Butyricimonas|s__Butyricimonas_SGB15260,Butyricimonas SGB15260,Oral,disease,-0.1849895645897665,0.31398671206050566,48,0.9201938969517912
g__Butyricimonas|s__Butyricimonas_SGB15260,Butyricimonas SGB15260,Oral,ppi_use,-0.09279045040068379,0.49799302400758116,48,0.9201938969517912
g__Butyricimonas|s__Butyricimonas_SGB15260,Butyricimonas SGB15260,Oral,age,0.0010857856387497047,0.8353687789591597,48,0.9858314552846569
g__Butyricimonas|s__Butyricimonas_SGB15260,Butyricimonas SGB15260,Oral,bmi,0.000475664343950237,0.9790309318647736,48,0.9874408865963867
g__Butyricimonas|s__Butyricimonas_SGB15260,Butyricimonas SGB15260,Oral,antibiotics_3m,-0.06728754896527267,0.7903849900180979,48,0.9858314552846569
g__Butyricimonas|s__Butyricimonas_SGB15260,Butyricimonas SGB15260,Oral,smoking,0.14614484484387635,0.3171672749278232,48,0.9201938969517912
g__Butyricimonas|s__Butyricimonas_paravirosa,Butyricimonas paravirosa,Oral,sex[T.1],0.0868610538215775,0.5115933509304627,48,0.9201938969517912
g__Butyricimonas|s__Butyricimonas_paravirosa,Butyricimonas paravirosa,Oral,disease,-0.1849895645897665,0.31398671206050566,48,0.9201938969517912
g__Butyricimonas|s__Butyricimonas_paravirosa,Butyricimonas paravirosa,Oral,ppi_use,-0.09279045040068379,0.49799302400758116,48,0.9201938969517912
g__Butyricimonas|s__Butyricimonas_paravirosa,Butyricimonas paravirosa,Oral,age,0.0010857856387497047,0.8353687789591597,48,0.9858314552846569
g__Butyricimonas|s__Butyricimonas_paravirosa,Butyricimonas paravirosa,Oral,bmi,0.000475664343950237,0.9790309318647736,48,0.9874408865963867
g__Butyricimonas|s__Butyricimonas_paravirosa,Butyricimonas paravirosa,Oral,antibiotics_3m,-0.06728754896527267,0.7903849900180979,48,0.9858314552846569
g__Butyricimonas|s__Butyricimonas_paravirosa,Butyricimonas paravirosa,Oral,smoking,0.14614484484387635,0.3171672749278232,48,0.9201938969517912
g__Butyricimonas|s__Butyricimonas_virosa,Butyricimonas virosa,Oral,sex[T.1],0.0868610538215775,0.5115933509304627,48,0.9201938969517912
g__Butyricimonas|s__Butyricimonas_virosa,Butyricimonas virosa,Oral,disease,-0.1849895645897665,0.31398671206050566,48,0.9201938969517912
g__Butyricimonas|s__Butyricimonas_virosa,Butyricimonas virosa,Oral,ppi_use,-0.09279045040068379,0.49799302400758116,48,0.9201938969517912
g__Butyricimonas|s__Butyricimonas_virosa,Butyricimonas virosa,Oral,age,0.0010857856387497047,0.8353687789591597,48,0.9858314552846569
g__Butyricimonas|s__Butyricimonas_virosa,Butyricimonas virosa,Oral,bmi,0.000475664343950237,0.9790309318647736,48,0.9874408865963867
g__Butyricimonas|s__Butyricimonas_virosa,Butyricimonas virosa,Oral,antibiotics_3m,-0.06728754896527267,0.7903849900180979,48,0.9858314552846569
g__Butyricimonas|s__Butyricimonas_virosa,Butyricimonas virosa,Oral,smoking,0.14614484484387635,0.3171672749278232,48,0.9201938969517912
g__Campylobacter|s__Campylobacter_concisus,Campylobacter concisus,Oral,sex[T.1],-0.4485002368874873,0.606624388900445,48,0.9858314552846569
g__Campylobacter|s__Campylobacter_concisus,Campylobacter concisus,Oral,disease,-0.17747073304601546,0.8827147723084057,48,0.9874408865963867
g__Campylobacter|s__Campylobacter_concisus,Campylobacter concisus,Oral,ppi_use,0.3693950634075285,0.6816700235251241,48,0.9858314552846569
g__Campylobacter|s__Campylobacter_concisus,Campylobacter concisus,Oral,age,0.005261080002331539,0.8785176096262418,48,0.9874408865963867
g__Campylobacter|s__Campylobacter_concisus,Campylobacter concisus,Oral,bmi,-0.059930049351691744,0.6158077742200057,48,0.9858314552846569
g__Campylobacter|s__Campylobacter_concisus,Campylobacter concisus,Oral,antibiotics_3m,-1.153257140757717,0.49040397653372625,48,0.9201938969517912
g__Campylobacter|s__Campylobacter_concisus,Campylobacter concisus,Oral,smoking,-1.8792415850844653,0.0549778337673025,48,0.9201938969517912
g__Candidatus_Borkfalkia|s__Candidatus_Borkfalkia_ceftriaxoniphila,Candidatus Borkfalkia ceftriaxoniphila,Oral,sex[T.1],0.0868610538215775,0.5115933509304627,48,0.9201938969517912
g__Candidatus_Borkfalkia|s__Candidatus_Borkfalkia_ceftriaxoniphila,Candidatus Borkfalkia ceftriaxoniphila,Oral,disease,-0.1849895645897665,0.31398671206050566,48,0.9201938969517912
g__Candidatus_Borkfalkia|s__Candidatus_Borkfalkia_ceftriaxoniphila,Candidatus Borkfalkia ceftriaxoniphila,Oral,ppi_use,-0.09279045040068379,0.49799302400758116,48,0.9201938969517912
g__Candidatus_Borkfalkia|s__Candidatus_Borkfalkia_ceftriaxoniphila,Candidatus Borkfalkia ceftriaxoniphila,Oral,age,0.0010857856387497047,0.8353687789591597,48,0.9858314552846569
g__Candidatus_Borkfalkia|s__Candidatus_Borkfalkia_ceftriaxoniphila,Candidatus Borkfalkia ceftriaxoniphila,Oral,bmi,0.000475664343950237,0.9790309318647736,48,0.9874408865963867
g__Candidatus_Borkfalkia|s__Candidatus_Borkfalkia_ceftriaxoniphila,Candidatus Borkfalkia ceftriaxoniphila,Oral,antibiotics_3m,-0.06728754896527267,0.7903849900180979,48,0.9858314552846569
g__Candidatus_Borkfalkia|s__Candidatus_Borkfalkia_ceftriaxoniphila,Candidatus Borkfalkia ceftriaxoniphila,Oral,smoking,0.14614484484387635,0.3171672749278232,48,0.9201938969517912
g__Candidatus_Cibionibacter|s__Candidatus_Cibionibacter_quicibialis,Candidatus Cibionibacter quicibialis,Oral,sex[T.1],0.0868610538215775,0.5115933509304627,48,0.9201938969517912
g__Candidatus_Cibionibacter|s__Candidatus_Cibionibacter_quicibialis,Candidatus Cibionibacter quicibialis,Oral,disease,-0.1849895645897665,0.31398671206050566,48,0.9201938969517912
g__Candidatus_Cibionibacter|s__Candidatus_Cibionibacter_quicibialis,Candidatus Cibionibacter quicibialis,Oral,ppi_use,-0.09279045040068379,0.49799302400758116,48,0.9201938969517912
g__Candidatus_Cibionibacter|s__Candidatus_Cibionibacter_quicibialis,Candidatus Cibionibacter quicibialis,Oral,age,0.0010857856387497047,0.8353687789591597,48,0.9858314552846569
g__Candidatus_Cibionibacter|s__Candidatus_Cibionibacter_quicibialis,Candidatus Cibionibacter quicibialis,Oral,bmi,0.000475664343950237,0.9790309318647736,48,0.9874408865963867
g__Candidatus_Cibionibacter|s__Candidatus_Cibionibacter_quicibialis,Candidatus Cibionibacter quicibialis,Oral,antibiotics_3m,-0.06728754896527267,0.7903849900180979,48,0.9858314552846569
g__Candidatus_Cibionibacter|s__Candidatus_Cibionibacter_quicibialis,Candidatus Cibionibacter quicibialis,Oral,smoking,0.14614484484387635,0.3171672749278232,48,0.9201938969517912
g__Candidatus_Nanosynsacchari|s__Candidatus_Nanosynsacchari_sp_TM7_ANC_38_39_G1_1,Candidatus Nanosynsacchari sp TM7 ANC 38 39 G1 1,Oral,sex[T.1],-0.6124322222112404,0.49297843443504485,48,0.9201938969517912
g__Candidatus_Nanosynsacchari|s__Candidatus_Nanosynsacchari_sp_TM7_ANC_38_39_G1_1,Candidatus Nanosynsacchari sp TM7 ANC 38 39 G1 1,Oral,disease,1.0302083171753262,0.4050725108645955,48,0.9201938969517912
g__Candidatus_Nanosynsacchari|s__Candidatus_Nanosynsacchari_sp_TM7_ANC_38_39_G1_1,Candidatus Nanosynsacchari sp TM7 ANC 38 39 G1 1,Oral,ppi_use,0.7530776372841231,0.41569791770920284,48,0.9201938969517912
g__Candidatus_Nanosynsacchari|s__Candidatus_Nanosynsacchari_sp_TM7_ANC_38_39_G1_1,Candidatus Nanosynsacchari sp TM7 ANC 38 39 G1 1,Oral,age,-0.0024070234778804517,0.9455591190058481,48,0.9874408865963867
g__Candidatus_Nanosynsacchari|s__Candidatus_Nanosynsacchari_sp_TM7_ANC_38_39_G1_1,Candidatus Nanosynsacchari sp TM7 ANC 38 39 G1 1,Oral,bmi,0.0925303858900144,0.45029683589193603,48,0.9201938969517912
g__Candidatus_Nanosynsacchari|s__Candidatus_Nanosynsacchari_sp_TM7_ANC_38_39_G1_1,Candidatus Nanosynsacchari sp TM7 ANC 38 39 G1 1,Oral,antibiotics_3m,-0.8658305673747768,0.6126914096987128,48,0.9858314552846569
g__Candidatus_Nanosynsacchari|s__Candidatus_Nanosynsacchari_sp_TM7_ANC_38_39_G1_1,Candidatus Nanosynsacchari sp TM7 ANC 38 39 G1 1,Oral,smoking,0.40255751956724617,0.6814815472972591,48,0.9858314552846569
g__Capnocytophaga|s__Capnocytophaga_gingivalis,Capnocytophaga gingivalis,Oral,sex[T.1],0.08020061079314011,0.9385720792882182,48,0.9874408865963867
g__Capnocytophaga|s__Capnocytophaga_gingivalis,Capnocytophaga gingivalis,Oral,disease,0.7044001519480322,0.6251024286008153,48,0.9858314552846569
g__Capnocytophaga|s__Capnocytophaga_gingivalis,Capnocytophaga gingivalis,Oral,ppi_use,-0.4006416133288697,0.7100251122545818,48,0.9858314552846569
g__Capnocytophaga|s__Capnocytophaga_gingivalis,Capnocytophaga gingivalis,Oral,age,0.02233309853125475,0.5883300761794255,48,0.9858314552846569
g__Capnocytophaga|s__Capnocytophaga_gingivalis,Capnocytophaga gingivalis,Oral,bmi,0.0769693230006752,0.5902985772489503,48,0.9858314552846569
g__Capnocytophaga|s__Capnocytophaga_gingivalis,Capnocytophaga gingivalis,Oral,antibiotics_3m,0.3244846918219122,0.870825125965554,48,0.9874408865963867
g__Capnocytophaga|s__Capnocytophaga_gingivalis,Capnocytophaga gingivalis,Oral,smoking,-0.10812271084153524,0.9247550052499259,48,0.9874408865963867
g__Capnocytophaga|s__Capnocytophaga_leadbetteri,Capnocytophaga leadbetteri,Oral,sex[T.1],0.6420777848733021,0.504487286354151,48,0.9201938969517912
g__Capnocytophaga|s__Capnocytophaga_leadbetteri,Capnocytophaga leadbetteri,Oral,disease,0.2615218915396452,0.8437884447800896,48,0.9874408865963867
g__Capnocytophaga|s__Capnocytophaga_leadbetteri,Capnocytophaga leadbetteri,Oral,ppi_use,-0.5694896428700535,0.5668704322628597,48,0.9858314552846569
g__Capnocytophaga|s__Capnocytophaga_leadbetteri,Capnocytophaga leadbetteri,Oral,age,0.03003717138514381,0.4306504691858788,48,0.9201938969517912
g__Capnocytophaga|s__Capnocytophaga_leadbetteri,Capnocytophaga leadbetteri,Oral,bmi,0.11505971461975845,0.38400993036503517,48,0.9201938969517912
g__Capnocytophaga|s__Capnocytophaga_leadbetteri,Capnocytophaga leadbetteri,Oral,antibiotics_3m,-2.476296415257612,0.1830588151892426,48,0.9201938969517912
g__Capnocytophaga|s__Capnocytophaga_leadbetteri,Capnocytophaga leadbetteri,Oral,smoking,-1.4437918486003782,0.17623601588869514,48,0.9201938969517912
g__Catonella|s__Catonella_massiliensis,Catonella massiliensis,Oral,sex[T.1],-0.04439013923221663,0.9636005149069006,48,0.9874408865963867
g__Catonella|s__Catonella_massiliensis,Catonella massiliensis,Oral,disease,2.077550898509186,0.1280932138121737,48,0.9201938969517912
g__Catonella|s__Catonella_massiliensis,Catonella massiliensis,Oral,ppi_use,-0.20283134472257758,0.8402936964120847,48,0.9874408865963867
g__Catonella|s__Catonella_massiliensis,Catonella massiliensis,Oral,age,-0.05362109353866316,0.1687318092237326,48,0.9201938969517912
g__Catonella|s__Catonella_massiliensis,Catonella massiliensis,Oral,bmi,0.05289062671485382,0.6919908962459005,48,0.9858314552846569
g__Catonella|s__Catonella_massiliensis,Catonella massiliensis,Oral,antibiotics_3m,1.9050364596365104,0.31014596202020805,48,0.9201938969517912
g__Catonella|s__Catonella_massiliensis,Catonella massiliensis,Oral,smoking,-1.8673566845376306,0.08671674643958782,48,0.9201938969517912
g__Clostridium|s__Clostridium_SGB4648,Clostridium SGB4648,Oral,sex[T.1],0.0868610538215775,0.5115933509304627,48,0.9201938969517912
g__Clostridium|s__Clostridium_SGB4648,Clostridium SGB4648,Oral,disease,-0.1849895645897665,0.31398671206050566,48,0.9201938969517912
g__Clostridium|s__Clostridium_SGB4648,Clostridium SGB4648,Oral,ppi_use,-0.09279045040068379,0.49799302400758116,48,0.9201938969517912
g__Clostridium|s__Clostridium_SGB4648,Clostridium SGB4648,Oral,age,0.0010857856387497047,0.8353687789591597,48,0.9858314552846569
g__Clostridium|s__Clostridium_SGB4648,Clostridium SGB4648,Oral,bmi,0.000475664343950237,0.9790309318647736,48,0.9874408865963867
g__Clostridium|s__Clostridium_SGB4648,Clostridium SGB4648,Oral,antibiotics_3m,-0.06728754896527267,0.7903849900180979,48,0.9858314552846569
g__Clostridium|s__Clostridium_SGB4648,Clostridium SGB4648,Oral,smoking,0.14614484484387635,0.3171672749278232,48,0.9201938969517912
g__Clostridium|s__Clostridium_SGB4750,Clostridium SGB4750,Oral,sex[T.1],0.0868610538215775,0.5115933509304627,48,0.9201938969517912
g__Clostridium|s__Clostridium_SGB4750,Clostridium SGB4750,Oral,disease,-0.1849895645897665,0.31398671206050566,48,0.9201938969517912
g__Clostridium|s__Clostridium_SGB4750,Clostridium SGB4750,Oral,ppi_use,-0.09279045040068379,0.49799302400758116,48,0.9201938969517912
g__Clostridium|s__Clostridium_SGB4750,Clostridium SGB4750,Oral,age,0.0010857856387497047,0.8353687789591597,48,0.9858314552846569
g__Clostridium|s__Clostridium_SGB4750,Clostridium SGB4750,Oral,bmi,0.000475664343950237,0.9790309318647736,48,0.9874408865963867
g__Clostridium|s__Clostridium_SGB4750,Clostridium SGB4750,Oral,antibiotics_3m,-0.06728754896527267,0.7903849900180979,48,0.9858314552846569
g__Clostridium|s__Clostridium_SGB4750,Clostridium SGB4750,Oral,smoking,0.14614484484387635,0.3171672749278232,48,0.9201938969517912
g__Clostridium|s__Clostridium_SGB4909,Clostridium SGB4909,Oral,sex[T.1],0.0868610538215775,0.5115933509304627,48,0.9201938969517912
g__Clostridium|s__Clostridium_SGB4909,Clostridium SGB4909,Oral,disease,-0.1849895645897665,0.31398671206050566,48,0.9201938969517912
g__Clostridium|s__Clostridium_SGB4909,Clostridium SGB4909,Oral,ppi_use,-0.09279045040068379,0.49799302400758116,48,0.9201938969517912
g__Clostridium|s__Clostridium_SGB4909,Clostridium SGB4909,Oral,age,0.0010857856387497047,0.8353687789591597,48,0.9858314552846569
g__Clostridium|s__Clostridium_SGB4909,Clostridium SGB4909,Oral,bmi,0.000475664343950237,0.9790309318647736,48,0.9874408865963867
g__Clostridium|s__Clostridium_SGB4909,Clostridium SGB4909,Oral,antibiotics_3m,-0.06728754896527267,0.7903849900180979,48,0.9858314552846569
g__Clostridium|s__Clostridium_SGB4909,Clostridium SGB4909,Oral,smoking,0.14614484484387635,0.3171672749278232,48,0.9201938969517912
g__Clostridium|s__Clostridium_butyricum,Clostridium butyricum,Oral,sex[T.1],0.0868610538215775,0.5115933509304627,48,0.9201938969517912
g__Clostridium|s__Clostridium_butyricum,Clostridium butyricum,Oral,disease,-0.1849895645897665,0.31398671206050566,48,0.9201938969517912
g__Clostridium|s__Clostridium_butyricum,Clostridium butyricum,Oral,ppi_use,-0.09279045040068379,0.49799302400758116,48,0.9201938969517912
g__Clostridium|s__Clostridium_butyricum,Clostridium butyricum,Oral,age,0.0010857856387497047,0.8353687789591597,48,0.9858314552846569
g__Clostridium|s__Clostridium_butyricum,Clostridium butyricum,Oral,bmi,0.000475664343950237,0.9790309318647736,48,0.9874408865963867
g__Clostridium|s__Clostridium_butyricum,Clostridium butyricum,Oral,antibiotics_3m,-0.06728754896527267,0.7903849900180979,48,0.9858314552846569
g__Clostridium|s__Clostridium_butyricum,Clostridium butyricum,Oral,smoking,0.14614484484387635,0.3171672749278232,48,0.9201938969517912
g__Clostridium|s__Clostridium_fessum,Clostridium fessum,Oral,sex[T.1],0.0868610538215775,0.5115933509304627,48,0.9201938969517912
g__Clostridium|s__Clostridium_fessum,Clostridium fessum,Oral,disease,-0.1849895645897665,0.31398671206050566,48,0.9201938969517912
g__Clostridium|s__Clostridium_fessum,Clostridium fessum,Oral,ppi_use,-0.09279045040068379,0.49799302400758116,48,0.9201938969517912
g__Clostridium|s__Clostridium_fessum,Clostridium fessum,Oral,age,0.0010857856387497047,0.8353687789591597,48,0.9858314552846569
g__Clostridium|s__Clostridium_fessum,Clostridium fessum,Oral,bmi,0.000475664343950237,0.9790309318647736,48,0.9874408865963867
g__Clostridium|s__Clostridium_fessum,Clostridium fessum,Oral,antibiotics_3m,-0.06728754896527267,0.7903849900180979,48,0.9858314552846569
g__Clostridium|s__Clostridium_fessum,Clostridium fessum,Oral,smoking,0.14614484484387635,0.3171672749278232,48,0.9201938969517912
g__Clostridium|s__Clostridium_sp_1001270H_150608_G6,Clostridium sp 1001270H 150608 G6,Oral,sex[T.1],0.0868610538215775,0.5115933509304627,48,0.9201938969517912
g__Clostridium|s__Clostridium_sp_1001270H_150608_G6,Clostridium sp 1001270H 150608 G6,Oral,disease,-0.1849895645897665,0.31398671206050566,48,0.9201938969517912
g__Clostridium|s__Clostridium_sp_1001270H_150608_G6,Clostridium sp 1001270H 150608 G6,Oral,ppi_use,-0.09279045040068379,0.49799302400758116,48,0.9201938969517912
g__Clostridium|s__Clostridium_sp_1001270H_150608_G6,Clostridium sp 1001270H 150608 G6,Oral,age,0.0010857856387497047,0.8353687789591597,48,0.9858314552846569
g__Clostridium|s__Clostridium_sp_1001270H_150608_G6,Clostridium sp 1001270H 150608 G6,Oral,bmi,0.000475664343950237,0.9790309318647736,48,0.9874408865963867
g__Clostridium|s__Clostridium_sp_1001270H_150608_G6,Clostridium sp 1001270H 150608 G6,Oral,antibiotics_3m,-0.06728754896527267,0.7903849900180979,48,0.9858314552846569
g__Clostridium|s__Clostridium_sp_1001270H_150608_G6,Clostridium sp 1001270H 150608 G6,Oral,smoking,0.14614484484387635,0.3171672749278232,48,0.9201938969517912
g__Clostridium|s__Clostridium_sp_AF20_17LB,Clostridium sp AF20 17LB,Oral,sex[T.1],0.0868610538215775,0.5115933509304627,48,0.9201938969517912
g__Clostridium|s__Clostridium_sp_AF20_17LB,Clostridium sp AF20 17LB,Oral,disease,-0.1849895645897665,0.31398671206050566,48,0.9201938969517912
g__Clostridium|s__Clostridium_sp_AF20_17LB,Clostridium sp AF20 17LB,Oral,ppi_use,-0.09279045040068379,0.49799302400758116,48,0.9201938969517912
g__Clostridium|s__Clostridium_sp_AF20_17LB,Clostridium sp AF20 17LB,Oral,age,0.0010857856387497047,0.8353687789591597,48,0.9858314552846569
g__Clostridium|s__Clostridium_sp_AF20_17LB,Clostridium sp AF20 17LB,Oral,bmi,0.000475664343950237,0.9790309318647736,48,0.9874408865963867
g__Clostridium|s__Clostridium_sp_AF20_17LB,Clostridium sp AF20 17LB,Oral,antibiotics_3m,-0.06728754896527267,0.7903849900180979,48,0.9858314552846569
g__Clostridium|s__Clostridium_sp_AF20_17LB,Clostridium sp AF20 17LB,Oral,smoking,0.14614484484387635,0.3171672749278232,48,0.9201938969517912
g__Clostridium|s__Clostridium_sp_AF27_2AA,Clostridium sp AF27 2AA,Oral,sex[T.1],0.0868610538215775,0.5115933509304627,48,0.9201938969517912
g__Clostridium|s__Clostridium_sp_AF27_2AA,Clostridium sp AF27 2AA,Oral,disease,-0.1849895645897665,0.31398671206050566,48,0.9201938969517912
g__Clostridium|s__Clostridium_sp_AF27_2AA,Clostridium sp AF27 2AA,Oral,ppi_use,-0.09279045040068379,0.49799302400758116,48,0.9201938969517912
g__Clostridium|s__Clostridium_sp_AF27_2AA,Clostridium sp AF27 2AA,Oral,age,0.0010857856387497047,0.8353687789591597,48,0.9858314552846569
g__Clostridium|s__Clostridium_sp_AF27_2AA,Clostridium sp AF27 2AA,Oral,bmi,0.000475664343950237,0.9790309318647736,48,0.9874408865963867
g__Clostridium|s__Clostridium_sp_AF27_2AA,Clostridium sp AF27 2AA,Oral,antibiotics_3m,-0.06728754896527267,0.7903849900180979,48,0.9858314552846569
g__Clostridium|s__Clostridium_sp_AF27_2AA,Clostridium sp AF27 2AA,Oral,smoking,0.14614484484387635,0.3171672749278232,48,0.9201938969517912
g__Clostridium|s__Clostridium_sp_AF34_10BH,Clostridium sp AF34 10BH,Oral,sex[T.1],0.0868610538215775,0.5115933509304627,48,0.9201938969517912
g__Clostridium|s__Clostridium_sp_AF34_10BH,Clostridium sp AF34 10BH,Oral,disease,-0.1849895645897665,0.31398671206050566,48,0.9201938969517912
g__Clostridium|s__Clostridium_sp_AF34_10BH,Clostridium sp AF34 10BH,Oral,ppi_use,-0.09279045040068379,0.49799302400758116,48,0.9201938969517912
g__Clostridium|s__Clostridium_sp_AF34_10BH,Clostridium sp AF34 10BH,Oral,age,0.0010857856387497047,0.8353687789591597,48,0.9858314552846569
g__Clostridium|s__Clostridium_sp_AF34_10BH,Clostridium sp AF34 10BH,Oral,bmi,0.000475664343950237,0.9790309318647736,48,0.9874408865963867
g__Clostridium|s__Clostridium_sp_AF34_10BH,Clostridium sp AF34 10BH,Oral,antibiotics_3m,-0.06728754896527267,0.7903849900180979,48,0.9858314552846569
g__Clostridium|s__Clostridium_sp_AF34_10BH,Clostridium sp AF34 10BH,Oral,smoking,0.14614484484387635,0.3171672749278232,48,0.9201938969517912
g__Clostridium|s__Clostridium_sp_AF34_13,Clostridium sp AF34 13,Oral,sex[T.1],0.0868610538215775,0.5115933509304627,48,0.9201938969517912
g__Clostridium|s__Clostridium_sp_AF34_13,Clostridium sp AF34 13,Oral,disease,-0.1849895645897665,0.31398671206050566,48,0.9201938969517912
g__Clostridium|s__Clostridium_sp_AF34_13,Clostridium sp AF34 13,Oral,ppi_use,-0.09279045040068379,0.49799302400758116,48,0.9201938969517912
g__Clostridium|s__Clostridium_sp_AF34_13,Clostridium sp AF34 13,Oral,age,0.0010857856387497047,0.8353687789591597,48,0.9858314552846569
g__Clostridium|s__Clostridium_sp_AF34_13,Clostridium sp AF34 13,Oral,bmi,0.000475664343950237,0.9790309318647736,48,0.9874408865963867
g__Clostridium|s__Clostridium_sp_AF34_13,Clostridium sp AF34 13,Oral,antibiotics_3m,-0.06728754896527267,0.7903849900180979,48,0.9858314552846569
g__Clostridium|s__Clostridium_sp_AF34_13,Clostridium sp AF34 13,Oral,smoking,0.14614484484387635,0.3171672749278232,48,0.9201938969517912
g__Clostridium|s__Clostridium_sp_AF36_4,Clostridium sp AF36 4,Oral,sex[T.1],0.0868610538215775,0.5115933509304627,48,0.9201938969517912
g__Clostridium|s__Clostridium_sp_AF36_4,Clostridium sp AF36 4,Oral,disease,-0.1849895645897665,0.31398671206050566,48,0.9201938969517912
g__Clostridium|s__Clostridium_sp_AF36_4,Clostridium sp AF36 4,Oral,ppi_use,-0.09279045040068379,0.49799302400758116,48,0.9201938969517912
g__Clostridium|s__Clostridium_sp_AF36_4,Clostridium sp AF36 4,Oral,age,0.0010857856387497047,0.8353687789591597,48,0.9858314552846569
g__Clostridium|s__Clostridium_sp_AF36_4,Clostridium sp AF36 4,Oral,bmi,0.000475664343950237,0.9790309318647736,48,0.9874408865963867
g__Clostridium|s__Clostridium_sp_AF36_4,Clostridium sp AF36 4,Oral,antibiotics_3m,-0.06728754896527267,0.7903849900180979,48,0.9858314552846569
g__Clostridium|s__Clostridium_sp_AF36_4,Clostridium sp AF36 4,Oral,smoking,0.14614484484387635,0.3171672749278232,48,0.9201938969517912
g__Clostridium|s__Clostridium_sp_AM22_11AC,Clostridium sp AM22 11AC,Oral,sex[T.1],0.0868610538215775,0.5115933509304627,48,0.9201938969517912
g__Clostridium|s__Clostridium_sp_AM22_11AC,Clostridium sp AM22 11AC,Oral,disease,-0.1849895645897665,0.31398671206050566,48,0.9201938969517912
g__Clostridium|s__Clostridium_sp_AM22_11AC,Clostridium sp AM22 11AC,Oral,ppi_use,-0.09279045040068379,0.49799302400758116,48,0.9201938969517912
g__Clostridium|s__Clostridium_sp_AM22_11AC,Clostridium sp AM22 11AC,Oral,age,0.0010857856387497047,0.8353687789591597,48,0.9858314552846569
g__Clostridium|s__Clostridium_sp_AM22_11AC,Clostridium sp AM22 11AC,Oral,bmi,0.000475664343950237,0.9790309318647736,48,0.9874408865963867
g__Clostridium|s__Clostridium_sp_AM22_11AC,Clostridium sp AM22 11AC,Oral,antibiotics_3m,-0.06728754896527267,0.7903849900180979,48,0.9858314552846569
g__Clostridium|s__Clostridium_sp_AM22_11AC,Clostridium sp AM22 11AC,Oral,smoking,0.14614484484387635,0.3171672749278232,48,0.9201938969517912
g__Clostridium|s__Clostridium_sp_AM33_3,Clostridium sp AM33 3,Oral,sex[T.1],0.0868610538215775,0.5115933509304627,48,0.9201938969517912
g__Clostridium|s__Clostridium_sp_AM33_3,Clostridium sp AM33 3,Oral,disease,-0.1849895645897665,0.31398671206050566,48,0.9201938969517912
g__Clostridium|s__Clostridium_sp_AM33_3,Clostridium sp AM33 3,Oral,ppi_use,-0.09279045040068379,0.49799302400758116,48,0.9201938969517912
g__Clostridium|s__Clostridium_sp_AM33_3,Clostridium sp AM33 3,Oral,age,0.0010857856387497047,0.8353687789591597,48,0.9858314552846569
g__Clostridium|s__Clostridium_sp_AM33_3,Clostridium sp AM33 3,Oral,bmi,0.000475664343950237,0.9790309318647736,48,0.9874408865963867
g__Clostridium|s__Clostridium_sp_AM33_3,Clostridium sp AM33 3,Oral,antibiotics_3m,-0.06728754896527267,0.7903849900180979,48,0.9858314552846569
g__Clostridium|s__Clostridium_sp_AM33_3,Clostridium sp AM33 3,Oral,smoking,0.14614484484387635,0.3171672749278232,48,0.9201938969517912
g__Clostridium|s__Clostridium_sp_AM49_4BH,Clostridium sp AM49 4BH,Oral,sex[T.1],0.0868610538215775,0.5115933509304627,48,0.9201938969517912
g__Clostridium|s__Clostridium_sp_AM49_4BH,Clostridium sp AM49 4BH,Oral,disease,-0.1849895645897665,0.31398671206050566,48,0.9201938969517912
g__Clostridium|s__Clostridium_sp_AM49_4BH,Clostridium sp AM49 4BH,Oral,ppi_use,-0.09279045040068379,0.49799302400758116,48,0.9201938969517912
g__Clostridium|s__Clostridium_sp_AM49_4BH,Clostridium sp AM49 4BH,Oral,age,0.0010857856387497047,0.8353687789591597,48,0.9858314552846569
g__Clostridium|s__Clostridium_sp_AM49_4BH,Clostridium sp AM49 4BH,Oral,bmi,0.000475664343950237,0.9790309318647736,48,0.9874408865963867
g__Clostridium|s__Clostridium_sp_AM49_4BH,Clostridium sp AM49 4BH,Oral,antibiotics_3m,-0.06728754896527267,0.7903849900180979,48,0.9858314552846569
g__Clostridium|s__Clostridium_sp_AM49_4BH,Clostridium sp AM49 4BH,Oral,smoking,0.14614484484387635,0.3171672749278232,48,0.9201938969517912
g__Collinsella|s__Collinsella_SGB14861,Collinsella SGB14861,Oral,sex[T.1],0.0868610538215775,0.5115933509304627,48,0.9201938969517912
g__Collinsella|s__Collinsella_SGB14861,Collinsella SGB14861,Oral,disease,-0.1849895645897665,0.31398671206050566,48,0.9201938969517912
g__Collinsella|s__Collinsella_SGB14861,Collinsella SGB14861,Oral,ppi_use,-0.09279045040068379,0.49799302400758116,48,0.9201938969517912
g__Collinsella|s__Collinsella_SGB14861,Collinsella SGB14861,Oral,age,0.0010857856387497047,0.8353687789591597,48,0.9858314552846569
g__Collinsella|s__Collinsella_SGB14861,Collinsella SGB14861,Oral,bmi,0.000475664343950237,0.9790309318647736,48,0.9874408865963867
g__Collinsella|s__Collinsella_SGB14861,Collinsella SGB14861,Oral,antibiotics_3m,-0.06728754896527267,0.7903849900180979,48,0.9858314552846569
g__Collinsella|s__Collinsella_SGB14861,Collinsella SGB14861,Oral,smoking,0.14614484484387635,0.3171672749278232,48,0.9201938969517912
g__Collinsella|s__Collinsella_aerofaciens,Collinsella aerofaciens,Oral,sex[T.1],0.0868610538215775,0.5115933509304627,48,0.9201938969517912
g__Collinsella|s__Collinsella_aerofaciens,Collinsella aerofaciens,Oral,disease,-0.1849895645897665,0.31398671206050566,48,0.9201938969517912
g__Collinsella|s__Collinsella_aerofaciens,Collinsella aerofaciens,Oral,ppi_use,-0.09279045040068379,0.49799302400758116,48,0.9201938969517912
g__Collinsella|s__Collinsella_aerofaciens,Collinsella aerofaciens,Oral,age,0.0010857856387497047,0.8353687789591597,48,0.9858314552846569
g__Collinsella|s__Collinsella_aerofaciens,Collinsella aerofaciens,Oral,bmi,0.000475664343950237,0.9790309318647736,48,0.9874408865963867
g__Collinsella|s__Collinsella_aerofaciens,Collinsella aerofaciens,Oral,antibiotics_3m,-0.06728754896527267,0.7903849900180979,48,0.9858314552846569
g__Collinsella|s__Collinsella_aerofaciens,Collinsella aerofaciens,Oral,smoking,0.14614484484387635,0.3171672749278232,48,0.9201938969517912
g__Collinsella|s__Collinsella_bouchesdurhonensis,Collinsella bouchesdurhonensis,Oral,sex[T.1],0.0868610538215775,0.5115933509304627,48,0.9201938969517912
g__Collinsella|s__Collinsella_bouchesdurhonensis,Collinsella bouchesdurhonensis,Oral,disease,-0.1849895645897665,0.31398671206050566,48,0.9201938969517912
g__Collinsella|s__Collinsella_bouchesdurhonensis,Collinsella bouchesdurhonensis,Oral,ppi_use,-0.09279045040068379,0.49799302400758116,48,0.9201938969517912
g__Collinsella|s__Collinsella_bouchesdurhonensis,Collinsella bouchesdurhonensis,Oral,age,0.0010857856387497047,0.8353687789591597,48,0.9858314552846569
g__Collinsella|s__Collinsella_bouchesdurhonensis,Collinsella bouchesdurhonensis,Oral,bmi,0.000475664343950237,0.9790309318647736,48,0.9874408865963867
g__Collinsella|s__Collinsella_bouchesdurhonensis,Collinsella bouchesdurhonensis,Oral,antibiotics_3m,-0.06728754896527267,0.7903849900180979,48,0.9858314552846569
g__Collinsella|s__Collinsella_bouchesdurhonensis,Collinsella bouchesdurhonensis,Oral,smoking,0.14614484484387635,0.3171672749278232,48,0.9201938969517912
g__Coprobacter|s__Coprobacter_fastidiosus,Coprobacter fastidiosus,Oral,sex[T.1],0.0868610538215775,0.5115933509304627,48,0.9201938969517912
g__Coprobacter|s__Coprobacter_fastidiosus,Coprobacter fastidiosus,Oral,disease,-0.1849895645897665,0.31398671206050566,48,0.9201938969517912
g__Coprobacter|s__Coprobacter_fastidiosus,Coprobacter fastidiosus,Oral,ppi_use,-0.09279045040068379,0.49799302400758116,48,0.9201938969517912
g__Coprobacter|s__Coprobacter_fastidiosus,Coprobacter fastidiosus,Oral,age,0.0010857856387497047,0.8353687789591597,48,0.9858314552846569
g__Coprobacter|s__Coprobacter_fastidiosus,Coprobacter fastidiosus,Oral,bmi,0.000475664343950237,0.9790309318647736,48,0.9874408865963867
g__Coprobacter|s__Coprobacter_fastidiosus,Coprobacter fastidiosus,Oral,antibiotics_3m,-0.06728754896527267,0.7903849900180979,48,0.9858314552846569
g__Coprobacter|s__Coprobacter_fastidiosus,Coprobacter fastidiosus,Oral,smoking,0.14614484484387635,0.3171672749278232,48,0.9201938969517912
g__Coprococcus|s__Coprococcus_SGB4669,Coprococcus SGB4669,Oral,sex[T.1],0.0868610538215775,0.5115933509304627,48,0.9201938969517912
g__Coprococcus|s__Coprococcus_SGB4669,Coprococcus SGB4669,Oral,disease,-0.1849895645897665,0.31398671206050566,48,0.9201938969517912
g__Coprococcus|s__Coprococcus_SGB4669,Coprococcus SGB4669,Oral,ppi_use,-0.09279045040068379,0.49799302400758116,48,0.9201938969517912
g__Coprococcus|s__Coprococcus_SGB4669,Coprococcus SGB4669,Oral,age,0.0010857856387497047,0.8353687789591597,48,0.9858314552846569
g__Coprococcus|s__Coprococcus_SGB4669,Coprococcus SGB4669,Oral,bmi,0.000475664343950237,0.9790309318647736,48,0.9874408865963867
g__Coprococcus|s__Coprococcus_SGB4669,Coprococcus SGB4669,Oral,antibiotics_3m,-0.06728754896527267,0.7903849900180979,48,0.9858314552846569
g__Coprococcus|s__Coprococcus_SGB4669,Coprococcus SGB4669,Oral,smoking,0.14614484484387635,0.3171672749278232,48,0.9201938969517912
g__Coprococcus|s__Coprococcus_catus,Coprococcus catus,Oral,sex[T.1],0.0868610538215775,0.5115933509304627,48,0.9201938969517912
g__Coprococcus|s__Coprococcus_catus,Coprococcus catus,Oral,disease,-0.1849895645897665,0.31398671206050566,48,0.9201938969517912
g__Coprococcus|s__Coprococcus_catus,Coprococcus catus,Oral,ppi_use,-0.09279045040068379,0.49799302400758116,48,0.9201938969517912
g__Coprococcus|s__Coprococcus_catus,Coprococcus catus,Oral,age,0.0010857856387497047,0.8353687789591597,48,0.9858314552846569
g__Coprococcus|s__Coprococcus_catus,Coprococcus catus,Oral,bmi,0.000475664343950237,0.9790309318647736,48,0.9874408865963867
g__Coprococcus|s__Coprococcus_catus,Coprococcus catus,Oral,antibiotics_3m,-0.06728754896527267,0.7903849900180979,48,0.9858314552846569
g__Coprococcus|s__Coprococcus_catus,Coprococcus catus,Oral,smoking,0.14614484484387635,0.3171672749278232,48,0.9201938969517912
g__Coprococcus|s__Coprococcus_comes,Coprococcus comes,Oral,sex[T.1],0.0868610538215775,0.5115933509304627,48,0.9201938969517912
g__Coprococcus|s__Coprococcus_comes,Coprococcus comes,Oral,disease,-0.1849895645897665,0.31398671206050566,48,0.9201938969517912
g__Coprococcus|s__Coprococcus_comes,Coprococcus comes,Oral,ppi_use,-0.09279045040068379,0.49799302400758116,48,0.9201938969517912
g__Coprococcus|s__Coprococcus_comes,Coprococcus comes,Oral,age,0.0010857856387497047,0.8353687789591597,48,0.9858314552846569
g__Coprococcus|s__Coprococcus_comes,Coprococcus comes,Oral,bmi,0.000475664343950237,0.9790309318647736,48,0.9874408865963867
g__Coprococcus|s__Coprococcus_comes,Coprococcus comes,Oral,antibiotics_3m,-0.06728754896527267,0.7903849900180979,48,0.9858314552846569
g__Coprococcus|s__Coprococcus_comes,Coprococcus comes,Oral,smoking,0.14614484484387635,0.3171672749278232,48,0.9201938969517912
g__Coprococcus|s__Coprococcus_eutactus,Coprococcus eutactus,Oral,sex[T.1],0.0868610538215775,0.5115933509304627,48,0.9201938969517912
g__Coprococcus|s__Coprococcus_eutactus,Coprococcus eutactus,Oral,disease,-0.1849895645897665,0.31398671206050566,48,0.9201938969517912
g__Coprococcus|s__Coprococcus_eutactus,Coprococcus eutactus,Oral,ppi_use,-0.09279045040068379,0.49799302400758116,48,0.9201938969517912
g__Coprococcus|s__Coprococcus_eutactus,Coprococcus eutactus,Oral,age,0.0010857856387497047,0.8353687789591597,48,0.9858314552846569
g__Coprococcus|s__Coprococcus_eutactus,Coprococcus eutactus,Oral,bmi,0.000475664343950237,0.9790309318647736,48,0.9874408865963867
g__Coprococcus|s__Coprococcus_eutactus,Coprococcus eutactus,Oral,antibiotics_3m,-0.06728754896527267,0.7903849900180979,48,0.9858314552846569
g__Coprococcus|s__Coprococcus_eutactus,Coprococcus eutactus,Oral,smoking,0.14614484484387635,0.3171672749278232,48,0.9201938969517912
g__Corynebacterium|s__Corynebacterium_matruchotii,Corynebacterium matruchotii,Oral,sex[T.1],-0.19728452728944212,0.8305216641743182,48,0.9858314552846569
g__Corynebacterium|s__Corynebacterium_matruchotii,Corynebacterium matruchotii,Oral,disease,1.22212872715214,0.34040955959460806,48,0.9201938969517912
g__Corynebacterium|s__Corynebacterium_matruchotii,Corynebacterium matruchotii,Oral,ppi_use,-0.7344727356270981,0.44272501073804504,48,0.9201938969517912
g__Corynebacterium|s__Corynebacterium_matruchotii,Corynebacterium matruchotii,Oral,age,0.0710720543736718,0.056860402980277,48,0.9201938969517912
g__Corynebacterium|s__Corynebacterium_matruchotii,Corynebacterium matruchotii,Oral,bmi,-0.04904490887150061,0.698178826539175,48,0.9858314552846569
g__Corynebacterium|s__Corynebacterium_matruchotii,Corynebacterium matruchotii,Oral,antibiotics_3m,0.6911439868992304,0.6959183497211942,48,0.9858314552846569
g__Corynebacterium|s__Corynebacterium_matruchotii,Corynebacterium matruchotii,Oral,smoking,0.2201600634746793,0.828107751016997,48,0.9858314552846569
g__Cutibacterium|s__Cutibacterium_acnes,Cutibacterium acnes,Oral,sex[T.1],-0.43041654623600667,0.5359598896164696,48,0.9537351865654162
g__Cutibacterium|s__Cutibacterium_acnes,Cutibacterium acnes,Oral,disease,-3.778861702357158,0.00029736357675712305,48,0.7306223080922514
g__Cutibacterium|s__Cutibacterium_acnes,Cutibacterium acnes,Oral,ppi_use,-1.445426046134476,0.04939958275209199,48,0.9201938969517912
g__Cutibacterium|s__Cutibacterium_acnes,Cutibacterium acnes,Oral,age,0.04404228773909439,0.11434759977238183,48,0.9201938969517912
g__Cutibacterium|s__Cutibacterium_acnes,Cutibacterium acnes,Oral,bmi,-0.006536086116787881,0.945222563222925,48,0.9874408865963867
g__Cutibacterium|s__Cutibacterium_acnes,Cutibacterium acnes,Oral,antibiotics_3m,0.2376907023481467,0.8581927474225921,48,0.9874408865963867
g__Cutibacterium|s__Cutibacterium_acnes,Cutibacterium acnes,Oral,smoking,1.0839093036489147,0.16069438379408474,48,0.9201938969517912
g__Desulfovibrio|s__Desulfovibrio_SGB5077,Desulfovibrio SGB5077,Oral,sex[T.1],0.0868610538215775,0.5115933509304627,48,0.9201938969517912
g__Desulfovibrio|s__Desulfovibrio_SGB5077,Desulfovibrio SGB5077,Oral,disease,-0.1849895645897665,0.31398671206050566,48,0.9201938969517912
g__Desulfovibrio|s__Desulfovibrio_SGB5077,Desulfovibrio SGB5077,Oral,ppi_use,-0.09279045040068379,0.49799302400758116,48,0.9201938969517912
g__Desulfovibrio|s__Desulfovibrio_SGB5077,Desulfovibrio SGB5077,Oral,age,0.0010857856387497047,0.8353687789591597,48,0.9858314552846569
g__Desulfovibrio|s__Desulfovibrio_SGB5077,Desulfovibrio SGB5077,Oral,bmi,0.000475664343950237,0.9790309318647736,48,0.9874408865963867
g__Desulfovibrio|s__Desulfovibrio_SGB5077,Desulfovibrio SGB5077,Oral,antibiotics_3m,-0.06728754896527267,0.7903849900180979,48,0.9858314552846569
g__Desulfovibrio|s__Desulfovibrio_SGB5077,Desulfovibrio SGB5077,Oral,smoking,0.14614484484387635,0.3171672749278232,48,0.9201938969517912
g__Desulfovibrio|s__Desulfovibrio_piger,Desulfovibrio piger,Oral,sex[T.1],0.0868610538215775,0.5115933509304627,48,0.9201938969517912
g__Desulfovibrio|s__Desulfovibrio_piger,Desulfovibrio piger,Oral,disease,-0.1849895645897665,0.31398671206050566,48,0.9201938969517912
g__Desulfovibrio|s__Desulfovibrio_piger,Desulfovibrio piger,Oral,ppi_use,-0.09279045040068379,0.49799302400758116,48,0.9201938969517912
g__Desulfovibrio|s__Desulfovibrio_piger,Desulfovibrio piger,Oral,age,0.0010857856387497047,0.8353687789591597,48,0.9858314552846569
g__Desulfovibrio|s__Desulfovibrio_piger,Desulfovibrio piger,Oral,bmi,0.000475664343950237,0.9790309318647736,48,0.9874408865963867
g__Desulfovibrio|s__Desulfovibrio_piger,Desulfovibrio piger,Oral,antibiotics_3m,-0.06728754896527267,0.7903849900180979,48,0.9858314552846569
g__Desulfovibrio|s__Desulfovibrio_piger,Desulfovibrio piger,Oral,smoking,0.14614484484387635,0.3171672749278232,48,0.9201938969517912
g__Dialister|s__Dialister_invisus,Dialister invisus,Oral,sex[T.1],0.2046748586765362,0.8182192938544695,48,0.9858314552846569
g__Dialister|s__Dialister_invisus,Dialister invisus,Oral,disease,-0.745938650223938,0.5455799630352569,48,0.9655984535978517
g__Dialister|s__Dialister_invisus,Dialister invisus,Oral,ppi_use,-0.35998734634992713,0.6961597249346613,48,0.9858314552846569
g__Dialister|s__Dialister_invisus,Dialister invisus,Oral,age,0.00852764590169909,0.8088162742984636,48,0.9858314552846569
g__Dialister|s__Dialister_invisus,Dialister invisus,Oral,bmi,-0.05212444292064075,0.6697341753933996,48,0.9858314552846569
g__Dialister|s__Dialister_invisus,Dialister invisus,Oral,antibiotics_3m,0.8617523692780786,0.614191507630208,48,0.9858314552846569
g__Dialister|s__Dialister_invisus,Dialister invisus,Oral,smoking,-0.5383817564410999,0.5831909158828217,48,0.9858314552846569
g__Dorea|s__Dorea_formicigenerans,Dorea formicigenerans,Oral,sex[T.1],0.0868610538215775,0.5115933509304627,48,0.9201938969517912
g__Dorea|s__Dorea_formicigenerans,Dorea formicigenerans,Oral,disease,-0.1849895645897665,0.31398671206050566,48,0.9201938969517912
g__Dorea|s__Dorea_formicigenerans,Dorea formicigenerans,Oral,ppi_use,-0.09279045040068379,0.49799302400758116,48,0.9201938969517912
g__Dorea|s__Dorea_formicigenerans,Dorea formicigenerans,Oral,age,0.0010857856387497047,0.8353687789591597,48,0.9858314552846569
g__Dorea|s__Dorea_formicigenerans,Dorea formicigenerans,Oral,bmi,0.000475664343950237,0.9790309318647736,48,0.9874408865963867
g__Dorea|s__Dorea_formicigenerans,Dorea formicigenerans,Oral,antibiotics_3m,-0.06728754896527267,0.7903849900180979,48,0.9858314552846569
g__Dorea|s__Dorea_formicigenerans,Dorea formicigenerans,Oral,smoking,0.14614484484387635,0.3171672749278232,48,0.9201938969517912
g__Dorea|s__Dorea_longicatena,Dorea longicatena,Oral,sex[T.1],0.0868610538215775,0.5115933509304627,48,0.9201938969517912
g__Dorea|s__Dorea_longicatena,Dorea longicatena,Oral,disease,-0.1849895645897665,0.31398671206050566,48,0.9201938969517912
g__Dorea|s__Dorea_longicatena,Dorea longicatena,Oral,ppi_use,-0.09279045040068379,0.49799302400758116,48,0.9201938969517912
g__Dorea|s__Dorea_longicatena,Dorea longicatena,Oral,age,0.0010857856387497047,0.8353687789591597,48,0.9858314552846569
g__Dorea|s__Dorea_longicatena,Dorea longicatena,Oral,bmi,0.000475664343950237,0.9790309318647736,48,0.9874408865963867
g__Dorea|s__Dorea_longicatena,Dorea longicatena,Oral,antibiotics_3m,-0.06728754896527267,0.7903849900180979,48,0.9858314552846569
g__Dorea|s__Dorea_longicatena,Dorea longicatena,Oral,smoking,0.14614484484387635,0.3171672749278232,48,0.9201938969517912
g__Dorea|s__Dorea_sp_AF24_7LB,Dorea sp AF24 7LB,Oral,sex[T.1],0.0868610538215775,0.5115933509304627,48,0.9201938969517912
g__Dorea|s__Dorea_sp_AF24_7LB,Dorea sp AF24 7LB,Oral,disease,-0.1849895645897665,0.31398671206050566,48,0.9201938969517912
g__Dorea|s__Dorea_sp_AF24_7LB,Dorea sp AF24 7LB,Oral,ppi_use,-0.09279045040068379,0.49799302400758116,48,0.9201938969517912
g__Dorea|s__Dorea_sp_AF24_7LB,Dorea sp AF24 7LB,Oral,age,0.0010857856387497047,0.8353687789591597,48,0.9858314552846569
g__Dorea|s__Dorea_sp_AF24_7LB,Dorea sp AF24 7LB,Oral,bmi,0.000475664343950237,0.9790309318647736,48,0.9874408865963867
g__Dorea|s__Dorea_sp_AF24_7LB,Dorea sp AF24 7LB,Oral,antibiotics_3m,-0.06728754896527267,0.7903849900180979,48,0.9858314552846569
g__Dorea|s__Dorea_sp_AF24_7LB,Dorea sp AF24 7LB,Oral,smoking,0.14614484484387635,0.3171672749278232,48,0.9201938969517912
g__Dorea|s__Dorea_sp_AF36_15AT,Dorea sp AF36 15AT,Oral,sex[T.1],0.0868610538215775,0.5115933509304627,48,0.9201938969517912
g__Dorea|s__Dorea_sp_AF36_15AT,Dorea sp AF36 15AT,Oral,disease,-0.1849895645897665,0.31398671206050566,48,0.9201938969517912
g__Dorea|s__Dorea_sp_AF36_15AT,Dorea sp AF36 15AT,Oral,ppi_use,-0.09279045040068379,0.49799302400758116,48,0.9201938969517912
g__Dorea|s__Dorea_sp_AF36_15AT,Dorea sp AF36 15AT,Oral,age,0.0010857856387497047,0.8353687789591597,48,0.9858314552846569
g__Dorea|s__Dorea_sp_AF36_15AT,Dorea sp AF36 15AT,Oral,bmi,0.000475664343950237,0.9790309318647736,48,0.9874408865963867
g__Dorea|s__Dorea_sp_AF36_15AT,Dorea sp AF36 15AT,Oral,antibiotics_3m,-0.06728754896527267,0.7903849900180979,48,0.9858314552846569
g__Dorea|s__Dorea_sp_AF36_15AT,Dorea sp AF36 15AT,Oral,smoking,0.14614484484387635,0.3171672749278232,48,0.9201938969517912
g__Dysosmobacter|s__Dysosmobacter_sp_BX15,Dysosmobacter sp BX15,Oral,sex[T.1],0.0868610538215775,0.5115933509304627,48,0.9201938969517912
g__Dysosmobacter|s__Dysosmobacter_sp_BX15,Dysosmobacter sp BX15,Oral,disease,-0.1849895645897665,0.31398671206050566,48,0.9201938969517912
g__Dysosmobacter|s__Dysosmobacter_sp_BX15,Dysosmobacter sp BX15,Oral,ppi_use,-0.09279045040068379,0.49799302400758116,48,0.9201938969517912
g__Dysosmobacter|s__Dysosmobacter_sp_BX15,Dysosmobacter sp BX15,Oral,age,0.0010857856387497047,0.8353687789591597,48,0.9858314552846569
g__Dysosmobacter|s__Dysosmobacter_sp_BX15,Dysosmobacter sp BX15,Oral,bmi,0.000475664343950237,0.9790309318647736,48,0.9874408865963867
g__Dysosmobacter|s__Dysosmobacter_sp_BX15,Dysosmobacter sp BX15,Oral,antibiotics_3m,-0.06728754896527267,0.7903849900180979,48,0.9858314552846569
g__Dysosmobacter|s__Dysosmobacter_sp_BX15,Dysosmobacter sp BX15,Oral,smoking,0.14614484484387635,0.3171672749278232,48,0.9201938969517912
g__Dysosmobacter|s__Dysosmobacter_welbionis,Dysosmobacter welbionis,Oral,sex[T.1],0.0868610538215775,0.5115933509304627,48,0.9201938969517912
g__Dysosmobacter|s__Dysosmobacter_welbionis,Dysosmobacter welbionis,Oral,disease,-0.1849895645897665,0.31398671206050566,48,0.9201938969517912
g__Dysosmobacter|s__Dysosmobacter_welbionis,Dysosmobacter welbionis,Oral,ppi_use,-0.09279045040068379,0.49799302400758116,48,0.9201938969517912
g__Dysosmobacter|s__Dysosmobacter_welbionis,Dysosmobacter welbionis,Oral,age,0.0010857856387497047,0.8353687789591597,48,0.9858314552846569
g__Dysosmobacter|s__Dysosmobacter_welbionis,Dysosmobacter welbionis,Oral,bmi,0.000475664343950237,0.9790309318647736,48,0.9874408865963867
g__Dysosmobacter|s__Dysosmobacter_welbionis,Dysosmobacter welbionis,Oral,antibiotics_3m,-0.06728754896527267,0.7903849900180979,48,0.9858314552846569
g__Dysosmobacter|s__Dysosmobacter_welbionis,Dysosmobacter welbionis,Oral,smoking,0.14614484484387635,0.3171672749278232,48,0.9201938969517912
g__Eggerthella|s__Eggerthella_lenta,Eggerthella lenta,Oral,sex[T.1],0.0868610538215775,0.5115933509304627,48,0.9201938969517912
g__Eggerthella|s__Eggerthella_lenta,Eggerthella lenta,Oral,disease,-0.1849895645897665,0.31398671206050566,48,0.9201938969517912
g__Eggerthella|s__Eggerthella_lenta,Eggerthella lenta,Oral,ppi_use,-0.09279045040068379,0.49799302400758116,48,0.9201938969517912
g__Eggerthella|s__Eggerthella_lenta,Eggerthella lenta,Oral,age,0.0010857856387497047,0.8353687789591597,48,0.9858314552846569
g__Eggerthella|s__Eggerthella_lenta,Eggerthella lenta,Oral,bmi,0.000475664343950237,0.9790309318647736,48,0.9874408865963867
g__Eggerthella|s__Eggerthella_lenta,Eggerthella lenta,Oral,antibiotics_3m,-0.06728754896527267,0.7903849900180979,48,0.9858314552846569
g__Eggerthella|s__Eggerthella_lenta,Eggerthella lenta,Oral,smoking,0.14614484484387635,0.3171672749278232,48,0.9201938969517912
g__Ellagibacter|s__Ellagibacter_isourolithinifaciens,Ellagibacter isourolithinifaciens,Oral,sex[T.1],0.0868610538215775,0.5115933509304627,48,0.9201938969517912
g__Ellagibacter|s__Ellagibacter_isourolithinifaciens,Ellagibacter isourolithinifaciens,Oral,disease,-0.1849895645897665,0.31398671206050566,48,0.9201938969517912
g__Ellagibacter|s__Ellagibacter_isourolithinifaciens,Ellagibacter isourolithinifaciens,Oral,ppi_use,-0.09279045040068379,0.49799302400758116,48,0.9201938969517912
g__Ellagibacter|s__Ellagibacter_isourolithinifaciens,Ellagibacter isourolithinifaciens,Oral,age,0.0010857856387497047,0.8353687789591597,48,0.9858314552846569
g__Ellagibacter|s__Ellagibacter_isourolithinifaciens,Ellagibacter isourolithinifaciens,Oral,bmi,0.000475664343950237,0.9790309318647736,48,0.9874408865963867
g__Ellagibacter|s__Ellagibacter_isourolithinifaciens,Ellagibacter isourolithinifaciens,Oral,antibiotics_3m,-0.06728754896527267,0.7903849900180979,48,0.9858314552846569
g__Ellagibacter|s__Ellagibacter_isourolithinifaciens,Ellagibacter isourolithinifaciens,Oral,smoking,0.14614484484387635,0.3171672749278232,48,0.9201938969517912
g__Enterocloster|s__Enterocloster_SGB14313,Enterocloster SGB14313,Oral,sex[T.1],0.0868610538215775,0.5115933509304627,48,0.9201938969517912
g__Enterocloster|s__Enterocloster_SGB14313,Enterocloster SGB14313,Oral,disease,-0.1849895645897665,0.31398671206050566,48,0.9201938969517912
g__Enterocloster|s__Enterocloster_SGB14313,Enterocloster SGB14313,Oral,ppi_use,-0.09279045040068379,0.49799302400758116,48,0.9201938969517912
g__Enterocloster|s__Enterocloster_SGB14313,Enterocloster SGB14313,Oral,age,0.0010857856387497047,0.8353687789591597,48,0.9858314552846569
g__Enterocloster|s__Enterocloster_SGB14313,Enterocloster SGB14313,Oral,bmi,0.000475664343950237,0.9790309318647736,48,0.9874408865963867
g__Enterocloster|s__Enterocloster_SGB14313,Enterocloster SGB14313,Oral,antibiotics_3m,-0.06728754896527267,0.7903849900180979,48,0.9858314552846569
g__Enterocloster|s__Enterocloster_SGB14313,Enterocloster SGB14313,Oral,smoking,0.14614484484387635,0.3171672749278232,48,0.9201938969517912
g__Enterocloster|s__Enterocloster_aldenensis,Enterocloster aldenensis,Oral,sex[T.1],0.0868610538215775,0.5115933509304627,48,0.9201938969517912
g__Enterocloster|s__Enterocloster_aldenensis,Enterocloster aldenensis,Oral,disease,-0.1849895645897665,0.31398671206050566,48,0.9201938969517912
g__Enterocloster|s__Enterocloster_aldenensis,Enterocloster aldenensis,Oral,ppi_use,-0.09279045040068379,0.49799302400758116,48,0.9201938969517912
g__Enterocloster|s__Enterocloster_aldenensis,Enterocloster aldenensis,Oral,age,0.0010857856387497047,0.8353687789591597,48,0.9858314552846569
g__Enterocloster|s__Enterocloster_aldenensis,Enterocloster aldenensis,Oral,bmi,0.000475664343950237,0.9790309318647736,48,0.9874408865963867
g__Enterocloster|s__Enterocloster_aldenensis,Enterocloster aldenensis,Oral,antibiotics_3m,-0.06728754896527267,0.7903849900180979,48,0.9858314552846569
g__Enterocloster|s__Enterocloster_aldenensis,Enterocloster aldenensis,Oral,smoking,0.14614484484387635,0.3171672749278232,48,0.9201938969517912
g__Enterocloster|s__Enterocloster_bolteae,Enterocloster bolteae,Oral,sex[T.1],0.0868610538215775,0.5115933509304627,48,0.9201938969517912
g__Enterocloster|s__Enterocloster_bolteae,Enterocloster bolteae,Oral,disease,-0.1849895645897665,0.31398671206050566,48,0.9201938969517912
g__Enterocloster|s__Enterocloster_bolteae,Enterocloster bolteae,Oral,ppi_use,-0.09279045040068379,0.49799302400758116,48,0.9201938969517912
g__Enterocloster|s__Enterocloster_bolteae,Enterocloster bolteae,Oral,age,0.0010857856387497047,0.8353687789591597,48,0.9858314552846569
g__Enterocloster|s__Enterocloster_bolteae,Enterocloster bolteae,Oral,bmi,0.000475664343950237,0.9790309318647736,48,0.9874408865963867
g__Enterocloster|s__Enterocloster_bolteae,Enterocloster bolteae,Oral,antibiotics_3m,-0.06728754896527267,0.7903849900180979,48,0.9858314552846569
g__Enterocloster|s__Enterocloster_bolteae,Enterocloster bolteae,Oral,smoking,0.14614484484387635,0.3171672749278232,48,0.9201938969517912
g__Enterocloster|s__Enterocloster_clostridioformis,Enterocloster clostridioformis,Oral,sex[T.1],0.0868610538215775,0.5115933509304627,48,0.9201938969517912
g__Enterocloster|s__Enterocloster_clostridioformis,Enterocloster clostridioformis,Oral,disease,-0.1849895645897665,0.31398671206050566,48,0.9201938969517912
g__Enterocloster|s__Enterocloster_clostridioformis,Enterocloster clostridioformis,Oral,ppi_use,-0.09279045040068379,0.49799302400758116,48,0.9201938969517912
g__Enterocloster|s__Enterocloster_clostridioformis,Enterocloster clostridioformis,Oral,age,0.0010857856387497047,0.8353687789591597,48,0.9858314552846569
g__Enterocloster|s__Enterocloster_clostridioformis,Enterocloster clostridioformis,Oral,bmi,0.000475664343950237,0.9790309318647736,48,0.9874408865963867
g__Enterocloster|s__Enterocloster_clostridioformis,Enterocloster clostridioformis,Oral,antibiotics_3m,-0.06728754896527267,0.7903849900180979,48,0.9858314552846569
g__Enterocloster|s__Enterocloster_clostridioformis,Enterocloster clostridioformis,Oral,smoking,0.14614484484387635,0.3171672749278232,48,0.9201938969517912
g__Enterocloster|s__Enterocloster_lavalensis,Enterocloster lavalensis,Oral,sex[T.1],0.0868610538215775,0.5115933509304627,48,0.9201938969517912
g__Enterocloster|s__Enterocloster_lavalensis,Enterocloster lavalensis,Oral,disease,-0.1849895645897665,0.31398671206050566,48,0.9201938969517912
g__Enterocloster|s__Enterocloster_lavalensis,Enterocloster lavalensis,Oral,ppi_use,-0.09279045040068379,0.49799302400758116,48,0.9201938969517912
g__Enterocloster|s__Enterocloster_lavalensis,Enterocloster lavalensis,Oral,age,0.0010857856387497047,0.8353687789591597,48,0.9858314552846569
g__Enterocloster|s__Enterocloster_lavalensis,Enterocloster lavalensis,Oral,bmi,0.000475664343950237,0.9790309318647736,48,0.9874408865963867
g__Enterocloster|s__Enterocloster_lavalensis,Enterocloster lavalensis,Oral,antibiotics_3m,-0.06728754896527267,0.7903849900180979,48,0.9858314552846569
g__Enterocloster|s__Enterocloster_lavalensis,Enterocloster lavalensis,Oral,smoking,0.14614484484387635,0.3171672749278232,48,0.9201938969517912
g__Erysipelatoclostridium|s__Erysipelatoclostridium_ramosum,Erysipelatoclostridium ramosum,Oral,sex[T.1],0.0868610538215775,0.5115933509304627,48,0.9201938969517912
g__Erysipelatoclostridium|s__Erysipelatoclostridium_ramosum,Erysipelatoclostridium ramosum,Oral,disease,-0.1849895645897665,0.31398671206050566,48,0.9201938969517912
g__Erysipelatoclostridium|s__Erysipelatoclostridium_ramosum,Erysipelatoclostridium ramosum,Oral,ppi_use,-0.09279045040068379,0.49799302400758116,48,0.9201938969517912
g__Erysipelatoclostridium|s__Erysipelatoclostridium_ramosum,Erysipelatoclostridium ramosum,Oral,age,0.0010857856387497047,0.8353687789591597,48,0.9858314552846569
g__Erysipelatoclostridium|s__Erysipelatoclostridium_ramosum,Erysipelatoclostridium ramosum,Oral,bmi,0.000475664343950237,0.9790309318647736,48,0.9874408865963867
g__Erysipelatoclostridium|s__Erysipelatoclostridium_ramosum,Erysipelatoclostridium ramosum,Oral,antibiotics_3m,-0.06728754896527267,0.7903849900180979,48,0.9858314552846569
g__Erysipelatoclostridium|s__Erysipelatoclostridium_ramosum,Erysipelatoclostridium ramosum,Oral,smoking,0.14614484484387635,0.3171672749278232,48,0.9201938969517912
g__Escherichia|s__Escherichia_coli,Escherichia coli,Oral,sex[T.1],0.0868610538215775,0.5115933509304627,48,0.9201938969517912
g__Escherichia|s__Escherichia_coli,Escherichia coli,Oral,disease,-0.1849895645897665,0.31398671206050566,48,0.9201938969517912
g__Escherichia|s__Escherichia_coli,Escherichia coli,Oral,ppi_use,-0.09279045040068379,0.49799302400758116,48,0.9201938969517912
g__Escherichia|s__Escherichia_coli,Escherichia coli,Oral,age,0.0010857856387497047,0.8353687789591597,48,0.9858314552846569
g__Escherichia|s__Escherichia_coli,Escherichia coli,Oral,bmi,0.000475664343950237,0.9790309318647736,48,0.9874408865963867
g__Escherichia|s__Escherichia_coli,Escherichia coli,Oral,antibiotics_3m,-0.06728754896527267,0.7903849900180979,48,0.9858314552846569
g__Escherichia|s__Escherichia_coli,Escherichia coli,Oral,smoking,0.14614484484387635,0.3171672749278232,48,0.9201938969517912
g__Eubacterium|s__Eubacterium_SGB6276,Eubacterium SGB6276,Oral,sex[T.1],0.0868610538215775,0.5115933509304627,48,0.9201938969517912
g__Eubacterium|s__Eubacterium_SGB6276,Eubacterium SGB6276,Oral,disease,-0.1849895645897665,0.31398671206050566,48,0.9201938969517912
g__Eubacterium|s__Eubacterium_SGB6276,Eubacterium SGB6276,Oral,ppi_use,-0.09279045040068379,0.49799302400758116,48,0.9201938969517912
g__Eubacterium|s__Eubacterium_SGB6276,Eubacterium SGB6276,Oral,age,0.0010857856387497047,0.8353687789591597,48,0.9858314552846569
g__Eubacterium|s__Eubacterium_SGB6276,Eubacterium SGB6276,Oral,bmi,0.000475664343950237,0.9790309318647736,48,0.9874408865963867
g__Eubacterium|s__Eubacterium_SGB6276,Eubacterium SGB6276,Oral,antibiotics_3m,-0.06728754896527267,0.7903849900180979,48,0.9858314552846569
g__Eubacterium|s__Eubacterium_SGB6276,Eubacterium SGB6276,Oral,smoking,0.14614484484387635,0.3171672749278232,48,0.9201938969517912
g__Eubacterium|s__Eubacterium_ramulus,Eubacterium ramulus,Oral,sex[T.1],0.0868610538215775,0.5115933509304627,48,0.9201938969517912
g__Eubacterium|s__Eubacterium_ramulus,Eubacterium ramulus,Oral,disease,-0.1849895645897665,0.31398671206050566,48,0.9201938969517912
g__Eubacterium|s__Eubacterium_ramulus,Eubacterium ramulus,Oral,ppi_use,-0.09279045040068379,0.49799302400758116,48,0.9201938969517912
g__Eubacterium|s__Eubacterium_ramulus,Eubacterium ramulus,Oral,age,0.0010857856387497047,0.8353687789591597,48,0.9858314552846569
g__Eubacterium|s__Eubacterium_ramulus,Eubacterium ramulus,Oral,bmi,0.000475664343950237,0.9790309318647736,48,0.9874408865963867
g__Eubacterium|s__Eubacterium_ramulus,Eubacterium ramulus,Oral,antibiotics_3m,-0.06728754896527267,0.7903849900180979,48,0.9858314552846569
g__Eubacterium|s__Eubacterium_ramulus,Eubacterium ramulus,Oral,smoking,0.14614484484387635,0.3171672749278232,48,0.9201938969517912
g__Eubacterium|s__Eubacterium_sp_AF16_48,Eubacterium sp AF16 48,Oral,sex[T.1],0.0868610538215775,0.5115933509304627,48,0.9201938969517912
g__Eubacterium|s__Eubacterium_sp_AF16_48,Eubacterium sp AF16 48,Oral,disease,-0.1849895645897665,0.31398671206050566,48,0.9201938969517912
g__Eubacterium|s__Eubacterium_sp_AF16_48,Eubacterium sp AF16 48,Oral,ppi_use,-0.09279045040068379,0.49799302400758116,48,0.9201938969517912
g__Eubacterium|s__Eubacterium_sp_AF16_48,Eubacterium sp AF16 48,Oral,age,0.0010857856387497047,0.8353687789591597,48,0.9858314552846569
g__Eubacterium|s__Eubacterium_sp_AF16_48,Eubacterium sp AF16 48,Oral,bmi,0.000475664343950237,0.9790309318647736,48,0.9874408865963867
g__Eubacterium|s__Eubacterium_sp_AF16_48,Eubacterium sp AF16 48,Oral,antibiotics_3m,-0.06728754896527267,0.7903849900180979,48,0.9858314552846569
g__Eubacterium|s__Eubacterium_sp_AF16_48,Eubacterium sp AF16 48,Oral,smoking,0.14614484484387635,0.3171672749278232,48,0.9201938969517912
g__Eubacterium|s__Eubacterium_ventriosum,Eubacterium ventriosum,Oral,sex[T.1],0.0868610538215775,0.5115933509304627,48,0.9201938969517912
g__Eubacterium|s__Eubacterium_ventriosum,Eubacterium ventriosum,Oral,disease,-0.1849895645897665,0.31398671206050566,48,0.9201938969517912
g__Eubacterium|s__Eubacterium_ventriosum,Eubacterium ventriosum,Oral,ppi_use,-0.09279045040068379,0.49799302400758116,48,0.9201938969517912
g__Eubacterium|s__Eubacterium_ventriosum,Eubacterium ventriosum,Oral,age,0.0010857856387497047,0.8353687789591597,48,0.9858314552846569
g__Eubacterium|s__Eubacterium_ventriosum,Eubacterium ventriosum,Oral,bmi,0.000475664343950237,0.9790309318647736,48,0.9874408865963867
g__Eubacterium|s__Eubacterium_ventriosum,Eubacterium ventriosum,Oral,antibiotics_3m,-0.06728754896527267,0.7903849900180979,48,0.9858314552846569
g__Eubacterium|s__Eubacterium_ventriosum,Eubacterium ventriosum,Oral,smoking,0.14614484484387635,0.3171672749278232,48,0.9201938969517912
g__Faecalibacillus|s__Faecalibacillus_intestinalis,Faecalibacillus intestinalis,Oral,sex[T.1],0.0868610538215775,0.5115933509304627,48,0.9201938969517912
g__Faecalibacillus|s__Faecalibacillus_intestinalis,Faecalibacillus intestinalis,Oral,disease,-0.1849895645897665,0.31398671206050566,48,0.9201938969517912
g__Faecalibacillus|s__Faecalibacillus_intestinalis,Faecalibacillus intestinalis,Oral,ppi_use,-0.09279045040068379,0.49799302400758116,48,0.9201938969517912
g__Faecalibacillus|s__Faecalibacillus_intestinalis,Faecalibacillus intestinalis,Oral,age,0.0010857856387497047,0.8353687789591597,48,0.9858314552846569
g__Faecalibacillus|s__Faecalibacillus_intestinalis,Faecalibacillus intestinalis,Oral,bmi,0.000475664343950237,0.9790309318647736,48,0.9874408865963867
g__Faecalibacillus|s__Faecalibacillus_intestinalis,Faecalibacillus intestinalis,Oral,antibiotics_3m,-0.06728754896527267,0.7903849900180979,48,0.9858314552846569
g__Faecalibacillus|s__Faecalibacillus_intestinalis,Faecalibacillus intestinalis,Oral,smoking,0.14614484484387635,0.3171672749278232,48,0.9201938969517912
g__Faecalibacterium|s__Faecalibacterium_SGB15315,Faecalibacterium SGB15315,Oral,sex[T.1],0.0868610538215775,0.5115933509304627,48,0.9201938969517912
g__Faecalibacterium|s__Faecalibacterium_SGB15315,Faecalibacterium SGB15315,Oral,disease,-0.1849895645897665,0.31398671206050566,48,0.9201938969517912
g__Faecalibacterium|s__Faecalibacterium_SGB15315,Faecalibacterium SGB15315,Oral,ppi_use,-0.09279045040068379,0.49799302400758116,48,0.9201938969517912
g__Faecalibacterium|s__Faecalibacterium_SGB15315,Faecalibacterium SGB15315,Oral,age,0.0010857856387497047,0.8353687789591597,48,0.9858314552846569
g__Faecalibacterium|s__Faecalibacterium_SGB15315,Faecalibacterium SGB15315,Oral,bmi,0.000475664343950237,0.9790309318647736,48,0.9874408865963867
g__Faecalibacterium|s__Faecalibacterium_SGB15315,Faecalibacterium SGB15315,Oral,antibiotics_3m,-0.06728754896527267,0.7903849900180979,48,0.9858314552846569
g__Faecalibacterium|s__Faecalibacterium_SGB15315,Faecalibacterium SGB15315,Oral,smoking,0.14614484484387635,0.3171672749278232,48,0.9201938969517912
g__Faecalibacterium|s__Faecalibacterium_SGB15346,Faecalibacterium SGB15346,Oral,sex[T.1],0.0868610538215775,0.5115933509304627,48,0.9201938969517912
g__Faecalibacterium|s__Faecalibacterium_SGB15346,Faecalibacterium SGB15346,Oral,disease,-0.1849895645897665,0.31398671206050566,48,0.9201938969517912
g__Faecalibacterium|s__Faecalibacterium_SGB15346,Faecalibacterium SGB15346,Oral,ppi_use,-0.09279045040068379,0.49799302400758116,48,0.9201938969517912
g__Faecalibacterium|s__Faecalibacterium_SGB15346,Faecalibacterium SGB15346,Oral,age,0.0010857856387497047,0.8353687789591597,48,0.9858314552846569
g__Faecalibacterium|s__Faecalibacterium_SGB15346,Faecalibacterium SGB15346,Oral,bmi,0.000475664343950237,0.9790309318647736,48,0.9874408865963867
g__Faecalibacterium|s__Faecalibacterium_SGB15346,Faecalibacterium SGB15346,Oral,antibiotics_3m,-0.06728754896527267,0.7903849900180979,48,0.9858314552846569
g__Faecalibacterium|s__Faecalibacterium_SGB15346,Faecalibacterium SGB15346,Oral,smoking,0.14614484484387635,0.3171672749278232,48,0.9201938969517912
g__Faecalibacterium|s__Faecalibacterium_prausnitzii,Faecalibacterium prausnitzii,Oral,sex[T.1],0.0868610538215775,0.5115933509304627,48,0.9201938969517912
g__Faecalibacterium|s__Faecalibacterium_prausnitzii,Faecalibacterium prausnitzii,Oral,disease,-0.1849895645897665,0.31398671206050566,48,0.9201938969517912
g__Faecalibacterium|s__Faecalibacterium_prausnitzii,Faecalibacterium prausnitzii,Oral,ppi_use,-0.09279045040068379,0.49799302400758116,48,0.9201938969517912
g__Faecalibacterium|s__Faecalibacterium_prausnitzii,Faecalibacterium prausnitzii,Oral,age,0.0010857856387497047,0.8353687789591597,48,0.9858314552846569
g__Faecalibacterium|s__Faecalibacterium_prausnitzii,Faecalibacterium prausnitzii,Oral,bmi,0.000475664343950237,0.9790309318647736,48,0.9874408865963867
g__Faecalibacterium|s__Faecalibacterium_prausnitzii,Faecalibacterium prausnitzii,Oral,antibiotics_3m,-0.06728754896527267,0.7903849900180979,48,0.9858314552846569
g__Faecalibacterium|s__Faecalibacterium_prausnitzii,Faecalibacterium prausnitzii,Oral,smoking,0.14614484484387635,0.3171672749278232,48,0.9201938969517912
g__Faecalicatena|s__Faecalicatena_fissicatena,Faecalicatena fissicatena,Oral,sex[T.1],0.0868610538215775,0.5115933509304627,48,0.9201938969517912
g__Faecalicatena|s__Faecalicatena_fissicatena,Faecalicatena fissicatena,Oral,disease,-0.1849895645897665,0.31398671206050566,48,0.9201938969517912
g__Faecalicatena|s__Faecalicatena_fissicatena,Faecalicatena fissicatena,Oral,ppi_use,-0.09279045040068379,0.49799302400758116,48,0.9201938969517912
g__Faecalicatena|s__Faecalicatena_fissicatena,Faecalicatena fissicatena,Oral,age,0.0010857856387497047,0.8353687789591597,48,0.9858314552846569
g__Faecalicatena|s__Faecalicatena_fissicatena,Faecalicatena fissicatena,Oral,bmi,0.000475664343950237,0.9790309318647736,48,0.9874408865963867
g__Faecalicatena|s__Faecalicatena_fissicatena,Faecalicatena fissicatena,Oral,antibiotics_3m,-0.06728754896527267,0.7903849900180979,48,0.9858314552846569
g__Faecalicatena|s__Faecalicatena_fissicatena,Faecalicatena fissicatena,Oral,smoking,0.14614484484387635,0.3171672749278232,48,0.9201938969517912
g__Flavonifractor|s__Flavonifractor_plautii,Flavonifractor plautii,Oral,sex[T.1],0.0868610538215775,0.5115933509304627,48,0.9201938969517912
g__Flavonifractor|s__Flavonifractor_plautii,Flavonifractor plautii,Oral,disease,-0.1849895645897665,0.31398671206050566,48,0.9201938969517912
g__Flavonifractor|s__Flavonifractor_plautii,Flavonifractor plautii,Oral,ppi_use,-0.09279045040068379,0.49799302400758116,48,0.9201938969517912
g__Flavonifractor|s__Flavonifractor_plautii,Flavonifractor plautii,Oral,age,0.0010857856387497047,0.8353687789591597,48,0.9858314552846569
g__Flavonifractor|s__Flavonifractor_plautii,Flavonifractor plautii,Oral,bmi,0.000475664343950237,0.9790309318647736,48,0.9874408865963867
g__Flavonifractor|s__Flavonifractor_plautii,Flavonifractor plautii,Oral,antibiotics_3m,-0.06728754896527267,0.7903849900180979,48,0.9858314552846569
g__Flavonifractor|s__Flavonifractor_plautii,Flavonifractor plautii,Oral,smoking,0.14614484484387635,0.3171672749278232,48,0.9201938969517912
g__Fusicatenibacter|s__Fusicatenibacter_saccharivorans,Fusicatenibacter saccharivorans,Oral,sex[T.1],0.0868610538215775,0.5115933509304627,48,0.9201938969517912
g__Fusicatenibacter|s__Fusicatenibacter_saccharivorans,Fusicatenibacter saccharivorans,Oral,disease,-0.1849895645897665,0.31398671206050566,48,0.9201938969517912
g__Fusicatenibacter|s__Fusicatenibacter_saccharivorans,Fusicatenibacter saccharivorans,Oral,ppi_use,-0.09279045040068379,0.49799302400758116,48,0.9201938969517912
g__Fusicatenibacter|s__Fusicatenibacter_saccharivorans,Fusicatenibacter saccharivorans,Oral,age,0.0010857856387497047,0.8353687789591597,48,0.9858314552846569
g__Fusicatenibacter|s__Fusicatenibacter_saccharivorans,Fusicatenibacter saccharivorans,Oral,bmi,0.000475664343950237,0.9790309318647736,48,0.9874408865963867
g__Fusicatenibacter|s__Fusicatenibacter_saccharivorans,Fusicatenibacter saccharivorans,Oral,antibiotics_3m,-0.06728754896527267,0.7903849900180979,48,0.9858314552846569
g__Fusicatenibacter|s__Fusicatenibacter_saccharivorans,Fusicatenibacter saccharivorans,Oral,smoking,0.14614484484387635,0.3171672749278232,48,0.9201938969517912
g__Fusobacterium|s__Fusobacterium_nucleatum,Fusobacterium nucleatum,Oral,sex[T.1],1.286237373105757,0.21700238249524642,48,0.9201938969517912
g__Fusobacterium|s__Fusobacterium_nucleatum,Fusobacterium nucleatum,Oral,disease,-1.1790337902029027,0.4107577206121942,48,0.9201938969517912
g__Fusobacterium|s__Fusobacterium_nucleatum,Fusobacterium nucleatum,Oral,ppi_use,-0.8266795454305933,0.44040200759294834,48,0.9201938969517912
g__Fusobacterium|s__Fusobacterium_nucleatum,Fusobacterium nucleatum,Oral,age,-0.08456755287790452,0.04360951469818262,48,0.9201938969517912
g__Fusobacterium|s__Fusobacterium_nucleatum,Fusobacterium nucleatum,Oral,bmi,0.125503475733253,0.37743039307099735,48,0.9201938969517912
g__Fusobacterium|s__Fusobacterium_nucleatum,Fusobacterium nucleatum,Oral,antibiotics_3m,-1.197550865924847,0.5458755604588588,48,0.9655984535978517
g__Fusobacterium|s__Fusobacterium_nucleatum,Fusobacterium nucleatum,Oral,smoking,-2.6081264599676945,0.025999378258284828,48,0.9201938969517912
g__Fusobacterium|s__Fusobacterium_pseudoperiodonticum,Fusobacterium pseudoperiodonticum,Oral,sex[T.1],-0.8451595972006878,0.499117464938308,48,0.9201938969517912
g__Fusobacterium|s__Fusobacterium_pseudoperiodonticum,Fusobacterium pseudoperiodonticum,Oral,disease,-3.392418577399612,0.054683467943604055,48,0.9201938969517912
g__Fusobacterium|s__Fusobacterium_pseudoperiodonticum,Fusobacterium pseudoperiodonticum,Oral,ppi_use,0.15128464550173115,0.9066419911683867,48,0.9874408865963867
g__Fusobacterium|s__Fusobacterium_pseudoperiodonticum,Fusobacterium pseudoperiodonticum,Oral,age,0.030608042699504994,0.536063611170875,48,0.9537351865654162
g__Fusobacterium|s__Fusobacterium_pseudoperiodonticum,Fusobacterium pseudoperiodonticum,Oral,bmi,-0.09272019750046673,0.5882938817651849,48,0.9858314552846569
g__Fusobacterium|s__Fusobacterium_pseudoperiodonticum,Fusobacterium pseudoperiodonticum,Oral,antibiotics_3m,-0.03733963392011175,0.9875373927454478,48,0.992384202034996
g__Fusobacterium|s__Fusobacterium_pseudoperiodonticum,Fusobacterium pseudoperiodonticum,Oral,smoking,-1.7419537613249574,0.20861588295453629,48,0.9201938969517912
g__GGB10485|s__GGB10485_SGB49305,GGB10485 SGB49305,Oral,sex[T.1],0.5947600784624365,0.5667063768739891,48,0.9858314552846569
g__GGB10485|s__GGB10485_SGB49305,GGB10485 SGB49305,Oral,disease,0.229602315859867,0.8727202479522428,48,0.9874408865963867
g__GGB10485|s__GGB10485_SGB49305,GGB10485 SGB49305,Oral,ppi_use,-1.0430322631139575,0.33331206359473076,48,0.9201938969517912
g__GGB10485|s__GGB10485_SGB49305,GGB10485 SGB49305,Oral,age,0.07074365502738306,0.09021814305738411,48,0.9201938969517912
g__GGB10485|s__GGB10485_SGB49305,GGB10485 SGB49305,Oral,bmi,-0.002476669766788203,0.9860901801659872,48,0.9913353406987849
g__GGB10485|s__GGB10485_SGB49305,GGB10485 SGB49305,Oral,antibiotics_3m,1.0497842529013446,0.5977696300010262,48,0.9858314552846569
g__GGB10485|s__GGB10485_SGB49305,GGB10485 SGB49305,Oral,smoking,1.7585228772737922,0.1283588660832883,48,0.9201938969517912
g__GGB1088|s__GGB1088_SGB1395,GGB1088 SGB1395,Oral,sex[T.1],-0.41413272687691033,0.48131232794689127,48,0.9201938969517912
g__GGB1088|s__GGB1088_SGB1395,GGB1088 SGB1395,Oral,disease,-2.0190172210880903,0.01640007197781145,48,0.9201938969517912
g__GGB1088|s__GGB1088_SGB1395,GGB1088 SGB1395,Oral,ppi_use,-0.07334175977965646,0.9037562451191756,48,0.9874408865963867
g__GGB1088|s__GGB1088_SGB1395,GGB1088 SGB1395,Oral,age,-0.02251275110818554,0.3347416800398385,48,0.9201938969517912
g__GGB1088|s__GGB1088_SGB1395,GGB1088 SGB1395,Oral,bmi,0.016201841108794558,0.8403136426692794,48,0.9874408865963867
g__GGB1088|s__GGB1088_SGB1395,GGB1088 SGB1395,Oral,antibiotics_3m,1.5653259950788323,0.16880286177322096,48,0.9201938969517912
g__GGB1088|s__GGB1088_SGB1395,GGB1088 SGB1395,Oral,smoking,0.598174682037528,0.35623097373905965,48,0.9201938969517912
g__GGB1144|s__GGB1144_SGB1468,GGB1144 SGB1468,Oral,sex[T.1],0.00029651697810206823,0.9997661729538727,48,0.9997661729538727
g__GGB1144|s__GGB1144_SGB1468,GGB1144 SGB1468,Oral,disease,-1.4496840323121394,0.30350608210054986,48,0.9201938969517912
g__GGB1144|s__GGB1144_SGB1468,GGB1144 SGB1468,Oral,ppi_use,0.3800042643606535,0.7167979762035419,48,0.9858314552846569
g__GGB1144|s__GGB1144_SGB1468,GGB1144 SGB1468,Oral,age,-0.041392321941824295,0.30450813754309203,48,0.9201938969517912
g__GGB1144|s__GGB1144_SGB1468,GGB1144 SGB1468,Oral,bmi,-0.06937984941885483,0.6175806616149502,48,0.9858314552846569
g__GGB1144|s__GGB1144_SGB1468,GGB1144 SGB1468,Oral,antibiotics_3m,-1.3959286922099818,0.4732015092255204,48,0.9201938969517912
g__GGB1144|s__GGB1144_SGB1468,GGB1144 SGB1468,Oral,smoking,-0.4941197149834181,0.6574775676918659,48,0.9858314552846569
g__GGB1202|s__GGB1202_SGB1567,GGB1202 SGB1567,Oral,sex[T.1],1.0269688806174622,0.38389540290777924,48,0.9201938969517912
g__GGB1202|s__GGB1202_SGB1567,GGB1202 SGB1567,Oral,disease,1.5011725992418246,0.3577312592567613,48,0.9201938969517912
g__GGB1202|s__GGB1202_SGB1567,GGB1202 SGB1567,Oral,ppi_use,1.7261379256450085,0.1603573204134747,48,0.9201938969517912
g__GGB1202|s__GGB1202_SGB1567,GGB1202 SGB1567,Oral,age,-0.060743863819431365,0.19572670997834685,48,0.9201938969517912
g__GGB1202|s__GGB1202_SGB1567,GGB1202 SGB1567,Oral,bmi,0.05656609907159168,0.7254567371763532,48,0.9858314552846569
g__GGB1202|s__GGB1202_SGB1567,GGB1202 SGB1567,Oral,antibiotics_3m,0.6180443917971353,0.7836916336308672,48,0.9858314552846569
g__GGB1202|s__GGB1202_SGB1567,GGB1202 SGB1567,Oral,smoking,0.7068843146948682,0.584765820257291,48,0.9858314552846569
g__GGB12785|s__GGB12785_SGB19823,GGB12785 SGB19823,Oral,sex[T.1],-0.9129781584675978,0.43000561711621443,48,0.9201938969517912
g__GGB12785|s__GGB12785_SGB19823,GGB12785 SGB19823,Oral,disease,-0.11250873608665235,0.9437266652372036,48,0.9874408865963867
g__GGB12785|s__GGB12785_SGB19823,GGB12785 SGB19823,Oral,ppi_use,1.2618441542237357,0.2931946781149654,48,0.9201938969517912
g__GGB12785|s__GGB12785_SGB19823,GGB12785 SGB19823,Oral,age,0.007978747709148849,0.8611414094805132,48,0.9874408865963867
g__GGB12785|s__GGB12785_SGB19823,GGB12785 SGB19823,Oral,bmi,-0.1815847116407851,0.2543732922213584,48,0.9201938969517912
g__GGB12785|s__GGB12785_SGB19823,GGB12785 SGB19823,Oral,antibiotics_3m,4.411942914070693,0.051256037130513306,48,0.9201938969517912
g__GGB12785|s__GGB12785_SGB19823,GGB12785 SGB19823,Oral,smoking,1.7339216869769158,0.17633270806373222,48,0.9201938969517912
g__GGB13493|s__GGB13493_SGB15238,GGB13493 SGB15238,Oral,sex[T.1],0.0868610538215775,0.5115933509304627,48,0.9201938969517912
g__GGB13493|s__GGB13493_SGB15238,GGB13493 SGB15238,Oral,disease,-0.1849895645897665,0.31398671206050566,48,0.9201938969517912
g__GGB13493|s__GGB13493_SGB15238,GGB13493 SGB15238,Oral,ppi_use,-0.09279045040068379,0.49799302400758116,48,0.9201938969517912
g__GGB13493|s__GGB13493_SGB15238,GGB13493 SGB15238,Oral,age,0.0010857856387497047,0.8353687789591597,48,0.9858314552846569
g__GGB13493|s__GGB13493_SGB15238,GGB13493 SGB15238,Oral,bmi,0.000475664343950237,0.9790309318647736,48,0.9874408865963867
g__GGB13493|s__GGB13493_SGB15238,GGB13493 SGB15238,Oral,antibiotics_3m,-0.06728754896527267,0.7903849900180979,48,0.9858314552846569
g__GGB13493|s__GGB13493_SGB15238,GGB13493 SGB15238,Oral,smoking,0.14614484484387635,0.3171672749278232,48,0.9201938969517912
g__GGB14025|s__GGB14025_SGB14906,GGB14025 SGB14906,Oral,sex[T.1],0.0868610538215775,0.5115933509304627,48,0.9201938969517912
g__GGB14025|s__GGB14025_SGB14906,GGB14025 SGB14906,Oral,disease,-0.1849895645897665,0.31398671206050566,48,0.9201938969517912
g__GGB14025|s__GGB14025_SGB14906,GGB14025 SGB14906,Oral,ppi_use,-0.09279045040068379,0.49799302400758116,48,0.9201938969517912
g__GGB14025|s__GGB14025_SGB14906,GGB14025 SGB14906,Oral,age,0.0010857856387497047,0.8353687789591597,48,0.9858314552846569
g__GGB14025|s__GGB14025_SGB14906,GGB14025 SGB14906,Oral,bmi,0.000475664343950237,0.9790309318647736,48,0.9874408865963867
g__GGB14025|s__GGB14025_SGB14906,GGB14025 SGB14906,Oral,antibiotics_3m,-0.06728754896527267,0.7903849900180979,48,0.9858314552846569
g__GGB14025|s__GGB14025_SGB14906,GGB14025 SGB14906,Oral,smoking,0.14614484484387635,0.3171672749278232,48,0.9201938969517912
g__GGB1420|s__GGB1420_SGB1957,GGB1420 SGB1957,Oral,sex[T.1],0.0868610538215775,0.5115933509304627,48,0.9201938969517912
g__GGB1420|s__GGB1420_SGB1957,GGB1420 SGB1957,Oral,disease,-0.1849895645897665,0.31398671206050566,48,0.9201938969517912
g__GGB1420|s__GGB1420_SGB1957,GGB1420 SGB1957,Oral,ppi_use,-0.09279045040068379,0.49799302400758116,48,0.9201938969517912
g__GGB1420|s__GGB1420_SGB1957,GGB1420 SGB1957,Oral,age,0.0010857856387497047,0.8353687789591597,48,0.9858314552846569
g__GGB1420|s__GGB1420_SGB1957,GGB1420 SGB1957,Oral,bmi,0.000475664343950237,0.9790309318647736,48,0.9874408865963867
g__GGB1420|s__GGB1420_SGB1957,GGB1420 SGB1957,Oral,antibiotics_3m,-0.06728754896527267,0.7903849900180979,48,0.9858314552846569
g__GGB1420|s__GGB1420_SGB1957,GGB1420 SGB1957,Oral,smoking,0.14614484484387635,0.3171672749278232,48,0.9201938969517912
g__GGB16040|s__GGB16040_SGB9347,GGB16040 SGB9347,Oral,sex[T.1],0.0868610538215775,0.5115933509304627,48,0.9201938969517912
g__GGB16040|s__GGB16040_SGB9347,GGB16040 SGB9347,Oral,disease,-0.1849895645897665,0.31398671206050566,48,0.9201938969517912
g__GGB16040|s__GGB16040_SGB9347,GGB16040 SGB9347,Oral,ppi_use,-0.09279045040068379,0.49799302400758116,48,0.9201938969517912
g__GGB16040|s__GGB16040_SGB9347,GGB16040 SGB9347,Oral,age,0.0010857856387497047,0.8353687789591597,48,0.9858314552846569
g__GGB16040|s__GGB16040_SGB9347,GGB16040 SGB9347,Oral,bmi,0.000475664343950237,0.9790309318647736,48,0.9874408865963867
g__GGB16040|s__GGB16040_SGB9347,GGB16040 SGB9347,Oral,antibiotics_3m,-0.06728754896527267,0.7903849900180979,48,0.9858314552846569
g__GGB16040|s__GGB16040_SGB9347,GGB16040 SGB9347,Oral,smoking,0.14614484484387635,0.3171672749278232,48,0.9201938969517912
g__GGB1843|s__GGB1843_SGB2516,GGB1843 SGB2516,Oral,sex[T.1],0.2846895146584974,0.24736277609145838,48,0.9201938969517912
g__GGB1843|s__GGB1843_SGB2516,GGB1843 SGB2516,Oral,disease,-0.03222158911927131,0.9239524224418892,48,0.9874408865963867
g__GGB1843|s__GGB1843_SGB2516,GGB1843 SGB2516,Oral,ppi_use,-0.3173740868283918,0.21317209860646683,48,0.9201938969517912
g__GGB1843|s__GGB1843_SGB2516,GGB1843 SGB2516,Oral,age,0.0010585573426894132,0.9127276226331199,48,0.9874408865963867
g__GGB1843|s__GGB1843_SGB2516,GGB1843 SGB2516,Oral,bmi,0.010784504125180443,0.747390638141963,48,0.9858314552846569
g__GGB1843|s__GGB1843_SGB2516,GGB1843 SGB2516,Oral,antibiotics_3m,-0.21457560836995748,0.6469288145889633,48,0.9858314552846569
g__GGB1843|s__GGB1843_SGB2516,GGB1843 SGB2516,Oral,smoking,-0.019819267803000695,0.9411463003398475,48,0.9874408865963867
g__GGB1843|s__GGB1843_SGB2524,GGB1843 SGB2524,Oral,sex[T.1],-0.03476713357725503,0.9676118454353553,48,0.9874408865963867
g__GGB1843|s__GGB1843_SGB2524,GGB1843 SGB2524,Oral,disease,1.0410996900568676,0.3816765219525825,48,0.9201938969517912
g__GGB1843|s__GGB1843_SGB2524,GGB1843 SGB2524,Oral,ppi_use,-0.8118322048242073,0.3619305778959391,48,0.9201938969517912
g__GGB1843|s__GGB1843_SGB2524,GGB1843 SGB2524,Oral,age,0.03226992265161058,0.3436940681087519,48,0.9201938969517912
g__GGB1843|s__GGB1843_SGB2524,GGB1843 SGB2524,Oral,bmi,0.038430689884302385,0.7435940726929366,48,0.9858314552846569
g__GGB1843|s__GGB1843_SGB2524,GGB1843 SGB2524,Oral,antibiotics_3m,2.2933096775216963,0.1675163551236476,48,0.9201938969517912
g__GGB1843|s__GGB1843_SGB2524,GGB1843 SGB2524,Oral,smoking,-0.21179550183057116,0.822143237988323,48,0.9858314552846569
g__GGB2653|s__GGB2653_SGB3574,GGB2653 SGB3574,Oral,sex[T.1],0.0868610538215775,0.5115933509304627,48,0.9201938969517912
g__GGB2653|s__GGB2653_SGB3574,GGB2653 SGB3574,Oral,disease,-0.1849895645897665,0.31398671206050566,48,0.9201938969517912
g__GGB2653|s__GGB2653_SGB3574,GGB2653 SGB3574,Oral,ppi_use,-0.09279045040068379,0.49799302400758116,48,0.9201938969517912
g__GGB2653|s__GGB2653_SGB3574,GGB2653 SGB3574,Oral,age,0.0010857856387497047,0.8353687789591597,48,0.9858314552846569
g__GGB2653|s__GGB2653_SGB3574,GGB2653 SGB3574,Oral,bmi,0.000475664343950237,0.9790309318647736,48,0.9874408865963867
g__GGB2653|s__GGB2653_SGB3574,GGB2653 SGB3574,Oral,antibiotics_3m,-0.06728754896527267,0.7903849900180979,48,0.9858314552846569
g__GGB2653|s__GGB2653_SGB3574,GGB2653 SGB3574,Oral,smoking,0.14614484484387635,0.3171672749278232,48,0.9201938969517912
g__GGB2998|s__GGB2998_SGB3989,GGB2998 SGB3989,Oral,sex[T.1],0.0868610538215775,0.5115933509304627,48,0.9201938969517912
g__GGB2998|s__GGB2998_SGB3989,GGB2998 SGB3989,Oral,disease,-0.1849895645897665,0.31398671206050566,48,0.9201938969517912
g__GGB2998|s__GGB2998_SGB3989,GGB2998 SGB3989,Oral,ppi_use,-0.09279045040068379,0.49799302400758116,48,0.9201938969517912
g__GGB2998|s__GGB2998_SGB3989,GGB2998 SGB3989,Oral,age,0.0010857856387497047,0.8353687789591597,48,0.9858314552846569
g__GGB2998|s__GGB2998_SGB3989,GGB2998 SGB3989,Oral,bmi,0.000475664343950237,0.9790309318647736,48,0.9874408865963867
g__GGB2998|s__GGB2998_SGB3989,GGB2998 SGB3989,Oral,antibiotics_3m,-0.06728754896527267,0.7903849900180979,48,0.9858314552846569
g__GGB2998|s__GGB2998_SGB3989,GGB2998 SGB3989,Oral,smoking,0.14614484484387635,0.3171672749278232,48,0.9201938969517912
g__GGB3033|s__GGB3033_SGB4029,GGB3033 SGB4029,Oral,sex[T.1],0.0868610538215775,0.5115933509304627,48,0.9201938969517912
g__GGB3033|s__GGB3033_SGB4029,GGB3033 SGB4029,Oral,disease,-0.1849895645897665,0.31398671206050566,48,0.9201938969517912
g__GGB3033|s__GGB3033_SGB4029,GGB3033 SGB4029,Oral,ppi_use,-0.09279045040068379,0.49799302400758116,48,0.9201938969517912
g__GGB3033|s__GGB3033_SGB4029,GGB3033 SGB4029,Oral,age,0.0010857856387497047,0.8353687789591597,48,0.9858314552846569
g__GGB3033|s__GGB3033_SGB4029,GGB3033 SGB4029,Oral,bmi,0.000475664343950237,0.9790309318647736,48,0.9874408865963867
g__GGB3033|s__GGB3033_SGB4029,GGB3033 SGB4029,Oral,antibiotics_3m,-0.06728754896527267,0.7903849900180979,48,0.9858314552846569
g__GGB3033|s__GGB3033_SGB4029,GGB3033 SGB4029,Oral,smoking,0.14614484484387635,0.3171672749278232,48,0.9201938969517912
g__GGB3109|s__GGB3109_SGB4643,GGB3109 SGB4643,Oral,sex[T.1],0.0868610538215775,0.5115933509304627,48,0.9201938969517912
g__GGB3109|s__GGB3109_SGB4643,GGB3109 SGB4643,Oral,disease,-0.1849895645897665,0.31398671206050566,48,0.9201938969517912
g__GGB3109|s__GGB3109_SGB4643,GGB3109 SGB4643,Oral,ppi_use,-0.09279045040068379,0.49799302400758116,48,0.9201938969517912
g__GGB3109|s__GGB3109_SGB4643,GGB3109 SGB4643,Oral,age,0.0010857856387497047,0.8353687789591597,48,0.9858314552846569
g__GGB3109|s__GGB3109_SGB4643,GGB3109 SGB4643,Oral,bmi,0.000475664343950237,0.9790309318647736,48,0.9874408865963867
g__GGB3109|s__GGB3109_SGB4643,GGB3109 SGB4643,Oral,antibiotics_3m,-0.06728754896527267,0.7903849900180979,48,0.9858314552846569
g__GGB3109|s__GGB3109_SGB4643,GGB3109 SGB4643,Oral,smoking,0.14614484484387635,0.3171672749278232,48,0.9201938969517912
g__GGB3175|s__GGB3175_SGB4191,GGB3175 SGB4191,Oral,sex[T.1],0.0868610538215775,0.5115933509304627,48,0.9201938969517912
g__GGB3175|s__GGB3175_SGB4191,GGB3175 SGB4191,Oral,disease,-0.1849895645897665,0.31398671206050566,48,0.9201938969517912
g__GGB3175|s__GGB3175_SGB4191,GGB3175 SGB4191,Oral,ppi_use,-0.09279045040068379,0.49799302400758116,48,0.9201938969517912
g__GGB3175|s__GGB3175_SGB4191,GGB3175 SGB4191,Oral,age,0.0010857856387497047,0.8353687789591597,48,0.9858314552846569
g__GGB3175|s__GGB3175_SGB4191,GGB3175 SGB4191,Oral,bmi,0.000475664343950237,0.9790309318647736,48,0.9874408865963867
g__GGB3175|s__GGB3175_SGB4191,GGB3175 SGB4191,Oral,antibiotics_3m,-0.06728754896527267,0.7903849900180979,48,0.9858314552846569
g__GGB3175|s__GGB3175_SGB4191,GGB3175 SGB4191,Oral,smoking,0.14614484484387635,0.3171672749278232,48,0.9201938969517912
g__GGB3256|s__GGB3256_SGB4303,GGB3256 SGB4303,Oral,sex[T.1],0.0868610538215775,0.5115933509304627,48,0.9201938969517912
g__GGB3256|s__GGB3256_SGB4303,GGB3256 SGB4303,Oral,disease,-0.1849895645897665,0.31398671206050566,48,0.9201938969517912
g__GGB3256|s__GGB3256_SGB4303,GGB3256 SGB4303,Oral,ppi_use,-0.09279045040068379,0.49799302400758116,48,0.9201938969517912
g__GGB3256|s__GGB3256_SGB4303,GGB3256 SGB4303,Oral,age,0.0010857856387497047,0.8353687789591597,48,0.9858314552846569
g__GGB3256|s__GGB3256_SGB4303,GGB3256 SGB4303,Oral,bmi,0.000475664343950237,0.9790309318647736,48,0.9874408865963867
g__GGB3256|s__GGB3256_SGB4303,GGB3256 SGB4303,Oral,antibiotics_3m,-0.06728754896527267,0.7903849900180979,48,0.9858314552846569
g__GGB3256|s__GGB3256_SGB4303,GGB3256 SGB4303,Oral,smoking,0.14614484484387635,0.3171672749278232,48,0.9201938969517912
g__GGB3304|s__GGB3304_SGB4367,GGB3304 SGB4367,Oral,sex[T.1],0.0868610538215775,0.5115933509304627,48,0.9201938969517912
g__GGB3304|s__GGB3304_SGB4367,GGB3304 SGB4367,Oral,disease,-0.1849895645897665,0.31398671206050566,48,0.9201938969517912
g__GGB3304|s__GGB3304_SGB4367,GGB3304 SGB4367,Oral,ppi_use,-0.09279045040068379,0.49799302400758116,48,0.9201938969517912
g__GGB3304|s__GGB3304_SGB4367,GGB3304 SGB4367,Oral,age,0.0010857856387497047,0.8353687789591597,48,0.9858314552846569
g__GGB3304|s__GGB3304_SGB4367,GGB3304 SGB4367,Oral,bmi,0.000475664343950237,0.9790309318647736,48,0.9874408865963867
g__GGB3304|s__GGB3304_SGB4367,GGB3304 SGB4367,Oral,antibiotics_3m,-0.06728754896527267,0.7903849900180979,48,0.9858314552846569
g__GGB3304|s__GGB3304_SGB4367,GGB3304 SGB4367,Oral,smoking,0.14614484484387635,0.3171672749278232,48,0.9201938969517912
g__GGB3321|s__GGB3321_SGB4394,GGB3321 SGB4394,Oral,sex[T.1],0.0868610538215775,0.5115933509304627,48,0.9201938969517912
g__GGB3321|s__GGB3321_SGB4394,GGB3321 SGB4394,Oral,disease,-0.1849895645897665,0.31398671206050566,48,0.9201938969517912
g__GGB3321|s__GGB3321_SGB4394,GGB3321 SGB4394,Oral,ppi_use,-0.09279045040068379,0.49799302400758116,48,0.9201938969517912
g__GGB3321|s__GGB3321_SGB4394,GGB3321 SGB4394,Oral,age,0.0010857856387497047,0.8353687789591597,48,0.9858314552846569
g__GGB3321|s__GGB3321_SGB4394,GGB3321 SGB4394,Oral,bmi,0.000475664343950237,0.9790309318647736,48,0.9874408865963867
g__GGB3321|s__GGB3321_SGB4394,GGB3321 SGB4394,Oral,antibiotics_3m,-0.06728754896527267,0.7903849900180979,48,0.9858314552846569
g__GGB3321|s__GGB3321_SGB4394,GGB3321 SGB4394,Oral,smoking,0.14614484484387635,0.3171672749278232,48,0.9201938969517912
g__GGB3345|s__GGB3345_SGB9340,GGB3345 SGB9340,Oral,sex[T.1],0.0868610538215775,0.5115933509304627,48,0.9201938969517912
g__GGB3345|s__GGB3345_SGB9340,GGB3345 SGB9340,Oral,disease,-0.1849895645897665,0.31398671206050566,48,0.9201938969517912
g__GGB3345|s__GGB3345_SGB9340,GGB3345 SGB9340,Oral,ppi_use,-0.09279045040068379,0.49799302400758116,48,0.9201938969517912
g__GGB3345|s__GGB3345_SGB9340,GGB3345 SGB9340,Oral,age,0.0010857856387497047,0.8353687789591597,48,0.9858314552846569
g__GGB3345|s__GGB3345_SGB9340,GGB3345 SGB9340,Oral,bmi,0.000475664343950237,0.9790309318647736,48,0.9874408865963867
g__GGB3345|s__GGB3345_SGB9340,GGB3345 SGB9340,Oral,antibiotics_3m,-0.06728754896527267,0.7903849900180979,48,0.9858314552846569
g__GGB3345|s__GGB3345_SGB9340,GGB3345 SGB9340,Oral,smoking,0.14614484484387635,0.3171672749278232,48,0.9201938969517912
g__GGB33469|s__GGB33469_SGB15236,GGB33469 SGB15236,Oral,sex[T.1],0.0868610538215775,0.5115933509304627,48,0.9201938969517912
g__GGB33469|s__GGB33469_SGB15236,GGB33469 SGB15236,Oral,disease,-0.1849895645897665,0.31398671206050566,48,0.9201938969517912
g__GGB33469|s__GGB33469_SGB15236,GGB33469 SGB15236,Oral,ppi_use,-0.09279045040068379,0.49799302400758116,48,0.9201938969517912
g__GGB33469|s__GGB33469_SGB15236,GGB33469 SGB15236,Oral,age,0.0010857856387497047,0.8353687789591597,48,0.9858314552846569
g__GGB33469|s__GGB33469_SGB15236,GGB33469 SGB15236,Oral,bmi,0.000475664343950237,0.9790309318647736,48,0.9874408865963867
g__GGB33469|s__GGB33469_SGB15236,GGB33469 SGB15236,Oral,antibiotics_3m,-0.06728754896527267,0.7903849900180979,48,0.9858314552846569
g__GGB33469|s__GGB33469_SGB15236,GGB33469 SGB15236,Oral,smoking,0.14614484484387635,0.3171672749278232,48,0.9201938969517912
g__GGB33469|s__GGB33469_SGB15237,GGB33469 SGB15237,Oral,sex[T.1],0.0868610538215775,0.5115933509304627,48,0.9201938969517912
g__GGB33469|s__GGB33469_SGB15237,GGB33469 SGB15237,Oral,disease,-0.1849895645897665,0.31398671206050566,48,0.9201938969517912
g__GGB33469|s__GGB33469_SGB15237,GGB33469 SGB15237,Oral,ppi_use,-0.09279045040068379,0.49799302400758116,48,0.9201938969517912
g__GGB33469|s__GGB33469_SGB15237,GGB33469 SGB15237,Oral,age,0.0010857856387497047,0.8353687789591597,48,0.9858314552846569
g__GGB33469|s__GGB33469_SGB15237,GGB33469 SGB15237,Oral,bmi,0.000475664343950237,0.9790309318647736,48,0.9874408865963867
g__GGB33469|s__GGB33469_SGB15237,GGB33469 SGB15237,Oral,antibiotics_3m,-0.06728754896527267,0.7903849900180979,48,0.9858314552846569
g__GGB33469|s__GGB33469_SGB15237,GGB33469 SGB15237,Oral,smoking,0.14614484484387635,0.3171672749278232,48,0.9201938969517912
g__GGB33512|s__GGB33512_SGB15203,GGB33512 SGB15203,Oral,sex[T.1],0.0868610538215775,0.5115933509304627,48,0.9201938969517912
g__GGB33512|s__GGB33512_SGB15203,GGB33512 SGB15203,Oral,disease,-0.1849895645897665,0.31398671206050566,48,0.9201938969517912
g__GGB33512|s__GGB33512_SGB15203,GGB33512 SGB15203,Oral,ppi_use,-0.09279045040068379,0.49799302400758116,48,0.9201938969517912
g__GGB33512|s__GGB33512_SGB15203,GGB33512 SGB15203,Oral,age,0.0010857856387497047,0.8353687789591597,48,0.9858314552846569
g__GGB33512|s__GGB33512_SGB15203,GGB33512 SGB15203,Oral,bmi,0.000475664343950237,0.9790309318647736,48,0.9874408865963867
g__GGB33512|s__GGB33512_SGB15203,GGB33512 SGB15203,Oral,antibiotics_3m,-0.06728754896527267,0.7903849900180979,48,0.9858314552846569
g__GGB33512|s__GGB33512_SGB15203,GGB33512 SGB15203,Oral,smoking,0.14614484484387635,0.3171672749278232,48,0.9201938969517912
g__GGB33928|s__GGB33928_SGB15225,GGB33928 SGB15225,Oral,sex[T.1],0.0868610538215775,0.5115933509304627,48,0.9201938969517912
g__GGB33928|s__GGB33928_SGB15225,GGB33928 SGB15225,Oral,disease,-0.1849895645897665,0.31398671206050566,48,0.9201938969517912
g__GGB33928|s__GGB33928_SGB15225,GGB33928 SGB15225,Oral,ppi_use,-0.09279045040068379,0.49799302400758116,48,0.9201938969517912
g__GGB33928|s__GGB33928_SGB15225,GGB33928 SGB15225,Oral,age,0.0010857856387497047,0.8353687789591597,48,0.9858314552846569
g__GGB33928|s__GGB33928_SGB15225,GGB33928 SGB15225,Oral,bmi,0.000475664343950237,0.9790309318647736,48,0.9874408865963867
g__GGB33928|s__GGB33928_SGB15225,GGB33928 SGB15225,Oral,antibiotics_3m,-0.06728754896527267,0.7903849900180979,48,0.9858314552846569
g__GGB33928|s__GGB33928_SGB15225,GGB33928 SGB15225,Oral,smoking,0.14614484484387635,0.3171672749278232,48,0.9201938969517912
g__GGB34228|s__GGB34228_SGB72916,GGB34228 SGB72916,Oral,sex[T.1],0.0868610538215775,0.5115933509304627,48,0.9201938969517912
g__GGB34228|s__GGB34228_SGB72916,GGB34228 SGB72916,Oral,disease,-0.1849895645897665,0.31398671206050566,48,0.9201938969517912
g__GGB34228|s__GGB34228_SGB72916,GGB34228 SGB72916,Oral,ppi_use,-0.09279045040068379,0.49799302400758116,48,0.9201938969517912
g__GGB34228|s__GGB34228_SGB72916,GGB34228 SGB72916,Oral,age,0.0010857856387497047,0.8353687789591597,48,0.9858314552846569
g__GGB34228|s__GGB34228_SGB72916,GGB34228 SGB72916,Oral,bmi,0.000475664343950237,0.9790309318647736,48,0.9874408865963867
g__GGB34228|s__GGB34228_SGB72916,GGB34228 SGB72916,Oral,antibiotics_3m,-0.06728754896527267,0.7903849900180979,48,0.9858314552846569
g__GGB34228|s__GGB34228_SGB72916,GGB34228 SGB72916,Oral,smoking,0.14614484484387635,0.3171672749278232,48,0.9201938969517912
g__GGB34540|s__GGB34540_SGB54300,GGB34540 SGB54300,Oral,sex[T.1],0.0868610538215775,0.5115933509304627,48,0.9201938969517912
g__GGB34540|s__GGB34540_SGB54300,GGB34540 SGB54300,Oral,disease,-0.1849895645897665,0.31398671206050566,48,0.9201938969517912
g__GGB34540|s__GGB34540_SGB54300,GGB34540 SGB54300,Oral,ppi_use,-0.09279045040068379,0.49799302400758116,48,0.9201938969517912
g__GGB34540|s__GGB34540_SGB54300,GGB34540 SGB54300,Oral,age,0.0010857856387497047,0.8353687789591597,48,0.9858314552846569
g__GGB34540|s__GGB34540_SGB54300,GGB34540 SGB54300,Oral,bmi,0.000475664343950237,0.9790309318647736,48,0.9874408865963867
g__GGB34540|s__GGB34540_SGB54300,GGB34540 SGB54300,Oral,antibiotics_3m,-0.06728754896527267,0.7903849900180979,48,0.9858314552846569
g__GGB34540|s__GGB34540_SGB54300,GGB34540 SGB54300,Oral,smoking,0.14614484484387635,0.3171672749278232,48,0.9201938969517912
g__GGB34797|s__GGB34797_SGB14322,GGB34797 SGB14322,Oral,sex[T.1],0.0868610538215775,0.5115933509304627,48,0.9201938969517912
g__GGB34797|s__GGB34797_SGB14322,GGB34797 SGB14322,Oral,disease,-0.1849895645897665,0.31398671206050566,48,0.9201938969517912
g__GGB34797|s__GGB34797_SGB14322,GGB34797 SGB14322,Oral,ppi_use,-0.09279045040068379,0.49799302400758116,48,0.9201938969517912
g__GGB34797|s__GGB34797_SGB14322,GGB34797 SGB14322,Oral,age,0.0010857856387497047,0.8353687789591597,48,0.9858314552846569
g__GGB34797|s__GGB34797_SGB14322,GGB34797 SGB14322,Oral,bmi,0.000475664343950237,0.9790309318647736,48,0.9874408865963867
g__GGB34797|s__GGB34797_SGB14322,GGB34797 SGB14322,Oral,antibiotics_3m,-0.06728754896527267,0.7903849900180979,48,0.9858314552846569
g__GGB34797|s__GGB34797_SGB14322,GGB34797 SGB14322,Oral,smoking,0.14614484484387635,0.3171672749278232,48,0.9201938969517912
g__GGB3510|s__GGB3510_SGB4687,GGB3510 SGB4687,Oral,sex[T.1],0.0868610538215775,0.5115933509304627,48,0.9201938969517912
g__GGB3510|s__GGB3510_SGB4687,GGB3510 SGB4687,Oral,disease,-0.1849895645897665,0.31398671206050566,48,0.9201938969517912
g__GGB3510|s__GGB3510_SGB4687,GGB3510 SGB4687,Oral,ppi_use,-0.09279045040068379,0.49799302400758116,48,0.9201938969517912
g__GGB3510|s__GGB3510_SGB4687,GGB3510 SGB4687,Oral,age,0.0010857856387497047,0.8353687789591597,48,0.9858314552846569
g__GGB3510|s__GGB3510_SGB4687,GGB3510 SGB4687,Oral,bmi,0.000475664343950237,0.9790309318647736,48,0.9874408865963867
g__GGB3510|s__GGB3510_SGB4687,GGB3510 SGB4687,Oral,antibiotics_3m,-0.06728754896527267,0.7903849900180979,48,0.9858314552846569
g__GGB3510|s__GGB3510_SGB4687,GGB3510 SGB4687,Oral,smoking,0.14614484484387635,0.3171672749278232,48,0.9201938969517912
g__GGB3537|s__GGB3537_SGB4727,GGB3537 SGB4727,Oral,sex[T.1],0.0868610538215775,0.5115933509304627,48,0.9201938969517912
g__GGB3537|s__GGB3537_SGB4727,GGB3537 SGB4727,Oral,disease,-0.1849895645897665,0.31398671206050566,48,0.9201938969517912
g__GGB3537|s__GGB3537_SGB4727,GGB3537 SGB4727,Oral,ppi_use,-0.09279045040068379,0.49799302400758116,48,0.9201938969517912
g__GGB3537|s__GGB3537_SGB4727,GGB3537 SGB4727,Oral,age,0.0010857856387497047,0.8353687789591597,48,0.9858314552846569
g__GGB3537|s__GGB3537_SGB4727,GGB3537 SGB4727,Oral,bmi,0.000475664343950237,0.9790309318647736,48,0.9874408865963867
g__GGB3537|s__GGB3537_SGB4727,GGB3537 SGB4727,Oral,antibiotics_3m,-0.06728754896527267,0.7903849900180979,48,0.9858314552846569
g__GGB3537|s__GGB3537_SGB4727,GGB3537 SGB4727,Oral,smoking,0.14614484484387635,0.3171672749278232,48,0.9201938969517912
g__GGB3570|s__GGB3570_SGB4777,GGB3570 SGB4777,Oral,sex[T.1],0.0868610538215775,0.5115933509304627,48,0.9201938969517912
g__GGB3570|s__GGB3570_SGB4777,GGB3570 SGB4777,Oral,disease,-0.1849895645897665,0.31398671206050566,48,0.9201938969517912
g__GGB3570|s__GGB3570_SGB4777,GGB3570 SGB4777,Oral,ppi_use,-0.09279045040068379,0.49799302400758116,48,0.9201938969517912
g__GGB3570|s__GGB3570_SGB4777,GGB3570 SGB4777,Oral,age,0.0010857856387497047,0.8353687789591597,48,0.9858314552846569
g__GGB3570|s__GGB3570_SGB4777,GGB3570 SGB4777,Oral,bmi,0.000475664343950237,0.9790309318647736,48,0.9874408865963867
g__GGB3570|s__GGB3570_SGB4777,GGB3570 SGB4777,Oral,antibiotics_3m,-0.06728754896527267,0.7903849900180979,48,0.9858314552846569
g__GGB3570|s__GGB3570_SGB4777,GGB3570 SGB4777,Oral,smoking,0.14614484484387635,0.3171672749278232,48,0.9201938969517912
g__GGB3612|s__GGB3612_SGB4882,GGB3612 SGB4882,Oral,sex[T.1],0.0868610538215775,0.5115933509304627,48,0.9201938969517912
g__GGB3612|s__GGB3612_SGB4882,GGB3612 SGB4882,Oral,disease,-0.1849895645897665,0.31398671206050566,48,0.9201938969517912
g__GGB3612|s__GGB3612_SGB4882,GGB3612 SGB4882,Oral,ppi_use,-0.09279045040068379,0.49799302400758116,48,0.9201938969517912
g__GGB3612|s__GGB3612_SGB4882,GGB3612 SGB4882,Oral,age,0.0010857856387497047,0.8353687789591597,48,0.9858314552846569
g__GGB3612|s__GGB3612_SGB4882,GGB3612 SGB4882,Oral,bmi,0.000475664343950237,0.9790309318647736,48,0.9874408865963867
g__GGB3612|s__GGB3612_SGB4882,GGB3612 SGB4882,Oral,antibiotics_3m,-0.06728754896527267,0.7903849900180979,48,0.9858314552846569
g__GGB3612|s__GGB3612_SGB4882,GGB3612 SGB4882,Oral,smoking,0.14614484484387635,0.3171672749278232,48,0.9201938969517912
g__GGB3619|s__GGB3619_SGB4894,GGB3619 SGB4894,Oral,sex[T.1],0.0868610538215775,0.5115933509304627,48,0.9201938969517912
g__GGB3619|s__GGB3619_SGB4894,GGB3619 SGB4894,Oral,disease,-0.1849895645897665,0.31398671206050566,48,0.9201938969517912
g__GGB3619|s__GGB3619_SGB4894,GGB3619 SGB4894,Oral,ppi_use,-0.09279045040068379,0.49799302400758116,48,0.9201938969517912
g__GGB3619|s__GGB3619_SGB4894,GGB3619 SGB4894,Oral,age,0.0010857856387497047,0.8353687789591597,48,0.9858314552846569
g__GGB3619|s__GGB3619_SGB4894,GGB3619 SGB4894,Oral,bmi,0.000475664343950237,0.9790309318647736,48,0.9874408865963867
g__GGB3619|s__GGB3619_SGB4894,GGB3619 SGB4894,Oral,antibiotics_3m,-0.06728754896527267,0.7903849900180979,48,0.9858314552846569
g__GGB3619|s__GGB3619_SGB4894,GGB3619 SGB4894,Oral,smoking,0.14614484484387635,0.3171672749278232,48,0.9201938969517912
g__GGB3653|s__GGB3653_SGB4964,GGB3653 SGB4964,Oral,sex[T.1],0.0868610538215775,0.5115933509304627,48,0.9201938969517912
g__GGB3653|s__GGB3653_SGB4964,GGB3653 SGB4964,Oral,disease,-0.1849895645897665,0.31398671206050566,48,0.9201938969517912
g__GGB3653|s__GGB3653_SGB4964,GGB3653 SGB4964,Oral,ppi_use,-0.09279045040068379,0.49799302400758116,48,0.9201938969517912
g__GGB3653|s__GGB3653_SGB4964,GGB3653 SGB4964,Oral,age,0.0010857856387497047,0.8353687789591597,48,0.9858314552846569
g__GGB3653|s__GGB3653_SGB4964,GGB3653 SGB4964,Oral,bmi,0.000475664343950237,0.9790309318647736,48,0.9874408865963867
g__GGB3653|s__GGB3653_SGB4964,GGB3653 SGB4964,Oral,antibiotics_3m,-0.06728754896527267,0.7903849900180979,48,0.9858314552846569
g__GGB3653|s__GGB3653_SGB4964,GGB3653 SGB4964,Oral,smoking,0.14614484484387635,0.3171672749278232,48,0.9201938969517912
g__GGB3746|s__GGB3746_SGB5089,GGB3746 SGB5089,Oral,sex[T.1],0.0868610538215775,0.5115933509304627,48,0.9201938969517912
g__GGB3746|s__GGB3746_SGB5089,GGB3746 SGB5089,Oral,disease,-0.1849895645897665,0.31398671206050566,48,0.9201938969517912
g__GGB3746|s__GGB3746_SGB5089,GGB3746 SGB5089,Oral,ppi_use,-0.09279045040068379,0.49799302400758116,48,0.9201938969517912
g__GGB3746|s__GGB3746_SGB5089,GGB3746 SGB5089,Oral,age,0.0010857856387497047,0.8353687789591597,48,0.9858314552846569
g__GGB3746|s__GGB3746_SGB5089,GGB3746 SGB5089,Oral,bmi,0.000475664343950237,0.9790309318647736,48,0.9874408865963867
g__GGB3746|s__GGB3746_SGB5089,GGB3746 SGB5089,Oral,antibiotics_3m,-0.06728754896527267,0.7903849900180979,48,0.9858314552846569
g__GGB3746|s__GGB3746_SGB5089,GGB3746 SGB5089,Oral,smoking,0.14614484484387635,0.3171672749278232,48,0.9201938969517912
g__GGB3886|s__GGB3886_SGB5269,GGB3886 SGB5269,Oral,sex[T.1],1.0837569956425006,0.33002419163885,48,0.9201938969517912
g__GGB3886|s__GGB3886_SGB5269,GGB3886 SGB5269,Oral,disease,-0.003136949841774872,0.9983638083410806,48,0.9991771393458392
g__GGB3886|s__GGB3886_SGB5269,GGB3886 SGB5269,Oral,ppi_use,1.5693795182409862,0.17516319513956477,48,0.9201938969517912
g__GGB3886|s__GGB3886_SGB5269,GGB3886 SGB5269,Oral,age,-0.045832932910219525,0.29834040985620636,48,0.9201938969517912
g__GGB3886|s__GGB3886_SGB5269,GGB3886 SGB5269,Oral,bmi,-0.10445530290078625,0.4922480852904073,48,0.9201938969517912
g__GGB3886|s__GGB3886_SGB5269,GGB3886 SGB5269,Oral,antibiotics_3m,1.7248216764131385,0.41788323722486964,48,0.9201938969517912
g__GGB3886|s__GGB3886_SGB5269,GGB3886 SGB5269,Oral,smoking,-1.284085674930788,0.2945582184629103,48,0.9201938969517912
g__GGB3887|s__GGB3887_SGB5270,GGB3887 SGB5270,Oral,sex[T.1],-0.72585355385598,0.5365203065791369,48,0.9538570139398982
g__GGB3887|s__GGB3887_SGB5270,GGB3887 SGB5270,Oral,disease,2.8604379082795672,0.08329021226499093,48,0.9201938969517912
g__GGB3887|s__GGB3887_SGB5270,GGB3887 SGB5270,Oral,ppi_use,1.202697797493544,0.32400195079258765,48,0.9201938969517912
g__GGB3887|s__GGB3887_SGB5270,GGB3887 SGB5270,Oral,age,0.009748851146596134,0.8335073586305008,48,0.9858314552846569
g__GGB3887|s__GGB3887_SGB5270,GGB3887 SGB5270,Oral,bmi,-0.04673093720248561,0.7712470280522403,48,0.9858314552846569
g__GGB3887|s__GGB3887_SGB5270,GGB3887 SGB5270,Oral,antibiotics_3m,1.0261242857831292,0.6482060977181793,48,0.9858314552846569
g__GGB3887|s__GGB3887_SGB5270,GGB3887 SGB5270,Oral,smoking,-0.12093218782955273,0.9252409251476637,48,0.9874408865963867
g__GGB4538|s__GGB4538_SGB6256,GGB4538 SGB6256,Oral,sex[T.1],0.19469566119099602,0.8509282223955674,48,0.9874408865963867
g__GGB4538|s__GGB4538_SGB6256,GGB4538 SGB6256,Oral,disease,-0.1740222786038058,0.903326494401677,48,0.9874408865963867
g__GGB4538|s__GGB4538_SGB6256,GGB4538 SGB6256,Oral,ppi_use,1.5306189340485847,0.15836792902382626,48,0.9201938969517912
g__GGB4538|s__GGB4538_SGB6256,GGB4538 SGB6256,Oral,age,-0.0005090706205689963,0.9900912730739507,48,0.9945438503445204
g__GGB4538|s__GGB4538_SGB6256,GGB4538 SGB6256,Oral,bmi,-0.0352977213734115,0.803796695149994,48,0.9858314552846569
g__GGB4538|s__GGB4538_SGB6256,GGB4538 SGB6256,Oral,antibiotics_3m,1.0784216650325786,0.5877650732218127,48,0.9858314552846569
g__GGB4538|s__GGB4538_SGB6256,GGB4538 SGB6256,Oral,smoking,-0.1985112569018922,0.8617093892023279,48,0.9874408865963867
g__GGB45432|s__GGB45432_SGB63101,GGB45432 SGB63101,Oral,sex[T.1],0.0868610538215775,0.5115933509304627,48,0.9201938969517912
g__GGB45432|s__GGB45432_SGB63101,GGB45432 SGB63101,Oral,disease,-0.1849895645897665,0.31398671206050566,48,0.9201938969517912
g__GGB45432|s__GGB45432_SGB63101,GGB45432 SGB63101,Oral,ppi_use,-0.09279045040068379,0.49799302400758116,48,0.9201938969517912
g__GGB45432|s__GGB45432_SGB63101,GGB45432 SGB63101,Oral,age,0.0010857856387497047,0.8353687789591597,48,0.9858314552846569
g__GGB45432|s__GGB45432_SGB63101,GGB45432 SGB63101,Oral,bmi,0.000475664343950237,0.9790309318647736,48,0.9874408865963867
g__GGB45432|s__GGB45432_SGB63101,GGB45432 SGB63101,Oral,antibiotics_3m,-0.06728754896527267,0.7903849900180979,48,0.9858314552846569
g__GGB45432|s__GGB45432_SGB63101,GGB45432 SGB63101,Oral,smoking,0.14614484484387635,0.3171672749278232,48,0.9201938969517912
g__GGB4571|s__GGB4571_SGB6317,GGB4571 SGB6317,Oral,sex[T.1],0.0868610538215775,0.5115933509304627,48,0.9201938969517912
g__GGB4571|s__GGB4571_SGB6317,GGB4571 SGB6317,Oral,disease,-0.1849895645897665,0.31398671206050566,48,0.9201938969517912
g__GGB4571|s__GGB4571_SGB6317,GGB4571 SGB6317,Oral,ppi_use,-0.09279045040068379,0.49799302400758116,48,0.9201938969517912
g__GGB4571|s__GGB4571_SGB6317,GGB4571 SGB6317,Oral,age,0.0010857856387497047,0.8353687789591597,48,0.9858314552846569
g__GGB4571|s__GGB4571_SGB6317,GGB4571 SGB6317,Oral,bmi,0.000475664343950237,0.9790309318647736,48,0.9874408865963867
g__GGB4571|s__GGB4571_SGB6317,GGB4571 SGB6317,Oral,antibiotics_3m,-0.06728754896527267,0.7903849900180979,48,0.9858314552846569
g__GGB4571|s__GGB4571_SGB6317,GGB4571 SGB6317,Oral,smoking,0.14614484484387635,0.3171672749278232,48,0.9201938969517912
g__GGB47687|s__GGB47687_SGB2286,GGB47687 SGB2286,Oral,sex[T.1],0.0868610538215775,0.5115933509304627,48,0.9201938969517912
g__GGB47687|s__GGB47687_SGB2286,GGB47687 SGB2286,Oral,disease,-0.1849895645897665,0.31398671206050566,48,0.9201938969517912
g__GGB47687|s__GGB47687_SGB2286,GGB47687 SGB2286,Oral,ppi_use,-0.09279045040068379,0.49799302400758116,48,0.9201938969517912
g__GGB47687|s__GGB47687_SGB2286,GGB47687 SGB2286,Oral,age,0.0010857856387497047,0.8353687789591597,48,0.9858314552846569
g__GGB47687|s__GGB47687_SGB2286,GGB47687 SGB2286,Oral,bmi,0.000475664343950237,0.9790309318647736,48,0.9874408865963867
g__GGB47687|s__GGB47687_SGB2286,GGB47687 SGB2286,Oral,antibiotics_3m,-0.06728754896527267,0.7903849900180979,48,0.9858314552846569
g__GGB47687|s__GGB47687_SGB2286,GGB47687 SGB2286,Oral,smoking,0.14614484484387635,0.3171672749278232,48,0.9201938969517912
g__GGB4768|s__GGB4768_SGB6601,GGB4768 SGB6601,Oral,sex[T.1],0.0868610538215775,0.5115933509304627,48,0.9201938969517912
g__GGB4768|s__GGB4768_SGB6601,GGB4768 SGB6601,Oral,disease,-0.1849895645897665,0.31398671206050566,48,0.9201938969517912
g__GGB4768|s__GGB4768_SGB6601,GGB4768 SGB6601,Oral,ppi_use,-0.09279045040068379,0.49799302400758116,48,0.9201938969517912
g__GGB4768|s__GGB4768_SGB6601,GGB4768 SGB6601,Oral,age,0.0010857856387497047,0.8353687789591597,48,0.9858314552846569
g__GGB4768|s__GGB4768_SGB6601,GGB4768 SGB6601,Oral,bmi,0.000475664343950237,0.9790309318647736,48,0.9874408865963867
g__GGB4768|s__GGB4768_SGB6601,GGB4768 SGB6601,Oral,antibiotics_3m,-0.06728754896527267,0.7903849900180979,48,0.9858314552846569
g__GGB4768|s__GGB4768_SGB6601,GGB4768 SGB6601,Oral,smoking,0.14614484484387635,0.3171672749278232,48,0.9201938969517912
g__GGB4769|s__GGB4769_SGB6602,GGB4769 SGB6602,Oral,sex[T.1],0.0868610538215775,0.5115933509304627,48,0.9201938969517912
g__GGB4769|s__GGB4769_SGB6602,GGB4769 SGB6602,Oral,disease,-0.1849895645897665,0.31398671206050566,48,0.9201938969517912
g__GGB4769|s__GGB4769_SGB6602,GGB4769 SGB6602,Oral,ppi_use,-0.09279045040068379,0.49799302400758116,48,0.9201938969517912
g__GGB4769|s__GGB4769_SGB6602,GGB4769 SGB6602,Oral,age,0.0010857856387497047,0.8353687789591597,48,0.9858314552846569
g__GGB4769|s__GGB4769_SGB6602,GGB4769 SGB6602,Oral,bmi,0.000475664343950237,0.9790309318647736,48,0.9874408865963867
g__GGB4769|s__GGB4769_SGB6602,GGB4769 SGB6602,Oral,antibiotics_3m,-0.06728754896527267,0.7903849900180979,48,0.9858314552846569
g__GGB4769|s__GGB4769_SGB6602,GGB4769 SGB6602,Oral,smoking,0.14614484484387635,0.3171672749278232,48,0.9201938969517912
g__GGB4964|s__GGB4964_SGB6927,GGB4964 SGB6927,Oral,sex[T.1],0.09372003819255381,0.9493269174127579,48,0.9874408865963867
g__GGB4964|s__GGB4964_SGB6927,GGB4964 SGB6927,Oral,disease,1.749726074777299,0.3931693777308014,48,0.9201938969517912
g__GGB4964|s__GGB4964_SGB6927,GGB4964 SGB6927,Oral,ppi_use,1.8520582371766654,0.22899673885884345,48,0.9201938969517912
g__GGB4964|s__GGB4964_SGB6927,GGB4964 SGB6927,Oral,age,-0.07247873035492101,0.21868045253522703,48,0.9201938969517912
g__GGB4964|s__GGB4964_SGB6927,GGB4964 SGB6927,Oral,bmi,0.0706424459333918,0.7270255215147396,48,0.9858314552846569
g__GGB4964|s__GGB4964_SGB6927,GGB4964 SGB6927,Oral,antibiotics_3m,-0.9086275428816185,0.7480765806655116,48,0.9858314552846569
g__GGB4964|s__GGB4964_SGB6927,GGB4964 SGB6927,Oral,smoking,1.0247582707863048,0.5286040648350818,48,0.9438809500725263
g__GGB51647|s__GGB51647_SGB4348,GGB51647 SGB4348,Oral,sex[T.1],0.0868610538215775,0.5115933509304627,48,0.9201938969517912
g__GGB51647|s__GGB51647_SGB4348,GGB51647 SGB4348,Oral,disease,-0.1849895645897665,0.31398671206050566,48,0.9201938969517912
g__GGB51647|s__GGB51647_SGB4348,GGB51647 SGB4348,Oral,ppi_use,-0.09279045040068379,0.49799302400758116,48,0.9201938969517912
g__GGB51647|s__GGB51647_SGB4348,GGB51647 SGB4348,Oral,age,0.0010857856387497047,0.8353687789591597,48,0.9858314552846569
g__GGB51647|s__GGB51647_SGB4348,GGB51647 SGB4348,Oral,bmi,0.000475664343950237,0.9790309318647736,48,0.9874408865963867
g__GGB51647|s__GGB51647_SGB4348,GGB51647 SGB4348,Oral,antibiotics_3m,-0.06728754896527267,0.7903849900180979,48,0.9858314552846569
g__GGB51647|s__GGB51647_SGB4348,GGB51647 SGB4348,Oral,smoking,0.14614484484387635,0.3171672749278232,48,0.9201938969517912
g__GGB6518|s__GGB6518_SGB9205,GGB6518 SGB9205,Oral,sex[T.1],0.0868610538215775,0.5115933509304627,48,0.9201938969517912
g__GGB6518|s__GGB6518_SGB9205,GGB6518 SGB9205,Oral,disease,-0.1849895645897665,0.31398671206050566,48,0.9201938969517912
g__GGB6518|s__GGB6518_SGB9205,GGB6518 SGB9205,Oral,ppi_use,-0.09279045040068379,0.49799302400758116,48,0.9201938969517912
g__GGB6518|s__GGB6518_SGB9205,GGB6518 SGB9205,Oral,age,0.0010857856387497047,0.8353687789591597,48,0.9858314552846569
g__GGB6518|s__GGB6518_SGB9205,GGB6518 SGB9205,Oral,bmi,0.000475664343950237,0.9790309318647736,48,0.9874408865963867
g__GGB6518|s__GGB6518_SGB9205,GGB6518 SGB9205,Oral,antibiotics_3m,-0.06728754896527267,0.7903849900180979,48,0.9858314552846569
g__GGB6518|s__GGB6518_SGB9205,GGB6518 SGB9205,Oral,smoking,0.14614484484387635,0.3171672749278232,48,0.9201938969517912
g__GGB6612|s__GGB6612_SGB9346,GGB6612 SGB9346,Oral,sex[T.1],0.0868610538215775,0.5115933509304627,48,0.9201938969517912
g__GGB6612|s__GGB6612_SGB9346,GGB6612 SGB9346,Oral,disease,-0.1849895645897665,0.31398671206050566,48,0.9201938969517912
g__GGB6612|s__GGB6612_SGB9346,GGB6612 SGB9346,Oral,ppi_use,-0.09279045040068379,0.49799302400758116,48,0.9201938969517912
g__GGB6612|s__GGB6612_SGB9346,GGB6612 SGB9346,Oral,age,0.0010857856387497047,0.8353687789591597,48,0.9858314552846569
g__GGB6612|s__GGB6612_SGB9346,GGB6612 SGB9346,Oral,bmi,0.000475664343950237,0.9790309318647736,48,0.9874408865963867
g__GGB6612|s__GGB6612_SGB9346,GGB6612 SGB9346,Oral,antibiotics_3m,-0.06728754896527267,0.7903849900180979,48,0.9858314552846569
g__GGB6612|s__GGB6612_SGB9346,GGB6612 SGB9346,Oral,smoking,0.14614484484387635,0.3171672749278232,48,0.9201938969517912
g__GGB77437|s__GGB77437_SGB9391,GGB77437 SGB9391,Oral,sex[T.1],0.0868610538215775,0.5115933509304627,48,0.9201938969517912
g__GGB77437|s__GGB77437_SGB9391,GGB77437 SGB9391,Oral,disease,-0.1849895645897665,0.31398671206050566,48,0.9201938969517912
g__GGB77437|s__GGB77437_SGB9391,GGB77437 SGB9391,Oral,ppi_use,-0.09279045040068379,0.49799302400758116,48,0.9201938969517912
g__GGB77437|s__GGB77437_SGB9391,GGB77437 SGB9391,Oral,age,0.0010857856387497047,0.8353687789591597,48,0.9858314552846569
g__GGB77437|s__GGB77437_SGB9391,GGB77437 SGB9391,Oral,bmi,0.000475664343950237,0.9790309318647736,48,0.9874408865963867
g__GGB77437|s__GGB77437_SGB9391,GGB77437 SGB9391,Oral,antibiotics_3m,-0.06728754896527267,0.7903849900180979,48,0.9858314552846569
g__GGB77437|s__GGB77437_SGB9391,GGB77437 SGB9391,Oral,smoking,0.14614484484387635,0.3171672749278232,48,0.9201938969517912
g__GGB79630|s__GGB79630_SGB13983,GGB79630 SGB13983,Oral,sex[T.1],0.0868610538215775,0.5115933509304627,48,0.9201938969517912
g__GGB79630|s__GGB79630_SGB13983,GGB79630 SGB13983,Oral,disease,-0.1849895645897665,0.31398671206050566,48,0.9201938969517912
g__GGB79630|s__GGB79630_SGB13983,GGB79630 SGB13983,Oral,ppi_use,-0.09279045040068379,0.49799302400758116,48,0.9201938969517912
g__GGB79630|s__GGB79630_SGB13983,GGB79630 SGB13983,Oral,age,0.0010857856387497047,0.8353687789591597,48,0.9858314552846569
g__GGB79630|s__GGB79630_SGB13983,GGB79630 SGB13983,Oral,bmi,0.000475664343950237,0.9790309318647736,48,0.9874408865963867
g__GGB79630|s__GGB79630_SGB13983,GGB79630 SGB13983,Oral,antibiotics_3m,-0.06728754896527267,0.7903849900180979,48,0.9858314552846569
g__GGB79630|s__GGB79630_SGB13983,GGB79630 SGB13983,Oral,smoking,0.14614484484387635,0.3171672749278232,48,0.9201938969517912
g__GGB79734|s__GGB79734_SGB15291,GGB79734 SGB15291,Oral,sex[T.1],0.0868610538215775,0.5115933509304627,48,0.9201938969517912
g__GGB79734|s__GGB79734_SGB15291,GGB79734 SGB15291,Oral,disease,-0.1849895645897665,0.31398671206050566,48,0.9201938969517912
g__GGB79734|s__GGB79734_SGB15291,GGB79734 SGB15291,Oral,ppi_use,-0.09279045040068379,0.49799302400758116,48,0.9201938969517912
g__GGB79734|s__GGB79734_SGB15291,GGB79734 SGB15291,Oral,age,0.0010857856387497047,0.8353687789591597,48,0.9858314552846569
g__GGB79734|s__GGB79734_SGB15291,GGB79734 SGB15291,Oral,bmi,0.000475664343950237,0.9790309318647736,48,0.9874408865963867
g__GGB79734|s__GGB79734_SGB15291,GGB79734 SGB15291,Oral,antibiotics_3m,-0.06728754896527267,0.7903849900180979,48,0.9858314552846569
g__GGB79734|s__GGB79734_SGB15291,GGB79734 SGB15291,Oral,smoking,0.14614484484387635,0.3171672749278232,48,0.9201938969517912
g__GGB79977|s__GGB79977_SGB1466,GGB79977 SGB1466,Oral,sex[T.1],0.021362231678725474,0.9804422416353618,48,0.9874408865963867
g__GGB79977|s__GGB79977_SGB1466,GGB79977 SGB1466,Oral,disease,-0.6973289704860327,0.5637168500829086,48,0.9858314552846569
g__GGB79977|s__GGB79977_SGB1466,GGB79977 SGB1466,Oral,ppi_use,0.295215503806707,0.743474295158822,48,0.9858314552846569
g__GGB79977|s__GGB79977_SGB1466,GGB79977 SGB1466,Oral,age,-0.08555301544606281,0.01677170733247514,48,0.9201938969517912
g__GGB79977|s__GGB79977_SGB1466,GGB79977 SGB1466,Oral,bmi,0.10511973027998905,0.38131105535714094,48,0.9201938969517912
g__GGB79977|s__GGB79977_SGB1466,GGB79977 SGB1466,Oral,antibiotics_3m,-1.059198934664308,0.5271272188902183,48,0.9419284195005573
g__GGB79977|s__GGB79977_SGB1466,GGB79977 SGB1466,Oral,smoking,-1.4089578614660787,0.1469569447256234,48,0.9201938969517912
g__GGB80011|s__GGB80011_SGB15265,GGB80011 SGB15265,Oral,sex[T.1],0.0868610538215775,0.5115933509304627,48,0.9201938969517912
g__GGB80011|s__GGB80011_SGB15265,GGB80011 SGB15265,Oral,disease,-0.1849895645897665,0.31398671206050566,48,0.9201938969517912
g__GGB80011|s__GGB80011_SGB15265,GGB80011 SGB15265,Oral,ppi_use,-0.09279045040068379,0.49799302400758116,48,0.9201938969517912
g__GGB80011|s__GGB80011_SGB15265,GGB80011 SGB15265,Oral,age,0.0010857856387497047,0.8353687789591597,48,0.9858314552846569
g__GGB80011|s__GGB80011_SGB15265,GGB80011 SGB15265,Oral,bmi,0.000475664343950237,0.9790309318647736,48,0.9874408865963867
g__GGB80011|s__GGB80011_SGB15265,GGB80011 SGB15265,Oral,antibiotics_3m,-0.06728754896527267,0.7903849900180979,48,0.9858314552846569
g__GGB80011|s__GGB80011_SGB15265,GGB80011 SGB15265,Oral,smoking,0.14614484484387635,0.3171672749278232,48,0.9201938969517912
g__GGB80011|s__GGB80011_SGB15267,GGB80011 SGB15267,Oral,sex[T.1],0.0868610538215775,0.5115933509304627,48,0.9201938969517912
g__GGB80011|s__GGB80011_SGB15267,GGB80011 SGB15267,Oral,disease,-0.1849895645897665,0.31398671206050566,48,0.9201938969517912
g__GGB80011|s__GGB80011_SGB15267,GGB80011 SGB15267,Oral,ppi_use,-0.09279045040068379,0.49799302400758116,48,0.9201938969517912
g__GGB80011|s__GGB80011_SGB15267,GGB80011 SGB15267,Oral,age,0.0010857856387497047,0.8353687789591597,48,0.9858314552846569
g__GGB80011|s__GGB80011_SGB15267,GGB80011 SGB15267,Oral,bmi,0.000475664343950237,0.9790309318647736,48,0.9874408865963867
g__GGB80011|s__GGB80011_SGB15267,GGB80011 SGB15267,Oral,antibiotics_3m,-0.06728754896527267,0.7903849900180979,48,0.9858314552846569
g__GGB80011|s__GGB80011_SGB15267,GGB80011 SGB15267,Oral,smoking,0.14614484484387635,0.3171672749278232,48,0.9201938969517912
g__GGB80140|s__GGB80140_SGB15224,GGB80140 SGB15224,Oral,sex[T.1],0.0868610538215775,0.5115933509304627,48,0.9201938969517912
g__GGB80140|s__GGB80140_SGB15224,GGB80140 SGB15224,Oral,disease,-0.1849895645897665,0.31398671206050566,48,0.9201938969517912
g__GGB80140|s__GGB80140_SGB15224,GGB80140 SGB15224,Oral,ppi_use,-0.09279045040068379,0.49799302400758116,48,0.9201938969517912
g__GGB80140|s__GGB80140_SGB15224,GGB80140 SGB15224,Oral,age,0.0010857856387497047,0.8353687789591597,48,0.9858314552846569
g__GGB80140|s__GGB80140_SGB15224,GGB80140 SGB15224,Oral,bmi,0.000475664343950237,0.9790309318647736,48,0.9874408865963867
g__GGB80140|s__GGB80140_SGB15224,GGB80140 SGB15224,Oral,antibiotics_3m,-0.06728754896527267,0.7903849900180979,48,0.9858314552846569
g__GGB80140|s__GGB80140_SGB15224,GGB80140 SGB15224,Oral,smoking,0.14614484484387635,0.3171672749278232,48,0.9201938969517912
g__GGB9062|s__GGB9062_SGB13981,GGB9062 SGB13981,Oral,sex[T.1],0.0868610538215775,0.5115933509304627,48,0.9201938969517912
g__GGB9062|s__GGB9062_SGB13981,GGB9062 SGB13981,Oral,disease,-0.1849895645897665,0.31398671206050566,48,0.9201938969517912
g__GGB9062|s__GGB9062_SGB13981,GGB9062 SGB13981,Oral,ppi_use,-0.09279045040068379,0.49799302400758116,48,0.9201938969517912
g__GGB9062|s__GGB9062_SGB13981,GGB9062 SGB13981,Oral,age,0.0010857856387497047,0.8353687789591597,48,0.9858314552846569
g__GGB9062|s__GGB9062_SGB13981,GGB9062 SGB13981,Oral,bmi,0.000475664343950237,0.9790309318647736,48,0.9874408865963867
g__GGB9062|s__GGB9062_SGB13981,GGB9062 SGB13981,Oral,antibiotics_3m,-0.06728754896527267,0.7903849900180979,48,0.9858314552846569
g__GGB9062|s__GGB9062_SGB13981,GGB9062 SGB13981,Oral,smoking,0.14614484484387635,0.3171672749278232,48,0.9201938969517912
g__GGB9063|s__GGB9063_SGB13982,GGB9063 SGB13982,Oral,sex[T.1],0.0868610538215775,0.5115933509304627,48,0.9201938969517912
g__GGB9063|s__GGB9063_SGB13982,GGB9063 SGB13982,Oral,disease,-0.1849895645897665,0.31398671206050566,48,0.9201938969517912
g__GGB9063|s__GGB9063_SGB13982,GGB9063 SGB13982,Oral,ppi_use,-0.09279045040068379,0.49799302400758116,48,0.9201938969517912
g__GGB9063|s__GGB9063_SGB13982,GGB9063 SGB13982,Oral,age,0.0010857856387497047,0.8353687789591597,48,0.9858314552846569
g__GGB9063|s__GGB9063_SGB13982,GGB9063 SGB13982,Oral,bmi,0.000475664343950237,0.9790309318647736,48,0.9874408865963867
g__GGB9063|s__GGB9063_SGB13982,GGB9063 SGB13982,Oral,antibiotics_3m,-0.06728754896527267,0.7903849900180979,48,0.9858314552846569
g__GGB9063|s__GGB9063_SGB13982,GGB9063 SGB13982,Oral,smoking,0.14614484484387635,0.3171672749278232,48,0.9201938969517912
g__GGB9092|s__GGB9092_SGB14022,GGB9092 SGB14022,Oral,sex[T.1],0.0868610538215775,0.5115933509304627,48,0.9201938969517912
g__GGB9092|s__GGB9092_SGB14022,GGB9092 SGB14022,Oral,disease,-0.1849895645897665,0.31398671206050566,48,0.9201938969517912
g__GGB9092|s__GGB9092_SGB14022,GGB9092 SGB14022,Oral,ppi_use,-0.09279045040068379,0.49799302400758116,48,0.9201938969517912
g__GGB9092|s__GGB9092_SGB14022,GGB9092 SGB14022,Oral,age,0.0010857856387497047,0.8353687789591597,48,0.9858314552846569
g__GGB9092|s__GGB9092_SGB14022,GGB9092 SGB14022,Oral,bmi,0.000475664343950237,0.9790309318647736,48,0.9874408865963867
g__GGB9092|s__GGB9092_SGB14022,GGB9092 SGB14022,Oral,antibiotics_3m,-0.06728754896527267,0.7903849900180979,48,0.9858314552846569
g__GGB9092|s__GGB9092_SGB14022,GGB9092 SGB14022,Oral,smoking,0.14614484484387635,0.3171672749278232,48,0.9201938969517912
g__GGB9101|s__GGB9101_SGB14033,GGB9101 SGB14033,Oral,sex[T.1],0.0868610538215775,0.5115933509304627,48,0.9201938969517912
g__GGB9101|s__GGB9101_SGB14033,GGB9101 SGB14033,Oral,disease,-0.1849895645897665,0.31398671206050566,48,0.9201938969517912
g__GGB9101|s__GGB9101_SGB14033,GGB9101 SGB14033,Oral,ppi_use,-0.09279045040068379,0.49799302400758116,48,0.9201938969517912
g__GGB9101|s__GGB9101_SGB14033,GGB9101 SGB14033,Oral,age,0.0010857856387497047,0.8353687789591597,48,0.9858314552846569
g__GGB9101|s__GGB9101_SGB14033,GGB9101 SGB14033,Oral,bmi,0.000475664343950237,0.9790309318647736,48,0.9874408865963867
g__GGB9101|s__GGB9101_SGB14033,GGB9101 SGB14033,Oral,antibiotics_3m,-0.06728754896527267,0.7903849900180979,48,0.9858314552846569
g__GGB9101|s__GGB9101_SGB14033,GGB9101 SGB14033,Oral,smoking,0.14614484484387635,0.3171672749278232,48,0.9201938969517912
g__GGB9109|s__GGB9109_SGB14042,GGB9109 SGB14042,Oral,sex[T.1],0.0868610538215775,0.5115933509304627,48,0.9201938969517912
g__GGB9109|s__GGB9109_SGB14042,GGB9109 SGB14042,Oral,disease,-0.1849895645897665,0.31398671206050566,48,0.9201938969517912
g__GGB9109|s__GGB9109_SGB14042,GGB9109 SGB14042,Oral,ppi_use,-0.09279045040068379,0.49799302400758116,48,0.9201938969517912
g__GGB9109|s__GGB9109_SGB14042,GGB9109 SGB14042,Oral,age,0.0010857856387497047,0.8353687789591597,48,0.9858314552846569
g__GGB9109|s__GGB9109_SGB14042,GGB9109 SGB14042,Oral,bmi,0.000475664343950237,0.9790309318647736,48,0.9874408865963867
g__GGB9109|s__GGB9109_SGB14042,GGB9109 SGB14042,Oral,antibiotics_3m,-0.06728754896527267,0.7903849900180979,48,0.9858314552846569
g__GGB9109|s__GGB9109_SGB14042,GGB9109 SGB14042,Oral,smoking,0.14614484484387635,0.3171672749278232,48,0.9201938969517912
g__GGB9110|s__GGB9110_SGB14043,GGB9110 SGB14043,Oral,sex[T.1],0.0868610538215775,0.5115933509304627,48,0.9201938969517912
g__GGB9110|s__GGB9110_SGB14043,GGB9110 SGB14043,Oral,disease,-0.1849895645897665,0.31398671206050566,48,0.9201938969517912
g__GGB9110|s__GGB9110_SGB14043,GGB9110 SGB14043,Oral,ppi_use,-0.09279045040068379,0.49799302400758116,48,0.9201938969517912
g__GGB9110|s__GGB9110_SGB14043,GGB9110 SGB14043,Oral,age,0.0010857856387497047,0.8353687789591597,48,0.9858314552846569
g__GGB9110|s__GGB9110_SGB14043,GGB9110 SGB14043,Oral,bmi,0.000475664343950237,0.9790309318647736,48,0.9874408865963867
g__GGB9110|s__GGB9110_SGB14043,GGB9110 SGB14043,Oral,antibiotics_3m,-0.06728754896527267,0.7903849900180979,48,0.9858314552846569
g__GGB9110|s__GGB9110_SGB14043,GGB9110 SGB14043,Oral,smoking,0.14614484484387635,0.3171672749278232,48,0.9201938969517912
g__GGB9117|s__GGB9117_SGB14050,GGB9117 SGB14050,Oral,sex[T.1],0.0868610538215775,0.5115933509304627,48,0.9201938969517912
g__GGB9117|s__GGB9117_SGB14050,GGB9117 SGB14050,Oral,disease,-0.1849895645897665,0.31398671206050566,48,0.9201938969517912
g__GGB9117|s__GGB9117_SGB14050,GGB9117 SGB14050,Oral,ppi_use,-0.09279045040068379,0.49799302400758116,48,0.9201938969517912
g__GGB9117|s__GGB9117_SGB14050,GGB9117 SGB14050,Oral,age,0.0010857856387497047,0.8353687789591597,48,0.9858314552846569
g__GGB9117|s__GGB9117_SGB14050,GGB9117 SGB14050,Oral,bmi,0.000475664343950237,0.9790309318647736,48,0.9874408865963867
g__GGB9117|s__GGB9117_SGB14050,GGB9117 SGB14050,Oral,antibiotics_3m,-0.06728754896527267,0.7903849900180979,48,0.9858314552846569
g__GGB9117|s__GGB9117_SGB14050,GGB9117 SGB14050,Oral,smoking,0.14614484484387635,0.3171672749278232,48,0.9201938969517912
g__GGB9176|s__GGB9176_SGB14114,GGB9176 SGB14114,Oral,sex[T.1],0.0868610538215775,0.5115933509304627,48,0.9201938969517912
g__GGB9176|s__GGB9176_SGB14114,GGB9176 SGB14114,Oral,disease,-0.1849895645897665,0.31398671206050566,48,0.9201938969517912
g__GGB9176|s__GGB9176_SGB14114,GGB9176 SGB14114,Oral,ppi_use,-0.09279045040068379,0.49799302400758116,48,0.9201938969517912
g__GGB9176|s__GGB9176_SGB14114,GGB9176 SGB14114,Oral,age,0.0010857856387497047,0.8353687789591597,48,0.9858314552846569
g__GGB9176|s__GGB9176_SGB14114,GGB9176 SGB14114,Oral,bmi,0.000475664343950237,0.9790309318647736,48,0.9874408865963867
g__GGB9176|s__GGB9176_SGB14114,GGB9176 SGB14114,Oral,antibiotics_3m,-0.06728754896527267,0.7903849900180979,48,0.9858314552846569
g__GGB9176|s__GGB9176_SGB14114,GGB9176 SGB14114,Oral,smoking,0.14614484484387635,0.3171672749278232,48,0.9201938969517912
g__GGB9261|s__GGB9261_SGB14209,GGB9261 SGB14209,Oral,sex[T.1],0.0868610538215775,0.5115933509304627,48,0.9201938969517912
g__GGB9261|s__GGB9261_SGB14209,GGB9261 SGB14209,Oral,disease,-0.1849895645897665,0.31398671206050566,48,0.9201938969517912
g__GGB9261|s__GGB9261_SGB14209,GGB9261 SGB14209,Oral,ppi_use,-0.09279045040068379,0.49799302400758116,48,0.9201938969517912
g__GGB9261|s__GGB9261_SGB14209,GGB9261 SGB14209,Oral,age,0.0010857856387497047,0.8353687789591597,48,0.9858314552846569
g__GGB9261|s__GGB9261_SGB14209,GGB9261 SGB14209,Oral,bmi,0.000475664343950237,0.9790309318647736,48,0.9874408865963867
g__GGB9261|s__GGB9261_SGB14209,GGB9261 SGB14209,Oral,antibiotics_3m,-0.06728754896527267,0.7903849900180979,48,0.9858314552846569
g__GGB9261|s__GGB9261_SGB14209,GGB9261 SGB14209,Oral,smoking,0.14614484484387635,0.3171672749278232,48,0.9201938969517912
g__GGB9293|s__GGB9293_SGB14250,GGB9293 SGB14250,Oral,sex[T.1],0.0868610538215775,0.5115933509304627,48,0.9201938969517912
g__GGB9293|s__GGB9293_SGB14250,GGB9293 SGB14250,Oral,disease,-0.1849895645897665,0.31398671206050566,48,0.9201938969517912
g__GGB9293|s__GGB9293_SGB14250,GGB9293 SGB14250,Oral,ppi_use,-0.09279045040068379,0.49799302400758116,48,0.9201938969517912
g__GGB9293|s__GGB9293_SGB14250,GGB9293 SGB14250,Oral,age,0.0010857856387497047,0.8353687789591597,48,0.9858314552846569
g__GGB9293|s__GGB9293_SGB14250,GGB9293 SGB14250,Oral,bmi,0.000475664343950237,0.9790309318647736,48,0.9874408865963867
g__GGB9293|s__GGB9293_SGB14250,GGB9293 SGB14250,Oral,antibiotics_3m,-0.06728754896527267,0.7903849900180979,48,0.9858314552846569
g__GGB9293|s__GGB9293_SGB14250,GGB9293 SGB14250,Oral,smoking,0.14614484484387635,0.3171672749278232,48,0.9201938969517912
g__GGB9296|s__GGB9296_SGB14253,GGB9296 SGB14253,Oral,sex[T.1],0.0868610538215775,0.5115933509304627,48,0.9201938969517912
g__GGB9296|s__GGB9296_SGB14253,GGB9296 SGB14253,Oral,disease,-0.1849895645897665,0.31398671206050566,48,0.9201938969517912
g__GGB9296|s__GGB9296_SGB14253,GGB9296 SGB14253,Oral,ppi_use,-0.09279045040068379,0.49799302400758116,48,0.9201938969517912
g__GGB9296|s__GGB9296_SGB14253,GGB9296 SGB14253,Oral,age,0.0010857856387497047,0.8353687789591597,48,0.9858314552846569
g__GGB9296|s__GGB9296_SGB14253,GGB9296 SGB14253,Oral,bmi,0.000475664343950237,0.9790309318647736,48,0.9874408865963867
g__GGB9296|s__GGB9296_SGB14253,GGB9296 SGB14253,Oral,antibiotics_3m,-0.06728754896527267,0.7903849900180979,48,0.9858314552846569
g__GGB9296|s__GGB9296_SGB14253,GGB9296 SGB14253,Oral,smoking,0.14614484484387635,0.3171672749278232,48,0.9201938969517912
g__GGB9302|s__GGB9302_SGB14263,GGB9302 SGB14263,Oral,sex[T.1],0.0868610538215775,0.5115933509304627,48,0.9201938969517912
g__GGB9302|s__GGB9302_SGB14263,GGB9302 SGB14263,Oral,disease,-0.1849895645897665,0.31398671206050566,48,0.9201938969517912
g__GGB9302|s__GGB9302_SGB14263,GGB9302 SGB14263,Oral,ppi_use,-0.09279045040068379,0.49799302400758116,48,0.9201938969517912
g__GGB9302|s__GGB9302_SGB14263,GGB9302 SGB14263,Oral,age,0.0010857856387497047,0.8353687789591597,48,0.9858314552846569
g__GGB9302|s__GGB9302_SGB14263,GGB9302 SGB14263,Oral,bmi,0.000475664343950237,0.9790309318647736,48,0.9874408865963867
g__GGB9302|s__GGB9302_SGB14263,GGB9302 SGB14263,Oral,antibiotics_3m,-0.06728754896527267,0.7903849900180979,48,0.9858314552846569
g__GGB9302|s__GGB9302_SGB14263,GGB9302 SGB14263,Oral,smoking,0.14614484484387635,0.3171672749278232,48,0.9201938969517912
g__GGB9342|s__GGB9342_SGB14306,GGB9342 SGB14306,Oral,sex[T.1],0.0868610538215775,0.5115933509304627,48,0.9201938969517912
g__GGB9342|s__GGB9342_SGB14306,GGB9342 SGB14306,Oral,disease,-0.1849895645897665,0.31398671206050566,48,0.9201938969517912
g__GGB9342|s__GGB9342_SGB14306,GGB9342 SGB14306,Oral,ppi_use,-0.09279045040068379,0.49799302400758116,48,0.9201938969517912
g__GGB9342|s__GGB9342_SGB14306,GGB9342 SGB14306,Oral,age,0.0010857856387497047,0.8353687789591597,48,0.9858314552846569
g__GGB9342|s__GGB9342_SGB14306,GGB9342 SGB14306,Oral,bmi,0.000475664343950237,0.9790309318647736,48,0.9874408865963867
g__GGB9342|s__GGB9342_SGB14306,GGB9342 SGB14306,Oral,antibiotics_3m,-0.06728754896527267,0.7903849900180979,48,0.9858314552846569
g__GGB9342|s__GGB9342_SGB14306,GGB9342 SGB14306,Oral,smoking,0.14614484484387635,0.3171672749278232,48,0.9201938969517912
g__GGB9345|s__GGB9345_SGB14311,GGB9345 SGB14311,Oral,sex[T.1],0.0868610538215775,0.5115933509304627,48,0.9201938969517912
g__GGB9345|s__GGB9345_SGB14311,GGB9345 SGB14311,Oral,disease,-0.1849895645897665,0.31398671206050566,48,0.9201938969517912
g__GGB9345|s__GGB9345_SGB14311,GGB9345 SGB14311,Oral,ppi_use,-0.09279045040068379,0.49799302400758116,48,0.9201938969517912
g__GGB9345|s__GGB9345_SGB14311,GGB9345 SGB14311,Oral,age,0.0010857856387497047,0.8353687789591597,48,0.9858314552846569
g__GGB9345|s__GGB9345_SGB14311,GGB9345 SGB14311,Oral,bmi,0.000475664343950237,0.9790309318647736,48,0.9874408865963867
g__GGB9345|s__GGB9345_SGB14311,GGB9345 SGB14311,Oral,antibiotics_3m,-0.06728754896527267,0.7903849900180979,48,0.9858314552846569
g__GGB9345|s__GGB9345_SGB14311,GGB9345 SGB14311,Oral,smoking,0.14614484484387635,0.3171672749278232,48,0.9201938969517912
g__GGB9453|s__GGB9453_SGB14844,GGB9453 SGB14844,Oral,sex[T.1],0.0868610538215775,0.5115933509304627,48,0.9201938969517912
g__GGB9453|s__GGB9453_SGB14844,GGB9453 SGB14844,Oral,disease,-0.1849895645897665,0.31398671206050566,48,0.9201938969517912
g__GGB9453|s__GGB9453_SGB14844,GGB9453 SGB14844,Oral,ppi_use,-0.09279045040068379,0.49799302400758116,48,0.9201938969517912
g__GGB9453|s__GGB9453_SGB14844,GGB9453 SGB14844,Oral,age,0.0010857856387497047,0.8353687789591597,48,0.9858314552846569
g__GGB9453|s__GGB9453_SGB14844,GGB9453 SGB14844,Oral,bmi,0.000475664343950237,0.9790309318647736,48,0.9874408865963867
g__GGB9453|s__GGB9453_SGB14844,GGB9453 SGB14844,Oral,antibiotics_3m,-0.06728754896527267,0.7903849900180979,48,0.9858314552846569
g__GGB9453|s__GGB9453_SGB14844,GGB9453 SGB14844,Oral,smoking,0.14614484484387635,0.3171672749278232,48,0.9201938969517912
g__GGB9522|s__GGB9522_SGB14921,GGB9522 SGB14921,Oral,sex[T.1],0.0868610538215775,0.5115933509304627,48,0.9201938969517912
g__GGB9522|s__GGB9522_SGB14921,GGB9522 SGB14921,Oral,disease,-0.1849895645897665,0.31398671206050566,48,0.9201938969517912
g__GGB9522|s__GGB9522_SGB14921,GGB9522 SGB14921,Oral,ppi_use,-0.09279045040068379,0.49799302400758116,48,0.9201938969517912
g__GGB9522|s__GGB9522_SGB14921,GGB9522 SGB14921,Oral,age,0.0010857856387497047,0.8353687789591597,48,0.9858314552846569
g__GGB9522|s__GGB9522_SGB14921,GGB9522 SGB14921,Oral,bmi,0.000475664343950237,0.9790309318647736,48,0.9874408865963867
g__GGB9522|s__GGB9522_SGB14921,GGB9522 SGB14921,Oral,antibiotics_3m,-0.06728754896527267,0.7903849900180979,48,0.9858314552846569
g__GGB9522|s__GGB9522_SGB14921,GGB9522 SGB14921,Oral,smoking,0.14614484484387635,0.3171672749278232,48,0.9201938969517912
g__GGB9524|s__GGB9524_SGB14924,GGB9524 SGB14924,Oral,sex[T.1],0.0868610538215775,0.5115933509304627,48,0.9201938969517912
g__GGB9524|s__GGB9524_SGB14924,GGB9524 SGB14924,Oral,disease,-0.1849895645897665,0.31398671206050566,48,0.9201938969517912
g__GGB9524|s__GGB9524_SGB14924,GGB9524 SGB14924,Oral,ppi_use,-0.09279045040068379,0.49799302400758116,48,0.9201938969517912
g__GGB9524|s__GGB9524_SGB14924,GGB9524 SGB14924,Oral,age,0.0010857856387497047,0.8353687789591597,48,0.9858314552846569
g__GGB9524|s__GGB9524_SGB14924,GGB9524 SGB14924,Oral,bmi,0.000475664343950237,0.9790309318647736,48,0.9874408865963867
g__GGB9524|s__GGB9524_SGB14924,GGB9524 SGB14924,Oral,antibiotics_3m,-0.06728754896527267,0.7903849900180979,48,0.9858314552846569
g__GGB9524|s__GGB9524_SGB14924,GGB9524 SGB14924,Oral,smoking,0.14614484484387635,0.3171672749278232,48,0.9201938969517912
g__GGB9559|s__GGB9559_SGB14969,GGB9559 SGB14969,Oral,sex[T.1],0.0868610538215775,0.5115933509304627,48,0.9201938969517912
g__GGB9559|s__GGB9559_SGB14969,GGB9559 SGB14969,Oral,disease,-0.1849895645897665,0.31398671206050566,48,0.9201938969517912
g__GGB9559|s__GGB9559_SGB14969,GGB9559 SGB14969,Oral,ppi_use,-0.09279045040068379,0.49799302400758116,48,0.9201938969517912
g__GGB9559|s__GGB9559_SGB14969,GGB9559 SGB14969,Oral,age,0.0010857856387497047,0.8353687789591597,48,0.9858314552846569
g__GGB9559|s__GGB9559_SGB14969,GGB9559 SGB14969,Oral,bmi,0.000475664343950237,0.9790309318647736,48,0.9874408865963867
g__GGB9559|s__GGB9559_SGB14969,GGB9559 SGB14969,Oral,antibiotics_3m,-0.06728754896527267,0.7903849900180979,48,0.9858314552846569
g__GGB9559|s__GGB9559_SGB14969,GGB9559 SGB14969,Oral,smoking,0.14614484484387635,0.3171672749278232,48,0.9201938969517912
g__GGB9602|s__GGB9602_SGB15028,GGB9602 SGB15028,Oral,sex[T.1],0.0868610538215775,0.5115933509304627,48,0.9201938969517912
g__GGB9602|s__GGB9602_SGB15028,GGB9602 SGB15028,Oral,disease,-0.1849895645897665,0.31398671206050566,48,0.9201938969517912
g__GGB9602|s__GGB9602_SGB15028,GGB9602 SGB15028,Oral,ppi_use,-0.09279045040068379,0.49799302400758116,48,0.9201938969517912
g__GGB9602|s__GGB9602_SGB15028,GGB9602 SGB15028,Oral,age,0.0010857856387497047,0.8353687789591597,48,0.9858314552846569
g__GGB9602|s__GGB9602_SGB15028,GGB9602 SGB15028,Oral,bmi,0.000475664343950237,0.9790309318647736,48,0.9874408865963867
g__GGB9602|s__GGB9602_SGB15028,GGB9602 SGB15028,Oral,antibiotics_3m,-0.06728754896527267,0.7903849900180979,48,0.9858314552846569
g__GGB9602|s__GGB9602_SGB15028,GGB9602 SGB15028,Oral,smoking,0.14614484484387635,0.3171672749278232,48,0.9201938969517912
g__GGB9602|s__GGB9602_SGB15031,GGB9602 SGB15031,Oral,sex[T.1],0.0868610538215775,0.5115933509304627,48,0.9201938969517912
g__GGB9602|s__GGB9602_SGB15031,GGB9602 SGB15031,Oral,disease,-0.1849895645897665,0.31398671206050566,48,0.9201938969517912
g__GGB9602|s__GGB9602_SGB15031,GGB9602 SGB15031,Oral,ppi_use,-0.09279045040068379,0.49799302400758116,48,0.9201938969517912
g__GGB9602|s__GGB9602_SGB15031,GGB9602 SGB15031,Oral,age,0.0010857856387497047,0.8353687789591597,48,0.9858314552846569
g__GGB9602|s__GGB9602_SGB15031,GGB9602 SGB15031,Oral,bmi,0.000475664343950237,0.9790309318647736,48,0.9874408865963867
g__GGB9602|s__GGB9602_SGB15031,GGB9602 SGB15031,Oral,antibiotics_3m,-0.06728754896527267,0.7903849900180979,48,0.9858314552846569
g__GGB9602|s__GGB9602_SGB15031,GGB9602 SGB15031,Oral,smoking,0.14614484484387635,0.3171672749278232,48,0.9201938969517912
g__GGB9608|s__GGB9608_SGB15041,GGB9608 SGB15041,Oral,sex[T.1],0.0868610538215775,0.5115933509304627,48,0.9201938969517912
g__GGB9608|s__GGB9608_SGB15041,GGB9608 SGB15041,Oral,disease,-0.1849895645897665,0.31398671206050566,48,0.9201938969517912
g__GGB9608|s__GGB9608_SGB15041,GGB9608 SGB15041,Oral,ppi_use,-0.09279045040068379,0.49799302400758116,48,0.9201938969517912
g__GGB9608|s__GGB9608_SGB15041,GGB9608 SGB15041,Oral,age,0.0010857856387497047,0.8353687789591597,48,0.9858314552846569
g__GGB9608|s__GGB9608_SGB15041,GGB9608 SGB15041,Oral,bmi,0.000475664343950237,0.9790309318647736,48,0.9874408865963867
g__GGB9608|s__GGB9608_SGB15041,GGB9608 SGB15041,Oral,antibiotics_3m,-0.06728754896527267,0.7903849900180979,48,0.9858314552846569
g__GGB9608|s__GGB9608_SGB15041,GGB9608 SGB15041,Oral,smoking,0.14614484484387635,0.3171672749278232,48,0.9201938969517912
g__GGB9614|s__GGB9614_SGB15049,GGB9614 SGB15049,Oral,sex[T.1],0.0868610538215775,0.5115933509304627,48,0.9201938969517912
g__GGB9614|s__GGB9614_SGB15049,GGB9614 SGB15049,Oral,disease,-0.1849895645897665,0.31398671206050566,48,0.9201938969517912
g__GGB9614|s__GGB9614_SGB15049,GGB9614 SGB15049,Oral,ppi_use,-0.09279045040068379,0.49799302400758116,48,0.9201938969517912
g__GGB9614|s__GGB9614_SGB15049,GGB9614 SGB15049,Oral,age,0.0010857856387497047,0.8353687789591597,48,0.9858314552846569
g__GGB9614|s__GGB9614_SGB15049,GGB9614 SGB15049,Oral,bmi,0.000475664343950237,0.9790309318647736,48,0.9874408865963867
g__GGB9614|s__GGB9614_SGB15049,GGB9614 SGB15049,Oral,antibiotics_3m,-0.06728754896527267,0.7903849900180979,48,0.9858314552846569
g__GGB9614|s__GGB9614_SGB15049,GGB9614 SGB15049,Oral,smoking,0.14614484484387635,0.3171672749278232,48,0.9201938969517912
g__GGB9616|s__GGB9616_SGB15051,GGB9616 SGB15051,Oral,sex[T.1],0.0868610538215775,0.5115933509304627,48,0.9201938969517912
g__GGB9616|s__GGB9616_SGB15051,GGB9616 SGB15051,Oral,disease,-0.1849895645897665,0.31398671206050566,48,0.9201938969517912
g__GGB9616|s__GGB9616_SGB15051,GGB9616 SGB15051,Oral,ppi_use,-0.09279045040068379,0.49799302400758116,48,0.9201938969517912
g__GGB9616|s__GGB9616_SGB15051,GGB9616 SGB15051,Oral,age,0.0010857856387497047,0.8353687789591597,48,0.9858314552846569
g__GGB9616|s__GGB9616_SGB15051,GGB9616 SGB15051,Oral,bmi,0.000475664343950237,0.9790309318647736,48,0.9874408865963867
g__GGB9616|s__GGB9616_SGB15051,GGB9616 SGB15051,Oral,antibiotics_3m,-0.06728754896527267,0.7903849900180979,48,0.9858314552846569
g__GGB9616|s__GGB9616_SGB15051,GGB9616 SGB15051,Oral,smoking,0.14614484484387635,0.3171672749278232,48,0.9201938969517912
g__GGB9618|s__GGB9618_SGB15065,GGB9618 SGB15065,Oral,sex[T.1],0.0868610538215775,0.5115933509304627,48,0.9201938969517912
g__GGB9618|s__GGB9618_SGB15065,GGB9618 SGB15065,Oral,disease,-0.1849895645897665,0.31398671206050566,48,0.9201938969517912
g__GGB9618|s__GGB9618_SGB15065,GGB9618 SGB15065,Oral,ppi_use,-0.09279045040068379,0.49799302400758116,48,0.9201938969517912
g__GGB9618|s__GGB9618_SGB15065,GGB9618 SGB15065,Oral,age,0.0010857856387497047,0.8353687789591597,48,0.9858314552846569
g__GGB9618|s__GGB9618_SGB15065,GGB9618 SGB15065,Oral,bmi,0.000475664343950237,0.9790309318647736,48,0.9874408865963867
g__GGB9618|s__GGB9618_SGB15065,GGB9618 SGB15065,Oral,antibiotics_3m,-0.06728754896527267,0.7903849900180979,48,0.9858314552846569
g__GGB9618|s__GGB9618_SGB15065,GGB9618 SGB15065,Oral,smoking,0.14614484484387635,0.3171672749278232,48,0.9201938969517912
g__GGB9619|s__GGB9619_SGB15066,GGB9619 SGB15066,Oral,sex[T.1],0.0868610538215775,0.5115933509304627,48,0.9201938969517912
g__GGB9619|s__GGB9619_SGB15066,GGB9619 SGB15066,Oral,disease,-0.1849895645897665,0.31398671206050566,48,0.9201938969517912
g__GGB9619|s__GGB9619_SGB15066,GGB9619 SGB15066,Oral,ppi_use,-0.09279045040068379,0.49799302400758116,48,0.9201938969517912
g__GGB9619|s__GGB9619_SGB15066,GGB9619 SGB15066,Oral,age,0.0010857856387497047,0.8353687789591597,48,0.9858314552846569
g__GGB9619|s__GGB9619_SGB15066,GGB9619 SGB15066,Oral,bmi,0.000475664343950237,0.9790309318647736,48,0.9874408865963867
g__GGB9619|s__GGB9619_SGB15066,GGB9619 SGB15066,Oral,antibiotics_3m,-0.06728754896527267,0.7903849900180979,48,0.9858314552846569
g__GGB9619|s__GGB9619_SGB15066,GGB9619 SGB15066,Oral,smoking,0.14614484484387635,0.3171672749278232,48,0.9201938969517912
g__GGB9619|s__GGB9619_SGB15067,GGB9619 SGB15067,Oral,sex[T.1],0.0868610538215775,0.5115933509304627,48,0.9201938969517912
g__GGB9619|s__GGB9619_SGB15067,GGB9619 SGB15067,Oral,disease,-0.1849895645897665,0.31398671206050566,48,0.9201938969517912
g__GGB9619|s__GGB9619_SGB15067,GGB9619 SGB15067,Oral,ppi_use,-0.09279045040068379,0.49799302400758116,48,0.9201938969517912
g__GGB9619|s__GGB9619_SGB15067,GGB9619 SGB15067,Oral,age,0.0010857856387497047,0.8353687789591597,48,0.9858314552846569
g__GGB9619|s__GGB9619_SGB15067,GGB9619 SGB15067,Oral,bmi,0.000475664343950237,0.9790309318647736,48,0.9874408865963867
g__GGB9619|s__GGB9619_SGB15067,GGB9619 SGB15067,Oral,antibiotics_3m,-0.06728754896527267,0.7903849900180979,48,0.9858314552846569
g__GGB9619|s__GGB9619_SGB15067,GGB9619 SGB15067,Oral,smoking,0.14614484484387635,0.3171672749278232,48,0.9201938969517912
g__GGB9621|s__GGB9621_SGB15073,GGB9621 SGB15073,Oral,sex[T.1],0.0868610538215775,0.5115933509304627,48,0.9201938969517912
g__GGB9621|s__GGB9621_SGB15073,GGB9621 SGB15073,Oral,disease,-0.1849895645897665,0.31398671206050566,48,0.9201938969517912
g__GGB9621|s__GGB9621_SGB15073,GGB9621 SGB15073,Oral,ppi_use,-0.09279045040068379,0.49799302400758116,48,0.9201938969517912
g__GGB9621|s__GGB9621_SGB15073,GGB9621 SGB15073,Oral,age,0.0010857856387497047,0.8353687789591597,48,0.9858314552846569
g__GGB9621|s__GGB9621_SGB15073,GGB9621 SGB15073,Oral,bmi,0.000475664343950237,0.9790309318647736,48,0.9874408865963867
g__GGB9621|s__GGB9621_SGB15073,GGB9621 SGB15073,Oral,antibiotics_3m,-0.06728754896527267,0.7903849900180979,48,0.9858314552846569
g__GGB9621|s__GGB9621_SGB15073,GGB9621 SGB15073,Oral,smoking,0.14614484484387635,0.3171672749278232,48,0.9201938969517912
g__GGB9627|s__GGB9627_SGB15081,GGB9627 SGB15081,Oral,sex[T.1],0.0868610538215775,0.5115933509304627,48,0.9201938969517912
g__GGB9627|s__GGB9627_SGB15081,GGB9627 SGB15081,Oral,disease,-0.1849895645897665,0.31398671206050566,48,0.9201938969517912
g__GGB9627|s__GGB9627_SGB15081,GGB9627 SGB15081,Oral,ppi_use,-0.09279045040068379,0.49799302400758116,48,0.9201938969517912
g__GGB9627|s__GGB9627_SGB15081,GGB9627 SGB15081,Oral,age,0.0010857856387497047,0.8353687789591597,48,0.9858314552846569
g__GGB9627|s__GGB9627_SGB15081,GGB9627 SGB15081,Oral,bmi,0.000475664343950237,0.9790309318647736,48,0.9874408865963867
g__GGB9627|s__GGB9627_SGB15081,GGB9627 SGB15081,Oral,antibiotics_3m,-0.06728754896527267,0.7903849900180979,48,0.9858314552846569
g__GGB9627|s__GGB9627_SGB15081,GGB9627 SGB15081,Oral,smoking,0.14614484484387635,0.3171672749278232,48,0.9201938969517912
g__GGB9634|s__GGB9634_SGB15093,GGB9634 SGB15093,Oral,sex[T.1],0.0868610538215775,0.5115933509304627,48,0.9201938969517912
g__GGB9634|s__GGB9634_SGB15093,GGB9634 SGB15093,Oral,disease,-0.1849895645897665,0.31398671206050566,48,0.9201938969517912
g__GGB9634|s__GGB9634_SGB15093,GGB9634 SGB15093,Oral,ppi_use,-0.09279045040068379,0.49799302400758116,48,0.9201938969517912
g__GGB9634|s__GGB9634_SGB15093,GGB9634 SGB15093,Oral,age,0.0010857856387497047,0.8353687789591597,48,0.9858314552846569
g__GGB9634|s__GGB9634_SGB15093,GGB9634 SGB15093,Oral,bmi,0.000475664343950237,0.9790309318647736,48,0.9874408865963867
g__GGB9634|s__GGB9634_SGB15093,GGB9634 SGB15093,Oral,antibiotics_3m,-0.06728754896527267,0.7903849900180979,48,0.9858314552846569
g__GGB9634|s__GGB9634_SGB15093,GGB9634 SGB15093,Oral,smoking,0.14614484484387635,0.3171672749278232,48,0.9201938969517912
g__GGB9635|s__GGB9635_SGB15106,GGB9635 SGB15106,Oral,sex[T.1],0.0868610538215775,0.5115933509304627,48,0.9201938969517912
g__GGB9635|s__GGB9635_SGB15106,GGB9635 SGB15106,Oral,disease,-0.1849895645897665,0.31398671206050566,48,0.9201938969517912
g__GGB9635|s__GGB9635_SGB15106,GGB9635 SGB15106,Oral,ppi_use,-0.09279045040068379,0.49799302400758116,48,0.9201938969517912
g__GGB9635|s__GGB9635_SGB15106,GGB9635 SGB15106,Oral,age,0.0010857856387497047,0.8353687789591597,48,0.9858314552846569
g__GGB9635|s__GGB9635_SGB15106,GGB9635 SGB15106,Oral,bmi,0.000475664343950237,0.9790309318647736,48,0.9874408865963867
g__GGB9635|s__GGB9635_SGB15106,GGB9635 SGB15106,Oral,antibiotics_3m,-0.06728754896527267,0.7903849900180979,48,0.9858314552846569
g__GGB9635|s__GGB9635_SGB15106,GGB9635 SGB15106,Oral,smoking,0.14614484484387635,0.3171672749278232,48,0.9201938969517912
g__GGB9636|s__GGB9636_SGB15107,GGB9636 SGB15107,Oral,sex[T.1],0.0868610538215775,0.5115933509304627,48,0.9201938969517912
g__GGB9636|s__GGB9636_SGB15107,GGB9636 SGB15107,Oral,disease,-0.1849895645897665,0.31398671206050566,48,0.9201938969517912
g__GGB9636|s__GGB9636_SGB15107,GGB9636 SGB15107,Oral,ppi_use,-0.09279045040068379,0.49799302400758116,48,0.9201938969517912
g__GGB9636|s__GGB9636_SGB15107,GGB9636 SGB15107,Oral,age,0.0010857856387497047,0.8353687789591597,48,0.9858314552846569
g__GGB9636|s__GGB9636_SGB15107,GGB9636 SGB15107,Oral,bmi,0.000475664343950237,0.9790309318647736,48,0.9874408865963867
g__GGB9636|s__GGB9636_SGB15107,GGB9636 SGB15107,Oral,antibiotics_3m,-0.06728754896527267,0.7903849900180979,48,0.9858314552846569
g__GGB9636|s__GGB9636_SGB15107,GGB9636 SGB15107,Oral,smoking,0.14614484484387635,0.3171672749278232,48,0.9201938969517912
g__GGB9640|s__GGB9640_SGB15115,GGB9640 SGB15115,Oral,sex[T.1],0.0868610538215775,0.5115933509304627,48,0.9201938969517912
g__GGB9640|s__GGB9640_SGB15115,GGB9640 SGB15115,Oral,disease,-0.1849895645897665,0.31398671206050566,48,0.9201938969517912
g__GGB9640|s__GGB9640_SGB15115,GGB9640 SGB15115,Oral,ppi_use,-0.09279045040068379,0.49799302400758116,48,0.9201938969517912
g__GGB9640|s__GGB9640_SGB15115,GGB9640 SGB15115,Oral,age,0.0010857856387497047,0.8353687789591597,48,0.9858314552846569
g__GGB9640|s__GGB9640_SGB15115,GGB9640 SGB15115,Oral,bmi,0.000475664343950237,0.9790309318647736,48,0.9874408865963867
g__GGB9640|s__GGB9640_SGB15115,GGB9640 SGB15115,Oral,antibiotics_3m,-0.06728754896527267,0.7903849900180979,48,0.9858314552846569
g__GGB9640|s__GGB9640_SGB15115,GGB9640 SGB15115,Oral,smoking,0.14614484484387635,0.3171672749278232,48,0.9201938969517912
g__GGB9641|s__GGB9641_SGB15117,GGB9641 SGB15117,Oral,sex[T.1],0.0868610538215775,0.5115933509304627,48,0.9201938969517912
g__GGB9641|s__GGB9641_SGB15117,GGB9641 SGB15117,Oral,disease,-0.1849895645897665,0.31398671206050566,48,0.9201938969517912
g__GGB9641|s__GGB9641_SGB15117,GGB9641 SGB15117,Oral,ppi_use,-0.09279045040068379,0.49799302400758116,48,0.9201938969517912
g__GGB9641|s__GGB9641_SGB15117,GGB9641 SGB15117,Oral,age,0.0010857856387497047,0.8353687789591597,48,0.9858314552846569
g__GGB9641|s__GGB9641_SGB15117,GGB9641 SGB15117,Oral,bmi,0.000475664343950237,0.9790309318647736,48,0.9874408865963867
g__GGB9641|s__GGB9641_SGB15117,GGB9641 SGB15117,Oral,antibiotics_3m,-0.06728754896527267,0.7903849900180979,48,0.9858314552846569
g__GGB9641|s__GGB9641_SGB15117,GGB9641 SGB15117,Oral,smoking,0.14614484484387635,0.3171672749278232,48,0.9201938969517912
g__GGB9642|s__GGB9642_SGB15119,GGB9642 SGB15119,Oral,sex[T.1],0.0868610538215775,0.5115933509304627,48,0.9201938969517912
g__GGB9642|s__GGB9642_SGB15119,GGB9642 SGB15119,Oral,disease,-0.1849895645897665,0.31398671206050566,48,0.9201938969517912
g__GGB9642|s__GGB9642_SGB15119,GGB9642 SGB15119,Oral,ppi_use,-0.09279045040068379,0.49799302400758116,48,0.9201938969517912
g__GGB9642|s__GGB9642_SGB15119,GGB9642 SGB15119,Oral,age,0.0010857856387497047,0.8353687789591597,48,0.9858314552846569
g__GGB9642|s__GGB9642_SGB15119,GGB9642 SGB15119,Oral,bmi,0.000475664343950237,0.9790309318647736,48,0.9874408865963867
g__GGB9642|s__GGB9642_SGB15119,GGB9642 SGB15119,Oral,antibiotics_3m,-0.06728754896527267,0.7903849900180979,48,0.9858314552846569
g__GGB9642|s__GGB9642_SGB15119,GGB9642 SGB15119,Oral,smoking,0.14614484484387635,0.3171672749278232,48,0.9201938969517912
g__GGB9646|s__GGB9646_SGB15123,GGB9646 SGB15123,Oral,sex[T.1],0.0868610538215775,0.5115933509304627,48,0.9201938969517912
g__GGB9646|s__GGB9646_SGB15123,GGB9646 SGB15123,Oral,disease,-0.1849895645897665,0.31398671206050566,48,0.9201938969517912
g__GGB9646|s__GGB9646_SGB15123,GGB9646 SGB15123,Oral,ppi_use,-0.09279045040068379,0.49799302400758116,48,0.9201938969517912
g__GGB9646|s__GGB9646_SGB15123,GGB9646 SGB15123,Oral,age,0.0010857856387497047,0.8353687789591597,48,0.9858314552846569
g__GGB9646|s__GGB9646_SGB15123,GGB9646 SGB15123,Oral,bmi,0.000475664343950237,0.9790309318647736,48,0.9874408865963867
g__GGB9646|s__GGB9646_SGB15123,GGB9646 SGB15123,Oral,antibiotics_3m,-0.06728754896527267,0.7903849900180979,48,0.9858314552846569
g__GGB9646|s__GGB9646_SGB15123,GGB9646 SGB15123,Oral,smoking,0.14614484484387635,0.3171672749278232,48,0.9201938969517912
g__GGB9677|s__GGB9677_SGB15180,GGB9677 SGB15180,Oral,sex[T.1],0.0868610538215775,0.5115933509304627,48,0.9201938969517912
g__GGB9677|s__GGB9677_SGB15180,GGB9677 SGB15180,Oral,disease,-0.1849895645897665,0.31398671206050566,48,0.9201938969517912
g__GGB9677|s__GGB9677_SGB15180,GGB9677 SGB15180,Oral,ppi_use,-0.09279045040068379,0.49799302400758116,48,0.9201938969517912
g__GGB9677|s__GGB9677_SGB15180,GGB9677 SGB15180,Oral,age,0.0010857856387497047,0.8353687789591597,48,0.9858314552846569
g__GGB9677|s__GGB9677_SGB15180,GGB9677 SGB15180,Oral,bmi,0.000475664343950237,0.9790309318647736,48,0.9874408865963867
g__GGB9677|s__GGB9677_SGB15180,GGB9677 SGB15180,Oral,antibiotics_3m,-0.06728754896527267,0.7903849900180979,48,0.9858314552846569
g__GGB9677|s__GGB9677_SGB15180,GGB9677 SGB15180,Oral,smoking,0.14614484484387635,0.3171672749278232,48,0.9201938969517912
g__GGB9699|s__GGB9699_SGB15216,GGB9699 SGB15216,Oral,sex[T.1],0.0868610538215775,0.5115933509304627,48,0.9201938969517912
g__GGB9699|s__GGB9699_SGB15216,GGB9699 SGB15216,Oral,disease,-0.1849895645897665,0.31398671206050566,48,0.9201938969517912
g__GGB9699|s__GGB9699_SGB15216,GGB9699 SGB15216,Oral,ppi_use,-0.09279045040068379,0.49799302400758116,48,0.9201938969517912
g__GGB9699|s__GGB9699_SGB15216,GGB9699 SGB15216,Oral,age,0.0010857856387497047,0.8353687789591597,48,0.9858314552846569
g__GGB9699|s__GGB9699_SGB15216,GGB9699 SGB15216,Oral,bmi,0.000475664343950237,0.9790309318647736,48,0.9874408865963867
g__GGB9699|s__GGB9699_SGB15216,GGB9699 SGB15216,Oral,antibiotics_3m,-0.06728754896527267,0.7903849900180979,48,0.9858314552846569
g__GGB9699|s__GGB9699_SGB15216,GGB9699 SGB15216,Oral,smoking,0.14614484484387635,0.3171672749278232,48,0.9201938969517912
g__GGB9707|s__GGB9707_SGB15229,GGB9707 SGB15229,Oral,sex[T.1],0.0868610538215775,0.5115933509304627,48,0.9201938969517912
g__GGB9707|s__GGB9707_SGB15229,GGB9707 SGB15229,Oral,disease,-0.1849895645897665,0.31398671206050566,48,0.9201938969517912
g__GGB9707|s__GGB9707_SGB15229,GGB9707 SGB15229,Oral,ppi_use,-0.09279045040068379,0.49799302400758116,48,0.9201938969517912
g__GGB9707|s__GGB9707_SGB15229,GGB9707 SGB15229,Oral,age,0.0010857856387497047,0.8353687789591597,48,0.9858314552846569
g__GGB9707|s__GGB9707_SGB15229,GGB9707 SGB15229,Oral,bmi,0.000475664343950237,0.9790309318647736,48,0.9874408865963867
g__GGB9707|s__GGB9707_SGB15229,GGB9707 SGB15229,Oral,antibiotics_3m,-0.06728754896527267,0.7903849900180979,48,0.9858314552846569
g__GGB9707|s__GGB9707_SGB15229,GGB9707 SGB15229,Oral,smoking,0.14614484484387635,0.3171672749278232,48,0.9201938969517912
g__GGB9708|s__GGB9708_SGB15233,GGB9708 SGB15233,Oral,sex[T.1],0.0868610538215775,0.5115933509304627,48,0.9201938969517912
g__GGB9708|s__GGB9708_SGB15233,GGB9708 SGB15233,Oral,disease,-0.1849895645897665,0.31398671206050566,48,0.9201938969517912
g__GGB9708|s__GGB9708_SGB15233,GGB9708 SGB15233,Oral,ppi_use,-0.09279045040068379,0.49799302400758116,48,0.9201938969517912
g__GGB9708|s__GGB9708_SGB15233,GGB9708 SGB15233,Oral,age,0.0010857856387497047,0.8353687789591597,48,0.9858314552846569
g__GGB9708|s__GGB9708_SGB15233,GGB9708 SGB15233,Oral,bmi,0.000475664343950237,0.9790309318647736,48,0.9874408865963867
g__GGB9708|s__GGB9708_SGB15233,GGB9708 SGB15233,Oral,antibiotics_3m,-0.06728754896527267,0.7903849900180979,48,0.9858314552846569
g__GGB9708|s__GGB9708_SGB15233,GGB9708 SGB15233,Oral,smoking,0.14614484484387635,0.3171672749278232,48,0.9201938969517912
g__GGB9708|s__GGB9708_SGB15234,GGB9708 SGB15234,Oral,sex[T.1],0.0868610538215775,0.5115933509304627,48,0.9201938969517912
g__GGB9708|s__GGB9708_SGB15234,GGB9708 SGB15234,Oral,disease,-0.1849895645897665,0.31398671206050566,48,0.9201938969517912
g__GGB9708|s__GGB9708_SGB15234,GGB9708 SGB15234,Oral,ppi_use,-0.09279045040068379,0.49799302400758116,48,0.9201938969517912
g__GGB9708|s__GGB9708_SGB15234,GGB9708 SGB15234,Oral,age,0.0010857856387497047,0.8353687789591597,48,0.9858314552846569
g__GGB9708|s__GGB9708_SGB15234,GGB9708 SGB15234,Oral,bmi,0.000475664343950237,0.9790309318647736,48,0.9874408865963867
g__GGB9708|s__GGB9708_SGB15234,GGB9708 SGB15234,Oral,antibiotics_3m,-0.06728754896527267,0.7903849900180979,48,0.9858314552846569
g__GGB9708|s__GGB9708_SGB15234,GGB9708 SGB15234,Oral,smoking,0.14614484484387635,0.3171672749278232,48,0.9201938969517912
g__GGB9712|s__GGB9712_SGB15244,GGB9712 SGB15244,Oral,sex[T.1],0.0868610538215775,0.5115933509304627,48,0.9201938969517912
g__GGB9712|s__GGB9712_SGB15244,GGB9712 SGB15244,Oral,disease,-0.1849895645897665,0.31398671206050566,48,0.9201938969517912
g__GGB9712|s__GGB9712_SGB15244,GGB9712 SGB15244,Oral,ppi_use,-0.09279045040068379,0.49799302400758116,48,0.9201938969517912
g__GGB9712|s__GGB9712_SGB15244,GGB9712 SGB15244,Oral,age,0.0010857856387497047,0.8353687789591597,48,0.9858314552846569
g__GGB9712|s__GGB9712_SGB15244,GGB9712 SGB15244,Oral,bmi,0.000475664343950237,0.9790309318647736,48,0.9874408865963867
g__GGB9712|s__GGB9712_SGB15244,GGB9712 SGB15244,Oral,antibiotics_3m,-0.06728754896527267,0.7903849900180979,48,0.9858314552846569
g__GGB9712|s__GGB9712_SGB15244,GGB9712 SGB15244,Oral,smoking,0.14614484484387635,0.3171672749278232,48,0.9201938969517912
g__GGB9713|s__GGB9713_SGB15249,GGB9713 SGB15249,Oral,sex[T.1],0.0868610538215775,0.5115933509304627,48,0.9201938969517912
g__GGB9713|s__GGB9713_SGB15249,GGB9713 SGB15249,Oral,disease,-0.1849895645897665,0.31398671206050566,48,0.9201938969517912
g__GGB9713|s__GGB9713_SGB15249,GGB9713 SGB15249,Oral,ppi_use,-0.09279045040068379,0.49799302400758116,48,0.9201938969517912
g__GGB9713|s__GGB9713_SGB15249,GGB9713 SGB15249,Oral,age,0.0010857856387497047,0.8353687789591597,48,0.9858314552846569
g__GGB9713|s__GGB9713_SGB15249,GGB9713 SGB15249,Oral,bmi,0.000475664343950237,0.9790309318647736,48,0.9874408865963867
g__GGB9713|s__GGB9713_SGB15249,GGB9713 SGB15249,Oral,antibiotics_3m,-0.06728754896527267,0.7903849900180979,48,0.9858314552846569
g__GGB9713|s__GGB9713_SGB15249,GGB9713 SGB15249,Oral,smoking,0.14614484484387635,0.3171672749278232,48,0.9201938969517912
g__GGB9724|s__GGB9724_SGB15278,GGB9724 SGB15278,Oral,sex[T.1],0.0868610538215775,0.5115933509304627,48,0.9201938969517912
g__GGB9724|s__GGB9724_SGB15278,GGB9724 SGB15278,Oral,disease,-0.1849895645897665,0.31398671206050566,48,0.9201938969517912
g__GGB9724|s__GGB9724_SGB15278,GGB9724 SGB15278,Oral,ppi_use,-0.09279045040068379,0.49799302400758116,48,0.9201938969517912
g__GGB9724|s__GGB9724_SGB15278,GGB9724 SGB15278,Oral,age,0.0010857856387497047,0.8353687789591597,48,0.9858314552846569
g__GGB9724|s__GGB9724_SGB15278,GGB9724 SGB15278,Oral,bmi,0.000475664343950237,0.9790309318647736,48,0.9874408865963867
g__GGB9724|s__GGB9724_SGB15278,GGB9724 SGB15278,Oral,antibiotics_3m,-0.06728754896527267,0.7903849900180979,48,0.9858314552846569
g__GGB9724|s__GGB9724_SGB15278,GGB9724 SGB15278,Oral,smoking,0.14614484484387635,0.3171672749278232,48,0.9201938969517912
g__GGB9747|s__GGB9747_SGB15356,GGB9747 SGB15356,Oral,sex[T.1],0.0868610538215775,0.5115933509304627,48,0.9201938969517912
g__GGB9747|s__GGB9747_SGB15356,GGB9747 SGB15356,Oral,disease,-0.1849895645897665,0.31398671206050566,48,0.9201938969517912
g__GGB9747|s__GGB9747_SGB15356,GGB9747 SGB15356,Oral,ppi_use,-0.09279045040068379,0.49799302400758116,48,0.9201938969517912
g__GGB9747|s__GGB9747_SGB15356,GGB9747 SGB15356,Oral,age,0.0010857856387497047,0.8353687789591597,48,0.9858314552846569
g__GGB9747|s__GGB9747_SGB15356,GGB9747 SGB15356,Oral,bmi,0.000475664343950237,0.9790309318647736,48,0.9874408865963867
g__GGB9747|s__GGB9747_SGB15356,GGB9747 SGB15356,Oral,antibiotics_3m,-0.06728754896527267,0.7903849900180979,48,0.9858314552846569
g__GGB9747|s__GGB9747_SGB15356,GGB9747 SGB15356,Oral,smoking,0.14614484484387635,0.3171672749278232,48,0.9201938969517912
g__GGB9758|s__GGB9758_SGB15368,GGB9758 SGB15368,Oral,sex[T.1],0.0868610538215775,0.5115933509304627,48,0.9201938969517912
g__GGB9758|s__GGB9758_SGB15368,GGB9758 SGB15368,Oral,disease,-0.1849895645897665,0.31398671206050566,48,0.9201938969517912
g__GGB9758|s__GGB9758_SGB15368,GGB9758 SGB15368,Oral,ppi_use,-0.09279045040068379,0.49799302400758116,48,0.9201938969517912
g__GGB9758|s__GGB9758_SGB15368,GGB9758 SGB15368,Oral,age,0.0010857856387497047,0.8353687789591597,48,0.9858314552846569
g__GGB9758|s__GGB9758_SGB15368,GGB9758 SGB15368,Oral,bmi,0.000475664343950237,0.9790309318647736,48,0.9874408865963867
g__GGB9758|s__GGB9758_SGB15368,GGB9758 SGB15368,Oral,antibiotics_3m,-0.06728754896527267,0.7903849900180979,48,0.9858314552846569
g__GGB9758|s__GGB9758_SGB15368,GGB9758 SGB15368,Oral,smoking,0.14614484484387635,0.3171672749278232,48,0.9201938969517912
g__GGB9759|s__GGB9759_SGB15370,GGB9759 SGB15370,Oral,sex[T.1],0.0868610538215775,0.5115933509304627,48,0.9201938969517912
g__GGB9759|s__GGB9759_SGB15370,GGB9759 SGB15370,Oral,disease,-0.1849895645897665,0.31398671206050566,48,0.9201938969517912
g__GGB9759|s__GGB9759_SGB15370,GGB9759 SGB15370,Oral,ppi_use,-0.09279045040068379,0.49799302400758116,48,0.9201938969517912
g__GGB9759|s__GGB9759_SGB15370,GGB9759 SGB15370,Oral,age,0.0010857856387497047,0.8353687789591597,48,0.9858314552846569
g__GGB9759|s__GGB9759_SGB15370,GGB9759 SGB15370,Oral,bmi,0.000475664343950237,0.9790309318647736,48,0.9874408865963867
g__GGB9759|s__GGB9759_SGB15370,GGB9759 SGB15370,Oral,antibiotics_3m,-0.06728754896527267,0.7903849900180979,48,0.9858314552846569
g__GGB9759|s__GGB9759_SGB15370,GGB9759 SGB15370,Oral,smoking,0.14614484484387635,0.3171672749278232,48,0.9201938969517912
g__GGB9760|s__GGB9760_SGB15373,GGB9760 SGB15373,Oral,sex[T.1],0.0868610538215775,0.5115933509304627,48,0.9201938969517912
g__GGB9760|s__GGB9760_SGB15373,GGB9760 SGB15373,Oral,disease,-0.1849895645897665,0.31398671206050566,48,0.9201938969517912
g__GGB9760|s__GGB9760_SGB15373,GGB9760 SGB15373,Oral,ppi_use,-0.09279045040068379,0.49799302400758116,48,0.9201938969517912
g__GGB9760|s__GGB9760_SGB15373,GGB9760 SGB15373,Oral,age,0.0010857856387497047,0.8353687789591597,48,0.9858314552846569
g__GGB9760|s__GGB9760_SGB15373,GGB9760 SGB15373,Oral,bmi,0.000475664343950237,0.9790309318647736,48,0.9874408865963867
g__GGB9760|s__GGB9760_SGB15373,GGB9760 SGB15373,Oral,antibiotics_3m,-0.06728754896527267,0.7903849900180979,48,0.9858314552846569
g__GGB9760|s__GGB9760_SGB15373,GGB9760 SGB15373,Oral,smoking,0.14614484484387635,0.3171672749278232,48,0.9201938969517912
g__GGB9760|s__GGB9760_SGB15374,GGB9760 SGB15374,Oral,sex[T.1],0.0868610538215775,0.5115933509304627,48,0.9201938969517912
g__GGB9760|s__GGB9760_SGB15374,GGB9760 SGB15374,Oral,disease,-0.1849895645897665,0.31398671206050566,48,0.9201938969517912
g__GGB9760|s__GGB9760_SGB15374,GGB9760 SGB15374,Oral,ppi_use,-0.09279045040068379,0.49799302400758116,48,0.9201938969517912
g__GGB9760|s__GGB9760_SGB15374,GGB9760 SGB15374,Oral,age,0.0010857856387497047,0.8353687789591597,48,0.9858314552846569
g__GGB9760|s__GGB9760_SGB15374,GGB9760 SGB15374,Oral,bmi,0.000475664343950237,0.9790309318647736,48,0.9874408865963867
g__GGB9760|s__GGB9760_SGB15374,GGB9760 SGB15374,Oral,antibiotics_3m,-0.06728754896527267,0.7903849900180979,48,0.9858314552846569
g__GGB9760|s__GGB9760_SGB15374,GGB9760 SGB15374,Oral,smoking,0.14614484484387635,0.3171672749278232,48,0.9201938969517912
g__GGB9762|s__GGB9762_SGB15377,GGB9762 SGB15377,Oral,sex[T.1],0.0868610538215775,0.5115933509304627,48,0.9201938969517912
g__GGB9762|s__GGB9762_SGB15377,GGB9762 SGB15377,Oral,disease,-0.1849895645897665,0.31398671206050566,48,0.9201938969517912
g__GGB9762|s__GGB9762_SGB15377,GGB9762 SGB15377,Oral,ppi_use,-0.09279045040068379,0.49799302400758116,48,0.9201938969517912
g__GGB9762|s__GGB9762_SGB15377,GGB9762 SGB15377,Oral,age,0.0010857856387497047,0.8353687789591597,48,0.9858314552846569
g__GGB9762|s__GGB9762_SGB15377,GGB9762 SGB15377,Oral,bmi,0.000475664343950237,0.9790309318647736,48,0.9874408865963867
g__GGB9762|s__GGB9762_SGB15377,GGB9762 SGB15377,Oral,antibiotics_3m,-0.06728754896527267,0.7903849900180979,48,0.9858314552846569
g__GGB9762|s__GGB9762_SGB15377,GGB9762 SGB15377,Oral,smoking,0.14614484484387635,0.3171672749278232,48,0.9201938969517912
g__GGB9767|s__GGB9767_SGB15385,GGB9767 SGB15385,Oral,sex[T.1],0.0868610538215775,0.5115933509304627,48,0.9201938969517912
g__GGB9767|s__GGB9767_SGB15385,GGB9767 SGB15385,Oral,disease,-0.1849895645897665,0.31398671206050566,48,0.9201938969517912
g__GGB9767|s__GGB9767_SGB15385,GGB9767 SGB15385,Oral,ppi_use,-0.09279045040068379,0.49799302400758116,48,0.9201938969517912
g__GGB9767|s__GGB9767_SGB15385,GGB9767 SGB15385,Oral,age,0.0010857856387497047,0.8353687789591597,48,0.9858314552846569
g__GGB9767|s__GGB9767_SGB15385,GGB9767 SGB15385,Oral,bmi,0.000475664343950237,0.9790309318647736,48,0.9874408865963867
g__GGB9767|s__GGB9767_SGB15385,GGB9767 SGB15385,Oral,antibiotics_3m,-0.06728754896527267,0.7903849900180979,48,0.9858314552846569
g__GGB9767|s__GGB9767_SGB15385,GGB9767 SGB15385,Oral,smoking,0.14614484484387635,0.3171672749278232,48,0.9201938969517912
g__GGB9770|s__GGB9770_SGB15390,GGB9770 SGB15390,Oral,sex[T.1],0.0868610538215775,0.5115933509304627,48,0.9201938969517912
g__GGB9770|s__GGB9770_SGB15390,GGB9770 SGB15390,Oral,disease,-0.1849895645897665,0.31398671206050566,48,0.9201938969517912
g__GGB9770|s__GGB9770_SGB15390,GGB9770 SGB15390,Oral,ppi_use,-0.09279045040068379,0.49799302400758116,48,0.9201938969517912
g__GGB9770|s__GGB9770_SGB15390,GGB9770 SGB15390,Oral,age,0.0010857856387497047,0.8353687789591597,48,0.9858314552846569
g__GGB9770|s__GGB9770_SGB15390,GGB9770 SGB15390,Oral,bmi,0.000475664343950237,0.9790309318647736,48,0.9874408865963867
g__GGB9770|s__GGB9770_SGB15390,GGB9770 SGB15390,Oral,antibiotics_3m,-0.06728754896527267,0.7903849900180979,48,0.9858314552846569
g__GGB9770|s__GGB9770_SGB15390,GGB9770 SGB15390,Oral,smoking,0.14614484484387635,0.3171672749278232,48,0.9201938969517912
g__GGB9775|s__GGB9775_SGB15395,GGB9775 SGB15395,Oral,sex[T.1],0.0868610538215775,0.5115933509304627,48,0.9201938969517912
g__GGB9775|s__GGB9775_SGB15395,GGB9775 SGB15395,Oral,disease,-0.1849895645897665,0.31398671206050566,48,0.9201938969517912
g__GGB9775|s__GGB9775_SGB15395,GGB9775 SGB15395,Oral,ppi_use,-0.09279045040068379,0.49799302400758116,48,0.9201938969517912
g__GGB9775|s__GGB9775_SGB15395,GGB9775 SGB15395,Oral,age,0.0010857856387497047,0.8353687789591597,48,0.9858314552846569
g__GGB9775|s__GGB9775_SGB15395,GGB9775 SGB15395,Oral,bmi,0.000475664343950237,0.9790309318647736,48,0.9874408865963867
g__GGB9775|s__GGB9775_SGB15395,GGB9775 SGB15395,Oral,antibiotics_3m,-0.06728754896527267,0.7903849900180979,48,0.9858314552846569
g__GGB9775|s__GGB9775_SGB15395,GGB9775 SGB15395,Oral,smoking,0.14614484484387635,0.3171672749278232,48,0.9201938969517912
g__GGB9787|s__GGB9787_SGB15410,GGB9787 SGB15410,Oral,sex[T.1],0.0868610538215775,0.5115933509304627,48,0.9201938969517912
g__GGB9787|s__GGB9787_SGB15410,GGB9787 SGB15410,Oral,disease,-0.1849895645897665,0.31398671206050566,48,0.9201938969517912
g__GGB9787|s__GGB9787_SGB15410,GGB9787 SGB15410,Oral,ppi_use,-0.09279045040068379,0.49799302400758116,48,0.9201938969517912
g__GGB9787|s__GGB9787_SGB15410,GGB9787 SGB15410,Oral,age,0.0010857856387497047,0.8353687789591597,48,0.9858314552846569
g__GGB9787|s__GGB9787_SGB15410,GGB9787 SGB15410,Oral,bmi,0.000475664343950237,0.9790309318647736,48,0.9874408865963867
g__GGB9787|s__GGB9787_SGB15410,GGB9787 SGB15410,Oral,antibiotics_3m,-0.06728754896527267,0.7903849900180979,48,0.9858314552846569
g__GGB9787|s__GGB9787_SGB15410,GGB9787 SGB15410,Oral,smoking,0.14614484484387635,0.3171672749278232,48,0.9201938969517912
g__GGB9818|s__GGB9818_SGB15459,GGB9818 SGB15459,Oral,sex[T.1],0.0868610538215775,0.5115933509304627,48,0.9201938969517912
g__GGB9818|s__GGB9818_SGB15459,GGB9818 SGB15459,Oral,disease,-0.1849895645897665,0.31398671206050566,48,0.9201938969517912
g__GGB9818|s__GGB9818_SGB15459,GGB9818 SGB15459,Oral,ppi_use,-0.09279045040068379,0.49799302400758116,48,0.9201938969517912
g__GGB9818|s__GGB9818_SGB15459,GGB9818 SGB15459,Oral,age,0.0010857856387497047,0.8353687789591597,48,0.9858314552846569
g__GGB9818|s__GGB9818_SGB15459,GGB9818 SGB15459,Oral,bmi,0.000475664343950237,0.9790309318647736,48,0.9874408865963867
g__GGB9818|s__GGB9818_SGB15459,GGB9818 SGB15459,Oral,antibiotics_3m,-0.06728754896527267,0.7903849900180979,48,0.9858314552846569
g__GGB9818|s__GGB9818_SGB15459,GGB9818 SGB15459,Oral,smoking,0.14614484484387635,0.3171672749278232,48,0.9201938969517912
g__Gordonibacter|s__Gordonibacter_pamelaeae,Gordonibacter pamelaeae,Oral,sex[T.1],0.0868610538215775,0.5115933509304627,48,0.9201938969517912
g__Gordonibacter|s__Gordonibacter_pamelaeae,Gordonibacter pamelaeae,Oral,disease,-0.1849895645897665,0.31398671206050566,48,0.9201938969517912
g__Gordonibacter|s__Gordonibacter_pamelaeae,Gordonibacter pamelaeae,Oral,ppi_use,-0.09279045040068379,0.49799302400758116,48,0.9201938969517912
g__Gordonibacter|s__Gordonibacter_pamelaeae,Gordonibacter pamelaeae,Oral,age,0.0010857856387497047,0.8353687789591597,48,0.9858314552846569
g__Gordonibacter|s__Gordonibacter_pamelaeae,Gordonibacter pamelaeae,Oral,bmi,0.000475664343950237,0.9790309318647736,48,0.9874408865963867
g__Gordonibacter|s__Gordonibacter_pamelaeae,Gordonibacter pamelaeae,Oral,antibiotics_3m,-0.06728754896527267,0.7903849900180979,48,0.9858314552846569
g__Gordonibacter|s__Gordonibacter_pamelaeae,Gordonibacter pamelaeae,Oral,smoking,0.14614484484387635,0.3171672749278232,48,0.9201938969517912
g__Granulicatella|s__Granulicatella_SGB8239,Granulicatella SGB8239,Oral,sex[T.1],-1.617677760865047,0.002916003970477956,48,0.9201938969517912
g__Granulicatella|s__Granulicatella_SGB8239,Granulicatella SGB8239,Oral,disease,0.8904198023191483,0.2143329075346465,48,0.9201938969517912
g__Granulicatella|s__Granulicatella_SGB8239,Granulicatella SGB8239,Oral,ppi_use,0.11467610712346893,0.8290998353408142,48,0.9858314552846569
g__Granulicatella|s__Granulicatella_SGB8239,Granulicatella SGB8239,Oral,age,-0.03253807609015695,0.11493846300257596,48,0.9201938969517912
g__Granulicatella|s__Granulicatella_SGB8239,Granulicatella SGB8239,Oral,bmi,0.08609389701000648,0.22564362171107905,48,0.9201938969517912
g__Granulicatella|s__Granulicatella_SGB8239,Granulicatella SGB8239,Oral,antibiotics_3m,1.4433356684398158,0.1478800185456144,48,0.9201938969517912
g__Granulicatella|s__Granulicatella_SGB8239,Granulicatella SGB8239,Oral,smoking,0.7417045443678684,0.19381480517966695,48,0.9201938969517912
g__Granulicatella|s__Granulicatella_SGB8255,Granulicatella SGB8255,Oral,sex[T.1],-0.4253395073547772,0.6579006644984705,48,0.9858314552846569
g__Granulicatella|s__Granulicatella_SGB8255,Granulicatella SGB8255,Oral,disease,2.937612359144783,0.03159139869661805,48,0.9201938969517912
g__Granulicatella|s__Granulicatella_SGB8255,Granulicatella SGB8255,Oral,ppi_use,0.04002285853193466,0.9678327611889227,48,0.9874408865963867
g__Granulicatella|s__Granulicatella_SGB8255,Granulicatella SGB8255,Oral,age,0.005048886648273271,0.8942215937821566,48,0.9874408865963867
g__Granulicatella|s__Granulicatella_SGB8255,Granulicatella SGB8255,Oral,bmi,-0.0009101057858500738,0.9944799497507387,48,0.9973632332754829
g__Granulicatella|s__Granulicatella_SGB8255,Granulicatella SGB8255,Oral,antibiotics_3m,-0.02047093984039794,0.9911197652110852,48,0.9951701116157077
g__Granulicatella|s__Granulicatella_SGB8255,Granulicatella SGB8255,Oral,smoking,-0.6652850029942825,0.5294523841668967,48,0.9442525376555355
g__Granulicatella|s__Granulicatella_adiacens,Granulicatella adiacens,Oral,sex[T.1],-1.1244350213090737,0.10700313982450597,48,0.9201938969517912
g__Granulicatella|s__Granulicatella_adiacens,Granulicatella adiacens,Oral,disease,1.8926051266329698,0.05159535069202095,48,0.9201938969517912
g__Granulicatella|s__Granulicatella_adiacens,Granulicatella adiacens,Oral,ppi_use,0.4262704079816182,0.5490979591345703,48,0.9699020025834934
g__Granulicatella|s__Granulicatella_adiacens,Granulicatella adiacens,Oral,age,-0.05337399263608936,0.05488532976956493,48,0.9201938969517912
g__Granulicatella|s__Granulicatella_adiacens,Granulicatella adiacens,Oral,bmi,0.1306794004342299,0.1699624588347439,48,0.9201938969517912
g__Granulicatella|s__Granulicatella_adiacens,Granulicatella adiacens,Oral,antibiotics_3m,1.7833023729077062,0.18019299177555126,48,0.9201938969517912
g__Granulicatella|s__Granulicatella_adiacens,Granulicatella adiacens,Oral,smoking,-0.48135404529841114,0.5247412170168433,48,0.9383472854515167
g__Haemophilus|s__Haemophilus_haemolyticus,Haemophilus haemolyticus,Oral,sex[T.1],-0.8243191533922725,0.4251919050863743,48,0.9201938969517912
g__Haemophilus|s__Haemophilus_haemolyticus,Haemophilus haemolyticus,Oral,disease,-0.8345604684235542,0.5586933655937043,48,0.9847271156841689
g__Haemophilus|s__Haemophilus_haemolyticus,Haemophilus haemolyticus,Oral,ppi_use,-1.0488814612972481,0.3276604200390755,48,0.9201938969517912
g__Haemophilus|s__Haemophilus_haemolyticus,Haemophilus haemolyticus,Oral,age,-0.07223115988167184,0.08203759229457826,48,0.9201938969517912
g__Haemophilus|s__Haemophilus_haemolyticus,Haemophilus haemolyticus,Oral,bmi,-0.07472763149807833,0.5972248976758109,48,0.9858314552846569
g__Haemophilus|s__Haemophilus_haemolyticus,Haemophilus haemolyticus,Oral,antibiotics_3m,0.8147848234705211,0.6800858919079262,48,0.9858314552846569
g__Haemophilus|s__Haemophilus_haemolyticus,Haemophilus haemolyticus,Oral,smoking,0.6349864342706905,0.5757732605192629,48,0.9858314552846569
g__Haemophilus|s__Haemophilus_parahaemolyticus,Haemophilus parahaemolyticus,Oral,sex[T.1],-0.026971694813832214,0.9828019218674576,48,0.9888387887093953
g__Haemophilus|s__Haemophilus_parahaemolyticus,Haemophilus parahaemolyticus,Oral,disease,-3.3381000132611285,0.05934007770634796,48,0.9201938969517912
g__Haemophilus|s__Haemophilus_parahaemolyticus,Haemophilus parahaemolyticus,Oral,ppi_use,-2.9755553472710217,0.02593573501428098,48,0.9201938969517912
g__Haemophilus|s__Haemophilus_parahaemolyticus,Haemophilus parahaemolyticus,Oral,age,0.03850455696943973,0.438556828082063,48,0.9201938969517912
g__Haemophilus|s__Haemophilus_parahaemolyticus,Haemophilus parahaemolyticus,Oral,bmi,-0.15342189304307344,0.3735973047726938,48,0.9201938969517912
g__Haemophilus|s__Haemophilus_parahaemolyticus,Haemophilus parahaemolyticus,Oral,antibiotics_3m,-0.2997319610872502,0.9005737679728469,48,0.9874408865963867
g__Haemophilus|s__Haemophilus_parahaemolyticus,Haemophilus parahaemolyticus,Oral,smoking,0.3549371553555962,0.796584581204097,48,0.9858314552846569
g__Haemophilus|s__Haemophilus_parainfluenzae,Haemophilus parainfluenzae,Oral,sex[T.1],-1.304855657430189,0.21512869342538787,48,0.9201938969517912
g__Haemophilus|s__Haemophilus_parainfluenzae,Haemophilus parainfluenzae,Oral,disease,-2.2948532063790332,0.11712938862692532,48,0.9201938969517912
g__Haemophilus|s__Haemophilus_parainfluenzae,Haemophilus parainfluenzae,Oral,ppi_use,0.3548948585157181,0.7422623383877476,48,0.9858314552846569
g__Haemophilus|s__Haemophilus_parainfluenzae,Haemophilus parainfluenzae,Oral,age,0.012685550126272302,0.7586179919092636,48,0.9858314552846569
g__Haemophilus|s__Haemophilus_parainfluenzae,Haemophilus parainfluenzae,Oral,bmi,-0.04863018738950445,0.733889853160647,48,0.9858314552846569
g__Haemophilus|s__Haemophilus_parainfluenzae,Haemophilus parainfluenzae,Oral,antibiotics_3m,1.5885415384102393,0.4285447853186434,48,0.9201938969517912
g__Haemophilus|s__Haemophilus_parainfluenzae,Haemophilus parainfluenzae,Oral,smoking,-0.39846914410974055,0.7284275938197009,48,0.9858314552846569
g__Haemophilus|s__Haemophilus_sputorum,Haemophilus sputorum,Oral,sex[T.1],0.302605347190153,0.7579067823236404,48,0.9858314552846569
g__Haemophilus|s__Haemophilus_sputorum,Haemophilus sputorum,Oral,disease,-3.944985329655989,0.005648897888341009,48,0.9201938969517912
g__Haemophilus|s__Haemophilus_sputorum,Haemophilus sputorum,Oral,ppi_use,-1.4035393179596434,0.1717838923385849,48,0.9201938969517912
g__Haemophilus|s__Haemophilus_sputorum,Haemophilus sputorum,Oral,age,-0.007497130581136911,0.8469379435979372,48,0.9874408865963867
g__Haemophilus|s__Haemophilus_sputorum,Haemophilus sputorum,Oral,bmi,-0.1541385349354376,0.25581066915141465,48,0.9201938969517912
g__Haemophilus|s__Haemophilus_sputorum,Haemophilus sputorum,Oral,antibiotics_3m,0.7298383484387707,0.6982965880414209,48,0.9858314552846569
g__Haemophilus|s__Haemophilus_sputorum,Haemophilus sputorum,Oral,smoking,0.7178049191009679,0.5071920581582543,48,0.9201938969517912
g__Holdemanella|s__Holdemanella_porci,Holdemanella porci,Oral,sex[T.1],0.0868610538215775,0.5115933509304627,48,0.9201938969517912
g__Holdemanella|s__Holdemanella_porci,Holdemanella porci,Oral,disease,-0.1849895645897665,0.31398671206050566,48,0.9201938969517912
g__Holdemanella|s__Holdemanella_porci,Holdemanella porci,Oral,ppi_use,-0.09279045040068379,0.49799302400758116,48,0.9201938969517912
g__Holdemanella|s__Holdemanella_porci,Holdemanella porci,Oral,age,0.0010857856387497047,0.8353687789591597,48,0.9858314552846569
g__Holdemanella|s__Holdemanella_porci,Holdemanella porci,Oral,bmi,0.000475664343950237,0.9790309318647736,48,0.9874408865963867
g__Holdemanella|s__Holdemanella_porci,Holdemanella porci,Oral,antibiotics_3m,-0.06728754896527267,0.7903849900180979,48,0.9858314552846569
g__Holdemanella|s__Holdemanella_porci,Holdemanella porci,Oral,smoking,0.14614484484387635,0.3171672749278232,48,0.9201938969517912
g__Holdemania|s__Holdemania_filiformis,Holdemania filiformis,Oral,sex[T.1],0.0868610538215775,0.5115933509304627,48,0.9201938969517912
g__Holdemania|s__Holdemania_filiformis,Holdemania filiformis,Oral,disease,-0.1849895645897665,0.31398671206050566,48,0.9201938969517912
g__Holdemania|s__Holdemania_filiformis,Holdemania filiformis,Oral,ppi_use,-0.09279045040068379,0.49799302400758116,48,0.9201938969517912
g__Holdemania|s__Holdemania_filiformis,Holdemania filiformis,Oral,age,0.0010857856387497047,0.8353687789591597,48,0.9858314552846569
g__Holdemania|s__Holdemania_filiformis,Holdemania filiformis,Oral,bmi,0.000475664343950237,0.9790309318647736,48,0.9874408865963867
g__Holdemania|s__Holdemania_filiformis,Holdemania filiformis,Oral,antibiotics_3m,-0.06728754896527267,0.7903849900180979,48,0.9858314552846569
g__Holdemania|s__Holdemania_filiformis,Holdemania filiformis,Oral,smoking,0.14614484484387635,0.3171672749278232,48,0.9201938969517912
g__Hungatella|s__Hungatella_hathewayi,Hungatella hathewayi,Oral,sex[T.1],0.0868610538215775,0.5115933509304627,48,0.9201938969517912
g__Hungatella|s__Hungatella_hathewayi,Hungatella hathewayi,Oral,disease,-0.1849895645897665,0.31398671206050566,48,0.9201938969517912
g__Hungatella|s__Hungatella_hathewayi,Hungatella hathewayi,Oral,ppi_use,-0.09279045040068379,0.49799302400758116,48,0.9201938969517912
g__Hungatella|s__Hungatella_hathewayi,Hungatella hathewayi,Oral,age,0.0010857856387497047,0.8353687789591597,48,0.9858314552846569
g__Hungatella|s__Hungatella_hathewayi,Hungatella hathewayi,Oral,bmi,0.000475664343950237,0.9790309318647736,48,0.9874408865963867
g__Hungatella|s__Hungatella_hathewayi,Hungatella hathewayi,Oral,antibiotics_3m,-0.06728754896527267,0.7903849900180979,48,0.9858314552846569
g__Hungatella|s__Hungatella_hathewayi,Hungatella hathewayi,Oral,smoking,0.14614484484387635,0.3171672749278232,48,0.9201938969517912
g__Hydrogenoanaerobacterium|s__Hydrogenoanaerobacterium_saccharovorans,Hydrogenoanaerobacterium saccharovorans,Oral,sex[T.1],0.0868610538215775,0.5115933509304627,48,0.9201938969517912
g__Hydrogenoanaerobacterium|s__Hydrogenoanaerobacterium_saccharovorans,Hydrogenoanaerobacterium saccharovorans,Oral,disease,-0.1849895645897665,0.31398671206050566,48,0.9201938969517912
g__Hydrogenoanaerobacterium|s__Hydrogenoanaerobacterium_saccharovorans,Hydrogenoanaerobacterium saccharovorans,Oral,ppi_use,-0.09279045040068379,0.49799302400758116,48,0.9201938969517912
g__Hydrogenoanaerobacterium|s__Hydrogenoanaerobacterium_saccharovorans,Hydrogenoanaerobacterium saccharovorans,Oral,age,0.0010857856387497047,0.8353687789591597,48,0.9858314552846569
g__Hydrogenoanaerobacterium|s__Hydrogenoanaerobacterium_saccharovorans,Hydrogenoanaerobacterium saccharovorans,Oral,bmi,0.000475664343950237,0.9790309318647736,48,0.9874408865963867
g__Hydrogenoanaerobacterium|s__Hydrogenoanaerobacterium_saccharovorans,Hydrogenoanaerobacterium saccharovorans,Oral,antibiotics_3m,-0.06728754896527267,0.7903849900180979,48,0.9858314552846569
g__Hydrogenoanaerobacterium|s__Hydrogenoanaerobacterium_saccharovorans,Hydrogenoanaerobacterium saccharovorans,Oral,smoking,0.14614484484387635,0.3171672749278232,48,0.9201938969517912
g__Intestinibacter|s__Intestinibacter_bartlettii,Intestinibacter bartlettii,Oral,sex[T.1],0.0868610538215775,0.5115933509304627,48,0.9201938969517912
g__Intestinibacter|s__Intestinibacter_bartlettii,Intestinibacter bartlettii,Oral,disease,-0.1849895645897665,0.31398671206050566,48,0.9201938969517912
g__Intestinibacter|s__Intestinibacter_bartlettii,Intestinibacter bartlettii,Oral,ppi_use,-0.09279045040068379,0.49799302400758116,48,0.9201938969517912
g__Intestinibacter|s__Intestinibacter_bartlettii,Intestinibacter bartlettii,Oral,age,0.0010857856387497047,0.8353687789591597,48,0.9858314552846569
g__Intestinibacter|s__Intestinibacter_bartlettii,Intestinibacter bartlettii,Oral,bmi,0.000475664343950237,0.9790309318647736,48,0.9874408865963867
g__Intestinibacter|s__Intestinibacter_bartlettii,Intestinibacter bartlettii,Oral,antibiotics_3m,-0.06728754896527267,0.7903849900180979,48,0.9858314552846569
g__Intestinibacter|s__Intestinibacter_bartlettii,Intestinibacter bartlettii,Oral,smoking,0.14614484484387635,0.3171672749278232,48,0.9201938969517912
g__Isoptericola|s__Isoptericola_variabilis,Isoptericola variabilis,Oral,sex[T.1],3.300951544494984,0.01420185701541721,48,0.9201938969517912
g__Isoptericola|s__Isoptericola_variabilis,Isoptericola variabilis,Oral,disease,2.7141836331289237,0.135296301942673,48,0.9201938969517912
g__Isoptericola|s__Isoptericola_variabilis,Isoptericola variabilis,Oral,ppi_use,1.7711628581721741,0.19106669150717437,48,0.9201938969517912
g__Isoptericola|s__Isoptericola_variabilis,Isoptericola variabilis,Oral,age,-0.04190641591490056,0.4156433453363372,48,0.9201938969517912
g__Isoptericola|s__Isoptericola_variabilis,Isoptericola variabilis,Oral,bmi,0.31845047337447707,0.07875824321339302,48,0.9201938969517912
g__Isoptericola|s__Isoptericola_variabilis,Isoptericola variabilis,Oral,antibiotics_3m,4.531213155200483,0.07380576258575887,48,0.9201938969517912
g__Isoptericola|s__Isoptericola_variabilis,Isoptericola variabilis,Oral,smoking,1.094932284760458,0.44394313826164156,48,0.9201938969517912
g__Lachnoanaerobaculum|s__Lachnoanaerobaculum_orale,Lachnoanaerobaculum orale,Oral,sex[T.1],-1.2625628963552136,0.23964513869318904,48,0.9201938969517912
g__Lachnoanaerobaculum|s__Lachnoanaerobaculum_orale,Lachnoanaerobaculum orale,Oral,disease,0.778692645551152,0.5974980914432853,48,0.9858314552846569
g__Lachnoanaerobaculum|s__Lachnoanaerobaculum_orale,Lachnoanaerobaculum orale,Oral,ppi_use,1.4156057703512506,0.20319131158455,48,0.9201938969517912
g__Lachnoanaerobaculum|s__Lachnoanaerobaculum_orale,Lachnoanaerobaculum orale,Oral,age,-0.008125051727060302,0.8470832483212237,48,0.9874408865963867
g__Lachnoanaerobaculum|s__Lachnoanaerobaculum_orale,Lachnoanaerobaculum orale,Oral,bmi,-0.02049700107767763,0.888325627737701,48,0.9874408865963867
g__Lachnoanaerobaculum|s__Lachnoanaerobaculum_orale,Lachnoanaerobaculum orale,Oral,antibiotics_3m,2.319366165771502,0.25953037108888627,48,0.9201938969517912
g__Lachnoanaerobaculum|s__Lachnoanaerobaculum_orale,Lachnoanaerobaculum orale,Oral,smoking,-0.5299979837120553,0.651207251434679,48,0.9858314552846569
g__Lachnoanaerobaculum|s__Lachnoanaerobaculum_sp_ICM7,Lachnoanaerobaculum sp ICM7,Oral,sex[T.1],0.33196994727292745,0.7278810259988318,48,0.9858314552846569
g__Lachnoanaerobaculum|s__Lachnoanaerobaculum_sp_ICM7,Lachnoanaerobaculum sp ICM7,Oral,disease,1.7390857289292456,0.19200192825638676,48,0.9201938969517912
g__Lachnoanaerobaculum|s__Lachnoanaerobaculum_sp_ICM7,Lachnoanaerobaculum sp ICM7,Oral,ppi_use,-1.141059705208879,0.2512354660931725,48,0.9201938969517912
g__Lachnoanaerobaculum|s__Lachnoanaerobaculum_sp_ICM7,Lachnoanaerobaculum sp ICM7,Oral,age,0.03745601426964702,0.3238222803207833,48,0.9201938969517912
g__Lachnoanaerobaculum|s__Lachnoanaerobaculum_sp_ICM7,Lachnoanaerobaculum sp ICM7,Oral,bmi,0.019803072247408904,0.8796106590712554,48,0.9874408865963867
g__Lachnoanaerobaculum|s__Lachnoanaerobaculum_sp_ICM7,Lachnoanaerobaculum sp ICM7,Oral,antibiotics_3m,1.4602903401457334,0.4261762109008477,48,0.9201938969517912
g__Lachnoanaerobaculum|s__Lachnoanaerobaculum_sp_ICM7,Lachnoanaerobaculum sp ICM7,Oral,smoking,-1.0006460087822862,0.34275184485176324,48,0.9201938969517912
g__Lachnoclostridium|s__Clostridium_symbiosum,Clostridium symbiosum,Oral,sex[T.1],0.0868610538215775,0.5115933509304627,48,0.9201938969517912
g__Lachnoclostridium|s__Clostridium_symbiosum,Clostridium symbiosum,Oral,disease,-0.1849895645897665,0.31398671206050566,48,0.9201938969517912
g__Lachnoclostridium|s__Clostridium_symbiosum,Clostridium symbiosum,Oral,ppi_use,-0.09279045040068379,0.49799302400758116,48,0.9201938969517912
g__Lachnoclostridium|s__Clostridium_symbiosum,Clostridium symbiosum,Oral,age,0.0010857856387497047,0.8353687789591597,48,0.9858314552846569
g__Lachnoclostridium|s__Clostridium_symbiosum,Clostridium symbiosum,Oral,bmi,0.000475664343950237,0.9790309318647736,48,0.9874408865963867
g__Lachnoclostridium|s__Clostridium_symbiosum,Clostridium symbiosum,Oral,antibiotics_3m,-0.06728754896527267,0.7903849900180979,48,0.9858314552846569
g__Lachnoclostridium|s__Clostridium_symbiosum,Clostridium symbiosum,Oral,smoking,0.14614484484387635,0.3171672749278232,48,0.9201938969517912
g__Lachnospira|s__Lachnospira_eligens,Lachnospira eligens,Oral,sex[T.1],0.0868610538215775,0.5115933509304627,48,0.9201938969517912
g__Lachnospira|s__Lachnospira_eligens,Lachnospira eligens,Oral,disease,-0.1849895645897665,0.31398671206050566,48,0.9201938969517912
g__Lachnospira|s__Lachnospira_eligens,Lachnospira eligens,Oral,ppi_use,-0.09279045040068379,0.49799302400758116,48,0.9201938969517912
g__Lachnospira|s__Lachnospira_eligens,Lachnospira eligens,Oral,age,0.0010857856387497047,0.8353687789591597,48,0.9858314552846569
g__Lachnospira|s__Lachnospira_eligens,Lachnospira eligens,Oral,bmi,0.000475664343950237,0.9790309318647736,48,0.9874408865963867
g__Lachnospira|s__Lachnospira_eligens,Lachnospira eligens,Oral,antibiotics_3m,-0.06728754896527267,0.7903849900180979,48,0.9858314552846569
g__Lachnospira|s__Lachnospira_eligens,Lachnospira eligens,Oral,smoking,0.14614484484387635,0.3171672749278232,48,0.9201938969517912
g__Lachnospira|s__Lachnospira_pectinoschiza,Lachnospira pectinoschiza,Oral,sex[T.1],0.0868610538215775,0.5115933509304627,48,0.9201938969517912
g__Lachnospira|s__Lachnospira_pectinoschiza,Lachnospira pectinoschiza,Oral,disease,-0.1849895645897665,0.31398671206050566,48,0.9201938969517912
g__Lachnospira|s__Lachnospira_pectinoschiza,Lachnospira pectinoschiza,Oral,ppi_use,-0.09279045040068379,0.49799302400758116,48,0.9201938969517912
g__Lachnospira|s__Lachnospira_pectinoschiza,Lachnospira pectinoschiza,Oral,age,0.0010857856387497047,0.8353687789591597,48,0.9858314552846569
g__Lachnospira|s__Lachnospira_pectinoschiza,Lachnospira pectinoschiza,Oral,bmi,0.000475664343950237,0.9790309318647736,48,0.9874408865963867
g__Lachnospira|s__Lachnospira_pectinoschiza,Lachnospira pectinoschiza,Oral,antibiotics_3m,-0.06728754896527267,0.7903849900180979,48,0.9858314552846569
g__Lachnospira|s__Lachnospira_pectinoschiza,Lachnospira pectinoschiza,Oral,smoking,0.14614484484387635,0.3171672749278232,48,0.9201938969517912
g__Lachnospira|s__Lachnospira_sp_NSJ_43,Lachnospira sp NSJ 43,Oral,sex[T.1],0.0868610538215775,0.5115933509304627,48,0.9201938969517912
g__Lachnospira|s__Lachnospira_sp_NSJ_43,Lachnospira sp NSJ 43,Oral,disease,-0.1849895645897665,0.31398671206050566,48,0.9201938969517912
g__Lachnospira|s__Lachnospira_sp_NSJ_43,Lachnospira sp NSJ 43,Oral,ppi_use,-0.09279045040068379,0.49799302400758116,48,0.9201938969517912
g__Lachnospira|s__Lachnospira_sp_NSJ_43,Lachnospira sp NSJ 43,Oral,age,0.0010857856387497047,0.8353687789591597,48,0.9858314552846569
g__Lachnospira|s__Lachnospira_sp_NSJ_43,Lachnospira sp NSJ 43,Oral,bmi,0.000475664343950237,0.9790309318647736,48,0.9874408865963867
g__Lachnospira|s__Lachnospira_sp_NSJ_43,Lachnospira sp NSJ 43,Oral,antibiotics_3m,-0.06728754896527267,0.7903849900180979,48,0.9858314552846569
g__Lachnospira|s__Lachnospira_sp_NSJ_43,Lachnospira sp NSJ 43,Oral,smoking,0.14614484484387635,0.3171672749278232,48,0.9201938969517912
g__Lacrimispora|s__Lacrimispora_amygdalina,Lacrimispora amygdalina,Oral,sex[T.1],0.0868610538215775,0.5115933509304627,48,0.9201938969517912
g__Lacrimispora|s__Lacrimispora_amygdalina,Lacrimispora amygdalina,Oral,disease,-0.1849895645897665,0.31398671206050566,48,0.9201938969517912
g__Lacrimispora|s__Lacrimispora_amygdalina,Lacrimispora amygdalina,Oral,ppi_use,-0.09279045040068379,0.49799302400758116,48,0.9201938969517912
g__Lacrimispora|s__Lacrimispora_amygdalina,Lacrimispora amygdalina,Oral,age,0.0010857856387497047,0.8353687789591597,48,0.9858314552846569
g__Lacrimispora|s__Lacrimispora_amygdalina,Lacrimispora amygdalina,Oral,bmi,0.000475664343950237,0.9790309318647736,48,0.9874408865963867
g__Lacrimispora|s__Lacrimispora_amygdalina,Lacrimispora amygdalina,Oral,antibiotics_3m,-0.06728754896527267,0.7903849900180979,48,0.9858314552846569
g__Lacrimispora|s__Lacrimispora_amygdalina,Lacrimispora amygdalina,Oral,smoking,0.14614484484387635,0.3171672749278232,48,0.9201938969517912
g__Lacrimispora|s__Lacrimispora_celerecrescens,Lacrimispora celerecrescens,Oral,sex[T.1],0.0868610538215775,0.5115933509304627,48,0.9201938969517912
g__Lacrimispora|s__Lacrimispora_celerecrescens,Lacrimispora celerecrescens,Oral,disease,-0.1849895645897665,0.31398671206050566,48,0.9201938969517912
g__Lacrimispora|s__Lacrimispora_celerecrescens,Lacrimispora celerecrescens,Oral,ppi_use,-0.09279045040068379,0.49799302400758116,48,0.9201938969517912
g__Lacrimispora|s__Lacrimispora_celerecrescens,Lacrimispora celerecrescens,Oral,age,0.0010857856387497047,0.8353687789591597,48,0.9858314552846569
g__Lacrimispora|s__Lacrimispora_celerecrescens,Lacrimispora celerecrescens,Oral,bmi,0.000475664343950237,0.9790309318647736,48,0.9874408865963867
g__Lacrimispora|s__Lacrimispora_celerecrescens,Lacrimispora celerecrescens,Oral,antibiotics_3m,-0.06728754896527267,0.7903849900180979,48,0.9858314552846569
g__Lacrimispora|s__Lacrimispora_celerecrescens,Lacrimispora celerecrescens,Oral,smoking,0.14614484484387635,0.3171672749278232,48,0.9201938969517912
g__Lancefieldella|s__Lancefieldella_parvula,Lancefieldella parvula,Oral,sex[T.1],-0.00941437206740825,0.9918358774024871,48,0.995482332834114
g__Lancefieldella|s__Lancefieldella_parvula,Lancefieldella parvula,Oral,disease,3.4930975824931365,0.008633846954914502,48,0.9201938969517912
g__Lancefieldella|s__Lancefieldella_parvula,Lancefieldella parvula,Oral,ppi_use,1.407057575445257,0.14470649660104742,48,0.9201938969517912
g__Lancefieldella|s__Lancefieldella_parvula,Lancefieldella parvula,Oral,age,-0.008871348788069167,0.8075838377170474,48,0.9858314552846569
g__Lancefieldella|s__Lancefieldella_parvula,Lancefieldella parvula,Oral,bmi,0.12449040184934435,0.32670317024949913,48,0.9201938969517912
g__Lancefieldella|s__Lancefieldella_parvula,Lancefieldella parvula,Oral,antibiotics_3m,1.2163790015779754,0.49175049859130393,48,0.9201938969517912
g__Lancefieldella|s__Lancefieldella_parvula,Lancefieldella parvula,Oral,smoking,-0.5164541852846115,0.6104366170789491,48,0.9858314552846569
g__Lancefieldella|s__Lancefieldella_rimae,Lancefieldella rimae,Oral,sex[T.1],0.0348061885110138,0.9676498588638105,48,0.9874408865963867
g__Lancefieldella|s__Lancefieldella_rimae,Lancefieldella rimae,Oral,disease,1.792564654096862,0.1364894073186184,48,0.9201938969517912
g__Lancefieldella|s__Lancefieldella_rimae,Lancefieldella rimae,Oral,ppi_use,-0.3505249473941069,0.6932702682543961,48,0.9858314552846569
g__Lancefieldella|s__Lancefieldella_rimae,Lancefieldella rimae,Oral,age,-0.1035295445909537,0.003865056300821731,48,0.9201938969517912
g__Lancefieldella|s__Lancefieldella_rimae,Lancefieldella rimae,Oral,bmi,0.1595584268981664,0.18008206977949137,48,0.9201938969517912
g__Lancefieldella|s__Lancefieldella_rimae,Lancefieldella rimae,Oral,antibiotics_3m,0.08274235830197318,0.9598935690644814,48,0.9874408865963867
g__Lancefieldella|s__Lancefieldella_rimae,Lancefieldella rimae,Oral,smoking,-0.7411281729001791,0.4342075338657424,48,0.9201938969517912
g__Lautropia|s__Lautropia_mirabilis,Lautropia mirabilis,Oral,sex[T.1],-0.28749757388459696,0.8032836492161276,48,0.9858314552846569
g__Lautropia|s__Lautropia_mirabilis,Lautropia mirabilis,Oral,disease,0.776378635715203,0.6271081299017356,48,0.9858314552846569
g__Lautropia|s__Lautropia_mirabilis,Lautropia mirabilis,Oral,ppi_use,-1.1484412368876693,0.3387276883075252,48,0.9201938969517912
g__Lautropia|s__Lautropia_mirabilis,Lautropia mirabilis,Oral,age,0.019685620339327862,0.6667301072640514,48,0.9858314552846569
g__Lautropia|s__Lautropia_mirabilis,Lautropia mirabilis,Oral,bmi,0.10308460082172452,0.5157677360899768,48,0.9256693408130555
g__Lautropia|s__Lautropia_mirabilis,Lautropia mirabilis,Oral,antibiotics_3m,-1.5483607525741914,0.485255923338897,48,0.9201938969517912
g__Lautropia|s__Lautropia_mirabilis,Lautropia mirabilis,Oral,smoking,-1.5509769592936653,0.22596650271137322,48,0.9201938969517912
g__Leptotrichia|s__Leptotrichia_sp_oral_taxon_215,Leptotrichia sp oral taxon 215,Oral,sex[T.1],0.08887747350848929,0.9315944614181986,48,0.9874408865963867
g__Leptotrichia|s__Leptotrichia_sp_oral_taxon_215,Leptotrichia sp oral taxon 215,Oral,disease,1.9298255723744553,0.18269679196032154,48,0.9201938969517912
g__Leptotrichia|s__Leptotrichia_sp_oral_taxon_215,Leptotrichia sp oral taxon 215,Oral,ppi_use,0.9982929212157681,0.3539324327130109,48,0.9201938969517912
g__Leptotrichia|s__Leptotrichia_sp_oral_taxon_215,Leptotrichia sp oral taxon 215,Oral,age,0.01801036152435524,0.6606565590535554,48,0.9858314552846569
g__Leptotrichia|s__Leptotrichia_sp_oral_taxon_215,Leptotrichia sp oral taxon 215,Oral,bmi,0.09559623514914484,0.5019399790612573,48,0.9201938969517912
g__Leptotrichia|s__Leptotrichia_sp_oral_taxon_215,Leptotrichia sp oral taxon 215,Oral,antibiotics_3m,0.49155251613967366,0.8044894372221629,48,0.9858314552846569
g__Leptotrichia|s__Leptotrichia_sp_oral_taxon_215,Leptotrichia sp oral taxon 215,Oral,smoking,-0.8435030873199648,0.46046941693533117,48,0.9201938969517912
g__Leptotrichia|s__Leptotrichia_sp_oral_taxon_221,Leptotrichia sp oral taxon 221,Oral,sex[T.1],0.17608573055075843,0.8798157978523018,48,0.9874408865963867
g__Leptotrichia|s__Leptotrichia_sp_oral_taxon_221,Leptotrichia sp oral taxon 221,Oral,disease,0.4210546718446702,0.793845727314966,48,0.9858314552846569
g__Leptotrichia|s__Leptotrichia_sp_oral_taxon_221,Leptotrichia sp oral taxon 221,Oral,ppi_use,-0.03682779767859656,0.9756101890025553,48,0.9874408865963867
g__Leptotrichia|s__Leptotrichia_sp_oral_taxon_221,Leptotrichia sp oral taxon 221,Oral,age,-0.00498078210076457,0.9139355412824511,48,0.9874408865963867
g__Leptotrichia|s__Leptotrichia_sp_oral_taxon_221,Leptotrichia sp oral taxon 221,Oral,bmi,-0.05950726376149449,0.7096144295919917,48,0.9858314552846569
g__Leptotrichia|s__Leptotrichia_sp_oral_taxon_221,Leptotrichia sp oral taxon 221,Oral,antibiotics_3m,1.4780595905857732,0.5090761399373223,48,0.9201938969517912
g__Leptotrichia|s__Leptotrichia_sp_oral_taxon_221,Leptotrichia sp oral taxon 221,Oral,smoking,-1.1625692942447872,0.3665419016033168,48,0.9201938969517912
g__Leptotrichia|s__Leptotrichia_wadei,Leptotrichia wadei,Oral,sex[T.1],0.7444500284833335,0.5533970303023703,48,0.9767934651242269
g__Leptotrichia|s__Leptotrichia_wadei,Leptotrichia wadei,Oral,disease,-0.13604992962379492,0.9374472800879332,48,0.9874408865963867
g__Leptotrichia|s__Leptotrichia_wadei,Leptotrichia wadei,Oral,ppi_use,1.1359879257093408,0.38322999560954885,48,0.9201938969517912
g__Leptotrichia|s__Leptotrichia_wadei,Leptotrichia wadei,Oral,age,0.03261388369758158,0.5119891859876495,48,0.9202322091965288
g__Leptotrichia|s__Leptotrichia_wadei,Leptotrichia wadei,Oral,bmi,-0.03404489208123972,0.8430030600456964,48,0.9874408865963867
g__Leptotrichia|s__Leptotrichia_wadei,Leptotrichia wadei,Oral,antibiotics_3m,1.7662016989242506,0.46382337619614966,48,0.9201938969517912
g__Leptotrichia|s__Leptotrichia_wadei,Leptotrichia wadei,Oral,smoking,-0.6970236148775546,0.6137219871334487,48,0.9858314552846569
g__Mediterraneibacter|s__Ruminococcus_gnavus,Ruminococcus gnavus,Oral,sex[T.1],0.0868610538215775,0.5115933509304627,48,0.9201938969517912
g__Mediterraneibacter|s__Ruminococcus_gnavus,Ruminococcus gnavus,Oral,disease,-0.1849895645897665,0.31398671206050566,48,0.9201938969517912
g__Mediterraneibacter|s__Ruminococcus_gnavus,Ruminococcus gnavus,Oral,ppi_use,-0.09279045040068379,0.49799302400758116,48,0.9201938969517912
g__Mediterraneibacter|s__Ruminococcus_gnavus,Ruminococcus gnavus,Oral,age,0.0010857856387497047,0.8353687789591597,48,0.9858314552846569
g__Mediterraneibacter|s__Ruminococcus_gnavus,Ruminococcus gnavus,Oral,bmi,0.000475664343950237,0.9790309318647736,48,0.9874408865963867
g__Mediterraneibacter|s__Ruminococcus_gnavus,Ruminococcus gnavus,Oral,antibiotics_3m,-0.06728754896527267,0.7903849900180979,48,0.9858314552846569
g__Mediterraneibacter|s__Ruminococcus_gnavus,Ruminococcus gnavus,Oral,smoking,0.14614484484387635,0.3171672749278232,48,0.9201938969517912
g__Mediterraneibacter|s__Ruminococcus_lactaris,Ruminococcus lactaris,Oral,sex[T.1],0.0868610538215775,0.5115933509304627,48,0.9201938969517912
g__Mediterraneibacter|s__Ruminococcus_lactaris,Ruminococcus lactaris,Oral,disease,-0.1849895645897665,0.31398671206050566,48,0.9201938969517912
g__Mediterraneibacter|s__Ruminococcus_lactaris,Ruminococcus lactaris,Oral,ppi_use,-0.09279045040068379,0.49799302400758116,48,0.9201938969517912
g__Mediterraneibacter|s__Ruminococcus_lactaris,Ruminococcus lactaris,Oral,age,0.0010857856387497047,0.8353687789591597,48,0.9858314552846569
g__Mediterraneibacter|s__Ruminococcus_lactaris,Ruminococcus lactaris,Oral,bmi,0.000475664343950237,0.9790309318647736,48,0.9874408865963867
g__Mediterraneibacter|s__Ruminococcus_lactaris,Ruminococcus lactaris,Oral,antibiotics_3m,-0.06728754896527267,0.7903849900180979,48,0.9858314552846569
g__Mediterraneibacter|s__Ruminococcus_lactaris,Ruminococcus lactaris,Oral,smoking,0.14614484484387635,0.3171672749278232,48,0.9201938969517912
g__Mediterraneibacter|s__Ruminococcus_torques,Ruminococcus torques,Oral,sex[T.1],0.0868610538215775,0.5115933509304627,48,0.9201938969517912
g__Mediterraneibacter|s__Ruminococcus_torques,Ruminococcus torques,Oral,disease,-0.1849895645897665,0.31398671206050566,48,0.9201938969517912
g__Mediterraneibacter|s__Ruminococcus_torques,Ruminococcus torques,Oral,ppi_use,-0.09279045040068379,0.49799302400758116,48,0.9201938969517912
g__Mediterraneibacter|s__Ruminococcus_torques,Ruminococcus torques,Oral,age,0.0010857856387497047,0.8353687789591597,48,0.9858314552846569
g__Mediterraneibacter|s__Ruminococcus_torques,Ruminococcus torques,Oral,bmi,0.000475664343950237,0.9790309318647736,48,0.9874408865963867
g__Mediterraneibacter|s__Ruminococcus_torques,Ruminococcus torques,Oral,antibiotics_3m,-0.06728754896527267,0.7903849900180979,48,0.9858314552846569
g__Mediterraneibacter|s__Ruminococcus_torques,Ruminococcus torques,Oral,smoking,0.14614484484387635,0.3171672749278232,48,0.9201938969517912
g__Megasphaera|s__Megasphaera_micronuciformis,Megasphaera micronuciformis,Oral,sex[T.1],-0.912211884232397,0.45028848858109916,48,0.9201938969517912
g__Megasphaera|s__Megasphaera_micronuciformis,Megasphaera micronuciformis,Oral,disease,1.096077190300083,0.5115750397489292,48,0.9201938969517912
g__Megasphaera|s__Megasphaera_micronuciformis,Megasphaera micronuciformis,Oral,ppi_use,0.5816308367413152,0.6409790270566887,48,0.9858314552846569
g__Megasphaera|s__Megasphaera_micronuciformis,Megasphaera micronuciformis,Oral,age,-0.01066731940653956,0.8229125032263925,48,0.9858314552846569
g__Megasphaera|s__Megasphaera_micronuciformis,Megasphaera micronuciformis,Oral,bmi,-0.04844182402832706,0.769322570998334,48,0.9858314552846569
g__Megasphaera|s__Megasphaera_micronuciformis,Megasphaera micronuciformis,Oral,antibiotics_3m,-0.789382836734625,0.7325568463483287,48,0.9858314552846569
g__Megasphaera|s__Megasphaera_micronuciformis,Megasphaera micronuciformis,Oral,smoking,0.2474030612195386,0.8518487568893838,48,0.9874408865963867
g__Methylobacterium|s__Methylobacterium_SGB15164,Methylobacterium SGB15164,Oral,sex[T.1],0.0868610538215775,0.5115933509304627,48,0.9201938969517912
g__Methylobacterium|s__Methylobacterium_SGB15164,Methylobacterium SGB15164,Oral,disease,-0.1849895645897665,0.31398671206050566,48,0.9201938969517912
g__Methylobacterium|s__Methylobacterium_SGB15164,Methylobacterium SGB15164,Oral,ppi_use,-0.09279045040068379,0.49799302400758116,48,0.9201938969517912
g__Methylobacterium|s__Methylobacterium_SGB15164,Methylobacterium SGB15164,Oral,age,0.0010857856387497047,0.8353687789591597,48,0.9858314552846569
g__Methylobacterium|s__Methylobacterium_SGB15164,Methylobacterium SGB15164,Oral,bmi,0.000475664343950237,0.9790309318647736,48,0.9874408865963867
g__Methylobacterium|s__Methylobacterium_SGB15164,Methylobacterium SGB15164,Oral,antibiotics_3m,-0.06728754896527267,0.7903849900180979,48,0.9858314552846569
g__Methylobacterium|s__Methylobacterium_SGB15164,Methylobacterium SGB15164,Oral,smoking,0.14614484484387635,0.3171672749278232,48,0.9201938969517912
g__Mogibacterium|s__Mogibacterium_diversum,Mogibacterium diversum,Oral,sex[T.1],-0.4932113706781911,0.6327965269660549,48,0.9858314552846569
g__Mogibacterium|s__Mogibacterium_diversum,Mogibacterium diversum,Oral,disease,4.4955534103534855,0.0028988663187524454,48,0.9201938969517912
g__Mogibacterium|s__Mogibacterium_diversum,Mogibacterium diversum,Oral,ppi_use,1.476443449688393,0.17123789304634693,48,0.9201938969517912
g__Mogibacterium|s__Mogibacterium_diversum,Mogibacterium diversum,Oral,age,-0.03777247756373485,0.3570673136675583,48,0.9201938969517912
g__Mogibacterium|s__Mogibacterium_diversum,Mogibacterium diversum,Oral,bmi,0.04889776359700185,0.7295754945701594,48,0.9858314552846569
g__Mogibacterium|s__Mogibacterium_diversum,Mogibacterium diversum,Oral,antibiotics_3m,0.8903632555251157,0.6527355470328803,48,0.9858314552846569
g__Mogibacterium|s__Mogibacterium_diversum,Mogibacterium diversum,Oral,smoking,-1.9137886095879564,0.0972003642051645,48,0.9201938969517912
g__Neisseria|s__Neisseria_sicca,Neisseria sicca,Oral,sex[T.1],-1.8206687569101807,0.0600858143247849,48,0.9201938969517912
g__Neisseria|s__Neisseria_sicca,Neisseria sicca,Oral,disease,-0.9565299128930651,0.4666472902386454,48,0.9201938969517912
g__Neisseria|s__Neisseria_sicca,Neisseria sicca,Oral,ppi_use,-0.9274436119566816,0.34641817997944513,48,0.9201938969517912
g__Neisseria|s__Neisseria_sicca,Neisseria sicca,Oral,age,0.007374264583543337,0.8440252028167324,48,0.9874408865963867
g__Neisseria|s__Neisseria_sicca,Neisseria sicca,Oral,bmi,0.09072697599137773,0.4860093371234029,48,0.9201938969517912
g__Neisseria|s__Neisseria_sicca,Neisseria sicca,Oral,antibiotics_3m,-0.11137303167700541,0.9510782717828699,48,0.9874408865963867
g__Neisseria|s__Neisseria_sicca,Neisseria sicca,Oral,smoking,-0.7091738897204276,0.49719188506059786,48,0.9201938969517912
g__Neisseria|s__Neisseria_sp_oral_taxon_014,Neisseria sp oral taxon 014,Oral,sex[T.1],-0.7173691957689488,0.4318318899037905,48,0.9201938969517912
g__Neisseria|s__Neisseria_sp_oral_taxon_014,Neisseria sp oral taxon 014,Oral,disease,-1.0529566895683877,0.40442299918108027,48,0.9201938969517912
g__Neisseria|s__Neisseria_sp_oral_taxon_014,Neisseria sp oral taxon 014,Oral,ppi_use,-1.1867104880411696,0.2114951630769248,48,0.9201938969517912
g__Neisseria|s__Neisseria_sp_oral_taxon_014,Neisseria sp oral taxon 014,Oral,age,0.05863535897349059,0.10884329984678996,48,0.9201938969517912
g__Neisseria|s__Neisseria_sp_oral_taxon_014,Neisseria sp oral taxon 014,Oral,bmi,-0.0908382793782894,0.4676484570701458,48,0.9201938969517912
g__Neisseria|s__Neisseria_sp_oral_taxon_014,Neisseria sp oral taxon 014,Oral,antibiotics_3m,-2.0074886193542607,0.2532998362870644,48,0.9201938969517912
g__Neisseria|s__Neisseria_sp_oral_taxon_014,Neisseria sp oral taxon 014,Oral,smoking,-1.414478644837716,0.1623832822943228,48,0.9201938969517912
g__Neisseria|s__Neisseria_subflava,Neisseria subflava,Oral,sex[T.1],-3.3188423789056527,0.01455329155044012,48,0.9201938969517912
g__Neisseria|s__Neisseria_subflava,Neisseria subflava,Oral,disease,-1.208440615192207,0.505191243770845,48,0.9201938969517912
g__Neisseria|s__Neisseria_subflava,Neisseria subflava,Oral,ppi_use,-2.1930273455551808,0.11063088906794775,48,0.9201938969517912
g__Neisseria|s__Neisseria_subflava,Neisseria subflava,Oral,age,0.08884778616739333,0.09173801101056794,48,0.9201938969517912
g__Neisseria|s__Neisseria_subflava,Neisseria subflava,Oral,bmi,-0.27306478509458343,0.13323651913973933,48,0.9201938969517912
g__Neisseria|s__Neisseria_subflava,Neisseria subflava,Oral,antibiotics_3m,0.1319110503030907,0.9580323353496214,48,0.9874408865963867
g__Neisseria|s__Neisseria_subflava,Neisseria subflava,Oral,smoking,-1.733802601158173,0.23222589171707783,48,0.9201938969517912
g__Odoribacter|s__Odoribacter_splanchnicus,Odoribacter splanchnicus,Oral,sex[T.1],0.0868610538215775,0.5115933509304627,48,0.9201938969517912
g__Odoribacter|s__Odoribacter_splanchnicus,Odoribacter splanchnicus,Oral,disease,-0.1849895645897665,0.31398671206050566,48,0.9201938969517912
g__Odoribacter|s__Odoribacter_splanchnicus,Odoribacter splanchnicus,Oral,ppi_use,-0.09279045040068379,0.49799302400758116,48,0.9201938969517912
g__Odoribacter|s__Odoribacter_splanchnicus,Odoribacter splanchnicus,Oral,age,0.0010857856387497047,0.8353687789591597,48,0.9858314552846569
g__Odoribacter|s__Odoribacter_splanchnicus,Odoribacter splanchnicus,Oral,bmi,0.000475664343950237,0.9790309318647736,48,0.9874408865963867
g__Odoribacter|s__Odoribacter_splanchnicus,Odoribacter splanchnicus,Oral,antibiotics_3m,-0.06728754896527267,0.7903849900180979,48,0.9858314552846569
g__Odoribacter|s__Odoribacter_splanchnicus,Odoribacter splanchnicus,Oral,smoking,0.14614484484387635,0.3171672749278232,48,0.9201938969517912
g__Oribacterium|s__Oribacterium_SGB5287,Oribacterium SGB5287,Oral,sex[T.1],1.7820924625212906,0.12429026318459864,48,0.9201938969517912
g__Oribacterium|s__Oribacterium_SGB5287,Oribacterium SGB5287,Oral,disease,-0.1875615668113625,0.9055051854331974,48,0.9874408865963867
g__Oribacterium|s__Oribacterium_SGB5287,Oribacterium SGB5287,Oral,ppi_use,1.0845283286564262,0.36123922935894004,48,0.9201938969517912
g__Oribacterium|s__Oribacterium_SGB5287,Oribacterium SGB5287,Oral,age,-0.027433107513282748,0.5448672281669189,48,0.9652045995718239
g__Oribacterium|s__Oribacterium_SGB5287,Oribacterium SGB5287,Oral,bmi,-0.1012254568129538,0.5191779577851758,48,0.9304305195318578
g__Oribacterium|s__Oribacterium_SGB5287,Oribacterium SGB5287,Oral,antibiotics_3m,-0.6563768725855748,0.7645051688427988,48,0.9858314552846569
g__Oribacterium|s__Oribacterium_SGB5287,Oribacterium SGB5287,Oral,smoking,0.0930737737125039,0.9409513411469441,48,0.9874408865963867
g__Oribacterium|s__Oribacterium_asaccharolyticum,Oribacterium asaccharolyticum,Oral,sex[T.1],-0.9212225523845854,0.3281880117910906,48,0.9201938969517912
g__Oribacterium|s__Oribacterium_asaccharolyticum,Oribacterium asaccharolyticum,Oral,disease,0.4296536708092067,0.7402919282940079,48,0.9858314552846569
g__Oribacterium|s__Oribacterium_asaccharolyticum,Oribacterium asaccharolyticum,Oral,ppi_use,0.20673027745943384,0.8310728140376303,48,0.9858314552846569
g__Oribacterium|s__Oribacterium_asaccharolyticum,Oribacterium asaccharolyticum,Oral,age,-0.056416481461332366,0.13345861376955123,48,0.9201938969517912
g__Oribacterium|s__Oribacterium_asaccharolyticum,Oribacterium asaccharolyticum,Oral,bmi,0.10223463856208588,0.4277894183747707,48,0.9201938969517912
g__Oribacterium|s__Oribacterium_asaccharolyticum,Oribacterium asaccharolyticum,Oral,antibiotics_3m,1.2282179515040008,0.49519305331872066,48,0.9201938969517912
g__Oribacterium|s__Oribacterium_asaccharolyticum,Oribacterium asaccharolyticum,Oral,smoking,-1.2040557774393021,0.24649416923034181,48,0.9201938969517912
g__Oribacterium|s__Oribacterium_sinus,Oribacterium sinus,Oral,sex[T.1],-1.4172763716937986,0.15214378304795717,48,0.9201938969517912
g__Oribacterium|s__Oribacterium_sinus,Oribacterium sinus,Oral,disease,2.7798948611220973,0.044936777603812185,48,0.9201938969517912
g__Oribacterium|s__Oribacterium_sinus,Oribacterium sinus,Oral,ppi_use,-0.5189471052317708,0.6082106618148595,48,0.9858314552846569
g__Oribacterium|s__Oribacterium_sinus,Oribacterium sinus,Oral,age,0.031275076452145445,0.4204754069008081,48,0.9201938969517912
g__Oribacterium|s__Oribacterium_sinus,Oribacterium sinus,Oral,bmi,0.041418269693735986,0.7573215684439674,48,0.9858314552846569
g__Oribacterium|s__Oribacterium_sinus,Oribacterium sinus,Oral,antibiotics_3m,1.4601376968781323,0.43738452699125807,48,0.9201938969517912
g__Oribacterium|s__Oribacterium_sinus,Oribacterium sinus,Oral,smoking,-2.5135319536055314,0.023594403517667114,48,0.9201938969517912
g__Oscillibacter|s__Oscillibacter_SGB15077,Oscillibacter SGB15077,Oral,sex[T.1],0.0868610538215775,0.5115933509304627,48,0.9201938969517912
g__Oscillibacter|s__Oscillibacter_SGB15077,Oscillibacter SGB15077,Oral,disease,-0.1849895645897665,0.31398671206050566,48,0.9201938969517912
g__Oscillibacter|s__Oscillibacter_SGB15077,Oscillibacter SGB15077,Oral,ppi_use,-0.09279045040068379,0.49799302400758116,48,0.9201938969517912
g__Oscillibacter|s__Oscillibacter_SGB15077,Oscillibacter SGB15077,Oral,age,0.0010857856387497047,0.8353687789591597,48,0.9858314552846569
g__Oscillibacter|s__Oscillibacter_SGB15077,Oscillibacter SGB15077,Oral,bmi,0.000475664343950237,0.9790309318647736,48,0.9874408865963867
g__Oscillibacter|s__Oscillibacter_SGB15077,Oscillibacter SGB15077,Oral,antibiotics_3m,-0.06728754896527267,0.7903849900180979,48,0.9858314552846569
g__Oscillibacter|s__Oscillibacter_SGB15077,Oscillibacter SGB15077,Oral,smoking,0.14614484484387635,0.3171672749278232,48,0.9201938969517912
g__Oscillibacter|s__Oscillibacter_sp_ER4,Oscillibacter sp ER4,Oral,sex[T.1],0.0868610538215775,0.5115933509304627,48,0.9201938969517912
g__Oscillibacter|s__Oscillibacter_sp_ER4,Oscillibacter sp ER4,Oral,disease,-0.1849895645897665,0.31398671206050566,48,0.9201938969517912
g__Oscillibacter|s__Oscillibacter_sp_ER4,Oscillibacter sp ER4,Oral,ppi_use,-0.09279045040068379,0.49799302400758116,48,0.9201938969517912
g__Oscillibacter|s__Oscillibacter_sp_ER4,Oscillibacter sp ER4,Oral,age,0.0010857856387497047,0.8353687789591597,48,0.9858314552846569
g__Oscillibacter|s__Oscillibacter_sp_ER4,Oscillibacter sp ER4,Oral,bmi,0.000475664343950237,0.9790309318647736,48,0.9874408865963867
g__Oscillibacter|s__Oscillibacter_sp_ER4,Oscillibacter sp ER4,Oral,antibiotics_3m,-0.06728754896527267,0.7903849900180979,48,0.9858314552846569
g__Oscillibacter|s__Oscillibacter_sp_ER4,Oscillibacter sp ER4,Oral,smoking,0.14614484484387635,0.3171672749278232,48,0.9201938969517912
g__Oscillibacter|s__Oscillibacter_valericigenes,Oscillibacter valericigenes,Oral,sex[T.1],0.0868610538215775,0.5115933509304627,48,0.9201938969517912
g__Oscillibacter|s__Oscillibacter_valericigenes,Oscillibacter valericigenes,Oral,disease,-0.1849895645897665,0.31398671206050566,48,0.9201938969517912
g__Oscillibacter|s__Oscillibacter_valericigenes,Oscillibacter valericigenes,Oral,ppi_use,-0.09279045040068379,0.49799302400758116,48,0.9201938969517912
g__Oscillibacter|s__Oscillibacter_valericigenes,Oscillibacter valericigenes,Oral,age,0.0010857856387497047,0.8353687789591597,48,0.9858314552846569
g__Oscillibacter|s__Oscillibacter_valericigenes,Oscillibacter valericigenes,Oral,bmi,0.000475664343950237,0.9790309318647736,48,0.9874408865963867
g__Oscillibacter|s__Oscillibacter_valericigenes,Oscillibacter valericigenes,Oral,antibiotics_3m,-0.06728754896527267,0.7903849900180979,48,0.9858314552846569
g__Oscillibacter|s__Oscillibacter_valericigenes,Oscillibacter valericigenes,Oral,smoking,0.14614484484387635,0.3171672749278232,48,0.9201938969517912
g__Parabacteroides|s__Parabacteroides_distasonis,Parabacteroides distasonis,Oral,sex[T.1],0.0868610538215775,0.5115933509304627,48,0.9201938969517912
g__Parabacteroides|s__Parabacteroides_distasonis,Parabacteroides distasonis,Oral,disease,-0.1849895645897665,0.31398671206050566,48,0.9201938969517912
g__Parabacteroides|s__Parabacteroides_distasonis,Parabacteroides distasonis,Oral,ppi_use,-0.09279045040068379,0.49799302400758116,48,0.9201938969517912
g__Parabacteroides|s__Parabacteroides_distasonis,Parabacteroides distasonis,Oral,age,0.0010857856387497047,0.8353687789591597,48,0.9858314552846569
g__Parabacteroides|s__Parabacteroides_distasonis,Parabacteroides distasonis,Oral,bmi,0.000475664343950237,0.9790309318647736,48,0.9874408865963867
g__Parabacteroides|s__Parabacteroides_distasonis,Parabacteroides distasonis,Oral,antibiotics_3m,-0.06728754896527267,0.7903849900180979,48,0.9858314552846569
g__Parabacteroides|s__Parabacteroides_distasonis,Parabacteroides distasonis,Oral,smoking,0.14614484484387635,0.3171672749278232,48,0.9201938969517912
g__Parabacteroides|s__Parabacteroides_goldsteinii,Parabacteroides goldsteinii,Oral,sex[T.1],0.0868610538215775,0.5115933509304627,48,0.9201938969517912
g__Parabacteroides|s__Parabacteroides_goldsteinii,Parabacteroides goldsteinii,Oral,disease,-0.1849895645897665,0.31398671206050566,48,0.9201938969517912
g__Parabacteroides|s__Parabacteroides_goldsteinii,Parabacteroides goldsteinii,Oral,ppi_use,-0.09279045040068379,0.49799302400758116,48,0.9201938969517912
g__Parabacteroides|s__Parabacteroides_goldsteinii,Parabacteroides goldsteinii,Oral,age,0.0010857856387497047,0.8353687789591597,48,0.9858314552846569
g__Parabacteroides|s__Parabacteroides_goldsteinii,Parabacteroides goldsteinii,Oral,bmi,0.000475664343950237,0.9790309318647736,48,0.9874408865963867
g__Parabacteroides|s__Parabacteroides_goldsteinii,Parabacteroides goldsteinii,Oral,antibiotics_3m,-0.06728754896527267,0.7903849900180979,48,0.9858314552846569
g__Parabacteroides|s__Parabacteroides_goldsteinii,Parabacteroides goldsteinii,Oral,smoking,0.14614484484387635,0.3171672749278232,48,0.9201938969517912
g__Parabacteroides|s__Parabacteroides_merdae,Parabacteroides merdae,Oral,sex[T.1],0.0868610538215775,0.5115933509304627,48,0.9201938969517912
g__Parabacteroides|s__Parabacteroides_merdae,Parabacteroides merdae,Oral,disease,-0.1849895645897665,0.31398671206050566,48,0.9201938969517912
g__Parabacteroides|s__Parabacteroides_merdae,Parabacteroides merdae,Oral,ppi_use,-0.09279045040068379,0.49799302400758116,48,0.9201938969517912
g__Parabacteroides|s__Parabacteroides_merdae,Parabacteroides merdae,Oral,age,0.0010857856387497047,0.8353687789591597,48,0.9858314552846569
g__Parabacteroides|s__Parabacteroides_merdae,Parabacteroides merdae,Oral,bmi,0.000475664343950237,0.9790309318647736,48,0.9874408865963867
g__Parabacteroides|s__Parabacteroides_merdae,Parabacteroides merdae,Oral,antibiotics_3m,-0.06728754896527267,0.7903849900180979,48,0.9858314552846569
g__Parabacteroides|s__Parabacteroides_merdae,Parabacteroides merdae,Oral,smoking,0.14614484484387635,0.3171672749278232,48,0.9201938969517912
g__Paraprevotella|s__Paraprevotella_clara,Paraprevotella clara,Oral,sex[T.1],0.0868610538215775,0.5115933509304627,48,0.9201938969517912
g__Paraprevotella|s__Paraprevotella_clara,Paraprevotella clara,Oral,disease,-0.1849895645897665,0.31398671206050566,48,0.9201938969517912
g__Paraprevotella|s__Paraprevotella_clara,Paraprevotella clara,Oral,ppi_use,-0.09279045040068379,0.49799302400758116,48,0.9201938969517912
g__Paraprevotella|s__Paraprevotella_clara,Paraprevotella clara,Oral,age,0.0010857856387497047,0.8353687789591597,48,0.9858314552846569
g__Paraprevotella|s__Paraprevotella_clara,Paraprevotella clara,Oral,bmi,0.000475664343950237,0.9790309318647736,48,0.9874408865963867
g__Paraprevotella|s__Paraprevotella_clara,Paraprevotella clara,Oral,antibiotics_3m,-0.06728754896527267,0.7903849900180979,48,0.9858314552846569
g__Paraprevotella|s__Paraprevotella_clara,Paraprevotella clara,Oral,smoking,0.14614484484387635,0.3171672749278232,48,0.9201938969517912
g__Parasutterella|s__Parasutterella_SGB9260,Parasutterella SGB9260,Oral,sex[T.1],0.0868610538215775,0.5115933509304627,48,0.9201938969517912
g__Parasutterella|s__Parasutterella_SGB9260,Parasutterella SGB9260,Oral,disease,-0.1849895645897665,0.31398671206050566,48,0.9201938969517912
g__Parasutterella|s__Parasutterella_SGB9260,Parasutterella SGB9260,Oral,ppi_use,-0.09279045040068379,0.49799302400758116,48,0.9201938969517912
g__Parasutterella|s__Parasutterella_SGB9260,Parasutterella SGB9260,Oral,age,0.0010857856387497047,0.8353687789591597,48,0.9858314552846569
g__Parasutterella|s__Parasutterella_SGB9260,Parasutterella SGB9260,Oral,bmi,0.000475664343950237,0.9790309318647736,48,0.9874408865963867
g__Parasutterella|s__Parasutterella_SGB9260,Parasutterella SGB9260,Oral,antibiotics_3m,-0.06728754896527267,0.7903849900180979,48,0.9858314552846569
g__Parasutterella|s__Parasutterella_SGB9260,Parasutterella SGB9260,Oral,smoking,0.14614484484387635,0.3171672749278232,48,0.9201938969517912
g__Parasutterella|s__Parasutterella_excrementihominis,Parasutterella excrementihominis,Oral,sex[T.1],0.0868610538215775,0.5115933509304627,48,0.9201938969517912
g__Parasutterella|s__Parasutterella_excrementihominis,Parasutterella excrementihominis,Oral,disease,-0.1849895645897665,0.31398671206050566,48,0.9201938969517912
g__Parasutterella|s__Parasutterella_excrementihominis,Parasutterella excrementihominis,Oral,ppi_use,-0.09279045040068379,0.49799302400758116,48,0.9201938969517912
g__Parasutterella|s__Parasutterella_excrementihominis,Parasutterella excrementihominis,Oral,age,0.0010857856387497047,0.8353687789591597,48,0.9858314552846569
g__Parasutterella|s__Parasutterella_excrementihominis,Parasutterella excrementihominis,Oral,bmi,0.000475664343950237,0.9790309318647736,48,0.9874408865963867
g__Parasutterella|s__Parasutterella_excrementihominis,Parasutterella excrementihominis,Oral,antibiotics_3m,-0.06728754896527267,0.7903849900180979,48,0.9858314552846569
g__Parasutterella|s__Parasutterella_excrementihominis,Parasutterella excrementihominis,Oral,smoking,0.14614484484387635,0.3171672749278232,48,0.9201938969517912
g__Phascolarctobacterium|s__Phascolarctobacterium_faecium,Phascolarctobacterium faecium,Oral,sex[T.1],0.0868610538215775,0.5115933509304627,48,0.9201938969517912
g__Phascolarctobacterium|s__Phascolarctobacterium_faecium,Phascolarctobacterium faecium,Oral,disease,-0.1849895645897665,0.31398671206050566,48,0.9201938969517912
g__Phascolarctobacterium|s__Phascolarctobacterium_faecium,Phascolarctobacterium faecium,Oral,ppi_use,-0.09279045040068379,0.49799302400758116,48,0.9201938969517912
g__Phascolarctobacterium|s__Phascolarctobacterium_faecium,Phascolarctobacterium faecium,Oral,age,0.0010857856387497047,0.8353687789591597,48,0.9858314552846569
g__Phascolarctobacterium|s__Phascolarctobacterium_faecium,Phascolarctobacterium faecium,Oral,bmi,0.000475664343950237,0.9790309318647736,48,0.9874408865963867
g__Phascolarctobacterium|s__Phascolarctobacterium_faecium,Phascolarctobacterium faecium,Oral,antibiotics_3m,-0.06728754896527267,0.7903849900180979,48,0.9858314552846569
g__Phascolarctobacterium|s__Phascolarctobacterium_faecium,Phascolarctobacterium faecium,Oral,smoking,0.14614484484387635,0.3171672749278232,48,0.9201938969517912
g__Phocaeicola|s__Phocaeicola_dorei,Phocaeicola dorei,Oral,sex[T.1],0.0868610538215775,0.5115933509304627,48,0.9201938969517912
g__Phocaeicola|s__Phocaeicola_dorei,Phocaeicola dorei,Oral,disease,-0.1849895645897665,0.31398671206050566,48,0.9201938969517912
g__Phocaeicola|s__Phocaeicola_dorei,Phocaeicola dorei,Oral,ppi_use,-0.09279045040068379,0.49799302400758116,48,0.9201938969517912
g__Phocaeicola|s__Phocaeicola_dorei,Phocaeicola dorei,Oral,age,0.0010857856387497047,0.8353687789591597,48,0.9858314552846569
g__Phocaeicola|s__Phocaeicola_dorei,Phocaeicola dorei,Oral,bmi,0.000475664343950237,0.9790309318647736,48,0.9874408865963867
g__Phocaeicola|s__Phocaeicola_dorei,Phocaeicola dorei,Oral,antibiotics_3m,-0.06728754896527267,0.7903849900180979,48,0.9858314552846569
g__Phocaeicola|s__Phocaeicola_dorei,Phocaeicola dorei,Oral,smoking,0.14614484484387635,0.3171672749278232,48,0.9201938969517912
g__Phocaeicola|s__Phocaeicola_massiliensis,Phocaeicola massiliensis,Oral,sex[T.1],0.0868610538215775,0.5115933509304627,48,0.9201938969517912
g__Phocaeicola|s__Phocaeicola_massiliensis,Phocaeicola massiliensis,Oral,disease,-0.1849895645897665,0.31398671206050566,48,0.9201938969517912
g__Phocaeicola|s__Phocaeicola_massiliensis,Phocaeicola massiliensis,Oral,ppi_use,-0.09279045040068379,0.49799302400758116,48,0.9201938969517912
g__Phocaeicola|s__Phocaeicola_massiliensis,Phocaeicola massiliensis,Oral,age,0.0010857856387497047,0.8353687789591597,48,0.9858314552846569
g__Phocaeicola|s__Phocaeicola_massiliensis,Phocaeicola massiliensis,Oral,bmi,0.000475664343950237,0.9790309318647736,48,0.9874408865963867
g__Phocaeicola|s__Phocaeicola_massiliensis,Phocaeicola massiliensis,Oral,antibiotics_3m,-0.06728754896527267,0.7903849900180979,48,0.9858314552846569
g__Phocaeicola|s__Phocaeicola_massiliensis,Phocaeicola massiliensis,Oral,smoking,0.14614484484387635,0.3171672749278232,48,0.9201938969517912
g__Phocaeicola|s__Phocaeicola_vulgatus,Phocaeicola vulgatus,Oral,sex[T.1],0.0868610538215775,0.5115933509304627,48,0.9201938969517912
g__Phocaeicola|s__Phocaeicola_vulgatus,Phocaeicola vulgatus,Oral,disease,-0.1849895645897665,0.31398671206050566,48,0.9201938969517912
g__Phocaeicola|s__Phocaeicola_vulgatus,Phocaeicola vulgatus,Oral,ppi_use,-0.09279045040068379,0.49799302400758116,48,0.9201938969517912
g__Phocaeicola|s__Phocaeicola_vulgatus,Phocaeicola vulgatus,Oral,age,0.0010857856387497047,0.8353687789591597,48,0.9858314552846569
g__Phocaeicola|s__Phocaeicola_vulgatus,Phocaeicola vulgatus,Oral,bmi,0.000475664343950237,0.9790309318647736,48,0.9874408865963867
g__Phocaeicola|s__Phocaeicola_vulgatus,Phocaeicola vulgatus,Oral,antibiotics_3m,-0.06728754896527267,0.7903849900180979,48,0.9858314552846569
g__Phocaeicola|s__Phocaeicola_vulgatus,Phocaeicola vulgatus,Oral,smoking,0.14614484484387635,0.3171672749278232,48,0.9201938969517912
g__Porphyromonas|s__Porphyromonas_endodontalis,Porphyromonas endodontalis,Oral,sex[T.1],0.9489465610347704,0.3793928524987763,48,0.9201938969517912
g__Porphyromonas|s__Porphyromonas_endodontalis,Porphyromonas endodontalis,Oral,disease,-2.7856658083888135,0.06650955651122605,48,0.9201938969517912
g__Porphyromonas|s__Porphyromonas_endodontalis,Porphyromonas endodontalis,Oral,ppi_use,-0.3142321396209434,0.7774827654616991,48,0.9858314552846569
g__Porphyromonas|s__Porphyromonas_endodontalis,Porphyromonas endodontalis,Oral,age,-0.06984902201726045,0.10612558547240236,48,0.9201938969517912
g__Porphyromonas|s__Porphyromonas_endodontalis,Porphyromonas endodontalis,Oral,bmi,0.036580792109756184,0.8039569882316221,48,0.9858314552846569
g__Porphyromonas|s__Porphyromonas_endodontalis,Porphyromonas endodontalis,Oral,antibiotics_3m,-1.0459011677716228,0.6121650198290458,48,0.9858314552846569
g__Porphyromonas|s__Porphyromonas_endodontalis,Porphyromonas endodontalis,Oral,smoking,-0.2718309031514053,0.8181330654791472,48,0.9858314552846569
g__Porphyromonas|s__Porphyromonas_pasteri,Porphyromonas pasteri,Oral,sex[T.1],-1.7503658454738806,0.23649046497151335,48,0.9201938969517912
g__Porphyromonas|s__Porphyromonas_pasteri,Porphyromonas pasteri,Oral,disease,-2.1633670343721088,0.2892926703973127,48,0.9201938969517912
g__Porphyromonas|s__Porphyromonas_pasteri,Porphyromonas pasteri,Oral,ppi_use,-0.30114189789299406,0.8425919604919441,48,0.9874408865963867
g__Porphyromonas|s__Porphyromonas_pasteri,Porphyromonas pasteri,Oral,age,0.022741492043886057,0.69526970500427,48,0.9858314552846569
g__Porphyromonas|s__Porphyromonas_pasteri,Porphyromonas pasteri,Oral,bmi,-0.09748988813582148,0.6280948196122412,48,0.9858314552846569
g__Porphyromonas|s__Porphyromonas_pasteri,Porphyromonas pasteri,Oral,antibiotics_3m,-2.4017474732213357,0.39482619403623764,48,0.9201938969517912
g__Porphyromonas|s__Porphyromonas_pasteri,Porphyromonas pasteri,Oral,smoking,-1.3661164264899177,0.3988944242455318,48,0.9201938969517912
g__Prevotella|s__Prevotella_copri_clade_A,Prevotella copri clade A,Oral,sex[T.1],0.0868610538215775,0.5115933509304627,48,0.9201938969517912
g__Prevotella|s__Prevotella_copri_clade_A,Prevotella copri clade A,Oral,disease,-0.1849895645897665,0.31398671206050566,48,0.9201938969517912
g__Prevotella|s__Prevotella_copri_clade_A,Prevotella copri clade A,Oral,ppi_use,-0.09279045040068379,0.49799302400758116,48,0.9201938969517912
g__Prevotella|s__Prevotella_copri_clade_A,Prevotella copri clade A,Oral,age,0.0010857856387497047,0.8353687789591597,48,0.9858314552846569
g__Prevotella|s__Prevotella_copri_clade_A,Prevotella copri clade A,Oral,bmi,0.000475664343950237,0.9790309318647736,48,0.9874408865963867
g__Prevotella|s__Prevotella_copri_clade_A,Prevotella copri clade A,Oral,antibiotics_3m,-0.06728754896527267,0.7903849900180979,48,0.9858314552846569
g__Prevotella|s__Prevotella_copri_clade_A,Prevotella copri clade A,Oral,smoking,0.14614484484387635,0.3171672749278232,48,0.9201938969517912
g__Prevotella|s__Prevotella_histicola,Prevotella histicola,Oral,sex[T.1],0.048112167139277906,0.9622117509553083,48,0.9874408865963867
g__Prevotella|s__Prevotella_histicola,Prevotella histicola,Oral,disease,-0.00950251169496319,0.9946020510117989,48,0.9973632332754829
g__Prevotella|s__Prevotella_histicola,Prevotella histicola,Oral,ppi_use,1.6093273290816534,0.1310613974023591,48,0.9201938969517912
g__Prevotella|s__Prevotella_histicola,Prevotella histicola,Oral,age,0.01322704469958877,0.7422327117384317,48,0.9858314552846569
g__Prevotella|s__Prevotella_histicola,Prevotella histicola,Oral,bmi,-0.023170661500822143,0.8678629259284485,48,0.9874408865963867
g__Prevotella|s__Prevotella_histicola,Prevotella histicola,Oral,antibiotics_3m,2.0678986572531395,0.29155654545591503,48,0.9201938969517912
g__Prevotella|s__Prevotella_histicola,Prevotella histicola,Oral,smoking,1.5671367333533845,0.16576541529448688,48,0.9201938969517912
g__Prevotella|s__Prevotella_jejuni,Prevotella jejuni,Oral,sex[T.1],0.9276905162277636,0.45211296489756936,48,0.9201938969517912
g__Prevotella|s__Prevotella_jejuni,Prevotella jejuni,Oral,disease,-3.9817435407127633,0.023448237001650513,48,0.9201938969517912
g__Prevotella|s__Prevotella_jejuni,Prevotella jejuni,Oral,ppi_use,0.3985530825753618,0.7541464113106331,48,0.9858314552846569
g__Prevotella|s__Prevotella_jejuni,Prevotella jejuni,Oral,age,0.0025761481268442854,0.9577746844350421,48,0.9874408865963867
g__Prevotella|s__Prevotella_jejuni,Prevotella jejuni,Oral,bmi,-0.3058246685319749,0.07539583466035207,48,0.9201938969517912
g__Prevotella|s__Prevotella_jejuni,Prevotella jejuni,Oral,antibiotics_3m,-6.046729827363395,0.013607468608995659,48,0.9201938969517912
g__Prevotella|s__Prevotella_jejuni,Prevotella jejuni,Oral,smoking,2.146402564421323,0.11811687083901827,48,0.9201938969517912
g__Prevotella|s__Prevotella_melaninogenica,Prevotella melaninogenica,Oral,sex[T.1],0.04661254417882288,0.967337592783504,48,0.9874408865963867
g__Prevotella|s__Prevotella_melaninogenica,Prevotella melaninogenica,Oral,disease,-0.7862364729758096,0.6180827079573705,48,0.9858314552846569
g__Prevotella|s__Prevotella_melaninogenica,Prevotella melaninogenica,Oral,ppi_use,0.07235049756747602,0.9510115122600722,48,0.9874408865963867
g__Prevotella|s__Prevotella_melaninogenica,Prevotella melaninogenica,Oral,age,-0.007564225285945761,0.8666824395440417,48,0.9874408865963867
g__Prevotella|s__Prevotella_melaninogenica,Prevotella melaninogenica,Oral,bmi,-0.18750602408070194,0.23383935319213617,48,0.9201938969517912
g__Prevotella|s__Prevotella_melaninogenica,Prevotella melaninogenica,Oral,antibiotics_3m,-0.8832687761846749,0.6859888869113631,48,0.9858314552846569
g__Prevotella|s__Prevotella_melaninogenica,Prevotella melaninogenica,Oral,smoking,-1.2699687580135874,0.3136003184436475,48,0.9201938969517912
g__Prevotella|s__Prevotella_nanceiensis,Prevotella nanceiensis,Oral,sex[T.1],0.2926664720159086,0.7932419862155973,48,0.9858314552846569
g__Prevotella|s__Prevotella_nanceiensis,Prevotella nanceiensis,Oral,disease,0.31890215312491743,0.836388731546052,48,0.98656126423843
g__Prevotella|s__Prevotella_nanceiensis,Prevotella nanceiensis,Oral,ppi_use,0.12443664790823017,0.9141838879048185,48,0.9874408865963867
g__Prevotella|s__Prevotella_nanceiensis,Prevotella nanceiensis,Oral,age,-0.03304965644285334,0.4559224394306979,48,0.9201938969517912
g__Prevotella|s__Prevotella_nanceiensis,Prevotella nanceiensis,Oral,bmi,0.0701225752880591,0.6472576441452815,48,0.9858314552846569
g__Prevotella|s__Prevotella_nanceiensis,Prevotella nanceiensis,Oral,antibiotics_3m,0.3783055796955388,0.8596990110726204,48,0.9874408865963867
g__Prevotella|s__Prevotella_nanceiensis,Prevotella nanceiensis,Oral,smoking,-1.2424728322603937,0.31464526348839444,48,0.9201938969517912
g__Prevotella|s__Prevotella_nigrescens,Prevotella nigrescens,Oral,sex[T.1],0.2731992214465845,0.8060285333623598,48,0.9858314552846569
g__Prevotella|s__Prevotella_nigrescens,Prevotella nigrescens,Oral,disease,-2.4281387924943347,0.12008532513520241,48,0.9201938969517912
g__Prevotella|s__Prevotella_nigrescens,Prevotella nigrescens,Oral,ppi_use,-0.09797119006345334,0.9321438383171292,48,0.9874408865963867
g__Prevotella|s__Prevotella_nigrescens,Prevotella nigrescens,Oral,age,-0.06062491166069126,0.1734280563189789,48,0.9201938969517912
g__Prevotella|s__Prevotella_nigrescens,Prevotella nigrescens,Oral,bmi,0.2085617829669764,0.1764261929970906,48,0.9201938969517912
g__Prevotella|s__Prevotella_nigrescens,Prevotella nigrescens,Oral,antibiotics_3m,-2.3739263108086677,0.2692562894481052,48,0.9201938969517912
g__Prevotella|s__Prevotella_nigrescens,Prevotella nigrescens,Oral,smoking,-0.4989104900396033,0.6837327050465077,48,0.9858314552846569
g__Prevotella|s__Prevotella_oris,Prevotella oris,Oral,sex[T.1],0.0961455032823999,0.9368596017754434,48,0.9874408865963867
g__Prevotella|s__Prevotella_oris,Prevotella oris,Oral,disease,-0.5851197866745861,0.7276200795000665,48,0.9858314552846569
g__Prevotella|s__Prevotella_oris,Prevotella oris,Oral,ppi_use,-0.2293750561825011,0.8550696137887179,48,0.9874408865963867
g__Prevotella|s__Prevotella_oris,Prevotella oris,Oral,age,-0.09731209883837981,0.04812629434039999,48,0.9201938969517912
g__Prevotella|s__Prevotella_oris,Prevotella oris,Oral,bmi,0.1680088316606293,0.31578677752576867,48,0.9201938969517912
g__Prevotella|s__Prevotella_oris,Prevotella oris,Oral,antibiotics_3m,-1.6740283567883765,0.4732987011772556,48,0.9201938969517912
g__Prevotella|s__Prevotella_oris,Prevotella oris,Oral,smoking,-0.9058300255682679,0.4986953920592625,48,0.9201938969517912
g__Prevotella|s__Prevotella_oulorum,Prevotella oulorum,Oral,sex[T.1],0.13051780775564015,0.9093783228744433,48,0.9874408865963867
g__Prevotella|s__Prevotella_oulorum,Prevotella oulorum,Oral,disease,1.10843223964279,0.485941847760359,48,0.9201938969517912
g__Prevotella|s__Prevotella_oulorum,Prevotella oulorum,Oral,ppi_use,1.0877084720996888,0.3616681665854753,48,0.9201938969517912
g__Prevotella|s__Prevotella_oulorum,Prevotella oulorum,Oral,age,0.0014458183043077068,0.9745822464543643,48,0.9874408865963867
g__Prevotella|s__Prevotella_oulorum,Prevotella oulorum,Oral,bmi,-0.18126747801165566,0.252859048747926,48,0.9201938969517912
g__Prevotella|s__Prevotella_oulorum,Prevotella oulorum,Oral,antibiotics_3m,0.457976020304481,0.8350089513812878,48,0.9858314552846569
g__Prevotella|s__Prevotella_oulorum,Prevotella oulorum,Oral,smoking,0.36313502587665436,0.7735296463937652,48,0.9858314552846569
g__Prevotella|s__Prevotella_pallens,Prevotella pallens,Oral,sex[T.1],-0.5429951052240853,0.6455148148268572,48,0.9858314552846569
g__Prevotella|s__Prevotella_pallens,Prevotella pallens,Oral,disease,-3.966539961925719,0.018852323803701544,48,0.9201938969517912
g__Prevotella|s__Prevotella_pallens,Prevotella pallens,Oral,ppi_use,0.34701846237939593,0.7760987655567413,48,0.9858314552846569
g__Prevotella|s__Prevotella_pallens,Prevotella pallens,Oral,age,-0.04378412634086313,0.35065264802129015,48,0.9201938969517912
g__Prevotella|s__Prevotella_pallens,Prevotella pallens,Oral,bmi,-0.20576022682715905,0.20760972549659115,48,0.9201938969517912
g__Prevotella|s__Prevotella_pallens,Prevotella pallens,Oral,antibiotics_3m,1.9435800266879961,0.39200522407788474,48,0.9201938969517912
g__Prevotella|s__Prevotella_pallens,Prevotella pallens,Oral,smoking,-1.4962158315812943,0.25250582968570356,48,0.9201938969517912
g__Prevotella|s__Prevotella_salivae,Prevotella salivae,Oral,sex[T.1],-0.42290021804120204,0.6613470712726255,48,0.9858314552846569
g__Prevotella|s__Prevotella_salivae,Prevotella salivae,Oral,disease,-1.7692161530979504,0.18947157648293259,48,0.9201938969517912
g__Prevotella|s__Prevotella_salivae,Prevotella salivae,Oral,ppi_use,1.5230600435273096,0.13230682626160262,48,0.9201938969517912
g__Prevotella|s__Prevotella_salivae,Prevotella salivae,Oral,age,0.0013793148505077957,0.9711672160977922,48,0.9874408865963867
g__Prevotella|s__Prevotella_salivae,Prevotella salivae,Oral,bmi,-0.056373881180263374,0.6701945940026899,48,0.9858314552846569
g__Prevotella|s__Prevotella_salivae,Prevotella salivae,Oral,antibiotics_3m,0.960771089665883,0.6038749046187042,48,0.9858314552846569
g__Prevotella|s__Prevotella_salivae,Prevotella salivae,Oral,smoking,-0.6274109384164387,0.5550480079715303,48,0.97900427536687
g__Prevotella|s__Prevotella_sp_HJM029,Prevotella sp HJM029,Oral,sex[T.1],0.22107217511298574,0.8709442146116104,48,0.9874408865963867
g__Prevotella|s__Prevotella_sp_HJM029,Prevotella sp HJM029,Oral,disease,0.2581702564660172,0.8908960342350983,48,0.9874408865963867
g__Prevotella|s__Prevotella_sp_HJM029,Prevotella sp HJM029,Oral,ppi_use,0.9991359967033369,0.4791841242297201,48,0.9201938969517912
g__Prevotella|s__Prevotella_sp_HJM029,Prevotella sp HJM029,Oral,age,-0.026062563337246845,0.6288771939936234,48,0.9858314552846569
g__Prevotella|s__Prevotella_sp_HJM029,Prevotella sp HJM029,Oral,bmi,-0.07845434436051277,0.6744445269978783,48,0.9858314552846569
g__Prevotella|s__Prevotella_sp_HJM029,Prevotella sp HJM029,Oral,antibiotics_3m,-0.7099170065345581,0.7855973423917466,48,0.9858314552846569
g__Prevotella|s__Prevotella_sp_HJM029,Prevotella sp HJM029,Oral,smoking,-0.16390780894587342,0.9127995866440545,48,0.9874408865963867
g__Prevotella|s__Prevotella_vespertina,Prevotella vespertina,Oral,sex[T.1],-1.5306466699608001,0.3105493822083023,48,0.9201938969517912
g__Prevotella|s__Prevotella_vespertina,Prevotella vespertina,Oral,disease,-4.344692153937298,0.04136874612694598,48,0.9201938969517912
g__Prevotella|s__Prevotella_vespertina,Prevotella vespertina,Oral,ppi_use,1.2627751059145775,0.41759660551162936,48,0.9201938969517912
g__Prevotella|s__Prevotella_vespertina,Prevotella vespertina,Oral,age,-0.05128144859799123,0.3897733328347506,48,0.9201938969517912
g__Prevotella|s__Prevotella_vespertina,Prevotella vespertina,Oral,bmi,-0.15578331784949223,0.45033210191229744,48,0.9201938969517912
g__Prevotella|s__Prevotella_vespertina,Prevotella vespertina,Oral,antibiotics_3m,-2.457218735764501,0.3949017792870262,48,0.9201938969517912
g__Prevotella|s__Prevotella_vespertina,Prevotella vespertina,Oral,smoking,0.9109407162098815,0.5815288212915188,48,0.9858314552846569
g__Pseudoflavonifractor|s__Pseudoflavonifractor_sp_An184,Pseudoflavonifractor sp An184,Oral,sex[T.1],0.0868610538215775,0.5115933509304627,48,0.9201938969517912
g__Pseudoflavonifractor|s__Pseudoflavonifractor_sp_An184,Pseudoflavonifractor sp An184,Oral,disease,-0.1849895645897665,0.31398671206050566,48,0.9201938969517912
g__Pseudoflavonifractor|s__Pseudoflavonifractor_sp_An184,Pseudoflavonifractor sp An184,Oral,ppi_use,-0.09279045040068379,0.49799302400758116,48,0.9201938969517912
g__Pseudoflavonifractor|s__Pseudoflavonifractor_sp_An184,Pseudoflavonifractor sp An184,Oral,age,0.0010857856387497047,0.8353687789591597,48,0.9858314552846569
g__Pseudoflavonifractor|s__Pseudoflavonifractor_sp_An184,Pseudoflavonifractor sp An184,Oral,bmi,0.000475664343950237,0.9790309318647736,48,0.9874408865963867
g__Pseudoflavonifractor|s__Pseudoflavonifractor_sp_An184,Pseudoflavonifractor sp An184,Oral,antibiotics_3m,-0.06728754896527267,0.7903849900180979,48,0.9858314552846569
g__Pseudoflavonifractor|s__Pseudoflavonifractor_sp_An184,Pseudoflavonifractor sp An184,Oral,smoking,0.14614484484387635,0.3171672749278232,48,0.9201938969517912
g__Rheinheimera|s__Rheinheimera_SGB14999,Rheinheimera SGB14999,Oral,sex[T.1],0.0868610538215775,0.5115933509304627,48,0.9201938969517912
g__Rheinheimera|s__Rheinheimera_SGB14999,Rheinheimera SGB14999,Oral,disease,-0.1849895645897665,0.31398671206050566,48,0.9201938969517912
g__Rheinheimera|s__Rheinheimera_SGB14999,Rheinheimera SGB14999,Oral,ppi_use,-0.09279045040068379,0.49799302400758116,48,0.9201938969517912
g__Rheinheimera|s__Rheinheimera_SGB14999,Rheinheimera SGB14999,Oral,age,0.0010857856387497047,0.8353687789591597,48,0.9858314552846569
g__Rheinheimera|s__Rheinheimera_SGB14999,Rheinheimera SGB14999,Oral,bmi,0.000475664343950237,0.9790309318647736,48,0.9874408865963867
g__Rheinheimera|s__Rheinheimera_SGB14999,Rheinheimera SGB14999,Oral,antibiotics_3m,-0.06728754896527267,0.7903849900180979,48,0.9858314552846569
g__Rheinheimera|s__Rheinheimera_SGB14999,Rheinheimera SGB14999,Oral,smoking,0.14614484484387635,0.3171672749278232,48,0.9201938969517912
g__Romboutsia|s__Romboutsia_timonensis,Romboutsia timonensis,Oral,sex[T.1],0.0868610538215775,0.5115933509304627,48,0.9201938969517912
g__Romboutsia|s__Romboutsia_timonensis,Romboutsia timonensis,Oral,disease,-0.1849895645897665,0.31398671206050566,48,0.9201938969517912
g__Romboutsia|s__Romboutsia_timonensis,Romboutsia timonensis,Oral,ppi_use,-0.09279045040068379,0.49799302400758116,48,0.9201938969517912
g__Romboutsia|s__Romboutsia_timonensis,Romboutsia timonensis,Oral,age,0.0010857856387497047,0.8353687789591597,48,0.9858314552846569
g__Romboutsia|s__Romboutsia_timonensis,Romboutsia timonensis,Oral,bmi,0.000475664343950237,0.9790309318647736,48,0.9874408865963867
g__Romboutsia|s__Romboutsia_timonensis,Romboutsia timonensis,Oral,antibiotics_3m,-0.06728754896527267,0.7903849900180979,48,0.9858314552846569
g__Romboutsia|s__Romboutsia_timonensis,Romboutsia timonensis,Oral,smoking,0.14614484484387635,0.3171672749278232,48,0.9201938969517912
g__Roseburia|s__Roseburia_faecis,Roseburia faecis,Oral,sex[T.1],0.0868610538215775,0.5115933509304627,48,0.9201938969517912
g__Roseburia|s__Roseburia_faecis,Roseburia faecis,Oral,disease,-0.1849895645897665,0.31398671206050566,48,0.9201938969517912
g__Roseburia|s__Roseburia_faecis,Roseburia faecis,Oral,ppi_use,-0.09279045040068379,0.49799302400758116,48,0.9201938969517912
g__Roseburia|s__Roseburia_faecis,Roseburia faecis,Oral,age,0.0010857856387497047,0.8353687789591597,48,0.9858314552846569
g__Roseburia|s__Roseburia_faecis,Roseburia faecis,Oral,bmi,0.000475664343950237,0.9790309318647736,48,0.9874408865963867
g__Roseburia|s__Roseburia_faecis,Roseburia faecis,Oral,antibiotics_3m,-0.06728754896527267,0.7903849900180979,48,0.9858314552846569
g__Roseburia|s__Roseburia_faecis,Roseburia faecis,Oral,smoking,0.14614484484387635,0.3171672749278232,48,0.9201938969517912
g__Roseburia|s__Roseburia_hominis,Roseburia hominis,Oral,sex[T.1],0.0868610538215775,0.5115933509304627,48,0.9201938969517912
g__Roseburia|s__Roseburia_hominis,Roseburia hominis,Oral,disease,-0.1849895645897665,0.31398671206050566,48,0.9201938969517912
g__Roseburia|s__Roseburia_hominis,Roseburia hominis,Oral,ppi_use,-0.09279045040068379,0.49799302400758116,48,0.9201938969517912
g__Roseburia|s__Roseburia_hominis,Roseburia hominis,Oral,age,0.0010857856387497047,0.8353687789591597,48,0.9858314552846569
g__Roseburia|s__Roseburia_hominis,Roseburia hominis,Oral,bmi,0.000475664343950237,0.9790309318647736,48,0.9874408865963867
g__Roseburia|s__Roseburia_hominis,Roseburia hominis,Oral,antibiotics_3m,-0.06728754896527267,0.7903849900180979,48,0.9858314552846569
g__Roseburia|s__Roseburia_hominis,Roseburia hominis,Oral,smoking,0.14614484484387635,0.3171672749278232,48,0.9201938969517912
g__Roseburia|s__Roseburia_intestinalis,Roseburia intestinalis,Oral,sex[T.1],0.0868610538215775,0.5115933509304627,48,0.9201938969517912
g__Roseburia|s__Roseburia_intestinalis,Roseburia intestinalis,Oral,disease,-0.1849895645897665,0.31398671206050566,48,0.9201938969517912
g__Roseburia|s__Roseburia_intestinalis,Roseburia intestinalis,Oral,ppi_use,-0.09279045040068379,0.49799302400758116,48,0.9201938969517912
g__Roseburia|s__Roseburia_intestinalis,Roseburia intestinalis,Oral,age,0.0010857856387497047,0.8353687789591597,48,0.9858314552846569
g__Roseburia|s__Roseburia_intestinalis,Roseburia intestinalis,Oral,bmi,0.000475664343950237,0.9790309318647736,48,0.9874408865963867
g__Roseburia|s__Roseburia_intestinalis,Roseburia intestinalis,Oral,antibiotics_3m,-0.06728754896527267,0.7903849900180979,48,0.9858314552846569
g__Roseburia|s__Roseburia_intestinalis,Roseburia intestinalis,Oral,smoking,0.14614484484387635,0.3171672749278232,48,0.9201938969517912
g__Roseburia|s__Roseburia_inulinivorans,Roseburia inulinivorans,Oral,sex[T.1],0.0868610538215775,0.5115933509304627,48,0.9201938969517912
g__Roseburia|s__Roseburia_inulinivorans,Roseburia inulinivorans,Oral,disease,-0.1849895645897665,0.31398671206050566,48,0.9201938969517912
g__Roseburia|s__Roseburia_inulinivorans,Roseburia inulinivorans,Oral,ppi_use,-0.09279045040068379,0.49799302400758116,48,0.9201938969517912
g__Roseburia|s__Roseburia_inulinivorans,Roseburia inulinivorans,Oral,age,0.0010857856387497047,0.8353687789591597,48,0.9858314552846569
g__Roseburia|s__Roseburia_inulinivorans,Roseburia inulinivorans,Oral,bmi,0.000475664343950237,0.9790309318647736,48,0.9874408865963867
g__Roseburia|s__Roseburia_inulinivorans,Roseburia inulinivorans,Oral,antibiotics_3m,-0.06728754896527267,0.7903849900180979,48,0.9858314552846569
g__Roseburia|s__Roseburia_inulinivorans,Roseburia inulinivorans,Oral,smoking,0.14614484484387635,0.3171672749278232,48,0.9201938969517912
g__Roseburia|s__Roseburia_sp_AF02_12,Roseburia sp AF02 12,Oral,sex[T.1],0.0868610538215775,0.5115933509304627,48,0.9201938969517912
g__Roseburia|s__Roseburia_sp_AF02_12,Roseburia sp AF02 12,Oral,disease,-0.1849895645897665,0.31398671206050566,48,0.9201938969517912
g__Roseburia|s__Roseburia_sp_AF02_12,Roseburia sp AF02 12,Oral,ppi_use,-0.09279045040068379,0.49799302400758116,48,0.9201938969517912
g__Roseburia|s__Roseburia_sp_AF02_12,Roseburia sp AF02 12,Oral,age,0.0010857856387497047,0.8353687789591597,48,0.9858314552846569
g__Roseburia|s__Roseburia_sp_AF02_12,Roseburia sp AF02 12,Oral,bmi,0.000475664343950237,0.9790309318647736,48,0.9874408865963867
g__Roseburia|s__Roseburia_sp_AF02_12,Roseburia sp AF02 12,Oral,antibiotics_3m,-0.06728754896527267,0.7903849900180979,48,0.9858314552846569
g__Roseburia|s__Roseburia_sp_AF02_12,Roseburia sp AF02 12,Oral,smoking,0.14614484484387635,0.3171672749278232,48,0.9201938969517912
g__Roseburia|s__Roseburia_sp_AM16_25,Roseburia sp AM16 25,Oral,sex[T.1],0.0868610538215775,0.5115933509304627,48,0.9201938969517912
g__Roseburia|s__Roseburia_sp_AM16_25,Roseburia sp AM16 25,Oral,disease,-0.1849895645897665,0.31398671206050566,48,0.9201938969517912
g__Roseburia|s__Roseburia_sp_AM16_25,Roseburia sp AM16 25,Oral,ppi_use,-0.09279045040068379,0.49799302400758116,48,0.9201938969517912
g__Roseburia|s__Roseburia_sp_AM16_25,Roseburia sp AM16 25,Oral,age,0.0010857856387497047,0.8353687789591597,48,0.9858314552846569
g__Roseburia|s__Roseburia_sp_AM16_25,Roseburia sp AM16 25,Oral,bmi,0.000475664343950237,0.9790309318647736,48,0.9874408865963867
g__Roseburia|s__Roseburia_sp_AM16_25,Roseburia sp AM16 25,Oral,antibiotics_3m,-0.06728754896527267,0.7903849900180979,48,0.9858314552846569
g__Roseburia|s__Roseburia_sp_AM16_25,Roseburia sp AM16 25,Oral,smoking,0.14614484484387635,0.3171672749278232,48,0.9201938969517912
g__Rothia|s__Rothia_aeria,Rothia aeria,Oral,sex[T.1],-0.17692846725412992,0.8680325951675015,48,0.9874408865963867
g__Rothia|s__Rothia_aeria,Rothia aeria,Oral,disease,0.173739178429287,0.9060891309721825,48,0.9874408865963867
g__Rothia|s__Rothia_aeria,Rothia aeria,Oral,ppi_use,-1.2223556170108363,0.2707432887029723,48,0.9201938969517912
g__Rothia|s__Rothia_aeria,Rothia aeria,Oral,age,0.004935127707696177,0.9067662587794286,48,0.9874408865963867
g__Rothia|s__Rothia_aeria,Rothia aeria,Oral,bmi,0.022558112790670465,0.877215592726428,48,0.9874408865963867
g__Rothia|s__Rothia_aeria,Rothia aeria,Oral,antibiotics_3m,-1.2863491919055898,0.5295807883147448,48,0.9442525376555355
g__Rothia|s__Rothia_aeria,Rothia aeria,Oral,smoking,-1.4003394018666455,0.2359666405489724,48,0.9201938969517912
g__Rothia|s__Rothia_mucilaginosa,Rothia mucilaginosa,Oral,sex[T.1],-0.5434027570083833,0.23038797424828728,48,0.9201938969517912
g__Rothia|s__Rothia_mucilaginosa,Rothia mucilaginosa,Oral,disease,1.817342602266894,0.005362128741171307,48,0.9201938969517912
g__Rothia|s__Rothia_mucilaginosa,Rothia mucilaginosa,Oral,ppi_use,-0.7740141577733864,0.10135737199146687,48,0.9201938969517912
g__Rothia|s__Rothia_mucilaginosa,Rothia mucilaginosa,Oral,age,0.019704689188941416,0.27111517928909495,48,0.9201938969517912
g__Rothia|s__Rothia_mucilaginosa,Rothia mucilaginosa,Oral,bmi,0.07943813199324046,0.20157504222564046,48,0.9201938969517912
g__Rothia|s__Rothia_mucilaginosa,Rothia mucilaginosa,Oral,antibiotics_3m,0.5256133665768408,0.5423868077604583,48,0.9621981131172895
g__Rothia|s__Rothia_mucilaginosa,Rothia mucilaginosa,Oral,smoking,0.11049152459185207,0.823028056546707,48,0.9858314552846569
g__Ruminococcus|s__Ruminococcus_bicirculans,Ruminococcus bicirculans,Oral,sex[T.1],0.0868610538215775,0.5115933509304627,48,0.9201938969517912
g__Ruminococcus|s__Ruminococcus_bicirculans,Ruminococcus bicirculans,Oral,disease,-0.1849895645897665,0.31398671206050566,48,0.9201938969517912
g__Ruminococcus|s__Ruminococcus_bicirculans,Ruminococcus bicirculans,Oral,ppi_use,-0.09279045040068379,0.49799302400758116,48,0.9201938969517912
g__Ruminococcus|s__Ruminococcus_bicirculans,Ruminococcus bicirculans,Oral,age,0.0010857856387497047,0.8353687789591597,48,0.9858314552846569
g__Ruminococcus|s__Ruminococcus_bicirculans,Ruminococcus bicirculans,Oral,bmi,0.000475664343950237,0.9790309318647736,48,0.9874408865963867
g__Ruminococcus|s__Ruminococcus_bicirculans,Ruminococcus bicirculans,Oral,antibiotics_3m,-0.06728754896527267,0.7903849900180979,48,0.9858314552846569
g__Ruminococcus|s__Ruminococcus_bicirculans,Ruminococcus bicirculans,Oral,smoking,0.14614484484387635,0.3171672749278232,48,0.9201938969517912
g__Ruminococcus|s__Ruminococcus_bromii,Ruminococcus bromii,Oral,sex[T.1],0.0868610538215775,0.5115933509304627,48,0.9201938969517912
g__Ruminococcus|s__Ruminococcus_bromii,Ruminococcus bromii,Oral,disease,-0.1849895645897665,0.31398671206050566,48,0.9201938969517912
g__Ruminococcus|s__Ruminococcus_bromii,Ruminococcus bromii,Oral,ppi_use,-0.09279045040068379,0.49799302400758116,48,0.9201938969517912
g__Ruminococcus|s__Ruminococcus_bromii,Ruminococcus bromii,Oral,age,0.0010857856387497047,0.8353687789591597,48,0.9858314552846569
g__Ruminococcus|s__Ruminococcus_bromii,Ruminococcus bromii,Oral,bmi,0.000475664343950237,0.9790309318647736,48,0.9874408865963867
g__Ruminococcus|s__Ruminococcus_bromii,Ruminococcus bromii,Oral,antibiotics_3m,-0.06728754896527267,0.7903849900180979,48,0.9858314552846569
g__Ruminococcus|s__Ruminococcus_bromii,Ruminococcus bromii,Oral,smoking,0.14614484484387635,0.3171672749278232,48,0.9201938969517912
g__Ruminococcus|s__Ruminococcus_callidus,Ruminococcus callidus,Oral,sex[T.1],0.0868610538215775,0.5115933509304627,48,0.9201938969517912
g__Ruminococcus|s__Ruminococcus_callidus,Ruminococcus callidus,Oral,disease,-0.1849895645897665,0.31398671206050566,48,0.9201938969517912
g__Ruminococcus|s__Ruminococcus_callidus,Ruminococcus callidus,Oral,ppi_use,-0.09279045040068379,0.49799302400758116,48,0.9201938969517912
g__Ruminococcus|s__Ruminococcus_callidus,Ruminococcus callidus,Oral,age,0.0010857856387497047,0.8353687789591597,48,0.9858314552846569
g__Ruminococcus|s__Ruminococcus_callidus,Ruminococcus callidus,Oral,bmi,0.000475664343950237,0.9790309318647736,48,0.9874408865963867
g__Ruminococcus|s__Ruminococcus_callidus,Ruminococcus callidus,Oral,antibiotics_3m,-0.06728754896527267,0.7903849900180979,48,0.9858314552846569
g__Ruminococcus|s__Ruminococcus_callidus,Ruminococcus callidus,Oral,smoking,0.14614484484387635,0.3171672749278232,48,0.9201938969517912
g__Ruminococcus|s__Ruminococcus_sp_BSD2780120874_150323_B10,Ruminococcus sp BSD2780120874 150323 B10,Oral,sex[T.1],0.0868610538215775,0.5115933509304627,48,0.9201938969517912
g__Ruminococcus|s__Ruminococcus_sp_BSD2780120874_150323_B10,Ruminococcus sp BSD2780120874 150323 B10,Oral,disease,-0.1849895645897665,0.31398671206050566,48,0.9201938969517912
g__Ruminococcus|s__Ruminococcus_sp_BSD2780120874_150323_B10,Ruminococcus sp BSD2780120874 150323 B10,Oral,ppi_use,-0.09279045040068379,0.49799302400758116,48,0.9201938969517912
g__Ruminococcus|s__Ruminococcus_sp_BSD2780120874_150323_B10,Ruminococcus sp BSD2780120874 150323 B10,Oral,age,0.0010857856387497047,0.8353687789591597,48,0.9858314552846569
g__Ruminococcus|s__Ruminococcus_sp_BSD2780120874_150323_B10,Ruminococcus sp BSD2780120874 150323 B10,Oral,bmi,0.000475664343950237,0.9790309318647736,48,0.9874408865963867
g__Ruminococcus|s__Ruminococcus_sp_BSD2780120874_150323_B10,Ruminococcus sp BSD2780120874 150323 B10,Oral,antibiotics_3m,-0.06728754896527267,0.7903849900180979,48,0.9858314552846569
g__Ruminococcus|s__Ruminococcus_sp_BSD2780120874_150323_B10,Ruminococcus sp BSD2780120874 150323 B10,Oral,smoking,0.14614484484387635,0.3171672749278232,48,0.9201938969517912
g__Ruthenibacterium|s__Ruthenibacterium_lactatiformans,Ruthenibacterium lactatiformans,Oral,sex[T.1],0.0868610538215775,0.5115933509304627,48,0.9201938969517912
g__Ruthenibacterium|s__Ruthenibacterium_lactatiformans,Ruthenibacterium lactatiformans,Oral,disease,-0.1849895645897665,0.31398671206050566,48,0.9201938969517912
g__Ruthenibacterium|s__Ruthenibacterium_lactatiformans,Ruthenibacterium lactatiformans,Oral,ppi_use,-0.09279045040068379,0.49799302400758116,48,0.9201938969517912
g__Ruthenibacterium|s__Ruthenibacterium_lactatiformans,Ruthenibacterium lactatiformans,Oral,age,0.0010857856387497047,0.8353687789591597,48,0.9858314552846569
g__Ruthenibacterium|s__Ruthenibacterium_lactatiformans,Ruthenibacterium lactatiformans,Oral,bmi,0.000475664343950237,0.9790309318647736,48,0.9874408865963867
g__Ruthenibacterium|s__Ruthenibacterium_lactatiformans,Ruthenibacterium lactatiformans,Oral,antibiotics_3m,-0.06728754896527267,0.7903849900180979,48,0.9858314552846569
g__Ruthenibacterium|s__Ruthenibacterium_lactatiformans,Ruthenibacterium lactatiformans,Oral,smoking,0.14614484484387635,0.3171672749278232,48,0.9201938969517912
g__Sanguibacter|s__Sanguibacter_SGB15121,Sanguibacter SGB15121,Oral,sex[T.1],0.0868610538215775,0.5115933509304627,48,0.9201938969517912
g__Sanguibacter|s__Sanguibacter_SGB15121,Sanguibacter SGB15121,Oral,disease,-0.1849895645897665,0.31398671206050566,48,0.9201938969517912
g__Sanguibacter|s__Sanguibacter_SGB15121,Sanguibacter SGB15121,Oral,ppi_use,-0.09279045040068379,0.49799302400758116,48,0.9201938969517912
g__Sanguibacter|s__Sanguibacter_SGB15121,Sanguibacter SGB15121,Oral,age,0.0010857856387497047,0.8353687789591597,48,0.9858314552846569
g__Sanguibacter|s__Sanguibacter_SGB15121,Sanguibacter SGB15121,Oral,bmi,0.000475664343950237,0.9790309318647736,48,0.9874408865963867
g__Sanguibacter|s__Sanguibacter_SGB15121,Sanguibacter SGB15121,Oral,antibiotics_3m,-0.06728754896527267,0.7903849900180979,48,0.9858314552846569
g__Sanguibacter|s__Sanguibacter_SGB15121,Sanguibacter SGB15121,Oral,smoking,0.14614484484387635,0.3171672749278232,48,0.9201938969517912
g__Selenomonas|s__Selenomonas_SGB5880,Selenomonas SGB5880,Oral,sex[T.1],1.1944526887426283,0.315132149712218,48,0.9201938969517912
g__Selenomonas|s__Selenomonas_SGB5880,Selenomonas SGB5880,Oral,disease,4.520121376008481,0.008177302826293045,48,0.9201938969517912
g__Selenomonas|s__Selenomonas_SGB5880,Selenomonas SGB5880,Oral,ppi_use,0.9755338932189868,0.42665213403813107,48,0.9201938969517912
g__Selenomonas|s__Selenomonas_SGB5880,Selenomonas SGB5880,Oral,age,-0.013942407725721084,0.7657020834800312,48,0.9858314552846569
g__Selenomonas|s__Selenomonas_SGB5880,Selenomonas SGB5880,Oral,bmi,0.0038722660075335424,0.9809316475201779,48,0.9874408865963867
g__Selenomonas|s__Selenomonas_SGB5880,Selenomonas SGB5880,Oral,antibiotics_3m,-0.09384186063024247,0.9669554519084052,48,0.9874408865963867
g__Selenomonas|s__Selenomonas_SGB5880,Selenomonas SGB5880,Oral,smoking,-1.1030394573753957,0.39818768050698405,48,0.9201938969517912
g__Selenomonas|s__Selenomonas_noxia,Selenomonas noxia,Oral,sex[T.1],-0.3871391191423986,0.6163302178816401,48,0.9858314552846569
g__Selenomonas|s__Selenomonas_noxia,Selenomonas noxia,Oral,disease,0.8446464746784462,0.430405164014796,48,0.9201938969517912
g__Selenomonas|s__Selenomonas_noxia,Selenomonas noxia,Oral,ppi_use,0.2120237777602317,0.7905766296830727,48,0.9858314552846569
g__Selenomonas|s__Selenomonas_noxia,Selenomonas noxia,Oral,age,0.004326715540274143,0.88731483497026,48,0.9874408865963867
g__Selenomonas|s__Selenomonas_noxia,Selenomonas noxia,Oral,bmi,0.01247826735803911,0.9061030257017796,48,0.9874408865963867
g__Selenomonas|s__Selenomonas_noxia,Selenomonas noxia,Oral,antibiotics_3m,0.44892006166777315,0.7616149743031094,48,0.9858314552846569
g__Selenomonas|s__Selenomonas_noxia,Selenomonas noxia,Oral,smoking,-0.24613454112840255,0.7718926989266895,48,0.9858314552846569
g__Selenomonas|s__Selenomonas_sputigena,Selenomonas sputigena,Oral,sex[T.1],0.6960203760859924,0.5417620535499217,48,0.9617842236793047
g__Selenomonas|s__Selenomonas_sputigena,Selenomonas sputigena,Oral,disease,0.4273052805209864,0.7861378224726557,48,0.9858314552846569
g__Selenomonas|s__Selenomonas_sputigena,Selenomonas sputigena,Oral,ppi_use,1.289655819159385,0.2769308625324189,48,0.9201938969517912
g__Selenomonas|s__Selenomonas_sputigena,Selenomonas sputigena,Oral,age,-0.05091685622154376,0.2620692123174657,48,0.9201938969517912
g__Selenomonas|s__Selenomonas_sputigena,Selenomonas sputigena,Oral,bmi,-0.10856616593169958,0.48793990924424935,48,0.9201938969517912
g__Selenomonas|s__Selenomonas_sputigena,Selenomonas sputigena,Oral,antibiotics_3m,-0.5699896438664942,0.7939955526425699,48,0.9858314552846569
g__Selenomonas|s__Selenomonas_sputigena,Selenomonas sputigena,Oral,smoking,-0.1502820662635228,0.9044569620714625,48,0.9874408865963867
g__Senegalimassilia|s__Senegalimassilia_anaerobia,Senegalimassilia anaerobia,Oral,sex[T.1],0.0868610538215775,0.5115933509304627,48,0.9201938969517912
g__Senegalimassilia|s__Senegalimassilia_anaerobia,Senegalimassilia anaerobia,Oral,disease,-0.1849895645897665,0.31398671206050566,48,0.9201938969517912
g__Senegalimassilia|s__Senegalimassilia_anaerobia,Senegalimassilia anaerobia,Oral,ppi_use,-0.09279045040068379,0.49799302400758116,48,0.9201938969517912
g__Senegalimassilia|s__Senegalimassilia_anaerobia,Senegalimassilia anaerobia,Oral,age,0.0010857856387497047,0.8353687789591597,48,0.9858314552846569
g__Senegalimassilia|s__Senegalimassilia_anaerobia,Senegalimassilia anaerobia,Oral,bmi,0.000475664343950237,0.9790309318647736,48,0.9874408865963867
g__Senegalimassilia|s__Senegalimassilia_anaerobia,Senegalimassilia anaerobia,Oral,antibiotics_3m,-0.06728754896527267,0.7903849900180979,48,0.9858314552846569
g__Senegalimassilia|s__Senegalimassilia_anaerobia,Senegalimassilia anaerobia,Oral,smoking,0.14614484484387635,0.3171672749278232,48,0.9201938969517912
g__Slackia|s__Slackia_isoflavoniconvertens,Slackia isoflavoniconvertens,Oral,sex[T.1],0.0868610538215775,0.5115933509304627,48,0.9201938969517912
g__Slackia|s__Slackia_isoflavoniconvertens,Slackia isoflavoniconvertens,Oral,disease,-0.1849895645897665,0.31398671206050566,48,0.9201938969517912
g__Slackia|s__Slackia_isoflavoniconvertens,Slackia isoflavoniconvertens,Oral,ppi_use,-0.09279045040068379,0.49799302400758116,48,0.9201938969517912
g__Slackia|s__Slackia_isoflavoniconvertens,Slackia isoflavoniconvertens,Oral,age,0.0010857856387497047,0.8353687789591597,48,0.9858314552846569
g__Slackia|s__Slackia_isoflavoniconvertens,Slackia isoflavoniconvertens,Oral,bmi,0.000475664343950237,0.9790309318647736,48,0.9874408865963867
g__Slackia|s__Slackia_isoflavoniconvertens,Slackia isoflavoniconvertens,Oral,antibiotics_3m,-0.06728754896527267,0.7903849900180979,48,0.9858314552846569
g__Slackia|s__Slackia_isoflavoniconvertens,Slackia isoflavoniconvertens,Oral,smoking,0.14614484484387635,0.3171672749278232,48,0.9201938969517912
g__Solobacterium|s__Solobacterium_SGB6829,Solobacterium SGB6829,Oral,sex[T.1],0.0031863626090742336,0.9976155684204249,48,0.9988351473549242
g__Solobacterium|s__Solobacterium_SGB6829,Solobacterium SGB6829,Oral,disease,0.6996876427189113,0.6356683038172675,48,0.9858314552846569
g__Solobacterium|s__Solobacterium_SGB6829,Solobacterium SGB6829,Oral,ppi_use,1.4330586578552882,0.19855800113436617,48,0.9201938969517912
g__Solobacterium|s__Solobacterium_SGB6829,Solobacterium SGB6829,Oral,age,-0.027188458442658096,0.5204593084599705,48,0.9320470268849471
g__Solobacterium|s__Solobacterium_SGB6829,Solobacterium SGB6829,Oral,bmi,-0.06810350678084533,0.6418052095339275,48,0.9858314552846569
g__Solobacterium|s__Solobacterium_SGB6829,Solobacterium SGB6829,Oral,antibiotics_3m,-0.012616506560278351,0.9950755311165259,48,0.9973632332754829
g__Solobacterium|s__Solobacterium_SGB6829,Solobacterium SGB6829,Oral,smoking,-0.21670888473871408,0.8534433983114902,48,0.9874408865963867
g__Staphylococcus|s__Staphylococcus_SGB6340,Staphylococcus SGB6340,Oral,sex[T.1],0.0868610538215775,0.5115933509304627,48,0.9201938969517912
g__Staphylococcus|s__Staphylococcus_SGB6340,Staphylococcus SGB6340,Oral,disease,-0.1849895645897665,0.31398671206050566,48,0.9201938969517912
g__Staphylococcus|s__Staphylococcus_SGB6340,Staphylococcus SGB6340,Oral,ppi_use,-0.09279045040068379,0.49799302400758116,48,0.9201938969517912
g__Staphylococcus|s__Staphylococcus_SGB6340,Staphylococcus SGB6340,Oral,age,0.0010857856387497047,0.8353687789591597,48,0.9858314552846569
g__Staphylococcus|s__Staphylococcus_SGB6340,Staphylococcus SGB6340,Oral,bmi,0.000475664343950237,0.9790309318647736,48,0.9874408865963867
g__Staphylococcus|s__Staphylococcus_SGB6340,Staphylococcus SGB6340,Oral,antibiotics_3m,-0.06728754896527267,0.7903849900180979,48,0.9858314552846569
g__Staphylococcus|s__Staphylococcus_SGB6340,Staphylococcus SGB6340,Oral,smoking,0.14614484484387635,0.3171672749278232,48,0.9201938969517912
g__Stomatobaculum|s__Stomatobaculum_SGB5266,Stomatobaculum SGB5266,Oral,sex[T.1],-0.4363978932064142,0.7282373836963267,48,0.9858314552846569
g__Stomatobaculum|s__Stomatobaculum_SGB5266,Stomatobaculum SGB5266,Oral,disease,-0.6564355932646073,0.7055602949915959,48,0.9858314552846569
g__Stomatobaculum|s__Stomatobaculum_SGB5266,Stomatobaculum SGB5266,Oral,ppi_use,0.5051072137023142,0.6975069902923297,48,0.9858314552846569
g__Stomatobaculum|s__Stomatobaculum_SGB5266,Stomatobaculum SGB5266,Oral,age,0.06890336019895492,0.1704136891558275,48,0.9201938969517912
g__Stomatobaculum|s__Stomatobaculum_SGB5266,Stomatobaculum SGB5266,Oral,bmi,0.00736376806186631,0.9658680155155237,48,0.9874408865963867
g__Stomatobaculum|s__Stomatobaculum_SGB5266,Stomatobaculum SGB5266,Oral,antibiotics_3m,-3.215941933151112,0.1862018086430663,48,0.9201938969517912
g__Stomatobaculum|s__Stomatobaculum_SGB5266,Stomatobaculum SGB5266,Oral,smoking,-0.04320615927163324,0.9750324590536549,48,0.9874408865963867
g__Stomatobaculum|s__Stomatobaculum_longum,Stomatobaculum longum,Oral,sex[T.1],0.1182526308789893,0.9225733116146927,48,0.9874408865963867
g__Stomatobaculum|s__Stomatobaculum_longum,Stomatobaculum longum,Oral,disease,4.066957173793131,0.01958773281960914,48,0.9201938969517912
g__Stomatobaculum|s__Stomatobaculum_longum,Stomatobaculum longum,Oral,ppi_use,0.8832514026095359,0.48417264429201734,48,0.9201938969517912
g__Stomatobaculum|s__Stomatobaculum_longum,Stomatobaculum longum,Oral,age,0.020032859015475538,0.6776975250196939,48,0.9858314552846569
g__Stomatobaculum|s__Stomatobaculum_longum,Stomatobaculum longum,Oral,bmi,0.01184177303369982,0.9434126913998985,48,0.9874408865963867
g__Stomatobaculum|s__Stomatobaculum_longum,Stomatobaculum longum,Oral,antibiotics_3m,0.26040656475837,0.9111129786902574,48,0.9874408865963867
g__Stomatobaculum|s__Stomatobaculum_longum,Stomatobaculum longum,Oral,smoking,0.04242041422010123,0.9747137266531947,48,0.9874408865963867
g__Streptococcus|s__Streptococcus_SGB15012,Streptococcus SGB15012,Oral,sex[T.1],0.0868610538215775,0.5115933509304627,48,0.9201938969517912
g__Streptococcus|s__Streptococcus_SGB15012,Streptococcus SGB15012,Oral,disease,-0.1849895645897665,0.31398671206050566,48,0.9201938969517912
g__Streptococcus|s__Streptococcus_SGB15012,Streptococcus SGB15012,Oral,ppi_use,-0.09279045040068379,0.49799302400758116,48,0.9201938969517912
g__Streptococcus|s__Streptococcus_SGB15012,Streptococcus SGB15012,Oral,age,0.0010857856387497047,0.8353687789591597,48,0.9858314552846569
g__Streptococcus|s__Streptococcus_SGB15012,Streptococcus SGB15012,Oral,bmi,0.000475664343950237,0.9790309318647736,48,0.9874408865963867
g__Streptococcus|s__Streptococcus_SGB15012,Streptococcus SGB15012,Oral,antibiotics_3m,-0.06728754896527267,0.7903849900180979,48,0.9858314552846569
g__Streptococcus|s__Streptococcus_SGB15012,Streptococcus SGB15012,Oral,smoking,0.14614484484387635,0.3171672749278232,48,0.9201938969517912
g__Streptococcus|s__Streptococcus_australis,Streptococcus australis,Oral,sex[T.1],-0.5408109704027291,0.658371801381658,48,0.9858314552846569
g__Streptococcus|s__Streptococcus_australis,Streptococcus australis,Oral,disease,1.9327538164241886,0.2565542496068481,48,0.9201938969517912
g__Streptococcus|s__Streptococcus_australis,Streptococcus australis,Oral,ppi_use,-0.7070490225715909,0.5765838350042782,48,0.9858314552846569
g__Streptococcus|s__Streptococcus_australis,Streptococcus australis,Oral,age,0.07104947086504407,0.1470235649887578,48,0.9201938969517912
g__Streptococcus|s__Streptococcus_australis,Streptococcus australis,Oral,bmi,0.013026018945958739,0.9380185306167623,48,0.9874408865963867
g__Streptococcus|s__Streptococcus_australis,Streptococcus australis,Oral,antibiotics_3m,0.6884860503779855,0.768904552736064,48,0.9858314552846569
g__Streptococcus|s__Streptococcus_australis,Streptococcus australis,Oral,smoking,-2.3773849985454514,0.08263116458110349,48,0.9201938969517912
g__Streptococcus|s__Streptococcus_cristatus,Streptococcus cristatus,Oral,sex[T.1],-0.5026323942632911,0.6136715851837988,48,0.9858314552846569
g__Streptococcus|s__Streptococcus_cristatus,Streptococcus cristatus,Oral,disease,1.532917151602589,0.2685901963414981,48,0.9201938969517912
g__Streptococcus|s__Streptococcus_cristatus,Streptococcus cristatus,Oral,ppi_use,-0.09728930084622878,0.9246297328236586,48,0.9874408865963867
g__Streptococcus|s__Streptococcus_cristatus,Streptococcus cristatus,Oral,age,0.06525268982814268,0.10290941488036846,48,0.9201938969517912
g__Streptococcus|s__Streptococcus_cristatus,Streptococcus cristatus,Oral,bmi,-0.17744031587946374,0.19768073100902633,48,0.9201938969517912
g__Streptococcus|s__Streptococcus_cristatus,Streptococcus cristatus,Oral,antibiotics_3m,-0.011145761043833358,0.9953335970661312,48,0.9973632332754829
g__Streptococcus|s__Streptococcus_cristatus,Streptococcus cristatus,Oral,smoking,0.657539779034708,0.5485234878745132,48,0.9695843235307043
g__Streptococcus|s__Streptococcus_gordonii,Streptococcus gordonii,Oral,sex[T.1],-1.7682070452515137,0.07389107024982265,48,0.9201938969517912
g__Streptococcus|s__Streptococcus_gordonii,Streptococcus gordonii,Oral,disease,2.4806171644037107,0.07002401220154172,48,0.9201938969517912
g__Streptococcus|s__Streptococcus_gordonii,Streptococcus gordonii,Oral,ppi_use,1.0694165111979665,0.28969460929793484,48,0.9201938969517912
g__Streptococcus|s__Streptococcus_gordonii,Streptococcus gordonii,Oral,age,-0.03213970850700329,0.40426898079090634,48,0.9201938969517912
g__Streptococcus|s__Streptococcus_gordonii,Streptococcus gordonii,Oral,bmi,0.28149936003322706,0.03929511974820567,48,0.9201938969517912
g__Streptococcus|s__Streptococcus_gordonii,Streptococcus gordonii,Oral,antibiotics_3m,0.05521712369383441,0.9762992980170592,48,0.9874408865963867
g__Streptococcus|s__Streptococcus_gordonii,Streptococcus gordonii,Oral,smoking,0.6111026032714086,0.5674132389271311,48,0.9858314552846569
g__Streptococcus|s__Streptococcus_infantis,Streptococcus infantis,Oral,sex[T.1],-1.5858743829213675,0.09305532851901117,48,0.9201938969517912
g__Streptococcus|s__Streptococcus_infantis,Streptococcus infantis,Oral,disease,1.1029854190681738,0.392107121276706,48,0.9201938969517912
g__Streptococcus|s__Streptococcus_infantis,Streptococcus infantis,Oral,ppi_use,0.11574769057646095,0.9039898419602448,48,0.9874408865963867
g__Streptococcus|s__Streptococcus_infantis,Streptococcus infantis,Oral,age,0.025942109910089134,0.48110268724840355,48,0.9201938969517912
g__Streptococcus|s__Streptococcus_infantis,Streptococcus infantis,Oral,bmi,-0.16192518073833687,0.20750639101763357,48,0.9201938969517912
g__Streptococcus|s__Streptococcus_infantis,Streptococcus infantis,Oral,antibiotics_3m,1.65244253288268,0.35533996399620993,48,0.9201938969517912
g__Streptococcus|s__Streptococcus_infantis,Streptococcus infantis,Oral,smoking,-1.534628959556283,0.13799407055042048,48,0.9201938969517912
g__Streptococcus|s__Streptococcus_mitis,Streptococcus mitis,Oral,sex[T.1],-0.3338355035389482,0.7257326141923971,48,0.9858314552846569
g__Streptococcus|s__Streptococcus_mitis,Streptococcus mitis,Oral,disease,-0.685661925821929,0.6027622336863039,48,0.9858314552846569
g__Streptococcus|s__Streptococcus_mitis,Streptococcus mitis,Oral,ppi_use,-1.759996354412574,0.07934465127929695,48,0.9201938969517912
g__Streptococcus|s__Streptococcus_mitis,Streptococcus mitis,Oral,age,-0.007987684993193231,0.8319543746538187,48,0.9858314552846569
g__Streptococcus|s__Streptococcus_mitis,Streptococcus mitis,Oral,bmi,-0.03823696879583627,0.7694468591327135,48,0.9858314552846569
g__Streptococcus|s__Streptococcus_mitis,Streptococcus mitis,Oral,antibiotics_3m,-2.7009586691075,0.14384080946803005,48,0.9201938969517912
g__Streptococcus|s__Streptococcus_mitis,Streptococcus mitis,Oral,smoking,0.9278905591405167,0.3773835030803656,48,0.9201938969517912
g__Streptococcus|s__Streptococcus_oralis,Streptococcus oralis,Oral,sex[T.1],-0.024472493614720148,0.9810106651126496,48,0.9874408865963867
g__Streptococcus|s__Streptococcus_oralis,Streptococcus oralis,Oral,disease,2.135503911027744,0.13864242111403313,48,0.9201938969517912
g__Streptococcus|s__Streptococcus_oralis,Streptococcus oralis,Oral,ppi_use,0.36205650029542347,0.7337511325702388,48,0.9858314552846569
g__Streptococcus|s__Streptococcus_oralis,Streptococcus oralis,Oral,age,-0.10971148017220825,0.009783192061348023,48,0.9201938969517912
g__Streptococcus|s__Streptococcus_oralis,Streptococcus oralis,Oral,bmi,0.25436771229879274,0.07694560811167635,48,0.9201938969517912
g__Streptococcus|s__Streptococcus_oralis,Streptococcus oralis,Oral,antibiotics_3m,0.5079933372080991,0.7967170185764976,48,0.9858314552846569
g__Streptococcus|s__Streptococcus_oralis,Streptococcus oralis,Oral,smoking,-0.9458418150083491,0.4050613755171779,48,0.9201938969517912
g__Streptococcus|s__Streptococcus_parasanguinis,Streptococcus parasanguinis,Oral,sex[T.1],0.5905324041297428,0.298698332707484,48,0.9201938969517912
g__Streptococcus|s__Streptococcus_parasanguinis,Streptococcus parasanguinis,Oral,disease,0.5785507177029008,0.4601563171791142,48,0.9201938969517912
g__Streptococcus|s__Streptococcus_parasanguinis,Streptococcus parasanguinis,Oral,ppi_use,0.20686620279110834,0.7233124320279467,48,0.9858314552846569
g__Streptococcus|s__Streptococcus_parasanguinis,Streptococcus parasanguinis,Oral,age,0.005734554213220722,0.7974586277766206,48,0.9858314552846569
g__Streptococcus|s__Streptococcus_parasanguinis,Streptococcus parasanguinis,Oral,bmi,0.02901046184716305,0.7080030044122109,48,0.9858314552846569
g__Streptococcus|s__Streptococcus_parasanguinis,Streptococcus parasanguinis,Oral,antibiotics_3m,0.7281777290370632,0.5021736911752025,48,0.9201938969517912
g__Streptococcus|s__Streptococcus_parasanguinis,Streptococcus parasanguinis,Oral,smoking,0.14468074109178475,0.8157870534082798,48,0.9858314552846569
g__Streptococcus|s__Streptococcus_salivarius,Streptococcus salivarius,Oral,sex[T.1],0.576028368448736,0.34155082113258617,48,0.9201938969517912
g__Streptococcus|s__Streptococcus_salivarius,Streptococcus salivarius,Oral,disease,0.6532424331439242,0.43465325654217224,48,0.9201938969517912
g__Streptococcus|s__Streptococcus_salivarius,Streptococcus salivarius,Oral,ppi_use,0.29685941398714355,0.6341854222066188,48,0.9858314552846569
g__Streptococcus|s__Streptococcus_salivarius,Streptococcus salivarius,Oral,age,0.0068453677287964865,0.7740494429350153,48,0.9858314552846569
g__Streptococcus|s__Streptococcus_salivarius,Streptococcus salivarius,Oral,bmi,0.08588978894372062,0.30152687567493824,48,0.9201938969517912
g__Streptococcus|s__Streptococcus_salivarius,Streptococcus salivarius,Oral,antibiotics_3m,0.44825596695945613,0.6980921270049233,48,0.9858314552846569
g__Streptococcus|s__Streptococcus_salivarius,Streptococcus salivarius,Oral,smoking,0.8626229585289513,0.1975374496552819,48,0.9201938969517912
g__Streptococcus|s__Streptococcus_sanguinis,Streptococcus sanguinis,Oral,sex[T.1],0.8551662434658065,0.3434945821092583,48,0.9201938969517912
g__Streptococcus|s__Streptococcus_sanguinis,Streptococcus sanguinis,Oral,disease,3.3089852378509566,0.010590008703841665,48,0.9201938969517912
g__Streptococcus|s__Streptococcus_sanguinis,Streptococcus sanguinis,Oral,ppi_use,-0.6872241920874713,0.46081570672075023,48,0.9201938969517912
g__Streptococcus|s__Streptococcus_sanguinis,Streptococcus sanguinis,Oral,age,-0.0037903647061566653,0.9150376623566432,48,0.9874408865963867
g__Streptococcus|s__Streptococcus_sanguinis,Streptococcus sanguinis,Oral,bmi,0.05993774708245814,0.626806915347004,48,0.9858314552846569
g__Streptococcus|s__Streptococcus_sanguinis,Streptococcus sanguinis,Oral,antibiotics_3m,-0.5312316377730433,0.7577043660500387,48,0.9858314552846569
g__Streptococcus|s__Streptococcus_sanguinis,Streptococcus sanguinis,Oral,smoking,-0.2684172133585341,0.7858481540916614,48,0.9858314552846569
g__Streptococcus|s__Streptococcus_thermophilus,Streptococcus thermophilus,Oral,sex[T.1],0.0868610538215775,0.5115933509304627,48,0.9201938969517912
g__Streptococcus|s__Streptococcus_thermophilus,Streptococcus thermophilus,Oral,disease,-0.1849895645897665,0.31398671206050566,48,0.9201938969517912
g__Streptococcus|s__Streptococcus_thermophilus,Streptococcus thermophilus,Oral,ppi_use,-0.09279045040068379,0.49799302400758116,48,0.9201938969517912
g__Streptococcus|s__Streptococcus_thermophilus,Streptococcus thermophilus,Oral,age,0.0010857856387497047,0.8353687789591597,48,0.9858314552846569
g__Streptococcus|s__Streptococcus_thermophilus,Streptococcus thermophilus,Oral,bmi,0.000475664343950237,0.9790309318647736,48,0.9874408865963867
g__Streptococcus|s__Streptococcus_thermophilus,Streptococcus thermophilus,Oral,antibiotics_3m,-0.06728754896527267,0.7903849900180979,48,0.9858314552846569
g__Streptococcus|s__Streptococcus_thermophilus,Streptococcus thermophilus,Oral,smoking,0.14614484484387635,0.3171672749278232,48,0.9201938969517912
g__Streptococcus|s__Streptococcus_vestibularis,Streptococcus vestibularis,Oral,sex[T.1],-1.5532415442122829,0.19314484359073728,48,0.9201938969517912
g__Streptococcus|s__Streptococcus_vestibularis,Streptococcus vestibularis,Oral,disease,0.6055183767663306,0.711075936070312,48,0.9858314552846569
g__Streptococcus|s__Streptococcus_vestibularis,Streptococcus vestibularis,Oral,ppi_use,0.861985523826005,0.4817924337891023,48,0.9201938969517912
g__Streptococcus|s__Streptococcus_vestibularis,Streptococcus vestibularis,Oral,age,0.04189641547269373,0.3723916316766088,48,0.9201938969517912
g__Streptococcus|s__Streptococcus_vestibularis,Streptococcus vestibularis,Oral,bmi,0.0986214463587675,0.5434139749889608,48,0.9633247738440669
g__Streptococcus|s__Streptococcus_vestibularis,Streptococcus vestibularis,Oral,antibiotics_3m,0.49024245100681585,0.8286106801656086,48,0.9858314552846569
g__Streptococcus|s__Streptococcus_vestibularis,Streptococcus vestibularis,Oral,smoking,0.9288195918131597,0.4759946204237976,48,0.9201938969517912
g__Sutterella|s__Sutterella_wadsworthensis,Sutterella wadsworthensis,Oral,sex[T.1],0.0868610538215775,0.5115933509304627,48,0.9201938969517912
g__Sutterella|s__Sutterella_wadsworthensis,Sutterella wadsworthensis,Oral,disease,-0.1849895645897665,0.31398671206050566,48,0.9201938969517912
g__Sutterella|s__Sutterella_wadsworthensis,Sutterella wadsworthensis,Oral,ppi_use,-0.09279045040068379,0.49799302400758116,48,0.9201938969517912
g__Sutterella|s__Sutterella_wadsworthensis,Sutterella wadsworthensis,Oral,age,0.0010857856387497047,0.8353687789591597,48,0.9858314552846569
g__Sutterella|s__Sutterella_wadsworthensis,Sutterella wadsworthensis,Oral,bmi,0.000475664343950237,0.9790309318647736,48,0.9874408865963867
g__Sutterella|s__Sutterella_wadsworthensis,Sutterella wadsworthensis,Oral,antibiotics_3m,-0.06728754896527267,0.7903849900180979,48,0.9858314552846569
g__Sutterella|s__Sutterella_wadsworthensis,Sutterella wadsworthensis,Oral,smoking,0.14614484484387635,0.3171672749278232,48,0.9201938969517912
g__Tannerella|s__Tannerella_serpentiformis,Tannerella serpentiformis,Oral,sex[T.1],0.5638926523708235,0.645919385037822,48,0.9858314552846569
g__Tannerella|s__Tannerella_serpentiformis,Tannerella serpentiformis,Oral,disease,1.564720154373107,0.3586057430738978,48,0.9201938969517912
g__Tannerella|s__Tannerella_serpentiformis,Tannerella serpentiformis,Oral,ppi_use,0.030788497066428944,0.9806286910947583,48,0.9874408865963867
g__Tannerella|s__Tannerella_serpentiformis,Tannerella serpentiformis,Oral,age,0.07016921353393685,0.15331335439620386,48,0.9201938969517912
g__Tannerella|s__Tannerella_serpentiformis,Tannerella serpentiformis,Oral,bmi,-0.024234843599959394,0.8853636271197608,48,0.9874408865963867
g__Tannerella|s__Tannerella_serpentiformis,Tannerella serpentiformis,Oral,antibiotics_3m,-0.9136472417516279,0.6977013598334862,48,0.9858314552846569
g__Tannerella|s__Tannerella_serpentiformis,Tannerella serpentiformis,Oral,smoking,-0.8482000099590099,0.5303220837746127,48,0.9448885858116194
g__Veillonella|s__Veillonella_atypica,Veillonella atypica,Oral,sex[T.1],0.7856245452670332,0.16219129278539476,48,0.9201938969517912
g__Veillonella|s__Veillonella_atypica,Veillonella atypica,Oral,disease,-0.7706467235193231,0.3186071633076791,48,0.9201938969517912
g__Veillonella|s__Veillonella_atypica,Veillonella atypica,Oral,ppi_use,0.45973567027866924,0.4252803352562812,48,0.9201938969517912
g__Veillonella|s__Veillonella_atypica,Veillonella atypica,Oral,age,-0.0033210414988760206,0.879868435313578,48,0.9874408865963867
g__Veillonella|s__Veillonella_atypica,Veillonella atypica,Oral,bmi,0.010924511143350801,0.8859014193028679,48,0.9874408865963867
g__Veillonella|s__Veillonella_atypica,Veillonella atypica,Oral,antibiotics_3m,0.07575908539037357,0.9432561918812743,48,0.9874408865963867
g__Veillonella|s__Veillonella_atypica,Veillonella atypica,Oral,smoking,0.4990256896833509,0.415787247627876,48,0.9201938969517912
g__Veillonella|s__Veillonella_dispar,Veillonella dispar,Oral,sex[T.1],-0.5731942940500785,0.48390333101576244,48,0.9201938969517912
g__Veillonella|s__Veillonella_dispar,Veillonella dispar,Oral,disease,-1.2716654124071778,0.2638021419534188,48,0.9201938969517912
g__Veillonella|s__Veillonella_dispar,Veillonella dispar,Oral,ppi_use,0.6739309795900943,0.42667406970794797,48,0.9201938969517912
g__Veillonella|s__Veillonella_dispar,Veillonella dispar,Oral,age,4.0840467421851545e-05,0.9989913024221033,48,0.999398057838399
g__Veillonella|s__Veillonella_dispar,Veillonella dispar,Oral,bmi,-0.030082018636839236,0.7882089389003418,48,0.9858314552846569
g__Veillonella|s__Veillonella_dispar,Veillonella dispar,Oral,antibiotics_3m,2.110050103114787,0.18246351082884923,48,0.9201938969517912
g__Veillonella|s__Veillonella_dispar,Veillonella dispar,Oral,smoking,-0.7192363849545405,0.4249957141054197,48,0.9201938969517912
g__Veillonella|s__Veillonella_parvula,Veillonella parvula,Oral,sex[T.1],-1.032971000514959,0.32489392296746067,48,0.9201938969517912
g__Veillonella|s__Veillonella_parvula,Veillonella parvula,Oral,disease,0.4027465647790692,0.7801922352902265,48,0.9858314552846569
g__Veillonella|s__Veillonella_parvula,Veillonella parvula,Oral,ppi_use,1.6622767148734086,0.128915892360889,48,0.9201938969517912
g__Veillonella|s__Veillonella_parvula,Veillonella parvula,Oral,age,0.010876200782301018,0.7922397986779895,48,0.9858314552846569
g__Veillonella|s__Veillonella_parvula,Veillonella parvula,Oral,bmi,0.07821823093120944,0.5851020205934527,48,0.9858314552846569
g__Veillonella|s__Veillonella_parvula,Veillonella parvula,Oral,antibiotics_3m,0.7327428896203738,0.7142362682124898,48,0.9858314552846569
g__Veillonella|s__Veillonella_parvula,Veillonella parvula,Oral,smoking,0.269600752969852,0.8142643964229547,48,0.9858314552846569
g__Veillonella|s__Veillonella_rogosae,Veillonella rogosae,Oral,sex[T.1],-1.9706383728576802,0.12553593864803078,48,0.9201938969517912
g__Veillonella|s__Veillonella_rogosae,Veillonella rogosae,Oral,disease,-2.4265944729897413,0.17132535947704128,48,0.9201938969517912
g__Veillonella|s__Veillonella_rogosae,Veillonella rogosae,Oral,ppi_use,-0.6940555167341387,0.5971928157932811,48,0.9858314552846569
g__Veillonella|s__Veillonella_rogosae,Veillonella rogosae,Oral,age,0.037465091965640615,0.45666715157842974,48,0.9201938969517912
g__Veillonella|s__Veillonella_rogosae,Veillonella rogosae,Oral,bmi,-0.09693106809791426,0.5777434645015207,48,0.9858314552846569
g__Veillonella|s__Veillonella_rogosae,Veillonella rogosae,Oral,antibiotics_3m,-4.491274948767282,0.07024514405034263,48,0.9201938969517912
g__Veillonella|s__Veillonella_rogosae,Veillonella rogosae,Oral,smoking,-2.3237207300205394,0.1012917257727667,48,0.9201938969517912
g__Vescimonas|s__Vescimonas_SGB15087,Vescimonas SGB15087,Oral,sex[T.1],0.0868610538215775,0.5115933509304627,48,0.9201938969517912
g__Vescimonas|s__Vescimonas_SGB15087,Vescimonas SGB15087,Oral,disease,-0.1849895645897665,0.31398671206050566,48,0.9201938969517912
g__Vescimonas|s__Vescimonas_SGB15087,Vescimonas SGB15087,Oral,ppi_use,-0.09279045040068379,0.49799302400758116,48,0.9201938969517912
g__Vescimonas|s__Vescimonas_SGB15087,Vescimonas SGB15087,Oral,age,0.0010857856387497047,0.8353687789591597,48,0.9858314552846569
g__Vescimonas|s__Vescimonas_SGB15087,Vescimonas SGB15087,Oral,bmi,0.000475664343950237,0.9790309318647736,48,0.9874408865963867
g__Vescimonas|s__Vescimonas_SGB15087,Vescimonas SGB15087,Oral,antibiotics_3m,-0.06728754896527267,0.7903849900180979,48,0.9858314552846569
g__Vescimonas|s__Vescimonas_SGB15087,Vescimonas SGB15087,Oral,smoking,0.14614484484387635,0.3171672749278232,48,0.9201938969517912
g__Vescimonas|s__Vescimonas_coprocola,Vescimonas coprocola,Oral,sex[T.1],0.0868610538215775,0.5115933509304627,48,0.9201938969517912
g__Vescimonas|s__Vescimonas_coprocola,Vescimonas coprocola,Oral,disease,-0.1849895645897665,0.31398671206050566,48,0.9201938969517912
g__Vescimonas|s__Vescimonas_coprocola,Vescimonas coprocola,Oral,ppi_use,-0.09279045040068379,0.49799302400758116,48,0.9201938969517912
g__Vescimonas|s__Vescimonas_coprocola,Vescimonas coprocola,Oral,age,0.0010857856387497047,0.8353687789591597,48,0.9858314552846569
g__Vescimonas|s__Vescimonas_coprocola,Vescimonas coprocola,Oral,bmi,0.000475664343950237,0.9790309318647736,48,0.9874408865963867
g__Vescimonas|s__Vescimonas_coprocola,Vescimonas coprocola,Oral,antibiotics_3m,-0.06728754896527267,0.7903849900180979,48,0.9858314552846569
g__Vescimonas|s__Vescimonas_coprocola,Vescimonas coprocola,Oral,smoking,0.14614484484387635,0.3171672749278232,48,0.9201938969517912
g__Victivallis|s__Victivallis_lenta,Victivallis lenta,Oral,sex[T.1],0.0868610538215775,0.5115933509304627,48,0.9201938969517912
g__Victivallis|s__Victivallis_lenta,Victivallis lenta,Oral,disease,-0.1849895645897665,0.31398671206050566,48,0.9201938969517912
g__Victivallis|s__Victivallis_lenta,Victivallis lenta,Oral,ppi_use,-0.09279045040068379,0.49799302400758116,48,0.9201938969517912
g__Victivallis|s__Victivallis_lenta,Victivallis lenta,Oral,age,0.0010857856387497047,0.8353687789591597,48,0.9858314552846569
g__Victivallis|s__Victivallis_lenta,Victivallis lenta,Oral,bmi,0.000475664343950237,0.9790309318647736,48,0.9874408865963867
g__Victivallis|s__Victivallis_lenta,Victivallis lenta,Oral,antibiotics_3m,-0.06728754896527267,0.7903849900180979,48,0.9858314552846569
g__Victivallis|s__Victivallis_lenta,Victivallis lenta,Oral,smoking,0.14614484484387635,0.3171672749278232,48,0.9201938969517912
g__Victivallis|s__Victivallis_vadensis,Victivallis vadensis,Oral,sex[T.1],0.0868610538215775,0.5115933509304627,48,0.9201938969517912
g__Victivallis|s__Victivallis_vadensis,Victivallis vadensis,Oral,disease,-0.1849895645897665,0.31398671206050566,48,0.9201938969517912
g__Victivallis|s__Victivallis_vadensis,Victivallis vadensis,Oral,ppi_use,-0.09279045040068379,0.49799302400758116,48,0.9201938969517912
g__Victivallis|s__Victivallis_vadensis,Victivallis vadensis,Oral,age,0.0010857856387497047,0.8353687789591597,48,0.9858314552846569
g__Victivallis|s__Victivallis_vadensis,Victivallis vadensis,Oral,bmi,0.000475664343950237,0.9790309318647736,48,0.9874408865963867
g__Victivallis|s__Victivallis_vadensis,Victivallis vadensis,Oral,antibiotics_3m,-0.06728754896527267,0.7903849900180979,48,0.9858314552846569
g__Victivallis|s__Victivallis_vadensis,Victivallis vadensis,Oral,smoking,0.14614484484387635,0.3171672749278232,48,0.9201938969517912
g__Waltera|s__Waltera_intestinalis,Waltera intestinalis,Oral,sex[T.1],0.0868610538215775,0.5115933509304627,48,0.9201938969517912
g__Waltera|s__Waltera_intestinalis,Waltera intestinalis,Oral,disease,-0.1849895645897665,0.31398671206050566,48,0.9201938969517912
g__Waltera|s__Waltera_intestinalis,Waltera intestinalis,Oral,ppi_use,-0.09279045040068379,0.49799302400758116,48,0.9201938969517912
g__Waltera|s__Waltera_intestinalis,Waltera intestinalis,Oral,age,0.0010857856387497047,0.8353687789591597,48,0.9858314552846569
g__Waltera|s__Waltera_intestinalis,Waltera intestinalis,Oral,bmi,0.000475664343950237,0.9790309318647736,48,0.9874408865963867
g__Waltera|s__Waltera_intestinalis,Waltera intestinalis,Oral,antibiotics_3m,-0.06728754896527267,0.7903849900180979,48,0.9858314552846569
g__Waltera|s__Waltera_intestinalis,Waltera intestinalis,Oral,smoking,0.14614484484387635,0.3171672749278232,48,0.9201938969517912
