taxon,pretty_taxon,model,term,beta,p,n,q
g__Abiotrophia|s__Abiotrophia_defectiva,Abiotrophia defectiva,ALL,site[T.Oral],2.5082284092704006,3.4630989076791007e-07,188,8.213160247265975e-06
g__Abiotrophia|s__Abiotrophia_defectiva,Abiotrophia defectiva,ALL,sex[T.1],-0.1286060206896208,0.48882841165968693,188,0.8328159395902756
g__Abiotrophia|s__Abiotrophia_defectiva,Abiotrophia defectiva,ALL,disease,0.7317912268468351,0.00305565771293869,188,0.029792662701152228
g__Abiotrophia|s__Abiotrophia_defectiva,Abiotrophia defectiva,ALL,disease:site[T.Oral],-0.7785885309194704,0.14883337286046078,188,0.5061732700539389
g__Abiotrophia|s__Abiotrophia_defectiva,Abiotrophia defectiva,ALL,ppi_use,-0.5429798852417296,0.2097659434933853,188,0.6115077798024366
g__Abiotrophia|s__Abiotrophia_defectiva,Abiotrophia defectiva,ALL,disease:ppi_use,0.29739095019442113,0.5603163582322686,188,0.8787803473616008
g__Abiotrophia|s__Abiotrophia_defectiva,Abiotrophia defectiva,ALL,age,-0.0016287683485394647,0.8216588708406037,188,0.9635892538090608
g__Abiotrophia|s__Abiotrophia_defectiva,Abiotrophia defectiva,ALL,bmi,0.011054740703275967,0.6327312990865518,188,0.9055975305010503
g__Abiotrophia|s__Abiotrophia_defectiva,Abiotrophia defectiva,ALL,antibiotics_3m,0.17999919477710555,0.5973472126331099,188,0.889404195757805
g__Abiotrophia|s__Abiotrophia_defectiva,Abiotrophia defectiva,ALL,smoking,-0.010471543113104064,0.9655628137115846,188,0.9927239082804642
g__Actinomyces|s__Actinomyces_SGB17132,Actinomyces SGB17132,ALL,site[T.Oral],3.762699740136049,2.6879052106788974e-07,188,6.418059380600633e-06
g__Actinomyces|s__Actinomyces_SGB17132,Actinomyces SGB17132,ALL,sex[T.1],-0.17755313511499277,0.5198973742847754,188,0.8531275286299962
g__Actinomyces|s__Actinomyces_SGB17132,Actinomyces SGB17132,ALL,disease,0.6575159535787027,0.07089516172618338,188,0.3331218442555604
g__Actinomyces|s__Actinomyces_SGB17132,Actinomyces SGB17132,ALL,disease:site[T.Oral],3.0190126030080346,0.0002096717009975823,188,0.002830567963467361
g__Actinomyces|s__Actinomyces_SGB17132,Actinomyces SGB17132,ALL,ppi_use,0.12840069111478927,0.8413739599089517,188,0.9647128620860638
g__Actinomyces|s__Actinomyces_SGB17132,Actinomyces SGB17132,ALL,disease:ppi_use,0.30145583137831167,0.6909316820155964,188,0.9270978440450118
g__Actinomyces|s__Actinomyces_SGB17132,Actinomyces SGB17132,ALL,age,-0.0062676133714028,0.5593492226952171,188,0.878557229497901
g__Actinomyces|s__Actinomyces_SGB17132,Actinomyces SGB17132,ALL,bmi,-0.015240268658405503,0.6573130972417065,188,0.9143520937229643
g__Actinomyces|s__Actinomyces_SGB17132,Actinomyces SGB17132,ALL,antibiotics_3m,0.31672629587217965,0.5314915152906317,188,0.86161297832048
g__Actinomyces|s__Actinomyces_SGB17132,Actinomyces SGB17132,ALL,smoking,-0.6849522501277849,0.05850450676839573,188,0.29293982704289445
g__Actinomyces|s__Actinomyces_SGB17154,Actinomyces SGB17154,ALL,site[T.Oral],2.3347377860955696,0.012914641214221378,188,0.10118390772749339
g__Actinomyces|s__Actinomyces_SGB17154,Actinomyces SGB17154,ALL,sex[T.1],0.45664380341329897,0.21130577580640617,188,0.6124552213711689
g__Actinomyces|s__Actinomyces_SGB17154,Actinomyces SGB17154,ALL,disease,0.1343508126246894,0.7791307527300704,188,0.9545371525593531
g__Actinomyces|s__Actinomyces_SGB17154,Actinomyces SGB17154,ALL,disease:site[T.Oral],4.014196961745385,0.00019299136370700404,188,0.0026357964459594718
g__Actinomyces|s__Actinomyces_SGB17154,Actinomyces SGB17154,ALL,ppi_use,0.4130818296597549,0.6262939836663322,188,0.9040176460050758
g__Actinomyces|s__Actinomyces_SGB17154,Actinomyces SGB17154,ALL,disease:ppi_use,0.564737862352704,0.5732017511085838,188,0.8840096471943579
g__Actinomyces|s__Actinomyces_SGB17154,Actinomyces SGB17154,ALL,age,-0.010541744389481918,0.45771692342681625,188,0.8155260919939721
g__Actinomyces|s__Actinomyces_SGB17154,Actinomyces SGB17154,ALL,bmi,0.04213383795087639,0.3539502128559876,188,0.7547926017235955
g__Actinomyces|s__Actinomyces_SGB17154,Actinomyces SGB17154,ALL,antibiotics_3m,-0.1310585975083576,0.8446311292514892,188,0.9650247374375898
g__Actinomyces|s__Actinomyces_SGB17154,Actinomyces SGB17154,ALL,smoking,0.9663839224654188,0.04360444848892032,188,0.2410261640883627
g__Actinomyces|s__Actinomyces_SGB17157,Actinomyces SGB17157,ALL,site[T.Oral],1.8091611993102206,0.0037734386428329597,188,0.03550876578108227
g__Actinomyces|s__Actinomyces_SGB17157,Actinomyces SGB17157,ALL,sex[T.1],-0.3252962620204023,0.17940880082466207,188,0.5612521309220712
g__Actinomyces|s__Actinomyces_SGB17157,Actinomyces SGB17157,ALL,disease,0.6704603279122673,0.03590351831540612,188,0.21144521692462329
g__Actinomyces|s__Actinomyces_SGB17157,Actinomyces SGB17157,ALL,disease:site[T.Oral],0.7357649443158691,0.29390227131771274,188,0.6965543364788466
g__Actinomyces|s__Actinomyces_SGB17157,Actinomyces SGB17157,ALL,ppi_use,0.013080059920829137,0.9814396685668538,188,0.9959101580426877
g__Actinomyces|s__Actinomyces_SGB17157,Actinomyces SGB17157,ALL,disease:ppi_use,0.33154205013055105,0.6178705586047796,188,0.9005416148459434
g__Actinomyces|s__Actinomyces_SGB17157,Actinomyces SGB17157,ALL,age,-0.006534608342226167,0.48744812828506145,188,0.8328159395902756
g__Actinomyces|s__Actinomyces_SGB17157,Actinomyces SGB17157,ALL,bmi,0.03961428405664009,0.18921971887172842,188,0.5800534613447744
g__Actinomyces|s__Actinomyces_SGB17157,Actinomyces SGB17157,ALL,antibiotics_3m,-0.040109876923597035,0.9279173491947609,188,0.9881644100951489
g__Actinomyces|s__Actinomyces_SGB17157,Actinomyces SGB17157,ALL,smoking,-0.66452875623992,0.03644282285827344,188,0.21256717117568355
g__Actinomyces|s__Actinomyces_SGB17163,Actinomyces SGB17163,ALL,site[T.Oral],3.855189050664276,7.50564841303203e-07,188,1.61624698955475e-05
g__Actinomyces|s__Actinomyces_SGB17163,Actinomyces SGB17163,ALL,sex[T.1],-0.2397804015600836,0.4161083798255456,188,0.7964367730022324
g__Actinomyces|s__Actinomyces_SGB17163,Actinomyces SGB17163,ALL,disease,0.6648850919492285,0.08718317142442962,188,0.3776968448777404
g__Actinomyces|s__Actinomyces_SGB17163,Actinomyces SGB17163,ALL,disease:site[T.Oral],1.1246181934070107,0.18851624089170765,188,0.5789445550764086
g__Actinomyces|s__Actinomyces_SGB17163,Actinomyces SGB17163,ALL,ppi_use,-0.7444728768395716,0.27815702760149313,188,0.687387984087391
g__Actinomyces|s__Actinomyces_SGB17163,Actinomyces SGB17163,ALL,disease:ppi_use,0.5719995942534013,0.4802860298257362,188,0.8303334859234778
g__Actinomyces|s__Actinomyces_SGB17163,Actinomyces SGB17163,ALL,age,-0.01055168667867878,0.35790444243428865,188,0.7586018073335465
g__Actinomyces|s__Actinomyces_SGB17163,Actinomyces SGB17163,ALL,bmi,-0.0082425881098491,0.822259664666111,188,0.9637581684504767
g__Actinomyces|s__Actinomyces_SGB17163,Actinomyces SGB17163,ALL,antibiotics_3m,0.24223398987783065,0.6540889605671244,188,0.9140271821073853
g__Actinomyces|s__Actinomyces_SGB17163,Actinomyces SGB17163,ALL,smoking,-0.16245556108992099,0.6729803022026146,188,0.9224248310089421
g__Actinomyces|s__Actinomyces_SGB17168,Actinomyces SGB17168,ALL,site[T.Oral],2.9142355658088457,0.0020668059856882794,188,0.02142361500246334
g__Actinomyces|s__Actinomyces_SGB17168,Actinomyces SGB17168,ALL,sex[T.1],-0.17396845681209563,0.63417627634518,188,0.9055975305010503
g__Actinomyces|s__Actinomyces_SGB17168,Actinomyces SGB17168,ALL,disease,0.8826980537513686,0.06736071946650905,188,0.32300017121235897
g__Actinomyces|s__Actinomyces_SGB17168,Actinomyces SGB17168,ALL,disease:site[T.Oral],0.6555726963267201,0.5358859122357164,188,0.8648089894010871
g__Actinomyces|s__Actinomyces_SGB17168,Actinomyces SGB17168,ALL,ppi_use,-0.720029304064965,0.39756286231160665,188,0.7855611619350176
g__Actinomyces|s__Actinomyces_SGB17168,Actinomyces SGB17168,ALL,disease:ppi_use,0.7728291168410832,0.4421331969819027,188,0.802956023653864
g__Actinomyces|s__Actinomyces_SGB17168,Actinomyces SGB17168,ALL,age,0.01855906889093713,0.19296975755157772,188,0.5884655508306149
g__Actinomyces|s__Actinomyces_SGB17168,Actinomyces SGB17168,ALL,bmi,-0.0008925475026946602,0.9843556881315952,188,0.9971870424559526
g__Actinomyces|s__Actinomyces_SGB17168,Actinomyces SGB17168,ALL,antibiotics_3m,-0.06991397810812923,0.9169531729405275,188,0.9849525563205388
g__Actinomyces|s__Actinomyces_SGB17168,Actinomyces SGB17168,ALL,smoking,-0.7079360336602031,0.1393309142693566,188,0.49249900210014264
g__Actinomyces|s__Actinomyces_dentalis,Actinomyces dentalis,ALL,site[T.Oral],2.819810948841373,4.592758524810769e-06,188,8.484517064255684e-05
g__Actinomyces|s__Actinomyces_dentalis,Actinomyces dentalis,ALL,sex[T.1],-0.03488343083242666,0.8814066895174535,188,0.9743526013152224
g__Actinomyces|s__Actinomyces_dentalis,Actinomyces dentalis,ALL,disease,0.4753466144770703,0.12310418105703236,188,0.4587002924736556
g__Actinomyces|s__Actinomyces_dentalis,Actinomyces dentalis,ALL,disease:site[T.Oral],0.3132965697866491,0.6437012094860132,188,0.9084805972239269
g__Actinomyces|s__Actinomyces_dentalis,Actinomyces dentalis,ALL,ppi_use,-0.7993563783390724,0.14291086839323472,188,0.4981302364054159
g__Actinomyces|s__Actinomyces_dentalis,Actinomyces dentalis,ALL,disease:ppi_use,1.3980590219553815,0.030714653924623747,188,0.19081138986801655
g__Actinomyces|s__Actinomyces_dentalis,Actinomyces dentalis,ALL,age,0.007617500974237283,0.40293869142441485,188,0.7896788424900593
g__Actinomyces|s__Actinomyces_dentalis,Actinomyces dentalis,ALL,bmi,0.006460745043138369,0.8244369831314822,188,0.9638605180559544
g__Actinomyces|s__Actinomyces_dentalis,Actinomyces dentalis,ALL,antibiotics_3m,0.5361744993045037,0.21232096138135162,188,0.6143388891745135
g__Actinomyces|s__Actinomyces_dentalis,Actinomyces dentalis,ALL,smoking,0.10188470406599068,0.7387379662424391,188,0.9379424435995461
g__Actinomyces|s__Actinomyces_graevenitzii,Actinomyces graevenitzii,ALL,site[T.Oral],6.571048245441909,2.4575148915187515e-17,188,1.797057764423087e-15
g__Actinomyces|s__Actinomyces_graevenitzii,Actinomyces graevenitzii,ALL,sex[T.1],0.4567955643694791,0.09619289793003859,188,0.4022880152205509
g__Actinomyces|s__Actinomyces_graevenitzii,Actinomyces graevenitzii,ALL,disease,0.7374862063115556,0.04136472731192016,188,0.23267659112955089
g__Actinomyces|s__Actinomyces_graevenitzii,Actinomyces graevenitzii,ALL,disease:site[T.Oral],2.489894037631006,0.0019303719149908474,188,0.020286243777299026
g__Actinomyces|s__Actinomyces_graevenitzii,Actinomyces graevenitzii,ALL,ppi_use,0.6633340217643953,0.2979298545821966,188,0.7004245074236505
g__Actinomyces|s__Actinomyces_graevenitzii,Actinomyces graevenitzii,ALL,disease:ppi_use,-0.6143189848496323,0.41433144764910335,188,0.795617644281075
g__Actinomyces|s__Actinomyces_graevenitzii,Actinomyces graevenitzii,ALL,age,0.007919155349135525,0.4571908226690655,188,0.8150024314720264
g__Actinomyces|s__Actinomyces_graevenitzii,Actinomyces graevenitzii,ALL,bmi,0.0020711858080688394,0.9515172185128842,188,0.9891006240655418
g__Actinomyces|s__Actinomyces_graevenitzii,Actinomyces graevenitzii,ALL,antibiotics_3m,0.3497015505186882,0.48614058165754537,188,0.8328159395902756
g__Actinomyces|s__Actinomyces_graevenitzii,Actinomyces graevenitzii,ALL,smoking,0.20494466971317282,0.566399185397044,188,0.8796730711254975
g__Actinomyces|s__Actinomyces_naeslundii,Actinomyces naeslundii,ALL,site[T.Oral],1.5756341940026044,0.005790382393493075,188,0.051715629010587
g__Actinomyces|s__Actinomyces_naeslundii,Actinomyces naeslundii,ALL,sex[T.1],-0.14703574388992124,0.5064572476715442,188,0.8434347411943335
g__Actinomyces|s__Actinomyces_naeslundii,Actinomyces naeslundii,ALL,disease,0.7463226664944101,0.010949816892429836,188,0.0885572748673473
g__Actinomyces|s__Actinomyces_naeslundii,Actinomyces naeslundii,ALL,disease:site[T.Oral],1.2418635813439585,0.05378697354881632,188,0.2747136246871023
g__Actinomyces|s__Actinomyces_naeslundii,Actinomyces naeslundii,ALL,ppi_use,-0.12286610976728482,0.8112933429388192,188,0.961930737634696
g__Actinomyces|s__Actinomyces_naeslundii,Actinomyces naeslundii,ALL,disease:ppi_use,0.10518197114872938,0.8626626011122631,188,0.9677283402924061
g__Actinomyces|s__Actinomyces_naeslundii,Actinomyces naeslundii,ALL,age,-0.0064201959177029935,0.4560585794890294,188,0.8146389893162815
g__Actinomyces|s__Actinomyces_naeslundii,Actinomyces naeslundii,ALL,bmi,0.015359702780870467,0.5773001683944295,188,0.8860551053268045
g__Actinomyces|s__Actinomyces_naeslundii,Actinomyces naeslundii,ALL,antibiotics_3m,-0.33143997832850874,0.4144713472120992,188,0.795617644281075
g__Actinomyces|s__Actinomyces_naeslundii,Actinomyces naeslundii,ALL,smoking,-0.5266503416900694,0.06962796125664857,188,0.3298166585841248
g__Actinomyces|s__Actinomyces_oris,Actinomyces oris,ALL,site[T.Oral],4.832002199910995,2.7370824655522003e-11,188,1.2008949317610278e-09
g__Actinomyces|s__Actinomyces_oris,Actinomyces oris,ALL,sex[T.1],-0.37026472021803997,0.16579149781123032,188,0.5378263930844902
g__Actinomyces|s__Actinomyces_oris,Actinomyces oris,ALL,disease,0.48165543681713846,0.1700735050176982,188,0.5457512684499557
g__Actinomyces|s__Actinomyces_oris,Actinomyces oris,ALL,disease:site[T.Oral],1.4621698016061757,0.05938466433234098,188,0.29639427883255687
g__Actinomyces|s__Actinomyces_oris,Actinomyces oris,ALL,ppi_use,-1.2535573757330745,0.04435744890261982,188,0.24365359256368635
g__Actinomyces|s__Actinomyces_oris,Actinomyces oris,ALL,disease:ppi_use,1.3146091107699527,0.07398657015918261,188,0.34260271933869524
g__Actinomyces|s__Actinomyces_oris,Actinomyces oris,ALL,age,0.007959191714110594,0.44308222736528413,188,0.8035642103439439
g__Actinomyces|s__Actinomyces_oris,Actinomyces oris,ALL,bmi,0.030109195745271045,0.36480242252298867,188,0.7629342144073817
g__Actinomyces|s__Actinomyces_oris,Actinomyces oris,ALL,antibiotics_3m,0.09887713970901937,0.8397081042545282,188,0.9647128620860638
g__Actinomyces|s__Actinomyces_oris,Actinomyces oris,ALL,smoking,0.8289194592946063,0.018138636188191767,188,0.13056687839230335
g__Actinomyces|s__Actinomyces_sp_HMSC035G02,Actinomyces sp HMSC035G02,ALL,site[T.Oral],2.6369473381981874,0.0010946156124063966,188,0.012120191796676505
g__Actinomyces|s__Actinomyces_sp_HMSC035G02,Actinomyces sp HMSC035G02,ALL,sex[T.1],-0.2711735314702632,0.3844903853809889,188,0.7769387123762013
g__Actinomyces|s__Actinomyces_sp_HMSC035G02,Actinomyces sp HMSC035G02,ALL,disease,1.1029742201946107,0.007639940422853216,188,0.06524620653093623
g__Actinomyces|s__Actinomyces_sp_HMSC035G02,Actinomyces sp HMSC035G02,ALL,disease:site[T.Oral],1.4613297340446458,0.10652956291211517,188,0.42535403117637305
g__Actinomyces|s__Actinomyces_sp_HMSC035G02,Actinomyces sp HMSC035G02,ALL,ppi_use,-0.5409036857729987,0.4557623768488174,188,0.814524410763416
g__Actinomyces|s__Actinomyces_sp_HMSC035G02,Actinomyces sp HMSC035G02,ALL,disease:ppi_use,-0.4991165142819804,0.5601453731728282,188,0.8787803473616008
g__Actinomyces|s__Actinomyces_sp_HMSC035G02,Actinomyces sp HMSC035G02,ALL,age,0.006814422065087788,0.5741490391427398,188,0.8842751765647288
g__Actinomyces|s__Actinomyces_sp_HMSC035G02,Actinomyces sp HMSC035G02,ALL,bmi,-0.007470406028869882,0.8473081303195172,188,0.9656011485134759
g__Actinomyces|s__Actinomyces_sp_HMSC035G02,Actinomyces sp HMSC035G02,ALL,antibiotics_3m,-0.062198864229072906,0.9133259913511498,188,0.9846856260026088
g__Actinomyces|s__Actinomyces_sp_HMSC035G02,Actinomyces sp HMSC035G02,ALL,smoking,-0.2879971903063679,0.479374816925603,188,0.8303334859234778
g__Actinomyces|s__Actinomyces_sp_ICM47,Actinomyces sp ICM47,ALL,site[T.Oral],8.477742782058465,5.585945178648448e-16,188,3.439766241588781e-14
g__Actinomyces|s__Actinomyces_sp_ICM47,Actinomyces sp ICM47,ALL,sex[T.1],-0.5574122123069335,0.13579343497543322,188,0.48586641871944
g__Actinomyces|s__Actinomyces_sp_ICM47,Actinomyces sp ICM47,ALL,disease,5.26063223304785,4.235549670124459e-21,188,4.645868544417766e-19
g__Actinomyces|s__Actinomyces_sp_ICM47,Actinomyces sp ICM47,ALL,disease:site[T.Oral],-2.2164399914962156,0.04111408573391611,188,0.2320103551865684
g__Actinomyces|s__Actinomyces_sp_ICM47,Actinomyces sp ICM47,ALL,ppi_use,0.6262176951961456,0.4702632551108904,188,0.8243864798166198
g__Actinomyces|s__Actinomyces_sp_ICM47,Actinomyces sp ICM47,ALL,disease:ppi_use,-1.2622680751102306,0.21869126094858538,188,0.6250865846331716
g__Actinomyces|s__Actinomyces_sp_ICM47,Actinomyces sp ICM47,ALL,age,0.0038759206505087755,0.7891957474584871,188,0.9564616781924473
g__Actinomyces|s__Actinomyces_sp_ICM47,Actinomyces sp ICM47,ALL,bmi,-0.03798583683667653,0.4133765562005465,188,0.795617644281075
g__Actinomyces|s__Actinomyces_sp_ICM47,Actinomyces sp ICM47,ALL,antibiotics_3m,0.6323651693627188,0.35538148493437793,188,0.7549692313784608
g__Actinomyces|s__Actinomyces_sp_ICM47,Actinomyces sp ICM47,ALL,smoking,-1.6158985447957603,0.0010732415907163853,188,0.011958977725125436
g__Actinomyces|s__Actinomyces_sp_ICM58,Actinomyces sp ICM58,ALL,site[T.Oral],4.178440788818157,3.28080076758895e-05,188,0.0005132672931438191
g__Actinomyces|s__Actinomyces_sp_ICM58,Actinomyces sp ICM58,ALL,sex[T.1],-0.5802887909632428,0.132367880118624,188,0.47848739363168924
g__Actinomyces|s__Actinomyces_sp_ICM58,Actinomyces sp ICM58,ALL,disease,0.7981581884671121,0.11534201253053267,188,0.44500422689487495
g__Actinomyces|s__Actinomyces_sp_ICM58,Actinomyces sp ICM58,ALL,disease:site[T.Oral],1.627029394427478,0.14506207456577339,188,0.499235128596758
g__Actinomyces|s__Actinomyces_sp_ICM58,Actinomyces sp ICM58,ALL,ppi_use,-1.0094531053653257,0.2598258869447439,188,0.6704424416651678
g__Actinomyces|s__Actinomyces_sp_ICM58,Actinomyces sp ICM58,ALL,disease:ppi_use,0.6474478943537246,0.5402649654619724,188,0.8685567606964391
g__Actinomyces|s__Actinomyces_sp_ICM58,Actinomyces sp ICM58,ALL,age,0.00299360706006956,0.8413805684497561,188,0.9647128620860638
g__Actinomyces|s__Actinomyces_sp_ICM58,Actinomyces sp ICM58,ALL,bmi,-0.0404687268748228,0.398405036522431,188,0.7855611619350176
g__Actinomyces|s__Actinomyces_sp_ICM58,Actinomyces sp ICM58,ALL,antibiotics_3m,0.6897000410202132,0.3286997462428013,188,0.7279092172316923
g__Actinomyces|s__Actinomyces_sp_ICM58,Actinomyces sp ICM58,ALL,smoking,-0.10490851730952444,0.8345086010731368,188,0.9647128620860638
g__Actinomyces|s__Actinomyces_sp_ph3,Actinomyces sp ph3,ALL,site[T.Oral],3.480666143621697,3.7031404582969566e-07,188,8.665348672414879e-06
g__Actinomyces|s__Actinomyces_sp_ph3,Actinomyces sp ph3,ALL,sex[T.1],0.10250107674928798,0.6916178790712003,188,0.9270978440450118
g__Actinomyces|s__Actinomyces_sp_ph3,Actinomyces sp ph3,ALL,disease,0.5074288970123229,0.13623468201059882,188,0.4869488124818756
g__Actinomyces|s__Actinomyces_sp_ph3,Actinomyces sp ph3,ALL,disease:site[T.Oral],3.5119566914066693,5.1994799269648325e-06,188,9.488954113509033e-05
g__Actinomyces|s__Actinomyces_sp_ph3,Actinomyces sp ph3,ALL,ppi_use,0.025289920490861453,0.9664377235374979,188,0.9927239082804642
g__Actinomyces|s__Actinomyces_sp_ph3,Actinomyces sp ph3,ALL,disease:ppi_use,0.24148464424619584,0.7338803933040894,188,0.9356775083535611
g__Actinomyces|s__Actinomyces_sp_ph3,Actinomyces sp ph3,ALL,age,-0.0047204457634825395,0.6387898589215238,188,0.9059201635614339
g__Actinomyces|s__Actinomyces_sp_ph3,Actinomyces sp ph3,ALL,bmi,0.03362737795568746,0.2967324560958981,188,0.6999535758713725
g__Actinomyces|s__Actinomyces_sp_ph3,Actinomyces sp ph3,ALL,antibiotics_3m,0.11300064561241732,0.8115734889416784,188,0.961930737634696
g__Actinomyces|s__Actinomyces_sp_ph3,Actinomyces sp ph3,ALL,smoking,0.3600411797632435,0.2868132109977005,188,0.6928522853420019
g__Adlercreutzia|s__Adlercreutzia_equolifaciens,Adlercreutzia equolifaciens,ALL,site[T.Oral],-1.7840013618598989,0.11847482751111701,188,0.44907844985315415
g__Adlercreutzia|s__Adlercreutzia_equolifaciens,Adlercreutzia equolifaciens,ALL,sex[T.1],-0.06830979992102194,0.8782491403833494,188,0.9740391985827854
g__Adlercreutzia|s__Adlercreutzia_equolifaciens,Adlercreutzia equolifaciens,ALL,disease,0.558533176443587,0.3411052418520123,188,0.7385090074442258
g__Adlercreutzia|s__Adlercreutzia_equolifaciens,Adlercreutzia equolifaciens,ALL,disease:site[T.Oral],-1.0442325588917,0.4191586060734148,188,0.7969027112258336
g__Adlercreutzia|s__Adlercreutzia_equolifaciens,Adlercreutzia equolifaciens,ALL,ppi_use,0.1115543196664245,0.9143656073262333,188,0.9846856260026088
g__Adlercreutzia|s__Adlercreutzia_equolifaciens,Adlercreutzia equolifaciens,ALL,disease:ppi_use,0.07248708107605181,0.9528439345103644,188,0.9891991156851165
g__Adlercreutzia|s__Adlercreutzia_equolifaciens,Adlercreutzia equolifaciens,ALL,age,-0.03910095681337079,0.02525413217746437,188,0.1653768730277984
g__Adlercreutzia|s__Adlercreutzia_equolifaciens,Adlercreutzia equolifaciens,ALL,bmi,0.052284822527644104,0.34707186290058645,188,0.7464597051354525
g__Adlercreutzia|s__Adlercreutzia_equolifaciens,Adlercreutzia equolifaciens,ALL,antibiotics_3m,-0.3949482218158427,0.6293514958471065,188,0.9040176460050758
g__Adlercreutzia|s__Adlercreutzia_equolifaciens,Adlercreutzia equolifaciens,ALL,smoking,0.23629534241267425,0.6850502038438536,188,0.9264596275900318
g__Agathobaculum|s__Agathobaculum_butyriciproducens,Agathobaculum butyriciproducens,ALL,site[T.Oral],-4.37507829760526,1.9381592383578452e-06,188,3.950431127502883e-05
g__Agathobaculum|s__Agathobaculum_butyriciproducens,Agathobaculum butyriciproducens,ALL,sex[T.1],0.27950896698374345,0.42287528614853764,188,0.7969027112258336
g__Agathobaculum|s__Agathobaculum_butyriciproducens,Agathobaculum butyriciproducens,ALL,disease,1.3990932712119315,0.0025585287045474217,188,0.02541357272544232
g__Agathobaculum|s__Agathobaculum_butyriciproducens,Agathobaculum butyriciproducens,ALL,disease:site[T.Oral],-1.53211211051587,0.1301854263723563,188,0.475000880007246
g__Agathobaculum|s__Agathobaculum_butyriciproducens,Agathobaculum butyriciproducens,ALL,ppi_use,-0.02893593825462147,0.9715250862243201,188,0.9938947982067512
g__Agathobaculum|s__Agathobaculum_butyriciproducens,Agathobaculum butyriciproducens,ALL,disease:ppi_use,0.17118937348168137,0.8581612233008582,188,0.9669362423982366
g__Agathobaculum|s__Agathobaculum_butyriciproducens,Agathobaculum butyriciproducens,ALL,age,0.005145559544266443,0.7043784658498947,188,0.9271017907425374
g__Agathobaculum|s__Agathobaculum_butyriciproducens,Agathobaculum butyriciproducens,ALL,bmi,0.03162086666108487,0.4665559055626999,188,0.8229202153392344
g__Agathobaculum|s__Agathobaculum_butyriciproducens,Agathobaculum butyriciproducens,ALL,antibiotics_3m,-0.172546158437888,0.7872389003031625,188,0.9564616781924473
g__Agathobaculum|s__Agathobaculum_butyriciproducens,Agathobaculum butyriciproducens,ALL,smoking,0.3368691427234891,0.4595793951982644,188,0.8164015197435531
g__Aggregatibacter|s__Aggregatibacter_sp_2125159857,Aggregatibacter sp 2125159857,ALL,site[T.Oral],5.142870189226531,2.8864502231673524e-15,188,1.7171932683588826e-13
g__Aggregatibacter|s__Aggregatibacter_sp_2125159857,Aggregatibacter sp 2125159857,ALL,sex[T.1],0.0020060974976927465,0.9931273820456334,188,0.9979694681801684
g__Aggregatibacter|s__Aggregatibacter_sp_2125159857,Aggregatibacter sp 2125159857,ALL,disease,0.85046097875437,0.005974252718006873,188,0.053222403655340415
g__Aggregatibacter|s__Aggregatibacter_sp_2125159857,Aggregatibacter sp 2125159857,ALL,disease:site[T.Oral],-2.870501632327616,3.290174956050122e-05,188,0.0005132672931438191
g__Aggregatibacter|s__Aggregatibacter_sp_2125159857,Aggregatibacter sp 2125159857,ALL,ppi_use,-1.0659633631109353,0.05038215782060516,188,0.26394234917958825
g__Aggregatibacter|s__Aggregatibacter_sp_2125159857,Aggregatibacter sp 2125159857,ALL,disease:ppi_use,0.7463001922743621,0.2446455444448973,188,0.6560014216971655
g__Aggregatibacter|s__Aggregatibacter_sp_2125159857,Aggregatibacter sp 2125159857,ALL,age,0.009842129618863245,0.2782844231875164,188,0.687387984087391
g__Aggregatibacter|s__Aggregatibacter_sp_2125159857,Aggregatibacter sp 2125159857,ALL,bmi,-0.019325232869208245,0.5055273852869583,188,0.8434347411943335
g__Aggregatibacter|s__Aggregatibacter_sp_2125159857,Aggregatibacter sp 2125159857,ALL,antibiotics_3m,-0.3374879591688628,0.4300051205896721,188,0.7998505422733169
g__Aggregatibacter|s__Aggregatibacter_sp_2125159857,Aggregatibacter sp 2125159857,ALL,smoking,-0.37042778681043415,0.22434570432515072,188,0.6314782856305365
g__Akkermansia|s__Akkermansia_muciniphila,Akkermansia muciniphila,ALL,site[T.Oral],-3.9684652337497117,0.010827452840280995,188,0.08776988330112308
g__Akkermansia|s__Akkermansia_muciniphila,Akkermansia muciniphila,ALL,sex[T.1],0.2756170014174484,0.648370566668388,188,0.9125022810770016
g__Akkermansia|s__Akkermansia_muciniphila,Akkermansia muciniphila,ALL,disease,0.5046839338278661,0.5252484700238768,188,0.8575913366363617
g__Akkermansia|s__Akkermansia_muciniphila,Akkermansia muciniphila,ALL,disease:site[T.Oral],0.7023294112374667,0.6882143508647823,188,0.9270978440450118
g__Akkermansia|s__Akkermansia_muciniphila,Akkermansia muciniphila,ALL,ppi_use,1.1594533737566932,0.40991072258738126,188,0.7932719773600916
g__Akkermansia|s__Akkermansia_muciniphila,Akkermansia muciniphila,ALL,disease:ppi_use,-3.3362716604848184,0.04578968288420404,188,0.24918106499776152
g__Akkermansia|s__Akkermansia_muciniphila,Akkermansia muciniphila,ALL,age,0.05175264197700754,0.02879727015349892,188,0.18245201848155454
g__Akkermansia|s__Akkermansia_muciniphila,Akkermansia muciniphila,ALL,bmi,-0.09184687063274165,0.22324024053920793,188,0.6308963319586312
g__Akkermansia|s__Akkermansia_muciniphila,Akkermansia muciniphila,ALL,antibiotics_3m,0.7667732796687464,0.4893911697144743,188,0.8328159395902756
g__Akkermansia|s__Akkermansia_muciniphila,Akkermansia muciniphila,ALL,smoking,-0.41674769673841644,0.5976300423732454,188,0.889404195757805
g__Alistipes|s__Alistipes_communis,Alistipes communis,ALL,site[T.Oral],-7.39664290454079,1.3263347009261648e-10,188,5.290266818466861e-09
g__Alistipes|s__Alistipes_communis,Alistipes communis,ALL,sex[T.1],0.4943239870985212,0.24543565918943314,188,0.657116066937384
g__Alistipes|s__Alistipes_communis,Alistipes communis,ALL,disease,-4.218173638779131,2.0046455035845966e-12,188,9.381740956775912e-11
g__Alistipes|s__Alistipes_communis,Alistipes communis,ALL,disease:site[T.Oral],4.426112456828172,0.00040853451481951867,188,0.005084950875945073
g__Alistipes|s__Alistipes_communis,Alistipes communis,ALL,ppi_use,0.798512377705855,0.41950217139728696,188,0.7969027112258336
g__Alistipes|s__Alistipes_communis,Alistipes communis,ALL,disease:ppi_use,-0.5985852134015263,0.6083476018469929,188,0.8953040178125555
g__Alistipes|s__Alistipes_communis,Alistipes communis,ALL,age,0.012815456736541471,0.43854627263376056,188,0.802956023653864
g__Alistipes|s__Alistipes_communis,Alistipes communis,ALL,bmi,0.05224040055597755,0.32408890108324373,188,0.7228790935006894
g__Alistipes|s__Alistipes_communis,Alistipes communis,ALL,antibiotics_3m,-0.9976801289609365,0.2014946002213531,188,0.5987048762275283
g__Alistipes|s__Alistipes_communis,Alistipes communis,ALL,smoking,-0.12871941883542648,0.8165678985558,188,0.9624650582098098
g__Alistipes|s__Alistipes_dispar,Alistipes dispar,ALL,site[T.Oral],-0.11473311557226203,0.9255343398902699,188,0.9866540066910161
g__Alistipes|s__Alistipes_dispar,Alistipes dispar,ALL,sex[T.1],0.10595212519560304,0.8255492594301255,188,0.9642854910481665
g__Alistipes|s__Alistipes_dispar,Alistipes dispar,ALL,disease,0.33041658061717144,0.6010339620211693,188,0.893096824208557
g__Alistipes|s__Alistipes_dispar,Alistipes dispar,ALL,disease:site[T.Oral],-0.9394007082964566,0.5000527078717184,188,0.8418153499423173
g__Alistipes|s__Alistipes_dispar,Alistipes dispar,ALL,ppi_use,-3.02579479859685,0.007397183071638726,188,0.06364119408366675
g__Alistipes|s__Alistipes_dispar,Alistipes dispar,ALL,disease:ppi_use,2.61696188798171,0.0488736187360418,188,0.2587426874261036
g__Alistipes|s__Alistipes_dispar,Alistipes dispar,ALL,age,0.03607379858840041,0.05503568230182085,188,0.27875215711311857
g__Alistipes|s__Alistipes_dispar,Alistipes dispar,ALL,bmi,-0.07388145973861425,0.2181423230776104,188,0.6244513460789541
g__Alistipes|s__Alistipes_dispar,Alistipes dispar,ALL,antibiotics_3m,1.7900404256803715,0.04356353849644342,188,0.2410261640883627
g__Alistipes|s__Alistipes_dispar,Alistipes dispar,ALL,smoking,-0.1839871897977597,0.7695273430218461,188,0.9530040787506285
g__Alistipes|s__Alistipes_finegoldii,Alistipes finegoldii,ALL,site[T.Oral],-5.028474083766719,0.000169977714395751,188,0.0023489046359412833
g__Alistipes|s__Alistipes_finegoldii,Alistipes finegoldii,ALL,sex[T.1],0.9058846588808722,0.07886001953985897,188,0.35715957236761936
g__Alistipes|s__Alistipes_finegoldii,Alistipes finegoldii,ALL,disease,-2.896360237690617,2.8101854623626768e-05,188,0.0004463235734340722
g__Alistipes|s__Alistipes_finegoldii,Alistipes finegoldii,ALL,disease:site[T.Oral],2.271790618101441,0.1276561873543434,188,0.4706651445522535
g__Alistipes|s__Alistipes_finegoldii,Alistipes finegoldii,ALL,ppi_use,-0.7787311162883555,0.5145282051248397,188,0.8487046172410326
g__Alistipes|s__Alistipes_finegoldii,Alistipes finegoldii,ALL,disease:ppi_use,1.3052003092820446,0.3554895469502525,188,0.7549692313784608
g__Alistipes|s__Alistipes_finegoldii,Alistipes finegoldii,ALL,age,0.003858101057764446,0.8468273384331608,188,0.9656011485134759
g__Alistipes|s__Alistipes_finegoldii,Alistipes finegoldii,ALL,bmi,0.0027257725624742924,0.9659866680369902,188,0.9927239082804642
g__Alistipes|s__Alistipes_finegoldii,Alistipes finegoldii,ALL,antibiotics_3m,0.806153914055006,0.39238430642509514,188,0.7805711541103423
g__Alistipes|s__Alistipes_finegoldii,Alistipes finegoldii,ALL,smoking,0.6464598935881838,0.3355544090027234,188,0.7339170230267757
g__Alistipes|s__Alistipes_ihumii,Alistipes ihumii,ALL,site[T.Oral],-5.401643548039657,3.841194984504415e-06,188,7.209943527064436e-05
g__Alistipes|s__Alistipes_ihumii,Alistipes ihumii,ALL,sex[T.1],0.013152296968757927,0.9763722469363416,188,0.9942906156920523
g__Alistipes|s__Alistipes_ihumii,Alistipes ihumii,ALL,disease,-3.4333609572921726,1.883812145432649e-08,188,5.419820188908687e-07
g__Alistipes|s__Alistipes_ihumii,Alistipes ihumii,ALL,disease:site[T.Oral],3.259043859272532,0.01202101591144216,188,0.09546100870851128
g__Alistipes|s__Alistipes_ihumii,Alistipes ihumii,ALL,ppi_use,0.8988846734649479,0.38477024029039886,188,0.7769387123762013
g__Alistipes|s__Alistipes_ihumii,Alistipes ihumii,ALL,disease:ppi_use,0.00026915775278438074,0.9998240762337793,188,0.9999094788793534
g__Alistipes|s__Alistipes_ihumii,Alistipes ihumii,ALL,age,-0.015232299333037061,0.37858360787212,188,0.775279150309884
g__Alistipes|s__Alistipes_ihumii,Alistipes ihumii,ALL,bmi,0.07183230500749116,0.19508394857999556,188,0.5913166317062042
g__Alistipes|s__Alistipes_ihumii,Alistipes ihumii,ALL,antibiotics_3m,-0.46525755296533244,0.568116705475729,188,0.8800042525241875
g__Alistipes|s__Alistipes_ihumii,Alistipes ihumii,ALL,smoking,0.21029652116031675,0.7170078819974306,188,0.9279113657566306
g__Alistipes|s__Alistipes_indistinctus,Alistipes indistinctus,ALL,site[T.Oral],-3.5900809379170666,0.0010391681696073278,188,0.011653291614446391
g__Alistipes|s__Alistipes_indistinctus,Alistipes indistinctus,ALL,sex[T.1],-0.47688796139494405,0.2594343376301427,188,0.6704424416651678
g__Alistipes|s__Alistipes_indistinctus,Alistipes indistinctus,ALL,disease,-2.393501890398756,2.58383905097924e-05,188,0.0004160217921530795
g__Alistipes|s__Alistipes_indistinctus,Alistipes indistinctus,ALL,disease:site[T.Oral],2.9378744601735125,0.01712894686051726,188,0.12499501763080163
g__Alistipes|s__Alistipes_indistinctus,Alistipes indistinctus,ALL,ppi_use,1.5478088034896922,0.11626724194316365,188,0.4464967387532871
g__Alistipes|s__Alistipes_indistinctus,Alistipes indistinctus,ALL,disease:ppi_use,-1.9528801050603621,0.09368135333592569,188,0.394046175966846
g__Alistipes|s__Alistipes_indistinctus,Alistipes indistinctus,ALL,age,0.025487748821670864,0.12200035888670971,188,0.4579906520773808
g__Alistipes|s__Alistipes_indistinctus,Alistipes indistinctus,ALL,bmi,-0.03867609537876345,0.4622758329769079,188,0.8190854618951359
g__Alistipes|s__Alistipes_indistinctus,Alistipes indistinctus,ALL,antibiotics_3m,-0.5119503302167403,0.5088117097134878,188,0.8460109431995936
g__Alistipes|s__Alistipes_indistinctus,Alistipes indistinctus,ALL,smoking,0.0020979532721970323,0.9969642195724275,188,0.9998126887712059
g__Alistipes|s__Alistipes_onderdonkii,Alistipes onderdonkii,ALL,site[T.Oral],-7.435527028922649,4.847377410152683e-09,188,1.532819343210443e-07
g__Alistipes|s__Alistipes_onderdonkii,Alistipes onderdonkii,ALL,sex[T.1],0.01348407503813569,0.9772851023847744,188,0.9942906156920523
g__Alistipes|s__Alistipes_onderdonkii,Alistipes onderdonkii,ALL,disease,-3.9441859176897855,1.7871346376146622e-09,188,5.974135788597586e-08
g__Alistipes|s__Alistipes_onderdonkii,Alistipes onderdonkii,ALL,disease:site[T.Oral],3.2970684104604193,0.017095630838485348,188,0.12499501763080163
g__Alistipes|s__Alistipes_onderdonkii,Alistipes onderdonkii,ALL,ppi_use,0.19022757981893149,0.862925544681862,188,0.9677283402924061
g__Alistipes|s__Alistipes_onderdonkii,Alistipes onderdonkii,ALL,disease:ppi_use,0.04849667042804188,0.9702838728207386,188,0.9933594342500183
g__Alistipes|s__Alistipes_onderdonkii,Alistipes onderdonkii,ALL,age,-0.004627506963019113,0.8017498558509073,188,0.9583141371205753
g__Alistipes|s__Alistipes_onderdonkii,Alistipes onderdonkii,ALL,bmi,-0.007211443990790938,0.9026919170381835,188,0.9807916171889652
g__Alistipes|s__Alistipes_onderdonkii,Alistipes onderdonkii,ALL,antibiotics_3m,-2.01854744518484,0.02111719784795641,188,0.14562154115191947
g__Alistipes|s__Alistipes_onderdonkii,Alistipes onderdonkii,ALL,smoking,1.4240397473086692,0.022315522847944795,188,0.15179745193078728
g__Alistipes|s__Alistipes_putredinis,Alistipes putredinis,ALL,site[T.Oral],-9.006626992624426,3.0680954836028824e-14,188,1.63166896173426e-12
g__Alistipes|s__Alistipes_putredinis,Alistipes putredinis,ALL,sex[T.1],0.7630955313287224,0.0751924670065086,188,0.3463590015654136
g__Alistipes|s__Alistipes_putredinis,Alistipes putredinis,ALL,disease,-5.468383324974095,2.8167592341459274e-18,188,2.247005661784592e-16
g__Alistipes|s__Alistipes_putredinis,Alistipes putredinis,ALL,disease:site[T.Oral],4.649787639189686,0.0002257667155514397,188,0.0030016711044907325
g__Alistipes|s__Alistipes_putredinis,Alistipes putredinis,ALL,ppi_use,-0.12562231099988241,0.8993616804785953,188,0.9802536230266833
g__Alistipes|s__Alistipes_putredinis,Alistipes putredinis,ALL,disease:ppi_use,1.5372847931552753,0.19133755274057293,188,0.5839954870603574
g__Alistipes|s__Alistipes_putredinis,Alistipes putredinis,ALL,age,-0.01339729306485349,0.4204566417187876,188,0.7969027112258336
g__Alistipes|s__Alistipes_putredinis,Alistipes putredinis,ALL,bmi,0.017852222434513197,0.7371224317959795,188,0.9371650705147968
g__Alistipes|s__Alistipes_putredinis,Alistipes putredinis,ALL,antibiotics_3m,0.6828871507100504,0.3838109740058594,188,0.7768254517108907
g__Alistipes|s__Alistipes_putredinis,Alistipes putredinis,ALL,smoking,0.25872205299051393,0.6428277196466219,188,0.9079779863016672
g__Alistipes|s__Alistipes_senegalensis,Alistipes senegalensis,ALL,site[T.Oral],-2.3821791351929322,0.047270883454758876,188,0.2529280501923836
g__Alistipes|s__Alistipes_senegalensis,Alistipes senegalensis,ALL,sex[T.1],-0.5684177909408009,0.22506897652810592,188,0.6320798881356224
g__Alistipes|s__Alistipes_senegalensis,Alistipes senegalensis,ALL,disease,-1.772658977279164,0.004345415064684987,188,0.04013791283432711
g__Alistipes|s__Alistipes_senegalensis,Alistipes senegalensis,ALL,disease:site[T.Oral],1.5967412922769868,0.23924492593525448,188,0.6504645159045261
g__Alistipes|s__Alistipes_senegalensis,Alistipes senegalensis,ALL,ppi_use,0.2517725455420711,0.8169735819977302,188,0.9624650582098098
g__Alistipes|s__Alistipes_senegalensis,Alistipes senegalensis,ALL,disease:ppi_use,-0.0125676395912423,0.9921985516079371,188,0.9979694681801684
g__Alistipes|s__Alistipes_senegalensis,Alistipes senegalensis,ALL,age,0.044539186260544136,0.015201928945769591,188,0.11425312290440424
g__Alistipes|s__Alistipes_senegalensis,Alistipes senegalensis,ALL,bmi,-0.12302130390609536,0.03578452829172366,188,0.211301380779571
g__Alistipes|s__Alistipes_senegalensis,Alistipes senegalensis,ALL,antibiotics_3m,0.1953917048516907,0.8198249399850702,188,0.9631219358850593
g__Alistipes|s__Alistipes_senegalensis,Alistipes senegalensis,ALL,smoking,0.655756896191825,0.28376262134908015,188,0.6898917862406205
g__Alistipes|s__Alistipes_shahii,Alistipes shahii,ALL,site[T.Oral],-7.783114873484818,1.884268218754532e-09,188,6.239416460215479e-08
g__Alistipes|s__Alistipes_shahii,Alistipes shahii,ALL,sex[T.1],-0.2294163519658049,0.6339356449873171,188,0.9055975305010503
g__Alistipes|s__Alistipes_shahii,Alistipes shahii,ALL,disease,-4.158092893282837,5.153519692672706e-10,188,1.924346183115021e-08
g__Alistipes|s__Alistipes_shahii,Alistipes shahii,ALL,disease:site[T.Oral],4.124182464415242,0.0034867812118380913,188,0.03325707079769484
g__Alistipes|s__Alistipes_shahii,Alistipes shahii,ALL,ppi_use,0.3319319418668785,0.767069218784135,188,0.9530040787506285
g__Alistipes|s__Alistipes_shahii,Alistipes shahii,ALL,disease:ppi_use,0.6087654716886307,0.6457482715609839,188,0.9103675591751357
g__Alistipes|s__Alistipes_shahii,Alistipes shahii,ALL,age,0.01871150282588353,0.31876210902561497,188,0.7196259548726262
g__Alistipes|s__Alistipes_shahii,Alistipes shahii,ALL,bmi,0.0432673546418549,0.4710390367181563,188,0.8243864798166198
g__Alistipes|s__Alistipes_shahii,Alistipes shahii,ALL,antibiotics_3m,0.31855713198567026,0.718492658674485,188,0.9279113657566306
g__Alistipes|s__Alistipes_shahii,Alistipes shahii,ALL,smoking,0.5873454717466237,0.351106661551295,188,0.7509959671206858
g__Alistipes|s__Alistipes_sp_AF17_16,Alistipes sp AF17 16,ALL,site[T.Oral],-1.4700619420315768,0.19677372066058837,188,0.5933640545693001
g__Alistipes|s__Alistipes_sp_AF17_16,Alistipes sp AF17 16,ALL,sex[T.1],-0.7892511472690994,0.07736501965470666,188,0.3526639207636628
g__Alistipes|s__Alistipes_sp_AF17_16,Alistipes sp AF17 16,ALL,disease,-1.0141060275380127,0.08411471434562094,188,0.368132976749538
g__Alistipes|s__Alistipes_sp_AF17_16,Alistipes sp AF17 16,ALL,disease:site[T.Oral],1.3263583582422604,0.3040032728868746,188,0.7052554447012095
g__Alistipes|s__Alistipes_sp_AF17_16,Alistipes sp AF17 16,ALL,ppi_use,0.14521639964046254,0.8884246832687248,188,0.9757150140376704
g__Alistipes|s__Alistipes_sp_AF17_16,Alistipes sp AF17 16,ALL,disease:ppi_use,-0.7203614123736031,0.5560466077229878,188,0.8762553473908831
g__Alistipes|s__Alistipes_sp_AF17_16,Alistipes sp AF17 16,ALL,age,0.032235561246717795,0.06389014520694573,188,0.31070646894553494
g__Alistipes|s__Alistipes_sp_AF17_16,Alistipes sp AF17 16,ALL,bmi,-0.07077510838429531,0.20253735109160634,188,0.6001033123287851
g__Alistipes|s__Alistipes_sp_AF17_16,Alistipes sp AF17 16,ALL,antibiotics_3m,1.303602614694584,0.1115071157407621,188,0.435361486373832
g__Alistipes|s__Alistipes_sp_AF17_16,Alistipes sp AF17 16,ALL,smoking,0.33711776308748975,0.5620469305004572,188,0.8796180720342544
g__Alloprevotella|s__Alloprevotella_SGB1483,Alloprevotella SGB1483,ALL,site[T.Oral],4.0299286151496725,2.1791864392412755e-06,188,4.3708253724210725e-05
g__Alloprevotella|s__Alloprevotella_SGB1483,Alloprevotella SGB1483,ALL,sex[T.1],0.4381663176765647,0.17559581283742776,188,0.5557631226865387
g__Alloprevotella|s__Alloprevotella_SGB1483,Alloprevotella SGB1483,ALL,disease,0.3790348458342644,0.37189473962828323,188,0.7690811089340175
g__Alloprevotella|s__Alloprevotella_SGB1483,Alloprevotella SGB1483,ALL,disease:site[T.Oral],0.10645277286606504,0.9093029409493022,188,0.9838635396831229
g__Alloprevotella|s__Alloprevotella_SGB1483,Alloprevotella SGB1483,ALL,ppi_use,0.31384267891865586,0.6759582808259449,188,0.9240751655174967
g__Alloprevotella|s__Alloprevotella_SGB1483,Alloprevotella SGB1483,ALL,disease:ppi_use,0.4300645104572363,0.6278900819583917,188,0.9040176460050758
g__Alloprevotella|s__Alloprevotella_SGB1483,Alloprevotella SGB1483,ALL,age,-0.018858645789680026,0.13434002080590177,188,0.4829681446583817
g__Alloprevotella|s__Alloprevotella_SGB1483,Alloprevotella SGB1483,ALL,bmi,-0.04225103809427076,0.29384248895998305,188,0.6965543364788466
g__Alloprevotella|s__Alloprevotella_SGB1483,Alloprevotella SGB1483,ALL,antibiotics_3m,-0.08254319682404539,0.8891027679037027,188,0.9757150140376704
g__Alloprevotella|s__Alloprevotella_SGB1483,Alloprevotella SGB1483,ALL,smoking,-0.23556830573434584,0.5764008152343864,188,0.8860551053268045
g__Alloprevotella|s__Alloprevotella_SGB1484,Alloprevotella SGB1484,ALL,site[T.Oral],5.162192763476119,1.3683474536737e-08,188,3.969338481317923e-07
g__Alloprevotella|s__Alloprevotella_SGB1484,Alloprevotella SGB1484,ALL,sex[T.1],0.1825648291483115,0.5913652530487856,188,0.889404195757805
g__Alloprevotella|s__Alloprevotella_SGB1484,Alloprevotella SGB1484,ALL,disease,0.34456075499731154,0.4408701734466568,188,0.802956023653864
g__Alloprevotella|s__Alloprevotella_SGB1484,Alloprevotella SGB1484,ALL,disease:site[T.Oral],-0.3492204436645695,0.7228303150988609,188,0.9296938094529137
g__Alloprevotella|s__Alloprevotella_SGB1484,Alloprevotella SGB1484,ALL,ppi_use,0.07672078756845999,0.9227154834354521,188,0.9859151740817159
g__Alloprevotella|s__Alloprevotella_SGB1484,Alloprevotella SGB1484,ALL,disease:ppi_use,0.573216090755588,0.5398020580168683,188,0.8683341996513326
g__Alloprevotella|s__Alloprevotella_SGB1484,Alloprevotella SGB1484,ALL,age,-0.018566085487671267,0.1616029902597967,188,0.5321074069529892
g__Alloprevotella|s__Alloprevotella_SGB1484,Alloprevotella SGB1484,ALL,bmi,-0.03385566162154686,0.424311791543055,188,0.7969027112258336
g__Alloprevotella|s__Alloprevotella_SGB1484,Alloprevotella SGB1484,ALL,antibiotics_3m,-0.16888526909609206,0.786552049491017,188,0.9564616781924473
g__Alloprevotella|s__Alloprevotella_SGB1484,Alloprevotella SGB1484,ALL,smoking,0.039307610888075675,0.9294609289706202,188,0.9884841913900583
g__Alloprevotella|s__Alloprevotella_tannerae,Alloprevotella tannerae,ALL,site[T.Oral],7.347646129175558,1.4217019165049617e-21,188,1.7207495610111776e-19
g__Alloprevotella|s__Alloprevotella_tannerae,Alloprevotella tannerae,ALL,sex[T.1],-0.10719437146025722,0.6843865017181259,188,0.9264596275900318
g__Alloprevotella|s__Alloprevotella_tannerae,Alloprevotella tannerae,ALL,disease,0.5361370949565663,0.12300473063925434,188,0.4587002924736556
g__Alloprevotella|s__Alloprevotella_tannerae,Alloprevotella tannerae,ALL,disease:site[T.Oral],-5.027688228865325,4.762547718742846e-10,188,1.7974776873964937e-08
g__Alloprevotella|s__Alloprevotella_tannerae,Alloprevotella tannerae,ALL,ppi_use,-1.4472213602089574,0.019222602756084985,188,0.13575721463552975
g__Alloprevotella|s__Alloprevotella_tannerae,Alloprevotella tannerae,ALL,disease:ppi_use,1.2402157035372978,0.08834729627983824,188,0.37968731006425566
g__Alloprevotella|s__Alloprevotella_tannerae,Alloprevotella tannerae,ALL,age,-0.018686753003378225,0.06984065211178833,188,0.33037828694390436
g__Alloprevotella|s__Alloprevotella_tannerae,Alloprevotella tannerae,ALL,bmi,0.006100398755245399,0.8526240589894604,188,0.9666377412961905
g__Alloprevotella|s__Alloprevotella_tannerae,Alloprevotella tannerae,ALL,antibiotics_3m,-0.09658811183064715,0.8417289456697596,188,0.9647128620860638
g__Alloprevotella|s__Alloprevotella_tannerae,Alloprevotella tannerae,ALL,smoking,-0.019457966506746232,0.9549449942991186,188,0.9901360434179493
g__Anaerobutyricum|s__Anaerobutyricum_hallii,Anaerobutyricum hallii,ALL,site[T.Oral],-1.5848318061471387,0.09005321050687051,188,0.38349094098231024
g__Anaerobutyricum|s__Anaerobutyricum_hallii,Anaerobutyricum hallii,ALL,sex[T.1],0.25106225881648875,0.4913719731987025,188,0.8340017533498287
g__Anaerobutyricum|s__Anaerobutyricum_hallii,Anaerobutyricum hallii,ALL,disease,3.3966207374395836,2.92369423965389e-11,188,1.2669341705166856e-09
g__Anaerobutyricum|s__Anaerobutyricum_hallii,Anaerobutyricum hallii,ALL,disease:site[T.Oral],-3.94664475073765,0.0002456562304721711,188,0.0032294133668813504
g__Anaerobutyricum|s__Anaerobutyricum_hallii,Anaerobutyricum hallii,ALL,ppi_use,0.8345151377150896,0.3258613779168692,188,0.7243656975859473
g__Anaerobutyricum|s__Anaerobutyricum_hallii,Anaerobutyricum hallii,ALL,disease:ppi_use,0.22396578838461795,0.8231922520516567,188,0.9637581684504767
g__Anaerobutyricum|s__Anaerobutyricum_hallii,Anaerobutyricum hallii,ALL,age,-0.03460204258655929,0.015577837830130697,188,0.11608961949842622
g__Anaerobutyricum|s__Anaerobutyricum_hallii,Anaerobutyricum hallii,ALL,bmi,0.0427241169059683,0.3473848883806663,188,0.746675418380979
g__Anaerobutyricum|s__Anaerobutyricum_hallii,Anaerobutyricum hallii,ALL,antibiotics_3m,0.6395795315014787,0.3396039790542287,188,0.736931883874025
g__Anaerobutyricum|s__Anaerobutyricum_hallii,Anaerobutyricum hallii,ALL,smoking,0.6018436066978669,0.20737754529055002,188,0.6080995688971016
g__Anaerobutyricum|s__Anaerobutyricum_soehngenii,Anaerobutyricum soehngenii,ALL,site[T.Oral],0.9529538108361562,0.25216922473959236,188,0.660955059642885
g__Anaerobutyricum|s__Anaerobutyricum_soehngenii,Anaerobutyricum soehngenii,ALL,sex[T.1],0.3379545656114117,0.29952671484967636,188,0.7014730082619761
g__Anaerobutyricum|s__Anaerobutyricum_soehngenii,Anaerobutyricum soehngenii,ALL,disease,4.7172526859535,6.273123957868079e-22,188,8.155061145228504e-20
g__Anaerobutyricum|s__Anaerobutyricum_soehngenii,Anaerobutyricum soehngenii,ALL,disease:site[T.Oral],-4.385935948457375,6.125523816548308e-06,188,0.00010969688059226817
g__Anaerobutyricum|s__Anaerobutyricum_soehngenii,Anaerobutyricum soehngenii,ALL,ppi_use,0.4088679685847774,0.5891230016424487,188,0.889404195757805
g__Anaerobutyricum|s__Anaerobutyricum_soehngenii,Anaerobutyricum soehngenii,ALL,disease:ppi_use,-0.8357816663416043,0.35051122954526903,188,0.7501795217706673
g__Anaerobutyricum|s__Anaerobutyricum_soehngenii,Anaerobutyricum soehngenii,ALL,age,-0.005903916229076704,0.640991568579603,188,0.907031402331028
g__Anaerobutyricum|s__Anaerobutyricum_soehngenii,Anaerobutyricum soehngenii,ALL,bmi,0.07324548157143919,0.0718920223710315,188,0.3364546646964274
g__Anaerobutyricum|s__Anaerobutyricum_soehngenii,Anaerobutyricum soehngenii,ALL,antibiotics_3m,0.0941837057494109,0.8745883829517141,188,0.9723804954578766
g__Anaerobutyricum|s__Anaerobutyricum_soehngenii,Anaerobutyricum soehngenii,ALL,smoking,-0.3252558900987649,0.44433544529042013,188,0.804756147043021
g__Anaeromassilibacillus|s__Anaeromassilibacillus_sp_An250,Anaeromassilibacillus sp An250,ALL,site[T.Oral],-2.1708155298141842,0.02027427048159384,188,0.14119581228252856
g__Anaeromassilibacillus|s__Anaeromassilibacillus_sp_An250,Anaeromassilibacillus sp An250,ALL,sex[T.1],-0.20454318990148843,0.5737060920553891,188,0.8840096471943579
g__Anaeromassilibacillus|s__Anaeromassilibacillus_sp_An250,Anaeromassilibacillus sp An250,ALL,disease,-0.5128292821090082,0.2836532260861016,188,0.6898917862406205
g__Anaeromassilibacillus|s__Anaeromassilibacillus_sp_An250,Anaeromassilibacillus sp An250,ALL,disease:site[T.Oral],0.6646202246454548,0.527943009281276,188,0.8592275438127481
g__Anaeromassilibacillus|s__Anaeromassilibacillus_sp_An250,Anaeromassilibacillus sp An250,ALL,ppi_use,0.8928581784930006,0.29168900951585897,188,0.694591874763002
g__Anaeromassilibacillus|s__Anaeromassilibacillus_sp_An250,Anaeromassilibacillus sp An250,ALL,disease:ppi_use,-1.1166522471164857,0.2644977541811485,188,0.6733434175386287
g__Anaeromassilibacillus|s__Anaeromassilibacillus_sp_An250,Anaeromassilibacillus sp An250,ALL,age,-0.013053767882621792,0.35653606077522026,188,0.7566152196620454
g__Anaeromassilibacillus|s__Anaeromassilibacillus_sp_An250,Anaeromassilibacillus sp An250,ALL,bmi,0.04082918028984243,0.367560579957493,188,0.7629583251317207
g__Anaeromassilibacillus|s__Anaeromassilibacillus_sp_An250,Anaeromassilibacillus sp An250,ALL,antibiotics_3m,-0.28611305844725643,0.6678910107149982,188,0.9189719512385902
g__Anaeromassilibacillus|s__Anaeromassilibacillus_sp_An250,Anaeromassilibacillus sp An250,ALL,smoking,0.18879878507629122,0.6909041444653266,188,0.9270978440450118
g__Anaerostipes|s__Anaerostipes_hadrus,Anaerostipes hadrus,ALL,site[T.Oral],-2.9767561347130895,0.00112650457492224,188,0.012395081686448471
g__Anaerostipes|s__Anaerostipes_hadrus,Anaerostipes hadrus,ALL,sex[T.1],0.13940475988558426,0.6925818460872524,188,0.9270978440450118
g__Anaerostipes|s__Anaerostipes_hadrus,Anaerostipes hadrus,ALL,disease,4.727436233834349,1.4598824081311882e-19,188,1.3849154736595865e-17
g__Anaerostipes|s__Anaerostipes_hadrus,Anaerostipes hadrus,ALL,disease:site[T.Oral],-4.591032103984513,1.2114291566292727e-05,188,0.00020541624829800711
g__Anaerostipes|s__Anaerostipes_hadrus,Anaerostipes hadrus,ALL,ppi_use,0.9167984682126767,0.26447286334941006,188,0.6733434175386287
g__Anaerostipes|s__Anaerostipes_hadrus,Anaerostipes hadrus,ALL,disease:ppi_use,-1.0456863175161988,0.2813595947379869,188,0.689164115513143
g__Anaerostipes|s__Anaerostipes_hadrus,Anaerostipes hadrus,ALL,age,-0.0050704525829434076,0.7117213977427673,188,0.927187781393864
g__Anaerostipes|s__Anaerostipes_hadrus,Anaerostipes hadrus,ALL,bmi,0.02120966941909774,0.6291623103544599,188,0.9040176460050758
g__Anaerostipes|s__Anaerostipes_hadrus,Anaerostipes hadrus,ALL,antibiotics_3m,0.0968776801880821,0.8809307401333855,188,0.9743526013152224
g__Anaerostipes|s__Anaerostipes_hadrus,Anaerostipes hadrus,ALL,smoking,0.1722935270868116,0.7083528263352759,188,0.9271637766743259
g__Anaerotignum|s__Anaerotignum_faecicola,Anaerotignum faecicola,ALL,site[T.Oral],-3.5257476041572815,0.006806278003546058,188,0.05942794973245439
g__Anaerotignum|s__Anaerotignum_faecicola,Anaerotignum faecicola,ALL,sex[T.1],0.3291016810121399,0.5147513003850268,188,0.8487046172410326
g__Anaerotignum|s__Anaerotignum_faecicola,Anaerotignum faecicola,ALL,disease,-0.1778379832697304,0.7886797843335749,188,0.9564616781924473
g__Anaerotignum|s__Anaerotignum_faecicola,Anaerotignum faecicola,ALL,disease:site[T.Oral],0.3920692458693408,0.7886074461949253,188,0.9564616781924473
g__Anaerotignum|s__Anaerotignum_faecicola,Anaerotignum faecicola,ALL,ppi_use,1.0798649318952958,0.35847403956783175,188,0.7589201335338966
g__Anaerotignum|s__Anaerotignum_faecicola,Anaerotignum faecicola,ALL,disease:ppi_use,-0.8398607424574726,0.5452932034148328,188,0.8708046290850635
g__Anaerotignum|s__Anaerotignum_faecicola,Anaerotignum faecicola,ALL,age,-0.031816132670952214,0.10664146650575734,188,0.42535403117637305
g__Anaerotignum|s__Anaerotignum_faecicola,Anaerotignum faecicola,ALL,bmi,0.1758378194791748,0.005672261856182973,188,0.05078989570204652
g__Anaerotignum|s__Anaerotignum_faecicola,Anaerotignum faecicola,ALL,antibiotics_3m,-0.5941294609921786,0.5214707982898994,188,0.8541122267837362
g__Anaerotignum|s__Anaerotignum_faecicola,Anaerotignum faecicola,ALL,smoking,0.7798917696822313,0.23791711076880695,188,0.6488648475512917
g__Bacteroides|s__Bacteroides_caccae,Bacteroides caccae,ALL,site[T.Oral],-4.325193539592155,0.0033588934990146434,188,0.03226871887007797
g__Bacteroides|s__Bacteroides_caccae,Bacteroides caccae,ALL,sex[T.1],0.09397267423533939,0.8691574036577074,188,0.9700294075798261
g__Bacteroides|s__Bacteroides_caccae,Bacteroides caccae,ALL,disease,-0.4890146609989873,0.514424081752447,188,0.8487046172410326
g__Bacteroides|s__Bacteroides_caccae,Bacteroides caccae,ALL,disease:site[T.Oral],0.8734758885990382,0.5971425063100451,188,0.889404195757805
g__Bacteroides|s__Bacteroides_caccae,Bacteroides caccae,ALL,ppi_use,1.196850726356484,0.36769116557709414,188,0.7629583251317207
g__Bacteroides|s__Bacteroides_caccae,Bacteroides caccae,ALL,disease:ppi_use,-1.5152453334990739,0.3345443889766383,188,0.7339170230267757
g__Bacteroides|s__Bacteroides_caccae,Bacteroides caccae,ALL,age,0.008954398535318927,0.6867320450338271,188,0.9270978440450118
g__Bacteroides|s__Bacteroides_caccae,Bacteroides caccae,ALL,bmi,-0.0038693695879033815,0.9565673285556313,188,0.9901360434179493
g__Bacteroides|s__Bacteroides_caccae,Bacteroides caccae,ALL,antibiotics_3m,-0.8274966593340174,0.4295203430255945,188,0.7995073883419616
g__Bacteroides|s__Bacteroides_caccae,Bacteroides caccae,ALL,smoking,-0.859874938566735,0.24941252365347394,188,0.660955059642885
g__Bacteroides|s__Bacteroides_cellulosilyticus,Bacteroides cellulosilyticus,ALL,site[T.Oral],-2.649428441572516,0.053298232099420896,188,0.27365009829706677
g__Bacteroides|s__Bacteroides_cellulosilyticus,Bacteroides cellulosilyticus,ALL,sex[T.1],0.39287765053224843,0.46223852510292884,188,0.8190854618951359
g__Bacteroides|s__Bacteroides_cellulosilyticus,Bacteroides cellulosilyticus,ALL,disease,-1.5425946915988484,0.028999128286097606,188,0.18307003648237877
g__Bacteroides|s__Bacteroides_cellulosilyticus,Bacteroides cellulosilyticus,ALL,disease:site[T.Oral],1.7883725864308737,0.24840689409417052,188,0.6607397044555192
g__Bacteroides|s__Bacteroides_cellulosilyticus,Bacteroides cellulosilyticus,ALL,ppi_use,2.214375915516285,0.07597870599015853,188,0.3481530783622147
g__Bacteroides|s__Bacteroides_cellulosilyticus,Bacteroides cellulosilyticus,ALL,disease:ppi_use,-2.5912011356545013,0.07883466848909972,188,0.35715957236761936
g__Bacteroides|s__Bacteroides_cellulosilyticus,Bacteroides cellulosilyticus,ALL,age,-0.007126355150030875,0.7316805298290683,188,0.9349103238806078
g__Bacteroides|s__Bacteroides_cellulosilyticus,Bacteroides cellulosilyticus,ALL,bmi,0.03569689491956681,0.5916027667609955,188,0.889404195757805
g__Bacteroides|s__Bacteroides_cellulosilyticus,Bacteroides cellulosilyticus,ALL,antibiotics_3m,-2.967497612860421,0.002782030028829583,188,0.02727632793629004
g__Bacteroides|s__Bacteroides_cellulosilyticus,Bacteroides cellulosilyticus,ALL,smoking,0.6858188498710425,0.32617784631773306,188,0.7246102788450905
g__Bacteroides|s__Bacteroides_eggerthii,Bacteroides eggerthii,ALL,site[T.Oral],-0.2176444395679604,0.862557932329885,188,0.9677283402924061
g__Bacteroides|s__Bacteroides_eggerthii,Bacteroides eggerthii,ALL,sex[T.1],0.16076894843198933,0.7440105803451849,188,0.9400256970749098
g__Bacteroides|s__Bacteroides_eggerthii,Bacteroides eggerthii,ALL,disease,0.03163348993420837,0.9609967926098253,188,0.992087865311908
g__Bacteroides|s__Bacteroides_eggerthii,Bacteroides eggerthii,ALL,disease:site[T.Oral],-0.6390567807999082,0.6540492049277506,188,0.9140271821073853
g__Bacteroides|s__Bacteroides_eggerthii,Bacteroides eggerthii,ALL,ppi_use,-1.5189608019170415,0.1858106278513889,188,0.5761442612706493
g__Bacteroides|s__Bacteroides_eggerthii,Bacteroides eggerthii,ALL,disease:ppi_use,1.596638718044214,0.23895885575760337,188,0.6501903749683626
g__Bacteroides|s__Bacteroides_eggerthii,Bacteroides eggerthii,ALL,age,0.008383698305142675,0.6617127535739469,188,0.9173032247411349
g__Bacteroides|s__Bacteroides_eggerthii,Bacteroides eggerthii,ALL,bmi,-0.034127367526232855,0.5779354544971542,188,0.8860551053268045
g__Bacteroides|s__Bacteroides_eggerthii,Bacteroides eggerthii,ALL,antibiotics_3m,0.11480329211403624,0.8988439291324279,188,0.9802536230266833
g__Bacteroides|s__Bacteroides_eggerthii,Bacteroides eggerthii,ALL,smoking,-0.5816977324144186,0.3662156579373349,188,0.7629342144073817
g__Bacteroides|s__Bacteroides_finegoldii,Bacteroides finegoldii,ALL,site[T.Oral],-0.30591655504638615,0.7752106333543912,188,0.9530040787506285
g__Bacteroides|s__Bacteroides_finegoldii,Bacteroides finegoldii,ALL,sex[T.1],-0.4332283807498179,0.30237278957202135,188,0.7039997106125258
g__Bacteroides|s__Bacteroides_finegoldii,Bacteroides finegoldii,ALL,disease,-0.05595900422218529,0.9191306742186119,188,0.985476393880623
g__Bacteroides|s__Bacteroides_finegoldii,Bacteroides finegoldii,ALL,disease:site[T.Oral],-0.15648712555347094,0.8974942401791177,188,0.9798007144700099
g__Bacteroides|s__Bacteroides_finegoldii,Bacteroides finegoldii,ALL,ppi_use,0.1358670096871407,0.889262772053136,188,0.9757150140376704
g__Bacteroides|s__Bacteroides_finegoldii,Bacteroides finegoldii,ALL,disease:ppi_use,-0.09818305075909307,0.9321378939579955,188,0.9884841913900583
g__Bacteroides|s__Bacteroides_finegoldii,Bacteroides finegoldii,ALL,age,-0.019261624796450955,0.2388597928551575,188,0.6501903749683626
g__Bacteroides|s__Bacteroides_finegoldii,Bacteroides finegoldii,ALL,bmi,-0.00987362124900567,0.8500901879049138,188,0.9665748492213305
g__Bacteroides|s__Bacteroides_finegoldii,Bacteroides finegoldii,ALL,antibiotics_3m,0.7953186430479364,0.30204963050455547,188,0.7039802145225695
g__Bacteroides|s__Bacteroides_finegoldii,Bacteroides finegoldii,ALL,smoking,-0.49072959827852225,0.3709648647908319,188,0.7681927288588909
g__Bacteroides|s__Bacteroides_fragilis,Bacteroides fragilis,ALL,site[T.Oral],-2.3992916302598646,0.10334441318912449,188,0.4183839565096043
g__Bacteroides|s__Bacteroides_fragilis,Bacteroides fragilis,ALL,sex[T.1],-0.1742143919062886,0.761778013973866,188,0.9512724451788183
g__Bacteroides|s__Bacteroides_fragilis,Bacteroides fragilis,ALL,disease,0.17638403891329146,0.8153134845071337,188,0.9624650582098098
g__Bacteroides|s__Bacteroides_fragilis,Bacteroides fragilis,ALL,disease:site[T.Oral],-0.05700851042865481,0.9726717246030709,188,0.994011141277134
g__Bacteroides|s__Bacteroides_fragilis,Bacteroides fragilis,ALL,ppi_use,0.2443765434880699,0.8549568967591888,188,0.9669362423982366
g__Bacteroides|s__Bacteroides_fragilis,Bacteroides fragilis,ALL,disease:ppi_use,-0.5950636909106172,0.7064360151126292,188,0.9271017907425374
g__Bacteroides|s__Bacteroides_fragilis,Bacteroides fragilis,ALL,age,-0.003817102333233757,0.8644571204831403,188,0.9677283402924061
g__Bacteroides|s__Bacteroides_fragilis,Bacteroides fragilis,ALL,bmi,0.031940394280611455,0.6554663840625053,188,0.9140271821073853
g__Bacteroides|s__Bacteroides_fragilis,Bacteroides fragilis,ALL,antibiotics_3m,0.13511965839778808,0.8980110821794934,188,0.9798007144700099
g__Bacteroides|s__Bacteroides_fragilis,Bacteroides fragilis,ALL,smoking,0.13978747455987317,0.8522686373904567,188,0.966630658569333
g__Bacteroides|s__Bacteroides_nordii,Bacteroides nordii,ALL,site[T.Oral],-0.10092794543114497,0.905951420064274,188,0.9819532575029183
g__Bacteroides|s__Bacteroides_nordii,Bacteroides nordii,ALL,sex[T.1],-0.27879033468858944,0.4050409435126021,188,0.7902688781151936
g__Bacteroides|s__Bacteroides_nordii,Bacteroides nordii,ALL,disease,0.16234309736040725,0.7119284167227364,188,0.927187781393864
g__Bacteroides|s__Bacteroides_nordii,Bacteroides nordii,ALL,disease:site[T.Oral],-0.06392447729484471,0.9473868265668225,188,0.9889716762650341
g__Bacteroides|s__Bacteroides_nordii,Bacteroides nordii,ALL,ppi_use,-0.2495130758177153,0.7485220360524476,188,0.9429205646864637
g__Bacteroides|s__Bacteroides_nordii,Bacteroides nordii,ALL,disease:ppi_use,0.21251364714390933,0.8172374735380373,188,0.9624650582098098
g__Bacteroides|s__Bacteroides_nordii,Bacteroides nordii,ALL,age,-8.878518413926087e-05,0.9945576067504927,188,0.9979694681801684
g__Bacteroides|s__Bacteroides_nordii,Bacteroides nordii,ALL,bmi,0.07754193389750119,0.06398724859898106,188,0.31070646894553494
g__Bacteroides|s__Bacteroides_nordii,Bacteroides nordii,ALL,antibiotics_3m,0.34142271468682295,0.5781175112336527,188,0.8860551053268045
g__Bacteroides|s__Bacteroides_nordii,Bacteroides nordii,ALL,smoking,0.35551653068889166,0.4162826302208801,188,0.7964367730022324
g__Bacteroides|s__Bacteroides_ovatus,Bacteroides ovatus,ALL,site[T.Oral],-4.737711755256908,0.00021287136763368852,188,0.002851826337382621
g__Bacteroides|s__Bacteroides_ovatus,Bacteroides ovatus,ALL,sex[T.1],0.16754039184295796,0.7331119453022421,188,0.9350374011667405
g__Bacteroides|s__Bacteroides_ovatus,Bacteroides ovatus,ALL,disease,-0.3771236767761785,0.5592816810157174,188,0.878557229497901
g__Bacteroides|s__Bacteroides_ovatus,Bacteroides ovatus,ALL,disease:site[T.Oral],0.2860203545315094,0.840676516907681,188,0.9647128620860638
g__Bacteroides|s__Bacteroides_ovatus,Bacteroides ovatus,ALL,ppi_use,0.40285257121074264,0.724518851039971,188,0.9299832470398358
g__Bacteroides|s__Bacteroides_ovatus,Bacteroides ovatus,ALL,disease:ppi_use,-1.0553661659905655,0.43490600224200315,188,0.8008521547180725
g__Bacteroides|s__Bacteroides_ovatus,Bacteroides ovatus,ALL,age,0.0010639234114969832,0.9556169638982688,188,0.9901360434179493
g__Bacteroides|s__Bacteroides_ovatus,Bacteroides ovatus,ALL,bmi,-0.05827900236845235,0.34145420663224324,188,0.7385090074442258
g__Bacteroides|s__Bacteroides_ovatus,Bacteroides ovatus,ALL,antibiotics_3m,-0.3379534669632181,0.707725759413148,188,0.9271017907425374
g__Bacteroides|s__Bacteroides_ovatus,Bacteroides ovatus,ALL,smoking,-0.09424066410929033,0.8832482808742652,188,0.9745996434670452
g__Bacteroides|s__Bacteroides_stercoris,Bacteroides stercoris,ALL,site[T.Oral],-3.2577154586648795,0.04371221631592569,188,0.24124194853600497
g__Bacteroides|s__Bacteroides_stercoris,Bacteroides stercoris,ALL,sex[T.1],-0.4623719157113109,0.46251492463708244,188,0.8190854618951359
g__Bacteroides|s__Bacteroides_stercoris,Bacteroides stercoris,ALL,disease,-1.9536473252317001,0.018986470353910753,188,0.13463133523682172
g__Bacteroides|s__Bacteroides_stercoris,Bacteroides stercoris,ALL,disease:site[T.Oral],1.4839287406570323,0.41561120978680954,188,0.7964367730022324
g__Bacteroides|s__Bacteroides_stercoris,Bacteroides stercoris,ALL,ppi_use,0.1577275282836998,0.91414545282439,188,0.9846856260026088
g__Bacteroides|s__Bacteroides_stercoris,Bacteroides stercoris,ALL,disease:ppi_use,0.12879019625463786,0.9406106911160549,188,0.9884841913900583
g__Bacteroides|s__Bacteroides_stercoris,Bacteroides stercoris,ALL,age,0.005860227888786163,0.8107470433813269,188,0.961930737634696
g__Bacteroides|s__Bacteroides_stercoris,Bacteroides stercoris,ALL,bmi,-0.08324333814752222,0.28861553251191174,188,0.6938633692580891
g__Bacteroides|s__Bacteroides_stercoris,Bacteroides stercoris,ALL,antibiotics_3m,1.0675983732248515,0.3553367585348497,188,0.7549692313784608
g__Bacteroides|s__Bacteroides_stercoris,Bacteroides stercoris,ALL,smoking,1.0546862485292072,0.2002073201107944,188,0.5975575625755853
g__Bacteroides|s__Bacteroides_thetaiotaomicron,Bacteroides thetaiotaomicron,ALL,site[T.Oral],-4.796627829863994,0.0001781515001268885,188,0.0024426240837710105
g__Bacteroides|s__Bacteroides_thetaiotaomicron,Bacteroides thetaiotaomicron,ALL,sex[T.1],0.8995386899513114,0.06833184947552487,188,0.3258760756237667
g__Bacteroides|s__Bacteroides_thetaiotaomicron,Bacteroides thetaiotaomicron,ALL,disease,0.4058314611625948,0.5297290834083893,188,0.860013451786978
g__Bacteroides|s__Bacteroides_thetaiotaomicron,Bacteroides thetaiotaomicron,ALL,disease:site[T.Oral],-0.5600859466899405,0.6938327357479723,188,0.9270978440450118
g__Bacteroides|s__Bacteroides_thetaiotaomicron,Bacteroides thetaiotaomicron,ALL,ppi_use,0.25846148333102015,0.8210677900983385,188,0.9635892538090608
g__Bacteroides|s__Bacteroides_thetaiotaomicron,Bacteroides thetaiotaomicron,ALL,disease:ppi_use,-0.1523539544784809,0.91016074065355,188,0.9841162457939561
g__Bacteroides|s__Bacteroides_thetaiotaomicron,Bacteroides thetaiotaomicron,ALL,age,-0.021009404853774352,0.2724923681330206,188,0.6824712913913885
g__Bacteroides|s__Bacteroides_thetaiotaomicron,Bacteroides thetaiotaomicron,ALL,bmi,0.12745751174902079,0.038368026749139264,188,0.2196929427234565
g__Bacteroides|s__Bacteroides_thetaiotaomicron,Bacteroides thetaiotaomicron,ALL,antibiotics_3m,-0.37374484766764404,0.6783821156345409,188,0.925258670550084
g__Bacteroides|s__Bacteroides_thetaiotaomicron,Bacteroides thetaiotaomicron,ALL,smoking,1.2880824178519534,0.04590335239816407,188,0.24941295188476145
g__Bacteroides|s__Bacteroides_uniformis,Bacteroides uniformis,ALL,site[T.Oral],-8.4151760541798,3.1382391422258076e-16,188,2.0027671616750155e-14
g__Bacteroides|s__Bacteroides_uniformis,Bacteroides uniformis,ALL,sex[T.1],0.7147104013393074,0.052080729254033946,188,0.27001973365089976
g__Bacteroides|s__Bacteroides_uniformis,Bacteroides uniformis,ALL,disease,-1.6114812391803652,0.0009692053833085885,188,0.010973906114235954
g__Bacteroides|s__Bacteroides_uniformis,Bacteroides uniformis,ALL,disease:site[T.Oral],0.9025557978959176,0.39494406797379034,188,0.7827519359616059
g__Bacteroides|s__Bacteroides_uniformis,Bacteroides uniformis,ALL,ppi_use,0.5504545254041276,0.5181970268398323,188,0.8515316311834322
g__Bacteroides|s__Bacteroides_uniformis,Bacteroides uniformis,ALL,disease:ppi_use,0.18938312338494373,0.8506926887587781,188,0.966630658569333
g__Bacteroides|s__Bacteroides_uniformis,Bacteroides uniformis,ALL,age,-0.018363192578485992,0.19830175320232385,188,0.5948109266998908
g__Bacteroides|s__Bacteroides_uniformis,Bacteroides uniformis,ALL,bmi,0.02395095458487818,0.5994073586553387,188,0.8914914529153554
g__Bacteroides|s__Bacteroides_uniformis,Bacteroides uniformis,ALL,antibiotics_3m,-1.3736074217819743,0.04196221464799515,188,0.23453403409946333
g__Bacteroides|s__Bacteroides_uniformis,Bacteroides uniformis,ALL,smoking,1.0080398986115835,0.03612799785309338,188,0.21218935044148127
g__Bacteroides|s__Bacteroides_xylanisolvens,Bacteroides xylanisolvens,ALL,site[T.Oral],-3.2106824832776972,0.021091094235524924,188,0.14562154115191947
g__Bacteroides|s__Bacteroides_xylanisolvens,Bacteroides xylanisolvens,ALL,sex[T.1],0.2408202646992267,0.656311321870026,188,0.9140271821073853
g__Bacteroides|s__Bacteroides_xylanisolvens,Bacteroides xylanisolvens,ALL,disease,0.34486537255804073,0.627722234146981,188,0.9040176460050758
g__Bacteroides|s__Bacteroides_xylanisolvens,Bacteroides xylanisolvens,ALL,disease:site[T.Oral],-0.6677910549601854,0.670027637888089,188,0.9204768318416737
g__Bacteroides|s__Bacteroides_xylanisolvens,Bacteroides xylanisolvens,ALL,ppi_use,0.8869302590240895,0.48131375729694836,188,0.83058568737084
g__Bacteroides|s__Bacteroides_xylanisolvens,Bacteroides xylanisolvens,ALL,disease:ppi_use,-0.7964713857461039,0.5924171808385055,188,0.889404195757805
g__Bacteroides|s__Bacteroides_xylanisolvens,Bacteroides xylanisolvens,ALL,age,-0.017395768257707833,0.409079178215929,188,0.7932719773600916
g__Bacteroides|s__Bacteroides_xylanisolvens,Bacteroides xylanisolvens,ALL,bmi,-0.01151671029081657,0.8642910955583569,188,0.9677283402924061
g__Bacteroides|s__Bacteroides_xylanisolvens,Bacteroides xylanisolvens,ALL,antibiotics_3m,-0.7768372580479647,0.43419953312589765,188,0.8008521547180725
g__Bacteroides|s__Bacteroides_xylanisolvens,Bacteroides xylanisolvens,ALL,smoking,0.2918314948805333,0.67971659287842,188,0.925258670550084
g__Barnesiella|s__Barnesiella_intestinihominis,Barnesiella intestinihominis,ALL,site[T.Oral],-6.302777510732599,5.66122643349754e-08,188,1.5403802156260749e-06
g__Barnesiella|s__Barnesiella_intestinihominis,Barnesiella intestinihominis,ALL,sex[T.1],0.5479292153860748,0.20960116965678113,188,0.6115077798024366
g__Barnesiella|s__Barnesiella_intestinihominis,Barnesiella intestinihominis,ALL,disease,-2.148646323908004,0.0002325836598491972,188,0.003080636400266725
g__Barnesiella|s__Barnesiella_intestinihominis,Barnesiella intestinihominis,ALL,disease:site[T.Oral],2.1310508923182025,0.09257634892935618,188,0.391627886845854
g__Barnesiella|s__Barnesiella_intestinihominis,Barnesiella intestinihominis,ALL,ppi_use,0.9333771820578008,0.35776509885341434,188,0.7586018073335465
g__Barnesiella|s__Barnesiella_intestinihominis,Barnesiella intestinihominis,ALL,disease:ppi_use,-1.186201766805327,0.3227025059340386,188,0.7223874267055533
g__Barnesiella|s__Barnesiella_intestinihominis,Barnesiella intestinihominis,ALL,age,-0.008766332208652527,0.6052934382441254,188,0.8953028721255127
g__Barnesiella|s__Barnesiella_intestinihominis,Barnesiella intestinihominis,ALL,bmi,0.002299897420110735,0.9661968943919061,188,0.9927239082804642
g__Barnesiella|s__Barnesiella_intestinihominis,Barnesiella intestinihominis,ALL,antibiotics_3m,-0.7002628080542082,0.38155181399545035,188,0.7763749954342207
g__Barnesiella|s__Barnesiella_intestinihominis,Barnesiella intestinihominis,ALL,smoking,-0.11425277747789782,0.8409221358691892,188,0.9647128620860638
g__Bifidobacterium|s__Bifidobacterium_adolescentis,Bifidobacterium adolescentis,ALL,site[T.Oral],-4.988878211238139,0.0004438482970328266,188,0.005485589868257822
g__Bifidobacterium|s__Bifidobacterium_adolescentis,Bifidobacterium adolescentis,ALL,sex[T.1],0.21701649034454448,0.6913356947536491,188,0.9270978440450118
g__Bifidobacterium|s__Bifidobacterium_adolescentis,Bifidobacterium adolescentis,ALL,disease,-0.5187571460896968,0.470369171312613,188,0.8243864798166198
g__Bifidobacterium|s__Bifidobacterium_adolescentis,Bifidobacterium adolescentis,ALL,disease:site[T.Oral],0.3944270710521108,0.8031994085517847,188,0.9585956899070943
g__Bifidobacterium|s__Bifidobacterium_adolescentis,Bifidobacterium adolescentis,ALL,ppi_use,1.2540928599925782,0.3245747724664064,188,0.7228790935006894
g__Bifidobacterium|s__Bifidobacterium_adolescentis,Bifidobacterium adolescentis,ALL,disease:ppi_use,-0.1690873408927948,0.9103806675282999,188,0.9841162457939561
g__Bifidobacterium|s__Bifidobacterium_adolescentis,Bifidobacterium adolescentis,ALL,age,-0.02131652267169001,0.31681772490274124,188,0.7167187813531475
g__Bifidobacterium|s__Bifidobacterium_adolescentis,Bifidobacterium adolescentis,ALL,bmi,0.07677869761429074,0.2601304047692869,188,0.6704424416651678
g__Bifidobacterium|s__Bifidobacterium_adolescentis,Bifidobacterium adolescentis,ALL,antibiotics_3m,-1.0829381962420366,0.28083641659912995,188,0.689164115513143
g__Bifidobacterium|s__Bifidobacterium_adolescentis,Bifidobacterium adolescentis,ALL,smoking,-0.9109986245431471,0.20291588132997326,188,0.6001033123287851
g__Bifidobacterium|s__Bifidobacterium_bifidum,Bifidobacterium bifidum,ALL,site[T.Oral],-0.6394181845626374,0.6078291468228219,188,0.8953040178125555
g__Bifidobacterium|s__Bifidobacterium_bifidum,Bifidobacterium bifidum,ALL,sex[T.1],0.0803437668435416,0.8691569408495057,188,0.9700294075798261
g__Bifidobacterium|s__Bifidobacterium_bifidum,Bifidobacterium bifidum,ALL,disease,0.9092772776808498,0.15714252961448955,188,0.523689438558297
g__Bifidobacterium|s__Bifidobacterium_bifidum,Bifidobacterium bifidum,ALL,disease:site[T.Oral],-0.4984368406982254,0.7242180090559285,188,0.9299832470398358
g__Bifidobacterium|s__Bifidobacterium_bifidum,Bifidobacterium bifidum,ALL,ppi_use,-0.42967543944148956,0.7049762430632358,188,0.9271017907425374
g__Bifidobacterium|s__Bifidobacterium_bifidum,Bifidobacterium bifidum,ALL,disease:ppi_use,-0.8238206587902395,0.5391210868533061,188,0.8676364121298048
g__Bifidobacterium|s__Bifidobacterium_bifidum,Bifidobacterium bifidum,ALL,age,0.0052967686008318785,0.7801979439069214,188,0.954895326287315
g__Bifidobacterium|s__Bifidobacterium_bifidum,Bifidobacterium bifidum,ALL,bmi,0.04049164768419492,0.5052915321870666,188,0.8434347411943335
g__Bifidobacterium|s__Bifidobacterium_bifidum,Bifidobacterium bifidum,ALL,antibiotics_3m,0.7230654290523714,0.4194461737200761,188,0.7969027112258336
g__Bifidobacterium|s__Bifidobacterium_bifidum,Bifidobacterium bifidum,ALL,smoking,0.03199706005048912,0.9599441042183179,188,0.9918763043292009
g__Bifidobacterium|s__Bifidobacterium_longum,Bifidobacterium longum,ALL,site[T.Oral],-4.845874212899308,5.217573059564796e-06,188,9.488954113509033e-05
g__Bifidobacterium|s__Bifidobacterium_longum,Bifidobacterium longum,ALL,sex[T.1],-0.4354153421767778,0.28230726706958725,188,0.6898917862406205
g__Bifidobacterium|s__Bifidobacterium_longum,Bifidobacterium longum,ALL,disease,2.3816107784366567,1.2867234742408885e-05,188,0.00021404736467229944
g__Bifidobacterium|s__Bifidobacterium_longum,Bifidobacterium longum,ALL,disease:site[T.Oral],-2.2877333942509614,0.05197514529677244,188,0.2698709467332415
g__Bifidobacterium|s__Bifidobacterium_longum,Bifidobacterium longum,ALL,ppi_use,1.0861139380775193,0.24911578162641135,188,0.660955059642885
g__Bifidobacterium|s__Bifidobacterium_longum,Bifidobacterium longum,ALL,disease:ppi_use,-1.1160687208556384,0.3159934442607827,188,0.7167187813531475
g__Bifidobacterium|s__Bifidobacterium_longum,Bifidobacterium longum,ALL,age,-0.008754778177308697,0.5780731739321632,188,0.8860551053268045
g__Bifidobacterium|s__Bifidobacterium_longum,Bifidobacterium longum,ALL,bmi,0.01801836492069934,0.7205293403521835,188,0.9296938094529137
g__Bifidobacterium|s__Bifidobacterium_longum,Bifidobacterium longum,ALL,antibiotics_3m,-0.18319622687240925,0.8049409168332313,188,0.9600212769570649
g__Bifidobacterium|s__Bifidobacterium_longum,Bifidobacterium longum,ALL,smoking,0.5008837361806711,0.3435537341104449,188,0.7416196843343552
g__Bilophila|s__Bilophila_wadsworthia,Bilophila wadsworthia,ALL,site[T.Oral],-4.877338222448731,5.878522138896319e-05,188,0.0008817783208344479
g__Bilophila|s__Bilophila_wadsworthia,Bilophila wadsworthia,ALL,sex[T.1],0.6924716211090783,0.1372744056402936,188,0.48817949726183446
g__Bilophila|s__Bilophila_wadsworthia,Bilophila wadsworthia,ALL,disease,-1.3536627009222033,0.027642382251075286,188,0.17802708569041148
g__Bilophila|s__Bilophila_wadsworthia,Bilophila wadsworthia,ALL,disease:site[T.Oral],0.4077893377463329,0.7618310095150023,188,0.9512724451788183
g__Bilophila|s__Bilophila_wadsworthia,Bilophila wadsworthia,ALL,ppi_use,-1.4681567562104476,0.17542707714813344,188,0.5557606332803148
g__Bilophila|s__Bilophila_wadsworthia,Bilophila wadsworthia,ALL,disease:ppi_use,2.2252139961490958,0.08271778658219298,188,0.3639508618720137
g__Bilophila|s__Bilophila_wadsworthia,Bilophila wadsworthia,ALL,age,0.0050466431926365195,0.7801303543823646,188,0.954895326287315
g__Bilophila|s__Bilophila_wadsworthia,Bilophila wadsworthia,ALL,bmi,-0.01273034916145093,0.8258565431317428,188,0.9643235084472446
g__Bilophila|s__Bilophila_wadsworthia,Bilophila wadsworthia,ALL,antibiotics_3m,0.17136990905820906,0.8406400233249598,188,0.9647128620860638
g__Bilophila|s__Bilophila_wadsworthia,Bilophila wadsworthia,ALL,smoking,0.33736983817252636,0.5783968594757607,188,0.8860551053268045
g__Bittarella|s__Bittarella_massiliensis,Bittarella massiliensis,ALL,site[T.Oral],0.9244777658079457,0.1454473314231677,188,0.4998191002556843
g__Bittarella|s__Bittarella_massiliensis,Bittarella massiliensis,ALL,sex[T.1],-0.050100663241007606,0.83985459390553,188,0.9647128620860638
g__Bittarella|s__Bittarella_massiliensis,Bittarella massiliensis,ALL,disease,3.1069396643519913,1.0767380336824211e-17,188,8.215979343968039e-16
g__Bittarella|s__Bittarella_massiliensis,Bittarella massiliensis,ALL,disease:site[T.Oral],-3.063313816862363,3.148623314432723e-05,188,0.0004978228753900386
g__Bittarella|s__Bittarella_massiliensis,Bittarella massiliensis,ALL,ppi_use,-0.2156924502485032,0.7084766330815803,188,0.9271637766743259
g__Bittarella|s__Bittarella_massiliensis,Bittarella massiliensis,ALL,disease:ppi_use,-0.3755890504065352,0.5817107976113721,188,0.8877412607025722
g__Bittarella|s__Bittarella_massiliensis,Bittarella massiliensis,ALL,age,-0.006087408926358791,0.528265823233023,188,0.8592275438127481
g__Bittarella|s__Bittarella_massiliensis,Bittarella massiliensis,ALL,bmi,0.057667056366881936,0.06309212936808843,188,0.3088610517182572
g__Bittarella|s__Bittarella_massiliensis,Bittarella massiliensis,ALL,antibiotics_3m,-0.4952707246994799,0.2769740144936095,188,0.6870521490265508
g__Bittarella|s__Bittarella_massiliensis,Bittarella massiliensis,ALL,smoking,0.38445145724132973,0.236095123133856,188,0.6464070843992469
g__Blautia|s__Blautia_SGB4815,Blautia SGB4815,ALL,site[T.Oral],0.21314465102261793,0.8031110138550065,188,0.9585956899070943
g__Blautia|s__Blautia_SGB4815,Blautia SGB4815,ALL,sex[T.1],-0.027248475212296216,0.9351188925995008,188,0.9884841913900583
g__Blautia|s__Blautia_SGB4815,Blautia SGB4815,ALL,disease,3.9840384310475616,2.2349245912152564e-16,188,1.4527009842899166e-14
g__Blautia|s__Blautia_SGB4815,Blautia SGB4815,ALL,disease:site[T.Oral],-4.438910622745412,8.533154904482534e-06,188,0.00014975686857366847
g__Blautia|s__Blautia_SGB4815,Blautia SGB4815,ALL,ppi_use,0.8405348777579421,0.2812021325917119,188,0.689164115513143
g__Blautia|s__Blautia_SGB4815,Blautia SGB4815,ALL,disease:ppi_use,-0.1988774917603491,0.8288886792613872,188,0.9647128620860638
g__Blautia|s__Blautia_SGB4815,Blautia SGB4815,ALL,age,-0.02869831335872366,0.028641059651270857,188,0.18179045095110435
g__Blautia|s__Blautia_SGB4815,Blautia SGB4815,ALL,bmi,0.02929842928012208,0.482486229521484,188,0.8321998356857047
g__Blautia|s__Blautia_SGB4815,Blautia SGB4815,ALL,antibiotics_3m,-0.9110793255051418,0.13911489114306122,188,0.4922311168469202
g__Blautia|s__Blautia_SGB4815,Blautia SGB4815,ALL,smoking,0.1719806889997688,0.694134796054214,188,0.9270978440450118
g__Blautia|s__Blautia_faecis,Blautia faecis,ALL,site[T.Oral],-3.479562336012973,9.242048082299705e-06,188,0.00016139098889986052
g__Blautia|s__Blautia_faecis,Blautia faecis,ALL,sex[T.1],0.34184533134408607,0.25340464304588645,188,0.6613013361271832
g__Blautia|s__Blautia_faecis,Blautia faecis,ALL,disease,2.8817679455071405,7.0060498693832025e-12,188,3.1936668885110444e-10
g__Blautia|s__Blautia_faecis,Blautia faecis,ALL,disease:site[T.Oral],-3.0207342341030694,0.0005964541631552359,188,0.007049003746380061
g__Blautia|s__Blautia_faecis,Blautia faecis,ALL,ppi_use,-0.19497243304910547,0.7791028288341033,188,0.9545371525593531
g__Blautia|s__Blautia_faecis,Blautia faecis,ALL,disease:ppi_use,0.21050610071569822,0.7977225567359745,188,0.9579055637299284
g__Blautia|s__Blautia_faecis,Blautia faecis,ALL,age,-0.0025397759927209634,0.8270790519490798,188,0.9647128620860638
g__Blautia|s__Blautia_faecis,Blautia faecis,ALL,bmi,0.02237644638655439,0.5477970410776366,188,0.8716081659938824
g__Blautia|s__Blautia_faecis,Blautia faecis,ALL,antibiotics_3m,0.4381211669220337,0.4244971055635728,188,0.7969027112258336
g__Blautia|s__Blautia_faecis,Blautia faecis,ALL,smoking,-0.22075024178020397,0.5718038124505724,188,0.8833764884249601
g__Blautia|s__Blautia_glucerasea,Blautia glucerasea,ALL,site[T.Oral],-0.5266718659400456,0.5514305708550045,188,0.87405156769452
g__Blautia|s__Blautia_glucerasea,Blautia glucerasea,ALL,sex[T.1],0.14368378554546155,0.6780768383206688,188,0.925258670550084
g__Blautia|s__Blautia_glucerasea,Blautia glucerasea,ALL,disease,3.120104076011657,1.0478038086074897e-10,188,4.378323057395582e-09
g__Blautia|s__Blautia_glucerasea,Blautia glucerasea,ALL,disease:site[T.Oral],-3.3295372046793585,0.00106826155233624,188,0.011941395059554785
g__Blautia|s__Blautia_glucerasea,Blautia glucerasea,ALL,ppi_use,0.48951017163158633,0.5433952101910531,188,0.870199759983712
g__Blautia|s__Blautia_glucerasea,Blautia glucerasea,ALL,disease:ppi_use,0.023334064571512457,0.9804314517841914,188,0.9954626542558611
g__Blautia|s__Blautia_glucerasea,Blautia glucerasea,ALL,age,-0.0009790593857015454,0.9420433696754652,188,0.9884841913900583
g__Blautia|s__Blautia_glucerasea,Blautia glucerasea,ALL,bmi,0.03676976073006701,0.39409241193067834,188,0.7826300206886627
g__Blautia|s__Blautia_glucerasea,Blautia glucerasea,ALL,antibiotics_3m,-0.33827768177949474,0.5943071567815685,188,0.889404195757805
g__Blautia|s__Blautia_glucerasea,Blautia glucerasea,ALL,smoking,0.7359611482513788,0.10481256324845226,188,0.4223789862251061
g__Blautia|s__Blautia_luti,Blautia luti,ALL,site[T.Oral],-1.0444840865713685,0.26026097990825053,188,0.6704424416651678
g__Blautia|s__Blautia_luti,Blautia luti,ALL,sex[T.1],-0.5813282627567053,0.11020926856376882,188,0.43375982621709147
g__Blautia|s__Blautia_luti,Blautia luti,ALL,disease,1.8283149364289517,0.00016983288313836807,188,0.0023489046359412833
g__Blautia|s__Blautia_luti,Blautia luti,ALL,disease:site[T.Oral],-1.8359024381448636,0.08175322309038403,188,0.36277346782205805
g__Blautia|s__Blautia_luti,Blautia luti,ALL,ppi_use,0.9992002856890173,0.2372011454568425,188,0.6488648475512917
g__Blautia|s__Blautia_luti,Blautia luti,ALL,disease:ppi_use,-0.45489521503388375,0.6482584345992146,188,0.9125022810770016
g__Blautia|s__Blautia_luti,Blautia luti,ALL,age,-0.005846066072957721,0.678747587499539,188,0.925258670550084
g__Blautia|s__Blautia_luti,Blautia luti,ALL,bmi,0.03295210850436659,0.4659815111150103,188,0.8227339557412908
g__Blautia|s__Blautia_luti,Blautia luti,ALL,antibiotics_3m,0.5988046514413684,0.3686327263478236,188,0.7642651325935386
g__Blautia|s__Blautia_luti,Blautia luti,ALL,smoking,0.9970713620087057,0.03645738947229672,188,0.21256717117568355
g__Blautia|s__Blautia_massiliensis,Blautia massiliensis,ALL,site[T.Oral],-2.558337382415744,0.028467017382497045,188,0.18143057314735941
g__Blautia|s__Blautia_massiliensis,Blautia massiliensis,ALL,sex[T.1],0.24805076703181658,0.5851015625893894,188,0.8886894803473405
g__Blautia|s__Blautia_massiliensis,Blautia massiliensis,ALL,disease,2.1591814112556493,0.0003801930890555725,188,0.00476421191751204
g__Blautia|s__Blautia_massiliensis,Blautia massiliensis,ALL,disease:site[T.Oral],-2.7518090755989966,0.037579247560698206,188,0.21658975195082217
g__Blautia|s__Blautia_massiliensis,Blautia massiliensis,ALL,ppi_use,0.3771761522290009,0.7211547457731627,188,0.9296938094529137
g__Blautia|s__Blautia_massiliensis,Blautia massiliensis,ALL,disease:ppi_use,1.022755082136368,0.41310628634025137,188,0.795617644281075
g__Blautia|s__Blautia_massiliensis,Blautia massiliensis,ALL,age,-0.0162180570935523,0.35935585307049467,188,0.7598427977574916
g__Blautia|s__Blautia_massiliensis,Blautia massiliensis,ALL,bmi,0.04696893474391449,0.40678572610873664,188,0.7923517750508688
g__Blautia|s__Blautia_massiliensis,Blautia massiliensis,ALL,antibiotics_3m,0.4428384932305566,0.5952168302356509,188,0.889404195757805
g__Blautia|s__Blautia_massiliensis,Blautia massiliensis,ALL,smoking,0.588139904112698,0.32217259761830686,188,0.7223874267055533
g__Blautia|s__Blautia_obeum,Blautia obeum,ALL,site[T.Oral],-1.8127450650206427,0.047728855230025166,188,0.25431751833109095
g__Blautia|s__Blautia_obeum,Blautia obeum,ALL,sex[T.1],0.16848092680108098,0.6366485986215489,188,0.9057684922913966
g__Blautia|s__Blautia_obeum,Blautia obeum,ALL,disease,3.0287416011488326,9.106291480444113e-10,188,3.3294878225373784e-08
g__Blautia|s__Blautia_obeum,Blautia obeum,ALL,disease:site[T.Oral],-3.588145723513972,0.0006316259966678401,188,0.00741473996088334
g__Blautia|s__Blautia_obeum,Blautia obeum,ALL,ppi_use,0.5641089524038968,0.4967395013976962,188,0.8395646877314775
g__Blautia|s__Blautia_obeum,Blautia obeum,ALL,disease:ppi_use,0.673610390699494,0.4922006561694039,188,0.8346011126350761
g__Blautia|s__Blautia_obeum,Blautia obeum,ALL,age,-0.03592911239155288,0.010302293897402785,188,0.0846824502958582
g__Blautia|s__Blautia_obeum,Blautia obeum,ALL,bmi,0.07556142662741648,0.09013675963259428,188,0.38349094098231024
g__Blautia|s__Blautia_obeum,Blautia obeum,ALL,antibiotics_3m,0.7648311875404816,0.24319879343254813,188,0.6535038541703571
g__Blautia|s__Blautia_obeum,Blautia obeum,ALL,smoking,0.666564435690007,0.1535642919596048,188,0.5157996792136009
g__Blautia|s__Blautia_sp_MSK_20_85,Blautia sp MSK 20 85,ALL,site[T.Oral],-1.7374159003165401,0.11085460779864377,188,0.4342630283183478
g__Blautia|s__Blautia_sp_MSK_20_85,Blautia sp MSK 20 85,ALL,sex[T.1],0.49077862737308114,0.24925737158755104,188,0.660955059642885
g__Blautia|s__Blautia_sp_MSK_20_85,Blautia sp MSK 20 85,ALL,disease,0.2859101091590138,0.6089650196049157,188,0.8954617590336212
g__Blautia|s__Blautia_sp_MSK_20_85,Blautia sp MSK 20 85,ALL,disease:site[T.Oral],-0.1533046839863005,0.900916849026208,188,0.9802536230266833
g__Blautia|s__Blautia_sp_MSK_20_85,Blautia sp MSK 20 85,ALL,ppi_use,0.8550879036362831,0.38782151971660117,188,0.7784947489068068
g__Blautia|s__Blautia_sp_MSK_20_85,Blautia sp MSK 20 85,ALL,disease:ppi_use,-0.7841223452660485,0.5025554824350933,188,0.843093452148363
g__Blautia|s__Blautia_sp_MSK_20_85,Blautia sp MSK 20 85,ALL,age,0.004362071314405672,0.7920661503226017,188,0.9566286621206747
g__Blautia|s__Blautia_sp_MSK_20_85,Blautia sp MSK 20 85,ALL,bmi,-0.007296732567261758,0.8904041306379693,188,0.9762102298249066
g__Blautia|s__Blautia_sp_MSK_20_85,Blautia sp MSK 20 85,ALL,antibiotics_3m,0.36368875491728525,0.6411239057502223,188,0.907031402331028
g__Blautia|s__Blautia_sp_MSK_20_85,Blautia sp MSK 20 85,ALL,smoking,-0.6653231574986154,0.2318806307560016,188,0.6394971213143055
g__Blautia|s__Blautia_wexlerae,Blautia wexlerae,ALL,site[T.Oral],-4.100938976265655,8.456133472091772e-09,188,2.5153413972069593e-07
g__Blautia|s__Blautia_wexlerae,Blautia wexlerae,ALL,sex[T.1],0.6886100803747867,0.010282291847473778,188,0.0846824502958582
g__Blautia|s__Blautia_wexlerae,Blautia wexlerae,ALL,disease,4.796465871177749,9.788463690130536e-30,188,2.6428851963352447e-27
g__Blautia|s__Blautia_wexlerae,Blautia wexlerae,ALL,disease:site[T.Oral],-4.950961864258206,1.0905207525532411e-09,188,3.946111176764821e-08
g__Blautia|s__Blautia_wexlerae,Blautia wexlerae,ALL,ppi_use,0.11704705112214696,0.8499019237720641,188,0.9665748492213305
g__Blautia|s__Blautia_wexlerae,Blautia wexlerae,ALL,disease:ppi_use,-0.14579058638713052,0.8418818261575041,188,0.9647128620860638
g__Blautia|s__Blautia_wexlerae,Blautia wexlerae,ALL,age,0.013197730949582225,0.20306885764636284,188,0.6001033123287851
g__Blautia|s__Blautia_wexlerae,Blautia wexlerae,ALL,bmi,-0.011507063521950432,0.7282276290055116,188,0.9332161291746425
g__Blautia|s__Blautia_wexlerae,Blautia wexlerae,ALL,antibiotics_3m,-0.11789928885771396,0.8089943940492821,188,0.961830253814087
g__Blautia|s__Blautia_wexlerae,Blautia wexlerae,ALL,smoking,0.32530432878552923,0.3494762477999427,188,0.7497931722358184
g__Butyricicoccus|s__Butyricicoccus_sp_AM29_23AC,Butyricicoccus sp AM29 23AC,ALL,site[T.Oral],-3.097602396555586,0.003718634146782099,188,0.03508711251399239
g__Butyricicoccus|s__Butyricicoccus_sp_AM29_23AC,Butyricicoccus sp AM29 23AC,ALL,sex[T.1],-0.07833492196029214,0.849615787930521,188,0.9665748492213305
g__Butyricicoccus|s__Butyricicoccus_sp_AM29_23AC,Butyricicoccus sp AM29 23AC,ALL,disease,-2.612828360089147,3.079342675990802e-06,188,6.038264130015484e-05
g__Butyricicoccus|s__Butyricicoccus_sp_AM29_23AC,Butyricicoccus sp AM29 23AC,ALL,disease:site[T.Oral],2.5643221346628535,0.03320556847536093,188,0.20234643289673068
g__Butyricicoccus|s__Butyricicoccus_sp_AM29_23AC,Butyricicoccus sp AM29 23AC,ALL,ppi_use,0.16085039228718268,0.8670916374681475,188,0.9692648558959228
g__Butyricicoccus|s__Butyricicoccus_sp_AM29_23AC,Butyricicoccus sp AM29 23AC,ALL,disease:ppi_use,-0.29309646116580285,0.7963575714134544,188,0.9579055637299284
g__Butyricicoccus|s__Butyricicoccus_sp_AM29_23AC,Butyricicoccus sp AM29 23AC,ALL,age,0.009387992615254507,0.5594231931418259,188,0.878557229497901
g__Butyricicoccus|s__Butyricicoccus_sp_AM29_23AC,Butyricicoccus sp AM29 23AC,ALL,bmi,0.024274734631641922,0.6371838238363503,188,0.9057684922913966
g__Butyricicoccus|s__Butyricicoccus_sp_AM29_23AC,Butyricicoccus sp AM29 23AC,ALL,antibiotics_3m,-0.3130146973355871,0.6796751338787095,188,0.925258670550084
g__Butyricicoccus|s__Butyricicoccus_sp_AM29_23AC,Butyricicoccus sp AM29 23AC,ALL,smoking,1.197485691869275,0.02754027415646456,188,0.177983921729185
g__Butyricimonas|s__Butyricimonas_SGB15260,Butyricimonas SGB15260,ALL,site[T.Oral],-1.6401266887101356,0.14795498357679923,188,0.5041961090821022
g__Butyricimonas|s__Butyricimonas_SGB15260,Butyricimonas SGB15260,ALL,sex[T.1],0.11216371607760371,0.7999514328780578,188,0.9583035936525539
g__Butyricimonas|s__Butyricimonas_SGB15260,Butyricimonas SGB15260,ALL,disease,-0.9362154976152556,0.10873256824550362,188,0.43124442321098044
g__Butyricimonas|s__Butyricimonas_SGB15260,Butyricimonas SGB15260,ALL,disease:site[T.Oral],1.4100111940661681,0.27211425705078285,188,0.6824712913913885
g__Butyricimonas|s__Butyricimonas_SGB15260,Butyricimonas SGB15260,ALL,ppi_use,1.610993226526787,0.11893886472570249,188,0.4498657491241549
g__Butyricimonas|s__Butyricimonas_SGB15260,Butyricimonas SGB15260,ALL,disease:ppi_use,-1.6742250818098214,0.16992174703393115,188,0.5457512684499557
g__Butyricimonas|s__Butyricimonas_SGB15260,Butyricimonas SGB15260,ALL,age,0.03295476503314799,0.056949922322415754,188,0.28638141454395316
g__Butyricimonas|s__Butyricimonas_SGB15260,Butyricimonas SGB15260,ALL,bmi,-0.06343840122684606,0.2506660872035074,188,0.660955059642885
g__Butyricimonas|s__Butyricimonas_SGB15260,Butyricimonas SGB15260,ALL,antibiotics_3m,0.11406075920789513,0.8882839970830784,188,0.9757150140376704
g__Butyricimonas|s__Butyricimonas_SGB15260,Butyricimonas SGB15260,ALL,smoking,-0.40205573659679694,0.48707547500275694,188,0.8328159395902756
g__Butyricimonas|s__Butyricimonas_paravirosa,Butyricimonas paravirosa,ALL,site[T.Oral],-0.6383838208966321,0.518600715967152,188,0.851796215743895
g__Butyricimonas|s__Butyricimonas_paravirosa,Butyricimonas paravirosa,ALL,sex[T.1],-0.4321099994508136,0.26504625832918755,188,0.6733434175386287
g__Butyricimonas|s__Butyricimonas_paravirosa,Butyricimonas paravirosa,ALL,disease,0.30401823978320025,0.5501849367140261,188,0.8738231347811003
g__Butyricimonas|s__Butyricimonas_paravirosa,Butyricimonas paravirosa,ALL,disease:site[T.Oral],-0.12515176116843216,0.9110947964574005,188,0.9841162457939561
g__Butyricimonas|s__Butyricimonas_paravirosa,Butyricimonas paravirosa,ALL,ppi_use,1.7384963836575766,0.05476140166366441,188,0.2777637569934423
g__Butyricimonas|s__Butyricimonas_paravirosa,Butyricimonas paravirosa,ALL,disease:ppi_use,-1.8184945465698048,0.08870549041076134,188,0.38001468087824347
g__Butyricimonas|s__Butyricimonas_paravirosa,Butyricimonas paravirosa,ALL,age,-0.03180936710778114,0.0358188950324344,188,0.211301380779571
g__Butyricimonas|s__Butyricimonas_paravirosa,Butyricimonas paravirosa,ALL,bmi,0.03492867556333688,0.4690085850726031,188,0.8243864798166198
g__Butyricimonas|s__Butyricimonas_paravirosa,Butyricimonas paravirosa,ALL,antibiotics_3m,-0.5588806397009538,0.43160259170294335,188,0.8001727273957875
g__Butyricimonas|s__Butyricimonas_paravirosa,Butyricimonas paravirosa,ALL,smoking,-0.34290697405041676,0.49787510177920646,188,0.8405683536532057
g__Butyricimonas|s__Butyricimonas_virosa,Butyricimonas virosa,ALL,site[T.Oral],-1.6795579430683183,0.08222480643969042,188,0.3631768923962321
g__Butyricimonas|s__Butyricimonas_virosa,Butyricimonas virosa,ALL,sex[T.1],0.22841568300462448,0.5445927870827005,188,0.8704825816520696
g__Butyricimonas|s__Butyricimonas_virosa,Butyricimonas virosa,ALL,disease,-1.5408522740561015,0.002137192227454668,188,0.02193434128177159
g__Butyricimonas|s__Butyricimonas_virosa,Butyricimonas virosa,ALL,disease:site[T.Oral],1.2773327026170787,0.24269568643106137,188,0.6535038541703571
g__Butyricimonas|s__Butyricimonas_virosa,Butyricimonas virosa,ALL,ppi_use,-0.18489138287198767,0.8329626993945441,188,0.9647128620860638
g__Butyricimonas|s__Butyricimonas_virosa,Butyricimonas virosa,ALL,disease:ppi_use,0.38414503704005937,0.7107916079080843,188,0.927187781393864
g__Butyricimonas|s__Butyricimonas_virosa,Butyricimonas virosa,ALL,age,0.013707566789336668,0.35045265013299376,188,0.7501795217706673
g__Butyricimonas|s__Butyricimonas_virosa,Butyricimonas virosa,ALL,bmi,-0.01727731508831575,0.7128092138796533,188,0.927187781393864
g__Butyricimonas|s__Butyricimonas_virosa,Butyricimonas virosa,ALL,antibiotics_3m,0.12212617414880363,0.8597733929147506,188,0.9669362423982366
g__Butyricimonas|s__Butyricimonas_virosa,Butyricimonas virosa,ALL,smoking,0.33683485264819923,0.4940485538379853,188,0.8365221533870373
g__Campylobacter|s__Campylobacter_concisus,Campylobacter concisus,ALL,site[T.Oral],8.925576405841037,2.620693105413549e-33,188,1.0220703111112842e-30
g__Campylobacter|s__Campylobacter_concisus,Campylobacter concisus,ALL,sex[T.1],-0.11984833518952344,0.6080072004134842,188,0.8953040178125555
g__Campylobacter|s__Campylobacter_concisus,Campylobacter concisus,ALL,disease,0.6547538096064176,0.034034055685253826,188,0.20561021592984668
g__Campylobacter|s__Campylobacter_concisus,Campylobacter concisus,ALL,disease:site[T.Oral],-1.155950750084119,0.08877835849577197,188,0.38001468087824347
g__Campylobacter|s__Campylobacter_concisus,Campylobacter concisus,ALL,ppi_use,-0.8556568453905581,0.11660889159893321,188,0.446732829930665
g__Campylobacter|s__Campylobacter_concisus,Campylobacter concisus,ALL,disease:ppi_use,1.1055911820476951,0.08639420575576867,188,0.37576661982992327
g__Campylobacter|s__Campylobacter_concisus,Campylobacter concisus,ALL,age,-0.003850283953855547,0.6719240940638106,188,0.9216309379304319
g__Campylobacter|s__Campylobacter_concisus,Campylobacter concisus,ALL,bmi,-0.015793437564987974,0.5873508188392469,188,0.888902983692134
g__Campylobacter|s__Campylobacter_concisus,Campylobacter concisus,ALL,antibiotics_3m,-0.13972088918892767,0.7444102693892962,188,0.9400256970749098
g__Campylobacter|s__Campylobacter_concisus,Campylobacter concisus,ALL,smoking,-0.6991887346915213,0.022916090609144527,188,0.15479628383625071
g__Candidatus_Borkfalkia|s__Candidatus_Borkfalkia_ceftriaxoniphila,Candidatus Borkfalkia ceftriaxoniphila,ALL,site[T.Oral],-2.6631473792960247,0.012200728053799528,188,0.09645170150638817
g__Candidatus_Borkfalkia|s__Candidatus_Borkfalkia_ceftriaxoniphila,Candidatus Borkfalkia ceftriaxoniphila,ALL,sex[T.1],0.3494705479799208,0.3972247402524052,188,0.7855611619350176
g__Candidatus_Borkfalkia|s__Candidatus_Borkfalkia_ceftriaxoniphila,Candidatus Borkfalkia ceftriaxoniphila,ALL,disease,-3.255508546471479,1.001050587827507e-08,188,2.952678624600462e-07
g__Candidatus_Borkfalkia|s__Candidatus_Borkfalkia_ceftriaxoniphila,Candidatus Borkfalkia ceftriaxoniphila,ALL,disease:site[T.Oral],2.9480668392335705,0.01438152618173818,188,0.10944384692722388
g__Candidatus_Borkfalkia|s__Candidatus_Borkfalkia_ceftriaxoniphila,Candidatus Borkfalkia ceftriaxoniphila,ALL,ppi_use,0.447534259302583,0.6409735336822615,188,0.907031402331028
g__Candidatus_Borkfalkia|s__Candidatus_Borkfalkia_ceftriaxoniphila,Candidatus Borkfalkia ceftriaxoniphila,ALL,disease:ppi_use,-0.6059236441325091,0.5931404865399248,188,0.889404195757805
g__Candidatus_Borkfalkia|s__Candidatus_Borkfalkia_ceftriaxoniphila,Candidatus Borkfalkia ceftriaxoniphila,ALL,age,-0.0012252100292560384,0.9391405403346207,188,0.9884841913900583
g__Candidatus_Borkfalkia|s__Candidatus_Borkfalkia_ceftriaxoniphila,Candidatus Borkfalkia ceftriaxoniphila,ALL,bmi,-0.03905629403679916,0.44736676907055317,188,0.808161276087309
g__Candidatus_Borkfalkia|s__Candidatus_Borkfalkia_ceftriaxoniphila,Candidatus Borkfalkia ceftriaxoniphila,ALL,antibiotics_3m,-0.9725736918517761,0.19964426477601616,188,0.5966709794825786
g__Candidatus_Borkfalkia|s__Candidatus_Borkfalkia_ceftriaxoniphila,Candidatus Borkfalkia ceftriaxoniphila,ALL,smoking,0.15786709152834297,0.769502408991464,188,0.9530040787506285
g__Candidatus_Cibionibacter|s__Candidatus_Cibionibacter_quicibialis,Candidatus Cibionibacter quicibialis,ALL,site[T.Oral],-7.23893509922272,2.0769603857885186e-10,188,8.011132916612858e-09
g__Candidatus_Cibionibacter|s__Candidatus_Cibionibacter_quicibialis,Candidatus Cibionibacter quicibialis,ALL,sex[T.1],0.24095478618670707,0.5670386927690667,188,0.8798876267106207
g__Candidatus_Cibionibacter|s__Candidatus_Cibionibacter_quicibialis,Candidatus Cibionibacter quicibialis,ALL,disease,-2.3280872714030827,3.949381530376803e-05,188,0.0006079968934922183
g__Candidatus_Cibionibacter|s__Candidatus_Cibionibacter_quicibialis,Candidatus Cibionibacter quicibialis,ALL,disease:site[T.Oral],1.9262000406636017,0.11520166929479472,188,0.44500422689487495
g__Candidatus_Cibionibacter|s__Candidatus_Cibionibacter_quicibialis,Candidatus Cibionibacter quicibialis,ALL,ppi_use,0.5265628680079044,0.5907690847110749,188,0.889404195757805
g__Candidatus_Cibionibacter|s__Candidatus_Cibionibacter_quicibialis,Candidatus Cibionibacter quicibialis,ALL,disease:ppi_use,0.23334220766022612,0.8401241994284583,188,0.9647128620860638
g__Candidatus_Cibionibacter|s__Candidatus_Cibionibacter_quicibialis,Candidatus Cibionibacter quicibialis,ALL,age,-0.02204951813486492,0.17917935885158348,188,0.5610343885540214
g__Candidatus_Cibionibacter|s__Candidatus_Cibionibacter_quicibialis,Candidatus Cibionibacter quicibialis,ALL,bmi,0.03283395421902649,0.5311683634515278,188,0.8615531218645391
g__Candidatus_Cibionibacter|s__Candidatus_Cibionibacter_quicibialis,Candidatus Cibionibacter quicibialis,ALL,antibiotics_3m,0.19370370362034603,0.8018714019154216,188,0.9583141371205753
g__Candidatus_Cibionibacter|s__Candidatus_Cibionibacter_quicibialis,Candidatus Cibionibacter quicibialis,ALL,smoking,0.0038163330968447964,0.9944597818430017,188,0.9979694681801684
g__Candidatus_Nanosynsacchari|s__Candidatus_Nanosynsacchari_sp_TM7_ANC_38_39_G1_1,Candidatus Nanosynsacchari sp TM7 ANC 38 39 G1 1,ALL,site[T.Oral],2.8995949127642557,2.638035317244081e-06,188,5.231358171484025e-05
g__Candidatus_Nanosynsacchari|s__Candidatus_Nanosynsacchari_sp_TM7_ANC_38_39_G1_1,Candidatus Nanosynsacchari sp TM7 ANC 38 39 G1 1,ALL,sex[T.1],-0.16824409919944716,0.4728624797349792,188,0.8244762515425212
g__Candidatus_Nanosynsacchari|s__Candidatus_Nanosynsacchari_sp_TM7_ANC_38_39_G1_1,Candidatus Nanosynsacchari sp TM7 ANC 38 39 G1 1,ALL,disease,0.5016847374969378,0.1043772107263504,188,0.42110805706837917
g__Candidatus_Nanosynsacchari|s__Candidatus_Nanosynsacchari_sp_TM7_ANC_38_39_G1_1,Candidatus Nanosynsacchari sp TM7 ANC 38 39 G1 1,ALL,disease:site[T.Oral],0.0668125735200742,0.9215340078213222,188,0.985476393880623
g__Candidatus_Nanosynsacchari|s__Candidatus_Nanosynsacchari_sp_TM7_ANC_38_39_G1_1,Candidatus Nanosynsacchari sp TM7 ANC 38 39 G1 1,ALL,ppi_use,-0.5589869561664109,0.3056566387701699,188,0.7058255276863792
g__Candidatus_Nanosynsacchari|s__Candidatus_Nanosynsacchari_sp_TM7_ANC_38_39_G1_1,Candidatus Nanosynsacchari sp TM7 ANC 38 39 G1 1,ALL,disease:ppi_use,0.8274991833455667,0.19974028515442446,188,0.5966709794825786
g__Candidatus_Nanosynsacchari|s__Candidatus_Nanosynsacchari_sp_TM7_ANC_38_39_G1_1,Candidatus Nanosynsacchari sp TM7 ANC 38 39 G1 1,ALL,age,-0.004350404137601631,0.6332291856567667,188,0.9055975305010503
g__Candidatus_Nanosynsacchari|s__Candidatus_Nanosynsacchari_sp_TM7_ANC_38_39_G1_1,Candidatus Nanosynsacchari sp TM7 ANC 38 39 G1 1,ALL,bmi,0.02260233920947478,0.4388147961465587,188,0.802956023653864
g__Candidatus_Nanosynsacchari|s__Candidatus_Nanosynsacchari_sp_TM7_ANC_38_39_G1_1,Candidatus Nanosynsacchari sp TM7 ANC 38 39 G1 1,ALL,antibiotics_3m,-0.1345769015322549,0.7541540954156766,188,0.9458918213727638
g__Candidatus_Nanosynsacchari|s__Candidatus_Nanosynsacchari_sp_TM7_ANC_38_39_G1_1,Candidatus Nanosynsacchari sp TM7 ANC 38 39 G1 1,ALL,smoking,0.1723250673267603,0.5734277151043993,188,0.8840096471943579
g__Capnocytophaga|s__Capnocytophaga_gingivalis,Capnocytophaga gingivalis,ALL,site[T.Oral],3.542000877876588,4.331753551050944e-07,188,1.000293089749264e-05
g__Capnocytophaga|s__Capnocytophaga_gingivalis,Capnocytophaga gingivalis,ALL,sex[T.1],0.011846334834593616,0.9642866439853723,188,0.9927239082804642
g__Capnocytophaga|s__Capnocytophaga_gingivalis,Capnocytophaga gingivalis,ALL,disease,0.7101740599067852,0.04228064568135077,188,0.23556359736752575
g__Capnocytophaga|s__Capnocytophaga_gingivalis,Capnocytophaga gingivalis,ALL,disease:site[T.Oral],-0.6820475483273412,0.37392359271588027,188,0.7697781879370909
g__Capnocytophaga|s__Capnocytophaga_gingivalis,Capnocytophaga gingivalis,ALL,ppi_use,-0.861399115503612,0.1628314836767154,188,0.5341481380423094
g__Capnocytophaga|s__Capnocytophaga_gingivalis,Capnocytophaga gingivalis,ALL,disease:ppi_use,0.7159618603090425,0.3255766944956787,188,0.7241915067679545
g__Capnocytophaga|s__Capnocytophaga_gingivalis,Capnocytophaga gingivalis,ALL,age,0.0038590836143633134,0.7078402718339619,188,0.9271017907425374
g__Capnocytophaga|s__Capnocytophaga_gingivalis,Capnocytophaga gingivalis,ALL,bmi,0.01807129565268274,0.5835664109989944,188,0.8882558987885821
g__Capnocytophaga|s__Capnocytophaga_gingivalis,Capnocytophaga gingivalis,ALL,antibiotics_3m,0.1830649842246889,0.7061114554241891,188,0.9271017907425374
g__Capnocytophaga|s__Capnocytophaga_gingivalis,Capnocytophaga gingivalis,ALL,smoking,-0.014488405647591362,0.9665612531839278,188,0.9927239082804642
g__Capnocytophaga|s__Capnocytophaga_leadbetteri,Capnocytophaga leadbetteri,ALL,site[T.Oral],3.804892803620287,3.6520988968717836e-08,188,1.033779607098384e-06
g__Capnocytophaga|s__Capnocytophaga_leadbetteri,Capnocytophaga leadbetteri,ALL,sex[T.1],0.1538853482603635,0.5526360191030386,188,0.8744843268351047
g__Capnocytophaga|s__Capnocytophaga_leadbetteri,Capnocytophaga leadbetteri,ALL,disease,0.8539122211819996,0.012888120137378663,188,0.10118390772749339
g__Capnocytophaga|s__Capnocytophaga_leadbetteri,Capnocytophaga leadbetteri,ALL,disease:site[T.Oral],-1.2024119394732382,0.1102318418762523,188,0.43375982621709147
g__Capnocytophaga|s__Capnocytophaga_leadbetteri,Capnocytophaga leadbetteri,ALL,ppi_use,-0.5489128537581601,0.36290066614691574,188,0.7609207515983717
g__Capnocytophaga|s__Capnocytophaga_leadbetteri,Capnocytophaga leadbetteri,ALL,disease:ppi_use,0.33988759657674567,0.6332211289155631,188,0.9055975305010503
g__Capnocytophaga|s__Capnocytophaga_leadbetteri,Capnocytophaga leadbetteri,ALL,age,0.0056163718263392325,0.577544178980047,188,0.8860551053268045
g__Capnocytophaga|s__Capnocytophaga_leadbetteri,Capnocytophaga leadbetteri,ALL,bmi,0.026387867127389057,0.41381016321545816,188,0.795617644281075
g__Capnocytophaga|s__Capnocytophaga_leadbetteri,Capnocytophaga leadbetteri,ALL,antibiotics_3m,-0.441004889502764,0.3539568724891847,188,0.7547926017235955
g__Capnocytophaga|s__Capnocytophaga_leadbetteri,Capnocytophaga leadbetteri,ALL,smoking,-0.5358932938924947,0.11450450758743701,188,0.44312108228434827
g__Catonella|s__Catonella_massiliensis,Catonella massiliensis,ALL,site[T.Oral],2.655278044498151,6.99486443486573e-05,188,0.0010403378884058778
g__Catonella|s__Catonella_massiliensis,Catonella massiliensis,ALL,sex[T.1],-0.004833609733472265,0.9849144758759478,188,0.9971870424559526
g__Catonella|s__Catonella_massiliensis,Catonella massiliensis,ALL,disease,0.7780999600171729,0.0215072747971596,188,0.14802065595692193
g__Catonella|s__Catonella_massiliensis,Catonella massiliensis,ALL,disease:site[T.Oral],1.1604304569999238,0.11828480483300234,188,0.44907844985315415
g__Catonella|s__Catonella_massiliensis,Catonella massiliensis,ALL,ppi_use,-0.4194635847322552,0.48093104754485194,188,0.8303334859234778
g__Catonella|s__Catonella_massiliensis,Catonella massiliensis,ALL,disease:ppi_use,0.10500897556257274,0.8812190831482041,188,0.9743526013152224
g__Catonella|s__Catonella_massiliensis,Catonella massiliensis,ALL,age,-0.0154364736877837,0.12198276114482975,188,0.4579906520773808
g__Catonella|s__Catonella_massiliensis,Catonella massiliensis,ALL,bmi,-0.0022340405113107516,0.944061006583923,188,0.9885842329054207
g__Catonella|s__Catonella_massiliensis,Catonella massiliensis,ALL,antibiotics_3m,0.30100407615144137,0.5212319897952671,188,0.8541122267837362
g__Catonella|s__Catonella_massiliensis,Catonella massiliensis,ALL,smoking,-0.5582860256067641,0.09585560712614098,188,0.4014954427359843
g__Clostridium|s__Clostridium_SGB4648,Clostridium SGB4648,ALL,site[T.Oral],-1.1374431825574043,0.26511698092261676,188,0.6733434175386287
g__Clostridium|s__Clostridium_SGB4648,Clostridium SGB4648,ALL,sex[T.1],0.7639498881892763,0.0567827801401515,188,0.28595058578469407
g__Clostridium|s__Clostridium_SGB4648,Clostridium SGB4648,ALL,disease,-1.0293021829912004,0.05085630336398759,188,0.26523866984784017
g__Clostridium|s__Clostridium_SGB4648,Clostridium SGB4648,ALL,disease:site[T.Oral],0.8913968259096355,0.44080749487880644,188,0.802956023653864
g__Clostridium|s__Clostridium_SGB4648,Clostridium SGB4648,ALL,ppi_use,-0.26662960172034894,0.7739391607079547,188,0.9530040787506285
g__Clostridium|s__Clostridium_SGB4648,Clostridium SGB4648,ALL,disease:ppi_use,0.1669018190816177,0.8790498104945443,188,0.97430606726702
g__Clostridium|s__Clostridium_SGB4648,Clostridium SGB4648,ALL,age,0.01288157698482925,0.4071553975942508,188,0.7926319720220856
g__Clostridium|s__Clostridium_SGB4648,Clostridium SGB4648,ALL,bmi,-0.0023276278620920697,0.9626387097232847,188,0.9927239082804642
g__Clostridium|s__Clostridium_SGB4648,Clostridium SGB4648,ALL,antibiotics_3m,-0.09697485465448448,0.8945985178309563,188,0.9782058559459991
g__Clostridium|s__Clostridium_SGB4648,Clostridium SGB4648,ALL,smoking,-0.2750946771607186,0.5977505691716987,188,0.889404195757805
g__Clostridium|s__Clostridium_SGB4750,Clostridium SGB4750,ALL,site[T.Oral],-0.7945922192246953,0.39803067570008466,188,0.7855611619350176
g__Clostridium|s__Clostridium_SGB4750,Clostridium SGB4750,ALL,sex[T.1],0.07063245335119428,0.8477077591543485,188,0.9657430167581185
g__Clostridium|s__Clostridium_SGB4750,Clostridium SGB4750,ALL,disease,2.6203928409704003,1.8410486585364598e-07,188,4.615771993902124e-06
g__Clostridium|s__Clostridium_SGB4750,Clostridium SGB4750,ALL,disease:site[T.Oral],-2.8121183406860717,0.008929594263429501,188,0.07480399967693925
g__Clostridium|s__Clostridium_SGB4750,Clostridium SGB4750,ALL,ppi_use,0.4295101980953199,0.6157976895379824,188,0.9002290255219985
g__Clostridium|s__Clostridium_SGB4750,Clostridium SGB4750,ALL,disease:ppi_use,-0.6665932192207602,0.5099344491011116,188,0.8474762861481543
g__Clostridium|s__Clostridium_SGB4750,Clostridium SGB4750,ALL,age,-0.023443170134780183,0.10269832468234294,188,0.4172836711420378
g__Clostridium|s__Clostridium_SGB4750,Clostridium SGB4750,ALL,bmi,0.03294024975037796,0.4723781186133288,188,0.8243864798166198
g__Clostridium|s__Clostridium_SGB4750,Clostridium SGB4750,ALL,antibiotics_3m,-0.2659754473481943,0.6934900740669284,188,0.9270978440450118
g__Clostridium|s__Clostridium_SGB4750,Clostridium SGB4750,ALL,smoking,0.507936484330076,0.2911418144532526,188,0.6944051688360178
g__Clostridium|s__Clostridium_SGB4909,Clostridium SGB4909,ALL,site[T.Oral],-1.2503643764515668,0.18176288959358347,188,0.5665965741327513
g__Clostridium|s__Clostridium_SGB4909,Clostridium SGB4909,ALL,sex[T.1],0.6669096803893194,0.06951748476071808,188,0.3298166585841248
g__Clostridium|s__Clostridium_SGB4909,Clostridium SGB4909,ALL,disease,-1.0834639651153224,0.025189746639350752,188,0.1652635714095722
g__Clostridium|s__Clostridium_SGB4909,Clostridium SGB4909,ALL,disease:site[T.Oral],0.8313279010745148,0.4329139627705414,188,0.8001727273957875
g__Clostridium|s__Clostridium_SGB4909,Clostridium SGB4909,ALL,ppi_use,-0.04301130140857245,0.9596828008190408,188,0.9918763043292009
g__Clostridium|s__Clostridium_SGB4909,Clostridium SGB4909,ALL,disease:ppi_use,0.10793119972815256,0.9145076000786719,188,0.9846856260026088
g__Clostridium|s__Clostridium_SGB4909,Clostridium SGB4909,ALL,age,0.0009568285948418075,0.9463965056986525,188,0.9885842329054207
g__Clostridium|s__Clostridium_SGB4909,Clostridium SGB4909,ALL,bmi,0.001355161599783,0.9762653507409467,188,0.9942906156920523
g__Clostridium|s__Clostridium_SGB4909,Clostridium SGB4909,ALL,antibiotics_3m,0.5539536935377796,0.40946187621116004,188,0.7932719773600916
g__Clostridium|s__Clostridium_SGB4909,Clostridium SGB4909,ALL,smoking,0.33238928980971333,0.4868768512045001,188,0.8328159395902756
g__Clostridium|s__Clostridium_butyricum,Clostridium butyricum,ALL,site[T.Oral],1.5232552869375657,0.036150778223363475,188,0.21218935044148127
g__Clostridium|s__Clostridium_butyricum,Clostridium butyricum,ALL,sex[T.1],-0.010736698861395062,0.9697265071741196,188,0.9933594342500183
g__Clostridium|s__Clostridium_butyricum,Clostridium butyricum,ALL,disease,5.261501435062174,5.7965650093613465e-31,188,2.0345943182858327e-28
g__Clostridium|s__Clostridium_butyricum,Clostridium butyricum,ALL,disease:site[T.Oral],-5.048991137455877,4.493433296952736e-09,188,1.4338137156640095e-07
g__Clostridium|s__Clostridium_butyricum,Clostridium butyricum,ALL,ppi_use,-0.21920772952496187,0.7391307119647705,188,0.9379424435995461
g__Clostridium|s__Clostridium_butyricum,Clostridium butyricum,ALL,disease:ppi_use,-1.3277348137676788,0.08907785968170077,188,0.3808322624637877
g__Clostridium|s__Clostridium_butyricum,Clostridium butyricum,ALL,age,0.01070534943453385,0.3314828584692666,188,0.7294701148759409
g__Clostridium|s__Clostridium_butyricum,Clostridium butyricum,ALL,bmi,-0.016714846906331064,0.6353360019782119,188,0.9057684922913966
g__Clostridium|s__Clostridium_butyricum,Clostridium butyricum,ALL,antibiotics_3m,-0.7649867279714007,0.14171640439254754,188,0.4969276517660758
g__Clostridium|s__Clostridium_butyricum,Clostridium butyricum,ALL,smoking,0.5164853850422411,0.16339389135956908,188,0.5347325616670444
g__Clostridium|s__Clostridium_fessum,Clostridium fessum,ALL,site[T.Oral],-5.220480980243791,9.690011289141314e-08,188,2.538204449618359e-06
g__Clostridium|s__Clostridium_fessum,Clostridium fessum,ALL,sex[T.1],0.7212848968906163,0.05125196773380575,188,0.2669056479905908
g__Clostridium|s__Clostridium_fessum,Clostridium fessum,ALL,disease,0.6375767350268193,0.18846124315928234,188,0.5789445550764086
g__Clostridium|s__Clostridium_fessum,Clostridium fessum,ALL,disease:site[T.Oral],-0.40902170309158703,0.7012116209855037,188,0.9271017907425374
g__Clostridium|s__Clostridium_fessum,Clostridium fessum,ALL,ppi_use,0.20332398888083833,0.8123015842666004,188,0.9619360866315004
g__Clostridium|s__Clostridium_fessum,Clostridium fessum,ALL,disease:ppi_use,0.013277619188779819,0.9895285402758939,188,0.9978824881525563
g__Clostridium|s__Clostridium_fessum,Clostridium fessum,ALL,age,0.020963413206516054,0.14445138610513394,188,0.49887397605460837
g__Clostridium|s__Clostridium_fessum,Clostridium fessum,ALL,bmi,0.07991551707966457,0.0825494773567932,188,0.3639508618720137
g__Clostridium|s__Clostridium_fessum,Clostridium fessum,ALL,antibiotics_3m,-0.44386607865760097,0.5111665465184163,188,0.8483189495412016
g__Clostridium|s__Clostridium_fessum,Clostridium fessum,ALL,smoking,0.1207369809399784,0.8017161178058865,188,0.9583141371205753
g__Clostridium|s__Clostridium_sp_1001270H_150608_G6,Clostridium sp 1001270H 150608 G6,ALL,site[T.Oral],-1.1964337120708386,0.3270773764723923,188,0.7252315801756772
g__Clostridium|s__Clostridium_sp_1001270H_150608_G6,Clostridium sp 1001270H 150608 G6,ALL,sex[T.1],0.4565763469721782,0.33949043481148833,188,0.736931883874025
g__Clostridium|s__Clostridium_sp_1001270H_150608_G6,Clostridium sp 1001270H 150608 G6,ALL,disease,0.23757694344449104,0.7049565319195832,188,0.9271017907425374
g__Clostridium|s__Clostridium_sp_1001270H_150608_G6,Clostridium sp 1001270H 150608 G6,ALL,disease:site[T.Oral],-0.10666092998483973,0.9385058948568048,188,0.9884841913900583
g__Clostridium|s__Clostridium_sp_1001270H_150608_G6,Clostridium sp 1001270H 150608 G6,ALL,ppi_use,0.9087827311875596,0.4136461786574648,188,0.795617644281075
g__Clostridium|s__Clostridium_sp_1001270H_150608_G6,Clostridium sp 1001270H 150608 G6,ALL,disease:ppi_use,-0.6178558297048785,0.6378788660872723,188,0.9057684922913966
g__Clostridium|s__Clostridium_sp_1001270H_150608_G6,Clostridium sp 1001270H 150608 G6,ALL,age,0.020950635935214963,0.2602651680559576,188,0.6704424416651678
g__Clostridium|s__Clostridium_sp_1001270H_150608_G6,Clostridium sp 1001270H 150608 G6,ALL,bmi,0.007380053894530483,0.901218929204304,188,0.9802536230266833
g__Clostridium|s__Clostridium_sp_1001270H_150608_G6,Clostridium sp 1001270H 150608 G6,ALL,antibiotics_3m,-0.6776692626431905,0.43945155949356207,188,0.802956023653864
g__Clostridium|s__Clostridium_sp_1001270H_150608_G6,Clostridium sp 1001270H 150608 G6,ALL,smoking,0.05647469209423342,0.9278411001799327,188,0.9881644100951489
g__Clostridium|s__Clostridium_sp_AF20_17LB,Clostridium sp AF20 17LB,ALL,site[T.Oral],-3.460010619821815,0.0006766847208283132,188,0.007864779371216487
g__Clostridium|s__Clostridium_sp_AF20_17LB,Clostridium sp AF20 17LB,ALL,sex[T.1],0.5786162775275621,0.1412578140320365,188,0.49631123849093906
g__Clostridium|s__Clostridium_sp_AF20_17LB,Clostridium sp AF20 17LB,ALL,disease,-0.8699685611012563,0.0926397496536381,188,0.391627886845854
g__Clostridium|s__Clostridium_sp_AF20_17LB,Clostridium sp AF20 17LB,ALL,disease:site[T.Oral],0.8913874464087831,0.43287562697834747,188,0.8001727273957875
g__Clostridium|s__Clostridium_sp_AF20_17LB,Clostridium sp AF20 17LB,ALL,ppi_use,1.0918236129527583,0.23229876372109062,188,0.6400067980070865
g__Clostridium|s__Clostridium_sp_AF20_17LB,Clostridium sp AF20 17LB,ALL,disease:ppi_use,-0.9078846156551947,0.4001066625465538,188,0.7865005195255445
g__Clostridium|s__Clostridium_sp_AF20_17LB,Clostridium sp AF20 17LB,ALL,age,-0.011126248234153074,0.466221831207315,188,0.8227444080129087
g__Clostridium|s__Clostridium_sp_AF20_17LB,Clostridium sp AF20 17LB,ALL,bmi,0.04443143431491847,0.36348616062950756,188,0.7616933873489978
g__Clostridium|s__Clostridium_sp_AF20_17LB,Clostridium sp AF20 17LB,ALL,antibiotics_3m,-0.428722194238565,0.551387136143295,188,0.87405156769452
g__Clostridium|s__Clostridium_sp_AF20_17LB,Clostridium sp AF20 17LB,ALL,smoking,0.05350704422078217,0.9168025301453174,188,0.9849525563205388
g__Clostridium|s__Clostridium_sp_AF27_2AA,Clostridium sp AF27 2AA,ALL,site[T.Oral],-1.4641543054471946,0.1513788377659438,188,0.5104127959255166
g__Clostridium|s__Clostridium_sp_AF27_2AA,Clostridium sp AF27 2AA,ALL,sex[T.1],0.7080763302078141,0.07685798019458717,188,0.3508082060897282
g__Clostridium|s__Clostridium_sp_AF27_2AA,Clostridium sp AF27 2AA,ALL,disease,0.33312000305912354,0.524870325842582,188,0.8575913366363617
g__Clostridium|s__Clostridium_sp_AF27_2AA,Clostridium sp AF27 2AA,ALL,disease:site[T.Oral],-0.3790845876259391,0.7425593159197874,188,0.9400256970749098
g__Clostridium|s__Clostridium_sp_AF27_2AA,Clostridium sp AF27 2AA,ALL,ppi_use,0.7957244439211184,0.39115752868111575,188,0.7805711541103423
g__Clostridium|s__Clostridium_sp_AF27_2AA,Clostridium sp AF27 2AA,ALL,disease:ppi_use,-1.2171663059164917,0.26729571652125844,188,0.675168786605758
g__Clostridium|s__Clostridium_sp_AF27_2AA,Clostridium sp AF27 2AA,ALL,age,-0.01419612489979004,0.3604540596277046,188,0.7600283490330408
g__Clostridium|s__Clostridium_sp_AF27_2AA,Clostridium sp AF27 2AA,ALL,bmi,0.033279857790957226,0.5027335029477276,188,0.843093452148363
g__Clostridium|s__Clostridium_sp_AF27_2AA,Clostridium sp AF27 2AA,ALL,antibiotics_3m,-0.9848901708202598,0.17897642517957352,188,0.5610343885540214
g__Clostridium|s__Clostridium_sp_AF27_2AA,Clostridium sp AF27 2AA,ALL,smoking,0.40568684865185317,0.43611376773161104,188,0.8014446726376727
g__Clostridium|s__Clostridium_sp_AF34_10BH,Clostridium sp AF34 10BH,ALL,site[T.Oral],-5.4297111249394945,6.027996664623499e-08,188,1.6151349841853802e-06
g__Clostridium|s__Clostridium_sp_AF34_10BH,Clostridium sp AF34 10BH,ALL,sex[T.1],0.7111207013145822,0.06001454102848556,188,0.29795055022628614
g__Clostridium|s__Clostridium_sp_AF34_10BH,Clostridium sp AF34 10BH,ALL,disease,-1.3978186101991723,0.005171980974284535,188,0.047030189688442275
g__Clostridium|s__Clostridium_sp_AF34_10BH,Clostridium sp AF34 10BH,ALL,disease:site[T.Oral],0.9708107766783185,0.373464142680319,188,0.7697781879370909
g__Clostridium|s__Clostridium_sp_AF34_10BH,Clostridium sp AF34 10BH,ALL,ppi_use,0.378023297077323,0.6659021789902433,188,0.9180348186393378
g__Clostridium|s__Clostridium_sp_AF34_10BH,Clostridium sp AF34 10BH,ALL,disease:ppi_use,-0.43001928669627504,0.6776393920480263,188,0.925258670550084
g__Clostridium|s__Clostridium_sp_AF34_10BH,Clostridium sp AF34 10BH,ALL,age,-0.01687039904079397,0.2500723725633099,188,0.660955059642885
g__Clostridium|s__Clostridium_sp_AF34_10BH,Clostridium sp AF34 10BH,ALL,bmi,0.017241642786771875,0.7129572142398972,188,0.927187781393864
g__Clostridium|s__Clostridium_sp_AF34_10BH,Clostridium sp AF34 10BH,ALL,antibiotics_3m,-0.6256554166252881,0.36524370520571703,188,0.7629342144073817
g__Clostridium|s__Clostridium_sp_AF34_10BH,Clostridium sp AF34 10BH,ALL,smoking,1.0063504064135684,0.04178111504637756,188,0.23426791343895403
g__Clostridium|s__Clostridium_sp_AF34_13,Clostridium sp AF34 13,ALL,site[T.Oral],-0.0890496398163587,0.9214880789811716,188,0.985476393880623
g__Clostridium|s__Clostridium_sp_AF34_13,Clostridium sp AF34 13,ALL,sex[T.1],0.01496052826375035,0.9662695569968446,188,0.9927239082804642
g__Clostridium|s__Clostridium_sp_AF34_13,Clostridium sp AF34 13,ALL,disease,0.6593971115645428,0.15725603083773362,188,0.523689438558297
g__Clostridium|s__Clostridium_sp_AF34_13,Clostridium sp AF34 13,ALL,disease:site[T.Oral],-0.758931847867186,0.45920443608443495,188,0.8164015197435531
g__Clostridium|s__Clostridium_sp_AF34_13,Clostridium sp AF34 13,ALL,ppi_use,0.42823759050045496,0.602991320631068,188,0.8941624689967645
g__Clostridium|s__Clostridium_sp_AF34_13,Clostridium sp AF34 13,ALL,disease:ppi_use,-0.8474544301357442,0.38404923748947484,188,0.7768254517108907
g__Clostridium|s__Clostridium_sp_AF34_13,Clostridium sp AF34 13,ALL,age,-0.020797821217429135,0.13210000714650902,188,0.4784374487601408
g__Clostridium|s__Clostridium_sp_AF34_13,Clostridium sp AF34 13,ALL,bmi,0.027829306145132446,0.5278870677227034,188,0.8592275438127481
g__Clostridium|s__Clostridium_sp_AF34_13,Clostridium sp AF34 13,ALL,antibiotics_3m,0.18430930900174244,0.776454557146532,188,0.9533295810446116
g__Clostridium|s__Clostridium_sp_AF34_13,Clostridium sp AF34 13,ALL,smoking,0.724826500125487,0.11805129826735841,188,0.44907844985315415
g__Clostridium|s__Clostridium_sp_AF36_4,Clostridium sp AF36 4,ALL,site[T.Oral],-2.7622061643415905,0.013960339651761614,188,0.10732089407942501
g__Clostridium|s__Clostridium_sp_AF36_4,Clostridium sp AF36 4,ALL,sex[T.1],0.21095428448262715,0.6287853153397254,188,0.9040176460050758
g__Clostridium|s__Clostridium_sp_AF36_4,Clostridium sp AF36 4,ALL,disease,-0.9433011024688448,0.10114171029124142,188,0.4142066932965814
g__Clostridium|s__Clostridium_sp_AF36_4,Clostridium sp AF36 4,ALL,disease:site[T.Oral],0.5979219825207284,0.6361091282660777,188,0.9057684922913966
g__Clostridium|s__Clostridium_sp_AF36_4,Clostridium sp AF36 4,ALL,ppi_use,0.5058126469933019,0.6183150506181491,188,0.9005416148459434
g__Clostridium|s__Clostridium_sp_AF36_4,Clostridium sp AF36 4,ALL,disease:ppi_use,0.024356247752161237,0.9837950173612053,188,0.9971870424559526
g__Clostridium|s__Clostridium_sp_AF36_4,Clostridium sp AF36 4,ALL,age,0.00018323836428106116,0.9913872098910766,188,0.9978824881525563
g__Clostridium|s__Clostridium_sp_AF36_4,Clostridium sp AF36 4,ALL,bmi,-0.034290269023283956,0.5281732700975593,188,0.8592275438127481
g__Clostridium|s__Clostridium_sp_AF36_4,Clostridium sp AF36 4,ALL,antibiotics_3m,0.5163842805154247,0.5190042573879978,188,0.8520603103048983
g__Clostridium|s__Clostridium_sp_AF36_4,Clostridium sp AF36 4,ALL,smoking,0.2347233485594389,0.6804680839590316,188,0.925258670550084
g__Clostridium|s__Clostridium_sp_AM22_11AC,Clostridium sp AM22 11AC,ALL,site[T.Oral],-2.518807823586756,0.018099639638339392,188,0.13056687839230335
g__Clostridium|s__Clostridium_sp_AM22_11AC,Clostridium sp AM22 11AC,ALL,sex[T.1],-0.1760242017005239,0.6707768290265166,188,0.9207769534153591
g__Clostridium|s__Clostridium_sp_AM22_11AC,Clostridium sp AM22 11AC,ALL,disease,2.0553517425441714,0.0002114354599008459,188,0.0028434423917699965
g__Clostridium|s__Clostridium_sp_AM22_11AC,Clostridium sp AM22 11AC,ALL,disease:site[T.Oral],-2.196362915650582,0.06825608745653608,188,0.3258760756237667
g__Clostridium|s__Clostridium_sp_AM22_11AC,Clostridium sp AM22 11AC,ALL,ppi_use,0.2882668785109092,0.7647372316400274,188,0.9528674771233567
g__Clostridium|s__Clostridium_sp_AM22_11AC,Clostridium sp AM22 11AC,ALL,disease:ppi_use,0.1201481471993982,0.9159208236362066,188,0.9849525563205388
g__Clostridium|s__Clostridium_sp_AM22_11AC,Clostridium sp AM22 11AC,ALL,age,-0.006428382757582911,0.6899318250834205,188,0.9270978440450118
g__Clostridium|s__Clostridium_sp_AM22_11AC,Clostridium sp AM22 11AC,ALL,bmi,0.0679044732223332,0.1889272165783855,188,0.579663050865501
g__Clostridium|s__Clostridium_sp_AM22_11AC,Clostridium sp AM22 11AC,ALL,antibiotics_3m,-0.8096204118808263,0.2871939288249804,188,0.6929742272802173
g__Clostridium|s__Clostridium_sp_AM22_11AC,Clostridium sp AM22 11AC,ALL,smoking,0.4543730508244734,0.4012595376947524,188,0.7877364084245057
g__Clostridium|s__Clostridium_sp_AM33_3,Clostridium sp AM33 3,ALL,site[T.Oral],-2.602230076199105,0.0016930396351833223,188,0.018007785210586245
g__Clostridium|s__Clostridium_sp_AM33_3,Clostridium sp AM33 3,ALL,sex[T.1],0.3383002544525105,0.29126439069539284,188,0.6944051688360178
g__Clostridium|s__Clostridium_sp_AM33_3,Clostridium sp AM33 3,ALL,disease,-1.1780796337277755,0.0055928635890214505,188,0.05020703631065292
g__Clostridium|s__Clostridium_sp_AM33_3,Clostridium sp AM33 3,ALL,disease:site[T.Oral],0.9801548664408696,0.29105941562472426,188,0.6944051688360178
g__Clostridium|s__Clostridium_sp_AM33_3,Clostridium sp AM33 3,ALL,ppi_use,-0.03088487859217125,0.9669138344853486,188,0.9927239082804642
g__Clostridium|s__Clostridium_sp_AM33_3,Clostridium sp AM33 3,ALL,disease:ppi_use,0.14383005393480247,0.8701459961325915,188,0.9702072574413584
g__Clostridium|s__Clostridium_sp_AM33_3,Clostridium sp AM33 3,ALL,age,-0.01046392391903319,0.4012742730094063,188,0.7877364084245057
g__Clostridium|s__Clostridium_sp_AM33_3,Clostridium sp AM33 3,ALL,bmi,0.0580844340840493,0.1462764959808469,188,0.5009078057490465
g__Clostridium|s__Clostridium_sp_AM33_3,Clostridium sp AM33 3,ALL,antibiotics_3m,-0.8132037573463095,0.16720206361332238,188,0.5395032259374061
g__Clostridium|s__Clostridium_sp_AM33_3,Clostridium sp AM33 3,ALL,smoking,-0.14390628087254387,0.7307311066008966,188,0.9346823348521714
g__Clostridium|s__Clostridium_sp_AM49_4BH,Clostridium sp AM49 4BH,ALL,site[T.Oral],-2.353803955577321,0.03281719931877961,188,0.2006766021061262
g__Clostridium|s__Clostridium_sp_AM49_4BH,Clostridium sp AM49 4BH,ALL,sex[T.1],-0.275323974411433,0.52131051391202,188,0.8541122267837362
g__Clostridium|s__Clostridium_sp_AM49_4BH,Clostridium sp AM49 4BH,ALL,disease,0.20420092203480425,0.717267717696871,188,0.9279113657566306
g__Clostridium|s__Clostridium_sp_AM49_4BH,Clostridium sp AM49 4BH,ALL,disease:site[T.Oral],-0.02340674887665144,0.9849707909386859,188,0.9971870424559526
g__Clostridium|s__Clostridium_sp_AM49_4BH,Clostridium sp AM49 4BH,ALL,ppi_use,1.9347166629946198,0.05384700107826963,188,0.2747136246871023
g__Clostridium|s__Clostridium_sp_AM49_4BH,Clostridium sp AM49 4BH,ALL,disease:ppi_use,-1.194216565461544,0.31198964073970287,188,0.7124168212602863
g__Clostridium|s__Clostridium_sp_AM49_4BH,Clostridium sp AM49 4BH,ALL,age,0.003115356577402008,0.8519866252121272,188,0.966630658569333
g__Clostridium|s__Clostridium_sp_AM49_4BH,Clostridium sp AM49 4BH,ALL,bmi,0.03593655107526278,0.5015389103772621,188,0.8427853248565254
g__Clostridium|s__Clostridium_sp_AM49_4BH,Clostridium sp AM49 4BH,ALL,antibiotics_3m,-1.0448798422952628,0.1854479225621854,188,0.5755280355378167
g__Clostridium|s__Clostridium_sp_AM49_4BH,Clostridium sp AM49 4BH,ALL,smoking,0.4756601514781947,0.3965340486348341,188,0.7854010102745658
g__Collinsella|s__Collinsella_SGB14861,Collinsella SGB14861,ALL,site[T.Oral],-4.626007877593754,1.8594089916298137e-06,188,3.816681614398039e-05
g__Collinsella|s__Collinsella_SGB14861,Collinsella SGB14861,ALL,sex[T.1],0.10497203291190865,0.7753208068707962,188,0.9530040787506285
g__Collinsella|s__Collinsella_SGB14861,Collinsella SGB14861,ALL,disease,-1.4211561634941028,0.0036626575396502244,188,0.03465209693846978
g__Collinsella|s__Collinsella_SGB14861,Collinsella SGB14861,ALL,disease:site[T.Oral],0.8240869174270368,0.4394353424032207,188,0.802956023653864
g__Collinsella|s__Collinsella_SGB14861,Collinsella SGB14861,ALL,ppi_use,0.6878041817217889,0.42184393839175294,188,0.7969027112258336
g__Collinsella|s__Collinsella_SGB14861,Collinsella SGB14861,ALL,disease:ppi_use,0.5968714738176795,0.5550891448365339,188,0.8758695078859897
g__Collinsella|s__Collinsella_SGB14861,Collinsella SGB14861,ALL,age,-0.010767168151009735,0.45215468096138633,188,0.8113818661423651
g__Collinsella|s__Collinsella_SGB14861,Collinsella SGB14861,ALL,bmi,-0.00535192321558393,0.906977909066798,188,0.9819532575029183
g__Collinsella|s__Collinsella_SGB14861,Collinsella SGB14861,ALL,antibiotics_3m,-0.28239713027531665,0.6755899985099234,188,0.9240751655174967
g__Collinsella|s__Collinsella_SGB14861,Collinsella SGB14861,ALL,smoking,0.047375137830199164,0.9214385086483922,188,0.985476393880623
g__Collinsella|s__Collinsella_aerofaciens,Collinsella aerofaciens,ALL,site[T.Oral],-5.842101377300325,5.023040071253384e-07,188,1.122985391726075e-05
g__Collinsella|s__Collinsella_aerofaciens,Collinsella aerofaciens,ALL,sex[T.1],0.0521134190170899,0.9055128724470642,188,0.9819532575029183
g__Collinsella|s__Collinsella_aerofaciens,Collinsella aerofaciens,ALL,disease,0.22135486880238933,0.7012688836362262,188,0.9271017907425374
g__Collinsella|s__Collinsella_aerofaciens,Collinsella aerofaciens,ALL,disease:site[T.Oral],-0.6847340580168109,0.5903505910986402,188,0.889404195757805
g__Collinsella|s__Collinsella_aerofaciens,Collinsella aerofaciens,ALL,ppi_use,0.3011627078815429,0.7681276124293033,188,0.9530040787506285
g__Collinsella|s__Collinsella_aerofaciens,Collinsella aerofaciens,ALL,disease:ppi_use,0.7487966885312505,0.5351834397800013,188,0.8648089894010871
g__Collinsella|s__Collinsella_aerofaciens,Collinsella aerofaciens,ALL,age,0.0039950085988957225,0.815119096918241,188,0.9624650582098098
g__Collinsella|s__Collinsella_aerofaciens,Collinsella aerofaciens,ALL,bmi,0.037933267785388115,0.48813932399752546,188,0.8328159395902756
g__Collinsella|s__Collinsella_aerofaciens,Collinsella aerofaciens,ALL,antibiotics_3m,-0.6798295275926708,0.39910618980254664,188,0.785677356257397
g__Collinsella|s__Collinsella_aerofaciens,Collinsella aerofaciens,ALL,smoking,1.1719629947325596,0.04219029510547639,188,0.23543392022292867
g__Collinsella|s__Collinsella_bouchesdurhonensis,Collinsella bouchesdurhonensis,ALL,site[T.Oral],0.31502463876887316,0.7005611692023759,188,0.9271017907425374
g__Collinsella|s__Collinsella_bouchesdurhonensis,Collinsella bouchesdurhonensis,ALL,sex[T.1],-0.47582097723008193,0.13910720607365148,188,0.4922311168469202
g__Collinsella|s__Collinsella_bouchesdurhonensis,Collinsella bouchesdurhonensis,ALL,disease,0.757764802053203,0.0734574658063256,188,0.34225216369352074
g__Collinsella|s__Collinsella_bouchesdurhonensis,Collinsella bouchesdurhonensis,ALL,disease:site[T.Oral],-0.7568685086551749,0.4155498278615044,188,0.7964367730022324
g__Collinsella|s__Collinsella_bouchesdurhonensis,Collinsella bouchesdurhonensis,ALL,ppi_use,-0.08005558576119394,0.9145513221562691,188,0.9846856260026088
g__Collinsella|s__Collinsella_bouchesdurhonensis,Collinsella bouchesdurhonensis,ALL,disease:ppi_use,0.04875477419450277,0.9558963727643712,188,0.9901360434179493
g__Collinsella|s__Collinsella_bouchesdurhonensis,Collinsella bouchesdurhonensis,ALL,age,0.013500491317088982,0.2801242599928604,188,0.689164115513143
g__Collinsella|s__Collinsella_bouchesdurhonensis,Collinsella bouchesdurhonensis,ALL,bmi,-0.0193506719941678,0.6281628125840646,188,0.9040176460050758
g__Collinsella|s__Collinsella_bouchesdurhonensis,Collinsella bouchesdurhonensis,ALL,antibiotics_3m,-0.09388922469285045,0.8732130694480592,188,0.9719154695303878
g__Collinsella|s__Collinsella_bouchesdurhonensis,Collinsella bouchesdurhonensis,ALL,smoking,-0.5250083028639787,0.21112479563536318,188,0.6124552213711689
g__Coprobacter|s__Coprobacter_fastidiosus,Coprobacter fastidiosus,ALL,site[T.Oral],-2.0267338939562967,0.08114689887907837,188,0.36099570984228785
g__Coprobacter|s__Coprobacter_fastidiosus,Coprobacter fastidiosus,ALL,sex[T.1],0.8794666092850061,0.05349716524254946,188,0.2741241605859104
g__Coprobacter|s__Coprobacter_fastidiosus,Coprobacter fastidiosus,ALL,disease,-0.3305513469028195,0.5789218485740264,188,0.886182158087585
g__Coprobacter|s__Coprobacter_fastidiosus,Coprobacter fastidiosus,ALL,disease:site[T.Oral],0.6634797288527597,0.6132275161342595,188,0.8987175706184763
g__Coprobacter|s__Coprobacter_fastidiosus,Coprobacter fastidiosus,ALL,ppi_use,1.045470964234471,0.3219369602523187,188,0.7223874267055533
g__Coprobacter|s__Coprobacter_fastidiosus,Coprobacter fastidiosus,ALL,disease:ppi_use,-1.8590127835821828,0.13676608486451297,188,0.48746906195615236
g__Coprobacter|s__Coprobacter_fastidiosus,Coprobacter fastidiosus,ALL,age,-0.03440523603810782,0.05225155281702439,188,0.27010743797902154
g__Coprobacter|s__Coprobacter_fastidiosus,Coprobacter fastidiosus,ALL,bmi,0.1137439411452556,0.04504160687211108,188,0.24702506268923421
g__Coprobacter|s__Coprobacter_fastidiosus,Coprobacter fastidiosus,ALL,antibiotics_3m,-0.4791707625095838,0.5644679531399321,188,0.8796730711254975
g__Coprobacter|s__Coprobacter_fastidiosus,Coprobacter fastidiosus,ALL,smoking,0.016943652105324346,0.9771605521748675,188,0.9942906156920523
g__Coprococcus|s__Coprococcus_SGB4669,Coprococcus SGB4669,ALL,site[T.Oral],0.6833498257377418,0.29100010116257435,188,0.6944051688360178
g__Coprococcus|s__Coprococcus_SGB4669,Coprococcus SGB4669,ALL,sex[T.1],0.12211020248882495,0.6294641386998305,188,0.9040176460050758
g__Coprococcus|s__Coprococcus_SGB4669,Coprococcus SGB4669,ALL,disease,0.25597409451017356,0.44172931835966545,188,0.802956023653864
g__Coprococcus|s__Coprococcus_SGB4669,Coprococcus SGB4669,ALL,disease:site[T.Oral],-0.6615826264276234,0.3671213356507316,188,0.7629342144073817
g__Coprococcus|s__Coprococcus_SGB4669,Coprococcus SGB4669,ALL,ppi_use,0.21729792302328693,0.7120498540827043,188,0.927187781393864
g__Coprococcus|s__Coprococcus_SGB4669,Coprococcus SGB4669,ALL,disease:ppi_use,-0.2468145752130925,0.7227307575794824,188,0.9296938094529137
g__Coprococcus|s__Coprococcus_SGB4669,Coprococcus SGB4669,ALL,age,0.0046789745846397696,0.6347165539172539,188,0.9056321561990085
g__Coprococcus|s__Coprococcus_SGB4669,Coprococcus SGB4669,ALL,bmi,-0.07711179343503494,0.015233749720587232,188,0.11425312290440424
g__Coprococcus|s__Coprococcus_SGB4669,Coprococcus SGB4669,ALL,antibiotics_3m,0.09268977321700464,0.8417268116433495,188,0.9647128620860638
g__Coprococcus|s__Coprococcus_SGB4669,Coprococcus SGB4669,ALL,smoking,0.37920808419345453,0.2520983930756259,188,0.660955059642885
g__Coprococcus|s__Coprococcus_catus,Coprococcus catus,ALL,site[T.Oral],-1.6908157162980089,0.0736010693982842,188,0.34225216369352074
g__Coprococcus|s__Coprococcus_catus,Coprococcus catus,ALL,sex[T.1],0.24148874870761994,0.512379375632806,188,0.8487046172410326
g__Coprococcus|s__Coprococcus_catus,Coprococcus catus,ALL,disease,1.8097003393961175,0.0002449954441249029,188,0.0032294133668813504
g__Coprococcus|s__Coprococcus_catus,Coprococcus catus,ALL,disease:site[T.Oral],-2.121250425356556,0.048006146033426976,188,0.25530541299595255
g__Coprococcus|s__Coprococcus_catus,Coprococcus catus,ALL,ppi_use,-0.8324364373049186,0.3320400134053981,188,0.7302383753464583
g__Coprococcus|s__Coprococcus_catus,Coprococcus catus,ALL,disease:ppi_use,0.5839132264529986,0.5643877009202745,188,0.8796730711254975
g__Coprococcus|s__Coprococcus_catus,Coprococcus catus,ALL,age,-0.022429986652208713,0.11892332000276519,188,0.4498657491241549
g__Coprococcus|s__Coprococcus_catus,Coprococcus catus,ALL,bmi,0.06748898787153683,0.14251713989164608,188,0.49804750009843146
g__Coprococcus|s__Coprococcus_catus,Coprococcus catus,ALL,antibiotics_3m,-0.07129426993378159,0.9159864727891676,188,0.9849525563205388
g__Coprococcus|s__Coprococcus_catus,Coprococcus catus,ALL,smoking,-0.19787419538883347,0.6809979563381439,188,0.925258670550084
g__Coprococcus|s__Coprococcus_comes,Coprococcus comes,ALL,site[T.Oral],-3.787701225327291,7.208131463271435e-05,188,0.0010675333939275415
g__Coprococcus|s__Coprococcus_comes,Coprococcus comes,ALL,sex[T.1],-0.1381508922894408,0.7053879409731827,188,0.9271017907425374
g__Coprococcus|s__Coprococcus_comes,Coprococcus comes,ALL,disease,1.473346743245852,0.0024530532656197343,188,0.024530532656197344
g__Coprococcus|s__Coprococcus_comes,Coprococcus comes,ALL,disease:site[T.Oral],-1.8729144656234575,0.07801154650573161,188,0.3551498420688948
g__Coprococcus|s__Coprococcus_comes,Coprococcus comes,ALL,ppi_use,0.6058073087340278,0.4763222331056237,188,0.8280438851955265
g__Coprococcus|s__Coprococcus_comes,Coprococcus comes,ALL,disease:ppi_use,0.5664118994290449,0.5729462577401763,188,0.8840096471943579
g__Coprococcus|s__Coprococcus_comes,Coprococcus comes,ALL,age,-0.019098617257206546,0.18026076059039897,188,0.562913940989591
g__Coprococcus|s__Coprococcus_comes,Coprococcus comes,ALL,bmi,0.09953372018961307,0.02979493635834274,188,0.1869148659040904
g__Coprococcus|s__Coprococcus_comes,Coprococcus comes,ALL,antibiotics_3m,-0.6868509138241146,0.30619466229252496,188,0.706310629285552
g__Coprococcus|s__Coprococcus_comes,Coprococcus comes,ALL,smoking,1.1017646966074184,0.021937799093980706,188,0.15010073064302587
g__Coprococcus|s__Coprococcus_eutactus,Coprococcus eutactus,ALL,site[T.Oral],-2.8062885553945627,0.013347112749415605,188,0.10387664246219241
g__Coprococcus|s__Coprococcus_eutactus,Coprococcus eutactus,ALL,sex[T.1],-0.03257487690692312,0.9410172980869241,188,0.9884841913900583
g__Coprococcus|s__Coprococcus_eutactus,Coprococcus eutactus,ALL,disease,-1.8636774110716863,0.0014954519843771688,188,0.016003159954767872
g__Coprococcus|s__Coprococcus_eutactus,Coprococcus eutactus,ALL,disease:site[T.Oral],1.9775342358658519,0.12215809987730422,188,0.45809287453989084
g__Coprococcus|s__Coprococcus_eutactus,Coprococcus eutactus,ALL,ppi_use,1.027033915971095,0.3166695287330203,188,0.7167187813531475
g__Coprococcus|s__Coprococcus_eutactus,Coprococcus eutactus,ALL,disease:ppi_use,-0.7109922222210756,0.5570686165186162,188,0.8764279892336811
g__Coprococcus|s__Coprococcus_eutactus,Coprococcus eutactus,ALL,age,0.02103613750115042,0.2204605692540048,188,0.6270799012006134
g__Coprococcus|s__Coprococcus_eutactus,Coprococcus eutactus,ALL,bmi,-0.052533017009824726,0.3386489900396037,188,0.7360111176712131
g__Coprococcus|s__Coprococcus_eutactus,Coprococcus eutactus,ALL,antibiotics_3m,-0.030493598430512647,0.9698829163908037,188,0.9933594342500183
g__Coprococcus|s__Coprococcus_eutactus,Coprococcus eutactus,ALL,smoking,-0.5835266441153009,0.3109646340936149,188,0.7119933892163003
g__Corynebacterium|s__Corynebacterium_matruchotii,Corynebacterium matruchotii,ALL,site[T.Oral],3.8402899621224638,5.188990509255872e-09,188,1.6261925613828672e-07
g__Corynebacterium|s__Corynebacterium_matruchotii,Corynebacterium matruchotii,ALL,sex[T.1],-0.05093497608313792,0.8353946473237075,188,0.9647128620860638
g__Corynebacterium|s__Corynebacterium_matruchotii,Corynebacterium matruchotii,ALL,disease,0.8002117635277993,0.013776037380492972,188,0.10667440805302565
g__Corynebacterium|s__Corynebacterium_matruchotii,Corynebacterium matruchotii,ALL,disease:site[T.Oral],-0.2989135924538435,0.6737707805798652,188,0.9224248310089421
g__Corynebacterium|s__Corynebacterium_matruchotii,Corynebacterium matruchotii,ALL,ppi_use,-1.0356459745473259,0.07064737493189935,188,0.3326486252453546
g__Corynebacterium|s__Corynebacterium_matruchotii,Corynebacterium matruchotii,ALL,disease:ppi_use,0.7825313627649225,0.24639640460389123,188,0.6579765868779979
g__Corynebacterium|s__Corynebacterium_matruchotii,Corynebacterium matruchotii,ALL,age,0.014907784589677706,0.11933256657035032,188,0.45086900824750226
g__Corynebacterium|s__Corynebacterium_matruchotii,Corynebacterium matruchotii,ALL,bmi,-0.004060660658036557,0.8941854711644825,188,0.9782058559459991
g__Corynebacterium|s__Corynebacterium_matruchotii,Corynebacterium matruchotii,ALL,antibiotics_3m,0.3329055519095983,0.45945486692606097,188,0.8164015197435531
g__Corynebacterium|s__Corynebacterium_matruchotii,Corynebacterium matruchotii,ALL,smoking,0.028734791244838902,0.9284918206886099,188,0.9884762786220871
g__Cutibacterium|s__Cutibacterium_acnes,Cutibacterium acnes,ALL,site[T.Oral],6.516385171042659,6.188825572878714e-28,188,1.357673610050268e-25
g__Cutibacterium|s__Cutibacterium_acnes,Cutibacterium acnes,ALL,sex[T.1],-0.18368707585947505,0.3458562121466162,188,0.7446612872392977
g__Cutibacterium|s__Cutibacterium_acnes,Cutibacterium acnes,ALL,disease,0.7085916349521418,0.006119298063291507,188,0.054239232833720175
g__Cutibacterium|s__Cutibacterium_acnes,Cutibacterium acnes,ALL,disease:site[T.Oral],-5.178834297585594,9.819929732837439e-17,188,6.5033874268413984e-15
g__Cutibacterium|s__Cutibacterium_acnes,Cutibacterium acnes,ALL,ppi_use,-1.6144184265787944,0.00045850131335893027,188,0.0056270615730414164
g__Cutibacterium|s__Cutibacterium_acnes,Cutibacterium acnes,ALL,disease:ppi_use,1.1342155907726494,0.03513819777788698,188,0.20935697123359456
g__Cutibacterium|s__Cutibacterium_acnes,Cutibacterium acnes,ALL,age,0.0073992323814034274,0.3292053366487282,188,0.7284249402501763
g__Cutibacterium|s__Cutibacterium_acnes,Cutibacterium acnes,ALL,bmi,0.002550817982840388,0.9161889066427433,188,0.9849525563205388
g__Cutibacterium|s__Cutibacterium_acnes,Cutibacterium acnes,ALL,antibiotics_3m,0.25805309545082095,0.47015155856902746,188,0.8243864798166198
g__Cutibacterium|s__Cutibacterium_acnes,Cutibacterium acnes,ALL,smoking,0.4235783546561272,0.0969787875383639,188,0.4047509444228981
g__Desulfovibrio|s__Desulfovibrio_SGB5077,Desulfovibrio SGB5077,ALL,site[T.Oral],0.3044474936310447,0.7490538289922756,188,0.9429205646864637
g__Desulfovibrio|s__Desulfovibrio_SGB5077,Desulfovibrio SGB5077,ALL,sex[T.1],0.016068293906472235,0.9656034358605472,188,0.9927239082804642
g__Desulfovibrio|s__Desulfovibrio_SGB5077,Desulfovibrio SGB5077,ALL,disease,1.1156001224045653,0.02370310619543192,188,0.1590782079272773
g__Desulfovibrio|s__Desulfovibrio_SGB5077,Desulfovibrio SGB5077,ALL,disease:site[T.Oral],-1.44717190297893,0.18100035061239655,188,0.5647210939106773
g__Desulfovibrio|s__Desulfovibrio_SGB5077,Desulfovibrio SGB5077,ALL,ppi_use,0.23634618465328275,0.7851491728350486,188,0.9564616781924473
g__Desulfovibrio|s__Desulfovibrio_SGB5077,Desulfovibrio SGB5077,ALL,disease:ppi_use,-0.13162606975261595,0.8977527420414784,188,0.9798007144700099
g__Desulfovibrio|s__Desulfovibrio_SGB5077,Desulfovibrio SGB5077,ALL,age,0.006174707849122797,0.6702959493411162,188,0.9204768318416737
g__Desulfovibrio|s__Desulfovibrio_SGB5077,Desulfovibrio SGB5077,ALL,bmi,-0.02896976445069183,0.5326937078365337,188,0.8624330786467865
g__Desulfovibrio|s__Desulfovibrio_SGB5077,Desulfovibrio SGB5077,ALL,antibiotics_3m,-1.2831823581741097,0.06177966630200453,188,0.30455987179780325
g__Desulfovibrio|s__Desulfovibrio_SGB5077,Desulfovibrio SGB5077,ALL,smoking,0.19224563132821926,0.6929307086064452,188,0.9270978440450118
g__Desulfovibrio|s__Desulfovibrio_piger,Desulfovibrio piger,ALL,site[T.Oral],-0.8828719133784516,0.49119502361505796,188,0.8340017533498287
g__Desulfovibrio|s__Desulfovibrio_piger,Desulfovibrio piger,ALL,sex[T.1],0.14310014736459456,0.7755539688080353,188,0.9530040787506285
g__Desulfovibrio|s__Desulfovibrio_piger,Desulfovibrio piger,ALL,disease,-0.5193828588743872,0.4313404101234801,188,0.8001727273957875
g__Desulfovibrio|s__Desulfovibrio_piger,Desulfovibrio piger,ALL,disease:site[T.Oral],0.2711307719974048,0.8520171916852366,188,0.966630658569333
g__Desulfovibrio|s__Desulfovibrio_piger,Desulfovibrio piger,ALL,ppi_use,-0.9156433222212165,0.43328094215053026,188,0.8003799922454224
g__Desulfovibrio|s__Desulfovibrio_piger,Desulfovibrio piger,ALL,disease:ppi_use,0.1901724934942586,0.8903599430746553,188,0.9762102298249066
g__Desulfovibrio|s__Desulfovibrio_piger,Desulfovibrio piger,ALL,age,0.06087453336934035,0.0021008774006117618,188,0.021624867085475907
g__Desulfovibrio|s__Desulfovibrio_piger,Desulfovibrio piger,ALL,bmi,-0.15808977248319708,0.012180828528304372,188,0.09645170150638817
g__Desulfovibrio|s__Desulfovibrio_piger,Desulfovibrio piger,ALL,antibiotics_3m,-0.44903141903489724,0.6258587698220994,188,0.9040176460050758
g__Desulfovibrio|s__Desulfovibrio_piger,Desulfovibrio piger,ALL,smoking,0.4151120619334871,0.5268154026340655,188,0.8590128437942498
g__Dialister|s__Dialister_invisus,Dialister invisus,ALL,site[T.Oral],0.8204233207740255,0.605604698265008,188,0.8953028721255127
g__Dialister|s__Dialister_invisus,Dialister invisus,ALL,sex[T.1],0.0840992137277254,0.8924355156229852,188,0.9773630763920992
g__Dialister|s__Dialister_invisus,Dialister invisus,ALL,disease,2.4469074249244027,0.0031053690302911587,188,0.03011006987934245
g__Dialister|s__Dialister_invisus,Dialister invisus,ALL,disease:site[T.Oral],-2.4499471413303406,0.17487362596823172,188,0.5554809295461478
g__Dialister|s__Dialister_invisus,Dialister invisus,ALL,ppi_use,1.9694504281515413,0.17457585215665672,188,0.5550373560415445
g__Dialister|s__Dialister_invisus,Dialister invisus,ALL,disease:ppi_use,-3.4195643718797486,0.04670026789908134,188,0.2521814466550392
g__Dialister|s__Dialister_invisus,Dialister invisus,ALL,age,-0.029302338758633823,0.2269321904285449,188,0.6346132545401056
g__Dialister|s__Dialister_invisus,Dialister invisus,ALL,bmi,0.006230239412310657,0.9358922165177844,188,0.9884841913900583
g__Dialister|s__Dialister_invisus,Dialister invisus,ALL,antibiotics_3m,-0.6553641948162743,0.5658738104838963,188,0.8796730711254975
g__Dialister|s__Dialister_invisus,Dialister invisus,ALL,smoking,-0.7125301375236875,0.3809623205748528,188,0.7763749954342207
g__Dorea|s__Dorea_formicigenerans,Dorea formicigenerans,ALL,site[T.Oral],-1.2935806090381776,0.1667125101937353,188,0.5388222014548903
g__Dorea|s__Dorea_formicigenerans,Dorea formicigenerans,ALL,sex[T.1],-0.39152775387058136,0.2845919795713545,188,0.6898917862406205
g__Dorea|s__Dorea_formicigenerans,Dorea formicigenerans,ALL,disease,3.4697188034867312,1.3317942315808948e-11,188,5.993074042114027e-10
g__Dorea|s__Dorea_formicigenerans,Dorea formicigenerans,ALL,disease:site[T.Oral],-4.193043939771712,0.00010475558640938495,188,0.0014946833670607365
g__Dorea|s__Dorea_formicigenerans,Dorea formicigenerans,ALL,ppi_use,0.4402932703282668,0.6045385386800013,188,0.8949167501083097
g__Dorea|s__Dorea_formicigenerans,Dorea formicigenerans,ALL,disease:ppi_use,0.6399920506945324,0.5241547467317251,188,0.8573080899479754
g__Dorea|s__Dorea_formicigenerans,Dorea formicigenerans,ALL,age,-0.03478716141550134,0.01523159496912857,188,0.11425312290440424
g__Dorea|s__Dorea_formicigenerans,Dorea formicigenerans,ALL,bmi,0.01940792660441592,0.6697675110029102,188,0.9204768318416737
g__Dorea|s__Dorea_formicigenerans,Dorea formicigenerans,ALL,antibiotics_3m,-0.19463731512404342,0.7715128915704528,188,0.9530040787506285
g__Dorea|s__Dorea_formicigenerans,Dorea formicigenerans,ALL,smoking,0.21400914661165465,0.6538957735029756,188,0.9140271821073853
g__Dorea|s__Dorea_longicatena,Dorea longicatena,ALL,site[T.Oral],-3.5998605219721025,0.00025214082699639783,188,0.003277830750953172
g__Dorea|s__Dorea_longicatena,Dorea longicatena,ALL,sex[T.1],-0.5499684260249519,0.1467233092696267,188,0.5018358431892525
g__Dorea|s__Dorea_longicatena,Dorea longicatena,ALL,disease,2.5970162909848797,4.575947489256573e-07,188,1.0429594602136736e-05
g__Dorea|s__Dorea_longicatena,Dorea longicatena,ALL,disease:site[T.Oral],-2.971803092692557,0.00718651728477294,188,0.062283149801365484
g__Dorea|s__Dorea_longicatena,Dorea longicatena,ALL,ppi_use,0.8944893141792701,0.3095861083956439,188,0.7097630571317505
g__Dorea|s__Dorea_longicatena,Dorea longicatena,ALL,disease:ppi_use,-0.0803834595119023,0.9383136428949672,188,0.9884841913900583
g__Dorea|s__Dorea_longicatena,Dorea longicatena,ALL,age,-0.018841127447128916,0.20108618298915154,188,0.5986412231694351
g__Dorea|s__Dorea_longicatena,Dorea longicatena,ALL,bmi,0.035634095281812606,0.4492875567874015,188,0.8087176022173227
g__Dorea|s__Dorea_longicatena,Dorea longicatena,ALL,antibiotics_3m,-0.8415495924731052,0.2256966572619914,188,0.6332496139005513
g__Dorea|s__Dorea_longicatena,Dorea longicatena,ALL,smoking,0.777983013953518,0.11624442714250924,188,0.4464967387532871
g__Dorea|s__Dorea_sp_AF24_7LB,Dorea sp AF24 7LB,ALL,site[T.Oral],0.8634757214629595,0.29564529998650174,188,0.6985384439123523
g__Dorea|s__Dorea_sp_AF24_7LB,Dorea sp AF24 7LB,ALL,sex[T.1],0.171754097577681,0.5948161841280504,188,0.889404195757805
g__Dorea|s__Dorea_sp_AF24_7LB,Dorea sp AF24 7LB,ALL,disease,4.239919232640753,5.666651856037506e-19,188,4.972487003672911e-17
g__Dorea|s__Dorea_sp_AF24_7LB,Dorea sp AF24 7LB,ALL,disease:site[T.Oral],-3.968935633458225,3.429953368534087e-05,188,0.00053270514705994
g__Dorea|s__Dorea_sp_AF24_7LB,Dorea sp AF24 7LB,ALL,ppi_use,0.530822451784338,0.47996993755307094,188,0.8303334859234778
g__Dorea|s__Dorea_sp_AF24_7LB,Dorea sp AF24 7LB,ALL,disease:ppi_use,-1.3324697449972598,0.13442788025042635,188,0.4829681446583817
g__Dorea|s__Dorea_sp_AF24_7LB,Dorea sp AF24 7LB,ALL,age,-0.026666329009314326,0.03489545737975786,188,0.20935697123359456
g__Dorea|s__Dorea_sp_AF24_7LB,Dorea sp AF24 7LB,ALL,bmi,0.07236996769954902,0.07314406499149331,188,0.34140381398954994
g__Dorea|s__Dorea_sp_AF24_7LB,Dorea sp AF24 7LB,ALL,antibiotics_3m,-0.037674957933237344,0.9492733077739455,188,0.9889716762650341
g__Dorea|s__Dorea_sp_AF24_7LB,Dorea sp AF24 7LB,ALL,smoking,-0.3637639699308017,0.38880496091346683,188,0.7793863008602334
g__Dorea|s__Dorea_sp_AF36_15AT,Dorea sp AF36 15AT,ALL,site[T.Oral],0.8101957869752925,0.3114564460179743,188,0.7124168212602863
g__Dorea|s__Dorea_sp_AF36_15AT,Dorea sp AF36 15AT,ALL,sex[T.1],0.1214543187069369,0.6980317457957307,188,0.9271017907425374
g__Dorea|s__Dorea_sp_AF36_15AT,Dorea sp AF36 15AT,ALL,disease,3.9284566779488874,9.797973423704813e-18,188,7.642419270489755e-16
g__Dorea|s__Dorea_sp_AF36_15AT,Dorea sp AF36 15AT,ALL,disease:site[T.Oral],-4.693142520072985,5.85498856353916e-07,188,1.2925163432718523e-05
g__Dorea|s__Dorea_sp_AF36_15AT,Dorea sp AF36 15AT,ALL,ppi_use,0.12415306407013585,0.8646142664264915,188,0.9677283402924061
g__Dorea|s__Dorea_sp_AF36_15AT,Dorea sp AF36 15AT,ALL,disease:ppi_use,0.7551504041434813,0.3806167346824044,188,0.7763749954342207
g__Dorea|s__Dorea_sp_AF36_15AT,Dorea sp AF36 15AT,ALL,age,-0.025742945311634364,0.03568273756249484,188,0.211301380779571
g__Dorea|s__Dorea_sp_AF36_15AT,Dorea sp AF36 15AT,ALL,bmi,0.004346428040606943,0.9112187461055149,188,0.9841162457939561
g__Dorea|s__Dorea_sp_AF36_15AT,Dorea sp AF36 15AT,ALL,antibiotics_3m,0.11416290231254894,0.842405308421617,188,0.9647128620860638
g__Dorea|s__Dorea_sp_AF36_15AT,Dorea sp AF36 15AT,ALL,smoking,0.46836706140816475,0.25283329623375744,188,0.660955059642885
g__Dysosmobacter|s__Dysosmobacter_sp_BX15,Dysosmobacter sp BX15,ALL,site[T.Oral],-6.220843400018949,1.3315853340220165e-06,188,2.8155810376007703e-05
g__Dysosmobacter|s__Dysosmobacter_sp_BX15,Dysosmobacter sp BX15,ALL,sex[T.1],0.13252352378764212,0.7856464041471758,188,0.9564616781924473
g__Dysosmobacter|s__Dysosmobacter_sp_BX15,Dysosmobacter sp BX15,ALL,disease,-3.4382718316830756,2.3606872885004572e-07,188,5.714491298370073e-06
g__Dysosmobacter|s__Dysosmobacter_sp_BX15,Dysosmobacter sp BX15,ALL,disease:site[T.Oral],3.2221133355349028,0.023394874942007614,188,0.15731036598936154
g__Dysosmobacter|s__Dysosmobacter_sp_BX15,Dysosmobacter sp BX15,ALL,ppi_use,0.04222423204864778,0.9702848991822681,188,0.9933594342500183
g__Dysosmobacter|s__Dysosmobacter_sp_BX15,Dysosmobacter sp BX15,ALL,disease:ppi_use,0.40401908655152197,0.7629473937874418,188,0.9519891049391827
g__Dysosmobacter|s__Dysosmobacter_sp_BX15,Dysosmobacter sp BX15,ALL,age,0.018264976718056426,0.33599855410674906,188,0.7339170230267757
g__Dysosmobacter|s__Dysosmobacter_sp_BX15,Dysosmobacter sp BX15,ALL,bmi,0.003922133266260038,0.9484657125450227,188,0.9889716762650341
g__Dysosmobacter|s__Dysosmobacter_sp_BX15,Dysosmobacter sp BX15,ALL,antibiotics_3m,0.06126881413787519,0.9453519900465649,188,0.9885842329054207
g__Dysosmobacter|s__Dysosmobacter_sp_BX15,Dysosmobacter sp BX15,ALL,smoking,0.9213135639237316,0.14893203918731943,188,0.5061732700539389
g__Dysosmobacter|s__Dysosmobacter_welbionis,Dysosmobacter welbionis,ALL,site[T.Oral],-6.37671014601978,8.902772214933453e-14,188,4.528801518031365e-12
g__Dysosmobacter|s__Dysosmobacter_welbionis,Dysosmobacter welbionis,ALL,sex[T.1],0.5099944283117527,0.10002584547178513,188,0.41207830704925563
g__Dysosmobacter|s__Dysosmobacter_welbionis,Dysosmobacter welbionis,ALL,disease,-1.5167094658953717,0.00024663184342238605,188,0.00323014093437528
g__Dysosmobacter|s__Dysosmobacter_welbionis,Dysosmobacter welbionis,ALL,disease:site[T.Oral],1.276632153031739,0.15473474524174954,188,0.5182432784337223
g__Dysosmobacter|s__Dysosmobacter_welbionis,Dysosmobacter welbionis,ALL,ppi_use,-0.16634618754169786,0.816955805245549,188,0.9624650582098098
g__Dysosmobacter|s__Dysosmobacter_welbionis,Dysosmobacter welbionis,ALL,disease:ppi_use,0.13507280306581534,0.8736163266006762,188,0.9719154695303878
g__Dysosmobacter|s__Dysosmobacter_welbionis,Dysosmobacter welbionis,ALL,age,0.00967882735803412,0.42111553302183435,188,0.7969027112258336
g__Dysosmobacter|s__Dysosmobacter_welbionis,Dysosmobacter welbionis,ALL,bmi,0.031234128647038856,0.41729491579635203,188,0.7964367730022324
g__Dysosmobacter|s__Dysosmobacter_welbionis,Dysosmobacter welbionis,ALL,antibiotics_3m,-1.1346754827499248,0.046471139305637336,188,0.2513308150428152
g__Dysosmobacter|s__Dysosmobacter_welbionis,Dysosmobacter welbionis,ALL,smoking,0.8123793123942028,0.04529228169696784,188,0.24762602610024473
g__Eggerthella|s__Eggerthella_lenta,Eggerthella lenta,ALL,site[T.Oral],0.6208753703299292,0.5882410624005471,188,0.8892016059543154
g__Eggerthella|s__Eggerthella_lenta,Eggerthella lenta,ALL,sex[T.1],0.6076061885949521,0.17697248886018419,188,0.5591120035096727
g__Eggerthella|s__Eggerthella_lenta,Eggerthella lenta,ALL,disease,5.278053836902964,4.441748516150985e-16,188,2.7840245163732067e-14
g__Eggerthella|s__Eggerthella_lenta,Eggerthella lenta,ALL,disease:site[T.Oral],-5.923509493126325,9.395064925101014e-06,188,0.0001632508806292305
g__Eggerthella|s__Eggerthella_lenta,Eggerthella lenta,ALL,ppi_use,-1.1830285153205722,0.2581331823631849,188,0.6691635672782711
g__Eggerthella|s__Eggerthella_lenta,Eggerthella lenta,ALL,disease:ppi_use,0.2933795712145006,0.8120816537254568,188,0.9619360866315004
g__Eggerthella|s__Eggerthella_lenta,Eggerthella lenta,ALL,age,-0.010819564774178425,0.5358592221942937,188,0.8648089894010871
g__Eggerthella|s__Eggerthella_lenta,Eggerthella lenta,ALL,bmi,-0.027114615623755972,0.627785585944199,188,0.9040176460050758
g__Eggerthella|s__Eggerthella_lenta,Eggerthella lenta,ALL,antibiotics_3m,-0.7334652312404685,0.37363475371309196,188,0.7697781879370909
g__Eggerthella|s__Eggerthella_lenta,Eggerthella lenta,ALL,smoking,0.6091772677627738,0.29957493999564166,188,0.7014730082619761
g__Ellagibacter|s__Ellagibacter_isourolithinifaciens,Ellagibacter isourolithinifaciens,ALL,site[T.Oral],-0.4513142898879579,0.6539137836811373,188,0.9140271821073853
g__Ellagibacter|s__Ellagibacter_isourolithinifaciens,Ellagibacter isourolithinifaciens,ALL,sex[T.1],-0.1107974469233627,0.7786049616328439,188,0.9545371525593531
g__Ellagibacter|s__Ellagibacter_isourolithinifaciens,Ellagibacter isourolithinifaciens,ALL,disease,-0.3728790659117152,0.47179714827376884,188,0.8243864798166198
g__Ellagibacter|s__Ellagibacter_isourolithinifaciens,Ellagibacter isourolithinifaciens,ALL,disease:site[T.Oral],-0.4057855285205598,0.7222092024805788,188,0.9296938094529137
g__Ellagibacter|s__Ellagibacter_isourolithinifaciens,Ellagibacter isourolithinifaciens,ALL,ppi_use,-1.6299603101915288,0.07671494614371963,188,0.3506112772974686
g__Ellagibacter|s__Ellagibacter_isourolithinifaciens,Ellagibacter isourolithinifaciens,ALL,disease:ppi_use,2.2970102464478117,0.035103698148756156,188,0.20935697123359456
g__Ellagibacter|s__Ellagibacter_isourolithinifaciens,Ellagibacter isourolithinifaciens,ALL,age,0.03994677521263975,0.009864280581922893,188,0.08146735257070437
g__Ellagibacter|s__Ellagibacter_isourolithinifaciens,Ellagibacter isourolithinifaciens,ALL,bmi,-0.07971528843256259,0.10561716233128629,188,0.4250813494071612
g__Ellagibacter|s__Ellagibacter_isourolithinifaciens,Ellagibacter isourolithinifaciens,ALL,antibiotics_3m,-0.1957928519519026,0.786541230160335,188,0.9564616781924473
g__Ellagibacter|s__Ellagibacter_isourolithinifaciens,Ellagibacter isourolithinifaciens,ALL,smoking,0.2801065372266982,0.5864891627023859,188,0.8886894803473405
g__Enterocloster|s__Enterocloster_SGB14313,Enterocloster SGB14313,ALL,site[T.Oral],-1.7302889574992186,0.10663391070889806,188,0.42535403117637305
g__Enterocloster|s__Enterocloster_SGB14313,Enterocloster SGB14313,ALL,sex[T.1],-0.24621732923347042,0.5563708962627902,188,0.8762553473908831
g__Enterocloster|s__Enterocloster_SGB14313,Enterocloster SGB14313,ALL,disease,-1.7857500036280343,0.0013684168320831367,188,0.014824515680900648
g__Enterocloster|s__Enterocloster_SGB14313,Enterocloster SGB14313,ALL,disease:site[T.Oral],2.215809973332254,0.06871912413866206,188,0.3268348587082708
g__Enterocloster|s__Enterocloster_SGB14313,Enterocloster SGB14313,ALL,ppi_use,0.904184343542544,0.353480253210804,188,0.7546932413442349
g__Enterocloster|s__Enterocloster_SGB14313,Enterocloster SGB14313,ALL,disease:ppi_use,-0.9823310237500775,0.3935036938772136,188,0.7821053032327406
g__Enterocloster|s__Enterocloster_SGB14313,Enterocloster SGB14313,ALL,age,0.016919047424474316,0.2994195272036288,188,0.7014730082619761
g__Enterocloster|s__Enterocloster_SGB14313,Enterocloster SGB14313,ALL,bmi,-0.02016238940849984,0.6988511666269339,188,0.9271017907425374
g__Enterocloster|s__Enterocloster_SGB14313,Enterocloster SGB14313,ALL,antibiotics_3m,1.0903393216868675,0.15660428247294703,188,0.5230076417507555
g__Enterocloster|s__Enterocloster_SGB14313,Enterocloster SGB14313,ALL,smoking,-0.6160242163809854,0.2605011184899831,188,0.6704424416651678
g__Enterocloster|s__Enterocloster_aldenensis,Enterocloster aldenensis,ALL,site[T.Oral],1.3185218779450547,0.11358727071893089,188,0.44103022148611437
g__Enterocloster|s__Enterocloster_aldenensis,Enterocloster aldenensis,ALL,sex[T.1],0.09699472027055477,0.7654904939978069,188,0.9530040787506285
g__Enterocloster|s__Enterocloster_aldenensis,Enterocloster aldenensis,ALL,disease,4.216138490205211,1.292004680730732e-18,188,1.0797467688963975e-16
g__Enterocloster|s__Enterocloster_aldenensis,Enterocloster aldenensis,ALL,disease:site[T.Oral],-4.268568829376024,1.0384015769451704e-05,188,0.00017866615368027195
g__Enterocloster|s__Enterocloster_aldenensis,Enterocloster aldenensis,ALL,ppi_use,-0.8592070514023792,0.2568727848788608,188,0.667374888915471
g__Enterocloster|s__Enterocloster_aldenensis,Enterocloster aldenensis,ALL,disease:ppi_use,-0.024561686254532786,0.978076762693742,188,0.9942906156920523
g__Enterocloster|s__Enterocloster_aldenensis,Enterocloster aldenensis,ALL,age,0.019044588203091063,0.13350359510986973,188,0.4811063848415223
g__Enterocloster|s__Enterocloster_aldenensis,Enterocloster aldenensis,ALL,bmi,-0.029401442976757713,0.46814098037972474,188,0.8243864798166198
g__Enterocloster|s__Enterocloster_aldenensis,Enterocloster aldenensis,ALL,antibiotics_3m,0.43599696489707446,0.4651556735041035,188,0.8221029274921466
g__Enterocloster|s__Enterocloster_aldenensis,Enterocloster aldenensis,ALL,smoking,0.5056100517104912,0.2348072403491135,188,0.6443889082293889
g__Enterocloster|s__Enterocloster_bolteae,Enterocloster bolteae,ALL,site[T.Oral],1.086265195457932,0.2421531237989167,188,0.6535038541703571
g__Enterocloster|s__Enterocloster_bolteae,Enterocloster bolteae,ALL,sex[T.1],0.3643036231469263,0.3162068593478103,188,0.7167187813531475
g__Enterocloster|s__Enterocloster_bolteae,Enterocloster bolteae,ALL,disease,4.990556496934439,2.7096918874253582e-20,188,2.6419495902397244e-18
g__Enterocloster|s__Enterocloster_bolteae,Enterocloster bolteae,ALL,disease:site[T.Oral],-4.717120197139047,1.259628928886522e-05,188,0.00021154533686084653
g__Enterocloster|s__Enterocloster_bolteae,Enterocloster bolteae,ALL,ppi_use,-0.15226088562636994,0.8569094190544465,188,0.9669362423982366
g__Enterocloster|s__Enterocloster_bolteae,Enterocloster bolteae,ALL,disease:ppi_use,-1.3211639240540671,0.1865440216117023,188,0.576381616071369
g__Enterocloster|s__Enterocloster_bolteae,Enterocloster bolteae,ALL,age,0.014164017615462222,0.31662530986670606,188,0.7167187813531475
g__Enterocloster|s__Enterocloster_bolteae,Enterocloster bolteae,ALL,bmi,-0.035824307704779616,0.42848837282570473,188,0.7995073883419616
g__Enterocloster|s__Enterocloster_bolteae,Enterocloster bolteae,ALL,antibiotics_3m,-0.02287307879169473,0.9725974888526985,188,0.994011141277134
g__Enterocloster|s__Enterocloster_bolteae,Enterocloster bolteae,ALL,smoking,-0.09493151188256332,0.8413128988679479,188,0.9647128620860638
g__Enterocloster|s__Enterocloster_clostridioformis,Enterocloster clostridioformis,ALL,site[T.Oral],1.7246921025230184,0.081261671255999,188,0.36104869127665373
g__Enterocloster|s__Enterocloster_clostridioformis,Enterocloster clostridioformis,ALL,sex[T.1],0.3956996243410119,0.3056418696720804,188,0.7058255276863792
g__Enterocloster|s__Enterocloster_clostridioformis,Enterocloster clostridioformis,ALL,disease,5.539090015562623,1.2782121817983253e-21,188,1.602330270754329e-19
g__Enterocloster|s__Enterocloster_clostridioformis,Enterocloster clostridioformis,ALL,disease:site[T.Oral],-5.509509177057615,1.8048088556314627e-06,188,3.7263994607449615e-05
g__Enterocloster|s__Enterocloster_clostridioformis,Enterocloster clostridioformis,ALL,ppi_use,-0.5150144634340273,0.5661783156629647,188,0.8796730711254975
g__Enterocloster|s__Enterocloster_clostridioformis,Enterocloster clostridioformis,ALL,disease:ppi_use,-0.92359878861641,0.38420768779775105,188,0.7768254517108907
g__Enterocloster|s__Enterocloster_clostridioformis,Enterocloster clostridioformis,ALL,age,0.014208642822656192,0.3444090436246381,188,0.7421205237630736
g__Enterocloster|s__Enterocloster_clostridioformis,Enterocloster clostridioformis,ALL,bmi,-0.0810858727209466,0.09271873902247996,188,0.391627886845854
g__Enterocloster|s__Enterocloster_clostridioformis,Enterocloster clostridioformis,ALL,antibiotics_3m,0.13482464970776167,0.8488924413960776,188,0.9664652835874902
g__Enterocloster|s__Enterocloster_clostridioformis,Enterocloster clostridioformis,ALL,smoking,-0.41652195235211253,0.40885100193669144,188,0.7932719773600916
g__Enterocloster|s__Enterocloster_lavalensis,Enterocloster lavalensis,ALL,site[T.Oral],0.6700690794110691,0.45698275262913146,188,0.8150024314720264
g__Enterocloster|s__Enterocloster_lavalensis,Enterocloster lavalensis,ALL,sex[T.1],-0.00973368333307887,0.9779683892843654,188,0.9942906156920523
g__Enterocloster|s__Enterocloster_lavalensis,Enterocloster lavalensis,ALL,disease,2.191611520111931,4.4046444347342016e-06,188,8.22356487548779e-05
g__Enterocloster|s__Enterocloster_lavalensis,Enterocloster lavalensis,ALL,disease:site[T.Oral],-2.1082023480979677,0.040070739508691465,188,0.22795509833955757
g__Enterocloster|s__Enterocloster_lavalensis,Enterocloster lavalensis,ALL,ppi_use,-0.28375834960233376,0.7293490099062843,188,0.9339711874392768
g__Enterocloster|s__Enterocloster_lavalensis,Enterocloster lavalensis,ALL,disease:ppi_use,-0.47189176155952667,0.6263496354188955,188,0.9040176460050758
g__Enterocloster|s__Enterocloster_lavalensis,Enterocloster lavalensis,ALL,age,-0.0008976818731543177,0.9478162845667755,188,0.9889716762650341
g__Enterocloster|s__Enterocloster_lavalensis,Enterocloster lavalensis,ALL,bmi,0.02186948312408706,0.6184765515425859,188,0.9005416148459434
g__Enterocloster|s__Enterocloster_lavalensis,Enterocloster lavalensis,ALL,antibiotics_3m,0.11406113273109689,0.8599887918315398,188,0.9669362423982366
g__Enterocloster|s__Enterocloster_lavalensis,Enterocloster lavalensis,ALL,smoking,0.10227296046790105,0.8242235929746802,188,0.9638605180559544
g__Erysipelatoclostridium|s__Erysipelatoclostridium_ramosum,Erysipelatoclostridium ramosum,ALL,site[T.Oral],1.7168690080271205,0.05241976416246224,188,0.2705784885444742
g__Erysipelatoclostridium|s__Erysipelatoclostridium_ramosum,Erysipelatoclostridium ramosum,ALL,sex[T.1],0.07318792980374682,0.831886924465668,188,0.9647128620860638
g__Erysipelatoclostridium|s__Erysipelatoclostridium_ramosum,Erysipelatoclostridium ramosum,ALL,disease,5.445307314897288,9.152128417706737e-25,188,1.4601804884613932e-22
g__Erysipelatoclostridium|s__Erysipelatoclostridium_ramosum,Erysipelatoclostridium ramosum,ALL,disease:site[T.Oral],-5.255956377869251,3.901171247013377e-07,188,9.068285481468182e-06
g__Erysipelatoclostridium|s__Erysipelatoclostridium_ramosum,Erysipelatoclostridium ramosum,ALL,ppi_use,-0.25077880262974256,0.7545575783030595,188,0.9458918213727638
g__Erysipelatoclostridium|s__Erysipelatoclostridium_ramosum,Erysipelatoclostridium ramosum,ALL,disease:ppi_use,-1.5573542009520003,0.10161213280015728,188,0.4152020793114692
g__Erysipelatoclostridium|s__Erysipelatoclostridium_ramosum,Erysipelatoclostridium ramosum,ALL,age,0.0026346069757935404,0.8443138029820837,188,0.9650086123305482
g__Erysipelatoclostridium|s__Erysipelatoclostridium_ramosum,Erysipelatoclostridium ramosum,ALL,bmi,-0.05382773870992123,0.21098099739621148,188,0.6124552213711689
g__Erysipelatoclostridium|s__Erysipelatoclostridium_ramosum,Erysipelatoclostridium ramosum,ALL,antibiotics_3m,-0.17258699106310035,0.784965170285449,188,0.9564616781924473
g__Erysipelatoclostridium|s__Erysipelatoclostridium_ramosum,Erysipelatoclostridium ramosum,ALL,smoking,-0.18457641917301285,0.6819752272527162,188,0.9254757636150793
g__Escherichia|s__Escherichia_coli,Escherichia coli,ALL,site[T.Oral],-0.30294818975688076,0.7966645198580903,188,0.9579055637299284
g__Escherichia|s__Escherichia_coli,Escherichia coli,ALL,sex[T.1],0.06130766970287932,0.8940538408132345,188,0.9782058559459991
g__Escherichia|s__Escherichia_coli,Escherichia coli,ALL,disease,5.194416965304176,4.169520081780914e-15,188,2.439169247841835e-13
g__Escherichia|s__Escherichia_coli,Escherichia coli,ALL,disease:site[T.Oral],-5.321314239712651,9.398798874800672e-05,188,0.0013594167376454274
g__Escherichia|s__Escherichia_coli,Escherichia coli,ALL,ppi_use,-0.9294542532826902,0.38596822116675766,188,0.7777925620517743
g__Escherichia|s__Escherichia_coli,Escherichia coli,ALL,disease:ppi_use,-0.8543667264254432,0.4998565775137189,188,0.8418153499423173
g__Escherichia|s__Escherichia_coli,Escherichia coli,ALL,age,-0.004406828933022773,0.8056919549604986,188,0.9602644352839897
g__Escherichia|s__Escherichia_coli,Escherichia coli,ALL,bmi,-0.06781571511597874,0.23780312320566493,188,0.6488648475512917
g__Escherichia|s__Escherichia_coli,Escherichia coli,ALL,antibiotics_3m,-1.0505043357106572,0.2145333700072089,188,0.6177293918993464
g__Escherichia|s__Escherichia_coli,Escherichia coli,ALL,smoking,-0.9914888828621086,0.10047881581589146,188,0.4134591365929414
g__Eubacterium|s__Eubacterium_SGB6276,Eubacterium SGB6276,ALL,site[T.Oral],-1.335995651880596,0.13470820900870534,188,0.4829681446583817
g__Eubacterium|s__Eubacterium_SGB6276,Eubacterium SGB6276,ALL,sex[T.1],0.20004175990046766,0.5662870445049808,188,0.8796730711254975
g__Eubacterium|s__Eubacterium_SGB6276,Eubacterium SGB6276,ALL,disease,-1.912226646832032,4.577233858136723e-05,188,0.0007015760193039256
g__Eubacterium|s__Eubacterium_SGB6276,Eubacterium SGB6276,ALL,disease:site[T.Oral],1.6004132159070388,0.11421651779373719,188,0.442951081551889
g__Eubacterium|s__Eubacterium_SGB6276,Eubacterium SGB6276,ALL,ppi_use,0.011511249859717642,0.9886762518428367,188,0.9978824881525563
g__Eubacterium|s__Eubacterium_SGB6276,Eubacterium SGB6276,ALL,disease:ppi_use,0.26673520868634837,0.7807876045617379,188,0.954895326287315
g__Eubacterium|s__Eubacterium_SGB6276,Eubacterium SGB6276,ALL,age,-0.013679245248094187,0.3139950189690412,188,0.7149358464610296
g__Eubacterium|s__Eubacterium_SGB6276,Eubacterium SGB6276,ALL,bmi,0.05571198414514272,0.20050910475982958,188,0.5979498366244705
g__Eubacterium|s__Eubacterium_SGB6276,Eubacterium SGB6276,ALL,antibiotics_3m,-0.948066536320615,0.1394772845212687,188,0.4925203910157476
g__Eubacterium|s__Eubacterium_SGB6276,Eubacterium SGB6276,ALL,smoking,0.07224796393338351,0.8739529202707725,188,0.9719818599969619
g__Eubacterium|s__Eubacterium_ramulus,Eubacterium ramulus,ALL,site[T.Oral],-1.5493425133859149,0.14454553665171987,188,0.49887397605460837
g__Eubacterium|s__Eubacterium_ramulus,Eubacterium ramulus,ALL,sex[T.1],0.4225742761123219,0.3087327895485278,188,0.7087325646274247
g__Eubacterium|s__Eubacterium_ramulus,Eubacterium ramulus,ALL,disease,2.253961022736274,5.2918960688443494e-05,188,0.0007971912103709729
g__Eubacterium|s__Eubacterium_ramulus,Eubacterium ramulus,ALL,disease:site[T.Oral],-2.8698223542655024,0.017718536197626488,188,0.1284959959786549
g__Eubacterium|s__Eubacterium_ramulus,Eubacterium ramulus,ALL,ppi_use,-1.0121091204194335,0.294717119225736,188,0.6980142297451642
g__Eubacterium|s__Eubacterium_ramulus,Eubacterium ramulus,ALL,disease:ppi_use,1.6011149138925205,0.16117373979858557,188,0.5319828534497602
g__Eubacterium|s__Eubacterium_ramulus,Eubacterium ramulus,ALL,age,-0.010745451106555507,0.5055961638114937,188,0.8434347411943335
g__Eubacterium|s__Eubacterium_ramulus,Eubacterium ramulus,ALL,bmi,0.03857617405458408,0.4553162795502065,188,0.814524410763416
g__Eubacterium|s__Eubacterium_ramulus,Eubacterium ramulus,ALL,antibiotics_3m,0.9580370349183164,0.20878018283587477,188,0.610740886692428
g__Eubacterium|s__Eubacterium_ramulus,Eubacterium ramulus,ALL,smoking,0.2654159014134099,0.6241492562197726,188,0.903407789415011
g__Eubacterium|s__Eubacterium_sp_AF16_48,Eubacterium sp AF16 48,ALL,site[T.Oral],0.3806731354798831,0.6628790184414519,188,0.9174515497627631
g__Eubacterium|s__Eubacterium_sp_AF16_48,Eubacterium sp AF16 48,ALL,sex[T.1],-0.15068440103553574,0.6594357468969638,188,0.9155931454146927
g__Eubacterium|s__Eubacterium_sp_AF16_48,Eubacterium sp AF16 48,ALL,disease,0.9460301825420531,0.036348285305806236,188,0.21256717117568355
g__Eubacterium|s__Eubacterium_sp_AF16_48,Eubacterium sp AF16 48,ALL,disease:site[T.Oral],-1.334226071030007,0.1788509160703947,188,0.5610343885540214
g__Eubacterium|s__Eubacterium_sp_AF16_48,Eubacterium sp AF16 48,ALL,ppi_use,-0.048150661115979154,0.9517199957146573,188,0.9891006240655418
g__Eubacterium|s__Eubacterium_sp_AF16_48,Eubacterium sp AF16 48,ALL,disease:ppi_use,0.32182895406234213,0.7320269547166638,188,0.9350125949983588
g__Eubacterium|s__Eubacterium_sp_AF16_48,Eubacterium sp AF16 48,ALL,age,-0.0030604097301404564,0.8180480368531358,188,0.9624650582098098
g__Eubacterium|s__Eubacterium_sp_AF16_48,Eubacterium sp AF16 48,ALL,bmi,-0.003251354085232245,0.9391257893294065,188,0.9884841913900583
g__Eubacterium|s__Eubacterium_sp_AF16_48,Eubacterium sp AF16 48,ALL,antibiotics_3m,-0.23813770529911207,0.7041989720252415,188,0.9271017907425374
g__Eubacterium|s__Eubacterium_sp_AF16_48,Eubacterium sp AF16 48,ALL,smoking,0.46762418418990326,0.2957345093030642,188,0.6985384439123523
g__Eubacterium|s__Eubacterium_ventriosum,Eubacterium ventriosum,ALL,site[T.Oral],-0.9129062532468689,0.36778503878144486,188,0.7629583251317207
g__Eubacterium|s__Eubacterium_ventriosum,Eubacterium ventriosum,ALL,sex[T.1],0.46341968964517594,0.24334174854719562,188,0.6535038541703571
g__Eubacterium|s__Eubacterium_ventriosum,Eubacterium ventriosum,ALL,disease,2.402910535472444,7.39842262432099e-06,188,0.00013181961122521154
g__Eubacterium|s__Eubacterium_ventriosum,Eubacterium ventriosum,ALL,disease:site[T.Oral],-2.2806188374061738,0.04822307082200384,188,0.2560710719897632
g__Eubacterium|s__Eubacterium_ventriosum,Eubacterium ventriosum,ALL,ppi_use,1.5344041838272855,0.09748461132420072,188,0.40552395592403884
g__Eubacterium|s__Eubacterium_ventriosum,Eubacterium ventriosum,ALL,disease:ppi_use,-1.7839130271275343,0.10294728732625226,188,0.4172836711420378
g__Eubacterium|s__Eubacterium_ventriosum,Eubacterium ventriosum,ALL,age,-0.034791856252508184,0.025140351276250607,188,0.16524837636636636
g__Eubacterium|s__Eubacterium_ventriosum,Eubacterium ventriosum,ALL,bmi,0.05625013694842603,0.25548542585076756,188,0.6653834226858103
g__Eubacterium|s__Eubacterium_ventriosum,Eubacterium ventriosum,ALL,antibiotics_3m,-0.2874049532753217,0.6927886271261529,188,0.9270978440450118
g__Eubacterium|s__Eubacterium_ventriosum,Eubacterium ventriosum,ALL,smoking,-0.07396886434796356,0.8864258978153924,188,0.9757150140376704
g__Faecalibacillus|s__Faecalibacillus_intestinalis,Faecalibacillus intestinalis,ALL,site[T.Oral],-1.6623458374250983,0.12238331181794139,188,0.4584476248462906
g__Faecalibacillus|s__Faecalibacillus_intestinalis,Faecalibacillus intestinalis,ALL,sex[T.1],-0.2192327365695262,0.6017589712972187,188,0.893096824208557
g__Faecalibacillus|s__Faecalibacillus_intestinalis,Faecalibacillus intestinalis,ALL,disease,0.49036659543652394,0.37472925659776835,188,0.7705329177845148
g__Faecalibacillus|s__Faecalibacillus_intestinalis,Faecalibacillus intestinalis,ALL,disease:site[T.Oral],-0.9809394924567006,0.42032083874041515,188,0.7969027112258336
g__Faecalibacillus|s__Faecalibacillus_intestinalis,Faecalibacillus intestinalis,ALL,ppi_use,0.9848891908727241,0.3140829274196318,188,0.7149358464610296
g__Faecalibacillus|s__Faecalibacillus_intestinalis,Faecalibacillus intestinalis,ALL,disease:ppi_use,-0.43598167844543456,0.7057225951156714,188,0.9271017907425374
g__Faecalibacillus|s__Faecalibacillus_intestinalis,Faecalibacillus intestinalis,ALL,age,-0.03779267635251144,0.02170164595585942,188,0.14877495567395815
g__Faecalibacillus|s__Faecalibacillus_intestinalis,Faecalibacillus intestinalis,ALL,bmi,0.05746625169355103,0.2726848505645431,188,0.6824712913913885
g__Faecalibacillus|s__Faecalibacillus_intestinalis,Faecalibacillus intestinalis,ALL,antibiotics_3m,-1.156354211023859,0.1345864588910288,188,0.4829681446583817
g__Faecalibacillus|s__Faecalibacillus_intestinalis,Faecalibacillus intestinalis,ALL,smoking,1.1148306734553906,0.04331894118932993,188,0.24058462590909505
g__Faecalibacterium|s__Faecalibacterium_SGB15315,Faecalibacterium SGB15315,ALL,site[T.Oral],-4.772079773258601,1.0189913993814258e-05,188,0.0001761901385137342
g__Faecalibacterium|s__Faecalibacterium_SGB15315,Faecalibacterium SGB15315,ALL,sex[T.1],0.17819101244648913,0.6653063719953718,188,0.917934499097388
g__Faecalibacterium|s__Faecalibacterium_SGB15315,Faecalibacterium SGB15315,ALL,disease,-2.8589057265835214,3.570132431749563e-07,188,8.410177741906689e-06
g__Faecalibacterium|s__Faecalibacterium_SGB15315,Faecalibacterium SGB15315,ALL,disease:site[T.Oral],2.839897064410501,0.018152887936023942,188,0.13056687839230335
g__Faecalibacterium|s__Faecalibacterium_SGB15315,Faecalibacterium SGB15315,ALL,ppi_use,-0.339094667525289,0.7234237636728487,188,0.9299832470398358
g__Faecalibacterium|s__Faecalibacterium_SGB15315,Faecalibacterium SGB15315,ALL,disease:ppi_use,-0.15818257861634147,0.8888722540335883,188,0.9757150140376704
g__Faecalibacterium|s__Faecalibacterium_SGB15315,Faecalibacterium SGB15315,ALL,age,-0.012098115445517237,0.4506289527506052,188,0.8092047411755425
g__Faecalibacterium|s__Faecalibacterium_SGB15315,Faecalibacterium SGB15315,ALL,bmi,0.058996989486059116,0.2509038382030878,188,0.660955059642885
g__Faecalibacterium|s__Faecalibacterium_SGB15315,Faecalibacterium SGB15315,ALL,antibiotics_3m,0.3364276814240358,0.6561781627296421,188,0.9140271821073853
g__Faecalibacterium|s__Faecalibacterium_SGB15315,Faecalibacterium SGB15315,ALL,smoking,0.2777183797948671,0.6057961029339296,188,0.8953028721255127
g__Faecalibacterium|s__Faecalibacterium_SGB15346,Faecalibacterium SGB15346,ALL,site[T.Oral],-6.557714865433606,5.987977119659273e-08,188,1.6151349841853802e-06
g__Faecalibacterium|s__Faecalibacterium_SGB15346,Faecalibacterium SGB15346,ALL,sex[T.1],0.21557000808893773,0.6352266885508457,188,0.9057684922913966
g__Faecalibacterium|s__Faecalibacterium_SGB15346,Faecalibacterium SGB15346,ALL,disease,-3.3373231868394386,8.120951189113117e-08,188,2.15943474801417e-06
g__Faecalibacterium|s__Faecalibacterium_SGB15346,Faecalibacterium SGB15346,ALL,disease:site[T.Oral],3.337211156442431,0.011938414987750978,188,0.09502003765760983
g__Faecalibacterium|s__Faecalibacterium_SGB15346,Faecalibacterium SGB15346,ALL,ppi_use,0.8594418393069673,0.4165344358410953,188,0.7964367730022324
g__Faecalibacterium|s__Faecalibacterium_SGB15346,Faecalibacterium SGB15346,ALL,disease:ppi_use,-0.4395301251821896,0.7249100182054105,188,0.9299832470398358
g__Faecalibacterium|s__Faecalibacterium_SGB15346,Faecalibacterium SGB15346,ALL,age,-0.01076583953293478,0.5427265475165441,188,0.870199759983712
g__Faecalibacterium|s__Faecalibacterium_SGB15346,Faecalibacterium SGB15346,ALL,bmi,0.03460175649530219,0.5410370761708394,188,0.8687283336503414
g__Faecalibacterium|s__Faecalibacterium_SGB15346,Faecalibacterium SGB15346,ALL,antibiotics_3m,0.4613222149554367,0.580056547806419,188,0.8864291032626345
g__Faecalibacterium|s__Faecalibacterium_SGB15346,Faecalibacterium SGB15346,ALL,smoking,-0.23687647519855737,0.6898288172507203,188,0.9270978440450118
g__Faecalibacterium|s__Faecalibacterium_prausnitzii,Faecalibacterium prausnitzii,ALL,site[T.Oral],-9.116614354810878,4.625365926848858e-17,188,3.2470068806478982e-15
g__Faecalibacterium|s__Faecalibacterium_prausnitzii,Faecalibacterium prausnitzii,ALL,sex[T.1],0.09240651967317308,0.8096184389460649,188,0.961830253814087
g__Faecalibacterium|s__Faecalibacterium_prausnitzii,Faecalibacterium prausnitzii,ALL,disease,-1.6669776479284302,0.0011219696864859805,188,0.012384005030081106
g__Faecalibacterium|s__Faecalibacterium_prausnitzii,Faecalibacterium prausnitzii,ALL,disease:site[T.Oral],1.206798838776052,0.27805786109068614,188,0.687387984087391
g__Faecalibacterium|s__Faecalibacterium_prausnitzii,Faecalibacterium prausnitzii,ALL,ppi_use,0.5183836615713792,0.5614418752420063,188,0.8795950565357106
g__Faecalibacterium|s__Faecalibacterium_prausnitzii,Faecalibacterium prausnitzii,ALL,disease:ppi_use,0.3340632214326558,0.7513857227862704,188,0.9439383990622079
g__Faecalibacterium|s__Faecalibacterium_prausnitzii,Faecalibacterium prausnitzii,ALL,age,-0.010561247564640027,0.47947382879045486,188,0.8303334859234778
g__Faecalibacterium|s__Faecalibacterium_prausnitzii,Faecalibacterium prausnitzii,ALL,bmi,0.032912683897209555,0.49109944768691816,188,0.8340017533498287
g__Faecalibacterium|s__Faecalibacterium_prausnitzii,Faecalibacterium prausnitzii,ALL,antibiotics_3m,-1.0640628173265383,0.13169939089307284,188,0.4775463450771546
g__Faecalibacterium|s__Faecalibacterium_prausnitzii,Faecalibacterium prausnitzii,ALL,smoking,0.4064234666242489,0.4176643445763153,188,0.7964367730022324
g__Faecalicatena|s__Faecalicatena_fissicatena,Faecalicatena fissicatena,ALL,site[T.Oral],-3.35884381952136,0.002080956395826183,188,0.021482814556911478
g__Faecalicatena|s__Faecalicatena_fissicatena,Faecalicatena fissicatena,ALL,sex[T.1],0.6151421097656113,0.14567377195486184,188,0.4998191002556843
g__Faecalicatena|s__Faecalicatena_fissicatena,Faecalicatena fissicatena,ALL,disease,-0.7124796203878689,0.19939196403387127,188,0.5966460304849857
g__Faecalicatena|s__Faecalicatena_fissicatena,Faecalicatena fissicatena,ALL,disease:site[T.Oral],0.449897460100307,0.7125188650688827,188,0.927187781393864
g__Faecalicatena|s__Faecalicatena_fissicatena,Faecalicatena fissicatena,ALL,ppi_use,0.6661837649105158,0.4972048957073292,188,0.8398408007375965
g__Faecalicatena|s__Faecalicatena_fissicatena,Faecalicatena fissicatena,ALL,disease:ppi_use,-0.9224399481610164,0.4264002209575769,188,0.7978284668462051
g__Faecalicatena|s__Faecalicatena_fissicatena,Faecalicatena fissicatena,ALL,age,-0.019804157955296983,0.22824385507965111,188,0.6346132545401056
g__Faecalicatena|s__Faecalicatena_fissicatena,Faecalicatena fissicatena,ALL,bmi,0.0279174670261762,0.59502778440305,188,0.889404195757805
g__Faecalicatena|s__Faecalicatena_fissicatena,Faecalicatena fissicatena,ALL,antibiotics_3m,-0.8713303655750271,0.2606938211311282,188,0.6704424416651678
g__Faecalicatena|s__Faecalicatena_fissicatena,Faecalicatena fissicatena,ALL,smoking,0.8886118329222069,0.10784758396813575,188,0.42870330660040373
g__Flavonifractor|s__Flavonifractor_plautii,Flavonifractor plautii,ALL,site[T.Oral],-2.5261374779165515,0.01866504427234259,188,0.13370266407331122
g__Flavonifractor|s__Flavonifractor_plautii,Flavonifractor plautii,ALL,sex[T.1],0.530408759297537,0.20467852281800475,188,0.6032087448288805
g__Flavonifractor|s__Flavonifractor_plautii,Flavonifractor plautii,ALL,disease,3.507088734833738,1.3093343553130344e-09,188,4.642185441564395e-08
g__Flavonifractor|s__Flavonifractor_plautii,Flavonifractor plautii,ALL,disease:site[T.Oral],-4.2736286919964925,0.000508198333628953,188,0.006108822435060359
g__Flavonifractor|s__Flavonifractor_plautii,Flavonifractor plautii,ALL,ppi_use,-2.1267963452082848,0.029530106029977753,188,0.18575389276921492
g__Flavonifractor|s__Flavonifractor_plautii,Flavonifractor plautii,ALL,disease:ppi_use,1.1385035992980932,0.3215718199969967,188,0.7223874267055533
g__Flavonifractor|s__Flavonifractor_plautii,Flavonifractor plautii,ALL,age,0.012759267604285245,0.43235782440644255,188,0.8001727273957875
g__Flavonifractor|s__Flavonifractor_plautii,Flavonifractor plautii,ALL,bmi,-0.062292722781387776,0.23158207154666666,188,0.6394971213143055
g__Flavonifractor|s__Flavonifractor_plautii,Flavonifractor plautii,ALL,antibiotics_3m,-0.6095480478447033,0.42626059187491283,188,0.7978284668462051
g__Flavonifractor|s__Flavonifractor_plautii,Flavonifractor plautii,ALL,smoking,0.8242869631100039,0.13168256894498204,188,0.4775463450771546
g__Fusicatenibacter|s__Fusicatenibacter_saccharivorans,Fusicatenibacter saccharivorans,ALL,site[T.Oral],-5.801769382758095,1.6099470771367873e-09,188,5.4877974873824284e-08
g__Fusicatenibacter|s__Fusicatenibacter_saccharivorans,Fusicatenibacter saccharivorans,ALL,sex[T.1],0.4641911120367566,0.19499283990621397,188,0.5913166317062042
g__Fusicatenibacter|s__Fusicatenibacter_saccharivorans,Fusicatenibacter saccharivorans,ALL,disease,1.0269661871664335,0.029821175186977387,188,0.1869148659040904
g__Fusicatenibacter|s__Fusicatenibacter_saccharivorans,Fusicatenibacter saccharivorans,ALL,disease:site[T.Oral],-1.6019329871963999,0.1228904037321741,188,0.4587002924736556
g__Fusicatenibacter|s__Fusicatenibacter_saccharivorans,Fusicatenibacter saccharivorans,ALL,ppi_use,0.7427929385818843,0.372124718592735,188,0.7690811089340175
g__Fusicatenibacter|s__Fusicatenibacter_saccharivorans,Fusicatenibacter saccharivorans,ALL,disease:ppi_use,0.46897409092618253,0.6331681670175282,188,0.9055975305010503
g__Fusicatenibacter|s__Fusicatenibacter_saccharivorans,Fusicatenibacter saccharivorans,ALL,age,-0.010006669943438115,0.4720717054071978,188,0.8243864798166198
g__Fusicatenibacter|s__Fusicatenibacter_saccharivorans,Fusicatenibacter saccharivorans,ALL,bmi,-4.378603284345912e-05,0.9992150024400974,188,0.9999094788793534
g__Fusicatenibacter|s__Fusicatenibacter_saccharivorans,Fusicatenibacter saccharivorans,ALL,antibiotics_3m,0.04916096759116058,0.9402219434952463,188,0.9884841913900583
g__Fusicatenibacter|s__Fusicatenibacter_saccharivorans,Fusicatenibacter saccharivorans,ALL,smoking,0.3603503212597414,0.44050271786578077,188,0.802956023653864
g__Fusobacterium|s__Fusobacterium_nucleatum,Fusobacterium nucleatum,ALL,site[T.Oral],5.729669245612261,1.0519362419034308e-13,188,5.274708870115774e-12
g__Fusobacterium|s__Fusobacterium_nucleatum,Fusobacterium nucleatum,ALL,sex[T.1],0.2690137465333451,0.33472402403788826,188,0.7339170230267757
g__Fusobacterium|s__Fusobacterium_nucleatum,Fusobacterium nucleatum,ALL,disease,0.8118768820885955,0.02758497248452326,188,0.177983921729185
g__Fusobacterium|s__Fusobacterium_nucleatum,Fusobacterium nucleatum,ALL,disease:site[T.Oral],-1.8206532338815027,0.025010542963836754,188,0.16506002855954754
g__Fusobacterium|s__Fusobacterium_nucleatum,Fusobacterium nucleatum,ALL,ppi_use,-0.4478603713514597,0.4897242448188971,188,0.8328159395902756
g__Fusobacterium|s__Fusobacterium_nucleatum,Fusobacterium nucleatum,ALL,disease:ppi_use,-0.046440582079090055,0.9516311039654803,188,0.9891006240655418
g__Fusobacterium|s__Fusobacterium_nucleatum,Fusobacterium nucleatum,ALL,age,-0.02381379066866215,0.02907133083529936,188,0.18319635768743403
g__Fusobacterium|s__Fusobacterium_nucleatum,Fusobacterium nucleatum,ALL,bmi,0.009360291787422976,0.7872974686392114,188,0.9564616781924473
g__Fusobacterium|s__Fusobacterium_nucleatum,Fusobacterium nucleatum,ALL,antibiotics_3m,-0.375750213681097,0.4624313225473622,188,0.8190854618951359
g__Fusobacterium|s__Fusobacterium_nucleatum,Fusobacterium nucleatum,ALL,smoking,-0.7998270853037766,0.0289866810588703,188,0.18307003648237877
g__Fusobacterium|s__Fusobacterium_pseudoperiodonticum,Fusobacterium pseudoperiodonticum,ALL,site[T.Oral],8.934781408328838,1.0931223253250407e-22,188,1.534743744756357e-20
g__Fusobacterium|s__Fusobacterium_pseudoperiodonticum,Fusobacterium pseudoperiodonticum,ALL,sex[T.1],-0.22588383526718062,0.4659478354923864,188,0.8227339557412908
g__Fusobacterium|s__Fusobacterium_pseudoperiodonticum,Fusobacterium pseudoperiodonticum,ALL,disease,0.5580884399301992,0.1712476843970477,188,0.5469812245417568
g__Fusobacterium|s__Fusobacterium_pseudoperiodonticum,Fusobacterium pseudoperiodonticum,ALL,disease:site[T.Oral],-4.798039395246772,2.580528567532974e-07,188,6.203873474000506e-06
g__Fusobacterium|s__Fusobacterium_pseudoperiodonticum,Fusobacterium pseudoperiodonticum,ALL,ppi_use,-1.7649458994815812,0.015096075526905993,188,0.11395102171922589
g__Fusobacterium|s__Fusobacterium_pseudoperiodonticum,Fusobacterium pseudoperiodonticum,ALL,disease:ppi_use,2.245115836430614,0.008984084349189196,188,0.07508127634679543
g__Fusobacterium|s__Fusobacterium_pseudoperiodonticum,Fusobacterium pseudoperiodonticum,ALL,age,0.0032176116500133704,0.7894215047645357,188,0.9564616781924473
g__Fusobacterium|s__Fusobacterium_pseudoperiodonticum,Fusobacterium pseudoperiodonticum,ALL,bmi,-0.020105762170359927,0.602195074055667,188,0.8933663186540114
g__Fusobacterium|s__Fusobacterium_pseudoperiodonticum,Fusobacterium pseudoperiodonticum,ALL,antibiotics_3m,0.30763225613222306,0.5882130270029489,188,0.8892016059543154
g__Fusobacterium|s__Fusobacterium_pseudoperiodonticum,Fusobacterium pseudoperiodonticum,ALL,smoking,-0.6537585090141256,0.10725155380901175,188,0.4268174080154549
g__GGB10485|s__GGB10485_SGB49305,GGB10485 SGB49305,ALL,site[T.Oral],6.9456389548079605,8.990727032947738e-19,188,7.696939484304039e-17
g__GGB10485|s__GGB10485_SGB49305,GGB10485 SGB49305,ALL,sex[T.1],0.14548022288312432,0.5956655354507546,188,0.889404195757805
g__GGB10485|s__GGB10485_SGB49305,GGB10485 SGB49305,ALL,disease,0.8858567984713125,0.014720099669264951,188,0.11135247810155167
g__GGB10485|s__GGB10485_SGB49305,GGB10485 SGB49305,ALL,disease:site[T.Oral],-1.031038307746267,0.19497406466865985,188,0.5913166317062042
g__GGB10485|s__GGB10485_SGB49305,GGB10485 SGB49305,ALL,ppi_use,-0.35264699390390597,0.580345891537759,188,0.8864291032626345
g__GGB10485|s__GGB10485_SGB49305,GGB10485 SGB49305,ALL,disease:ppi_use,-0.3315854335691227,0.6599159033041796,188,0.915897517041388
g__GGB10485|s__GGB10485_SGB49305,GGB10485 SGB49305,ALL,age,0.015401844046759653,0.14986098830476607,188,0.5087157339939351
g__GGB10485|s__GGB10485_SGB49305,GGB10485 SGB49305,ALL,bmi,0.008056400084032697,0.8134178505019958,188,0.9619597895087618
g__GGB10485|s__GGB10485_SGB49305,GGB10485 SGB49305,ALL,antibiotics_3m,0.2667183965333025,0.5959058635026537,188,0.889404195757805
g__GGB10485|s__GGB10485_SGB49305,GGB10485 SGB49305,ALL,smoking,0.5889085721388283,0.10125052502805322,188,0.4142066932965814
g__GGB1088|s__GGB1088_SGB1395,GGB1088 SGB1395,ALL,site[T.Oral],4.038338271827632,6.142603307120886e-17,188,4.227556393724375e-15
g__GGB1088|s__GGB1088_SGB1395,GGB1088 SGB1395,ALL,sex[T.1],-0.14066084388778022,0.4104080344432671,188,0.7932719773600916
g__GGB1088|s__GGB1088_SGB1395,GGB1088 SGB1395,ALL,disease,0.5633989212996842,0.012792910842216301,188,0.10067963465511036
g__GGB1088|s__GGB1088_SGB1395,GGB1088 SGB1395,ALL,disease:site[T.Oral],-2.814813696355573,4.887377734396878e-08,188,1.3507634525774048e-06
g__GGB1088|s__GGB1088_SGB1395,GGB1088 SGB1395,ALL,ppi_use,-0.8659857597352765,0.030309931587651048,188,0.18896600332620814
g__GGB1088|s__GGB1088_SGB1395,GGB1088 SGB1395,ALL,disease:ppi_use,0.7300155161017249,0.12106456974374455,188,0.4554519183285567
g__GGB1088|s__GGB1088_SGB1395,GGB1088 SGB1395,ALL,age,-0.009410755661730861,0.1577602212480034,188,0.5248704991284284
g__GGB1088|s__GGB1088_SGB1395,GGB1088 SGB1395,ALL,bmi,-0.00041556064276863187,0.9844062457353269,188,0.9971870424559526
g__GGB1088|s__GGB1088_SGB1395,GGB1088 SGB1395,ALL,antibiotics_3m,0.35580434520090776,0.2567835416922859,188,0.667374888915471
g__GGB1088|s__GGB1088_SGB1395,GGB1088 SGB1395,ALL,smoking,0.29750804282025506,0.1832579313557481,188,0.5702440949101737
g__GGB1144|s__GGB1144_SGB1468,GGB1144 SGB1468,ALL,site[T.Oral],10.08289875304139,3.7769688396794026e-34,188,1.8938800896106718e-31
g__GGB1144|s__GGB1144_SGB1468,GGB1144 SGB1468,ALL,sex[T.1],-0.0738356885853979,0.775445982458643,188,0.9530040787506285
g__GGB1144|s__GGB1144_SGB1468,GGB1144 SGB1468,ALL,disease,0.4630865258173633,0.17443533737271877,188,0.5550373560415445
g__GGB1144|s__GGB1144_SGB1468,GGB1144 SGB1468,ALL,disease:site[T.Oral],-1.7004391180095946,0.02429570781384832,188,0.16151123944433257
g__GGB1144|s__GGB1144_SGB1468,GGB1144 SGB1468,ALL,ppi_use,-0.9389370700612407,0.12016118898963382,188,0.4525383834266252
g__GGB1144|s__GGB1144_SGB1468,GGB1144 SGB1468,ALL,disease:ppi_use,1.1418079179703333,0.10979952587613775,188,0.43375982621709147
g__GGB1144|s__GGB1144_SGB1468,GGB1144 SGB1468,ALL,age,-0.01767518618424149,0.08055792039132177,188,0.3592862777300374
g__GGB1144|s__GGB1144_SGB1468,GGB1144 SGB1468,ALL,bmi,-0.021059419919039105,0.5137935592871884,188,0.8487046172410326
g__GGB1144|s__GGB1144_SGB1468,GGB1144 SGB1468,ALL,antibiotics_3m,-0.24468218350021173,0.6064524272340355,188,0.8953040178125555
g__GGB1144|s__GGB1144_SGB1468,GGB1144 SGB1468,ALL,smoking,-0.1433941068763664,0.6715358335605413,188,0.9214584737284987
g__GGB1202|s__GGB1202_SGB1567,GGB1202 SGB1567,ALL,site[T.Oral],4.038508898850859,4.997408866036511e-07,188,1.122985391726075e-05
g__GGB1202|s__GGB1202_SGB1567,GGB1202 SGB1567,ALL,sex[T.1],0.2694585657845782,0.3750414900384208,188,0.770723436788558
g__GGB1202|s__GGB1202_SGB1567,GGB1202 SGB1567,ALL,disease,0.40328020276843607,0.3125104582079955,188,0.7127431502989371
g__GGB1202|s__GGB1202_SGB1567,GGB1202 SGB1567,ALL,disease:site[T.Oral],1.5214350367267326,0.08468759156413706,188,0.37003262284024663
g__GGB1202|s__GGB1202_SGB1567,GGB1202 SGB1567,ALL,ppi_use,0.4206943493690492,0.55139725788297,188,0.87405156769452
g__GGB1202|s__GGB1202_SGB1567,GGB1202 SGB1567,ALL,disease:ppi_use,-0.02219474198804642,0.9787714217571506,188,0.9943440255104777
g__GGB1202|s__GGB1202_SGB1567,GGB1202 SGB1567,ALL,age,-0.019539024877611014,0.09925707186500583,188,0.41004309450810134
g__GGB1202|s__GGB1202_SGB1567,GGB1202 SGB1567,ALL,bmi,0.008198814994202943,0.8282550557433419,188,0.9647128620860638
g__GGB1202|s__GGB1202_SGB1567,GGB1202 SGB1567,ALL,antibiotics_3m,-0.007089789124216997,0.9898380255831578,188,0.9978824881525563
g__GGB1202|s__GGB1202_SGB1567,GGB1202 SGB1567,ALL,smoking,0.28619929682486495,0.4705749926284968,188,0.8243864798166198
g__GGB12785|s__GGB12785_SGB19823,GGB12785 SGB19823,ALL,site[T.Oral],5.5281986310308815,2.5958519672097988e-11,188,1.1533468866970117e-09
g__GGB12785|s__GGB12785_SGB19823,GGB12785 SGB19823,ALL,sex[T.1],-0.2032625528704917,0.5046132977025845,188,0.8434347411943335
g__GGB12785|s__GGB12785_SGB19823,GGB12785 SGB19823,ALL,disease,0.4184354088719799,0.29632986606971917,188,0.6994739945559612
g__GGB12785|s__GGB12785_SGB19823,GGB12785 SGB19823,ALL,disease:site[T.Oral],-0.5461975291517682,0.535803498345919,188,0.8648089894010871
g__GGB12785|s__GGB12785_SGB19823,GGB12785 SGB19823,ALL,ppi_use,-0.5465919249438205,0.4406509471900767,188,0.802956023653864
g__GGB12785|s__GGB12785_SGB19823,GGB12785 SGB19823,ALL,disease:ppi_use,0.8821312935550902,0.2926072201605959,188,0.6951780170368161
g__GGB12785|s__GGB12785_SGB19823,GGB12785 SGB19823,ALL,age,-0.003630954827044802,0.7592577093320249,188,0.9502488967903197
g__GGB12785|s__GGB12785_SGB19823,GGB12785 SGB19823,ALL,bmi,-0.0375159053019704,0.32311916237256944,188,0.7223874267055533
g__GGB12785|s__GGB12785_SGB19823,GGB12785 SGB19823,ALL,antibiotics_3m,0.9806421071244799,0.08042342187454375,188,0.35914276180616866
g__GGB12785|s__GGB12785_SGB19823,GGB12785 SGB19823,ALL,smoking,0.6057958993507302,0.12892246547938285,188,0.4718642897107756
g__GGB13493|s__GGB13493_SGB15238,GGB13493 SGB15238,ALL,site[T.Oral],-1.0026071380936454,0.2634891932119413,188,0.6733434175386287
g__GGB13493|s__GGB13493_SGB15238,GGB13493 SGB15238,ALL,sex[T.1],0.12040155156826067,0.7312358095453171,188,0.9346823348521714
g__GGB13493|s__GGB13493_SGB15238,GGB13493 SGB15238,ALL,disease,-1.6127027900221624,0.0005751163529844269,188,0.006819791888430197
g__GGB13493|s__GGB13493_SGB15238,GGB13493 SGB15238,ALL,disease:site[T.Oral],1.5380472850973665,0.13093186824287084,188,0.4768133954118007
g__GGB13493|s__GGB13493_SGB15238,GGB13493 SGB15238,ALL,ppi_use,-0.2115265635337157,0.7953247723101586,188,0.9577348885233693
g__GGB13493|s__GGB13493_SGB15238,GGB13493 SGB15238,ALL,disease:ppi_use,-0.14809687565824498,0.8778365612976458,188,0.9740391985827854
g__GGB13493|s__GGB13493_SGB15238,GGB13493 SGB15238,ALL,age,0.035185736780602855,0.010584530594370917,188,0.08619884544371675
g__GGB13493|s__GGB13493_SGB15238,GGB13493 SGB15238,ALL,bmi,-0.08500056280202306,0.05274873721374865,188,0.2714781050150407
g__GGB13493|s__GGB13493_SGB15238,GGB13493 SGB15238,ALL,antibiotics_3m,0.5580519316689387,0.38593693972596077,188,0.7777925620517743
g__GGB13493|s__GGB13493_SGB15238,GGB13493 SGB15238,ALL,smoking,0.4635817571000486,0.3119545848426518,188,0.7124168212602863
g__GGB14025|s__GGB14025_SGB14906,GGB14025 SGB14906,ALL,site[T.Oral],-2.3716017007387746,0.031979881209815215,188,0.1965838582249587
g__GGB14025|s__GGB14025_SGB14906,GGB14025 SGB14906,ALL,sex[T.1],-0.7394851115837269,0.08692120523870765,188,0.3775908791929008
g__GGB14025|s__GGB14025_SGB14906,GGB14025 SGB14906,ALL,disease,-1.477382253355116,0.009633681570666913,188,0.07975052432320959
g__GGB14025|s__GGB14025_SGB14906,GGB14025 SGB14906,ALL,disease:site[T.Oral],1.4459475596602662,0.2466943556499844,188,0.6579765868779979
g__GGB14025|s__GGB14025_SGB14906,GGB14025 SGB14906,ALL,ppi_use,0.1767275136242825,0.8598401414629797,188,0.9669362423982366
g__GGB14025|s__GGB14025_SGB14906,GGB14025 SGB14906,ALL,disease:ppi_use,0.1935168447160244,0.8700173767997362,188,0.9702072574413584
g__GGB14025|s__GGB14025_SGB14906,GGB14025 SGB14906,ALL,age,-0.00017565247507215042,0.9916279540387796,188,0.9978824881525563
g__GGB14025|s__GGB14025_SGB14906,GGB14025 SGB14906,ALL,bmi,0.0629118301403745,0.2412268103134711,188,0.6535038541703571
g__GGB14025|s__GGB14025_SGB14906,GGB14025 SGB14906,ALL,antibiotics_3m,-1.6560376083199606,0.03702733615578605,188,0.2151754137529951
g__GGB14025|s__GGB14025_SGB14906,GGB14025 SGB14906,ALL,smoking,-0.30838651184029664,0.5833111340707011,188,0.8882525295393323
g__GGB1420|s__GGB1420_SGB1957,GGB1420 SGB1957,ALL,site[T.Oral],-1.4646759922985313,0.2315945513271479,188,0.6394971213143055
g__GGB1420|s__GGB1420_SGB1957,GGB1420 SGB1957,ALL,sex[T.1],0.5741954604341919,0.23104699903604742,188,0.6394971213143055
g__GGB1420|s__GGB1420_SGB1957,GGB1420 SGB1957,ALL,disease,-1.3186563906058435,0.0371190590252632,188,0.21535189616309725
g__GGB1420|s__GGB1420_SGB1957,GGB1420 SGB1957,ALL,disease:site[T.Oral],1.5561318858584428,0.2622670921222281,188,0.6719397761671684
g__GGB1420|s__GGB1420_SGB1957,GGB1420 SGB1957,ALL,ppi_use,0.2633561929949156,0.8129845078258913,188,0.9619597895087618
g__GGB1420|s__GGB1420_SGB1957,GGB1420 SGB1957,ALL,disease:ppi_use,-1.458951306428143,0.26815047591423125,188,0.6761552948699365
g__GGB1420|s__GGB1420_SGB1957,GGB1420 SGB1957,ALL,age,0.04199028088455968,0.0251347275239717,188,0.16524837636636636
g__GGB1420|s__GGB1420_SGB1957,GGB1420 SGB1957,ALL,bmi,-0.11119264899216948,0.06333105327899967,188,0.30915735766543695
g__GGB1420|s__GGB1420_SGB1957,GGB1420 SGB1957,ALL,antibiotics_3m,-0.33719434708566876,0.700923497488555,188,0.9271017907425374
g__GGB1420|s__GGB1420_SGB1957,GGB1420 SGB1957,ALL,smoking,0.02758955129853179,0.9647900236495861,188,0.9927239082804642
g__GGB16040|s__GGB16040_SGB9347,GGB16040 SGB9347,ALL,site[T.Oral],-0.7236863227136536,0.5675424425815705,188,0.8799338079764077
g__GGB16040|s__GGB16040_SGB9347,GGB16040 SGB9347,ALL,sex[T.1],0.32641050887350764,0.5102803648689567,188,0.8476498252200841
g__GGB16040|s__GGB16040_SGB9347,GGB16040 SGB9347,ALL,disease,-0.46381811260542216,0.4765380763803315,188,0.8280438851955265
g__GGB16040|s__GGB16040_SGB9347,GGB16040 SGB9347,ALL,disease:site[T.Oral],0.5063434954137153,0.7242226099569661,188,0.9299832470398358
g__GGB16040|s__GGB16040_SGB9347,GGB16040 SGB9347,ALL,ppi_use,1.0996956303534537,0.34067888258981627,188,0.738137578944602
g__GGB16040|s__GGB16040_SGB9347,GGB16040 SGB9347,ALL,disease:ppi_use,-1.0452007883865713,0.4432194618877138,188,0.8035642103439439
g__GGB16040|s__GGB16040_SGB9347,GGB16040 SGB9347,ALL,age,0.015503536715085395,0.42174839165928424,188,0.7969027112258336
g__GGB16040|s__GGB16040_SGB9347,GGB16040 SGB9347,ALL,bmi,-0.0817843738078639,0.18614348955286963,188,0.5761584200445965
g__GGB16040|s__GGB16040_SGB9347,GGB16040 SGB9347,ALL,antibiotics_3m,0.9587455012632884,0.29228246638531724,188,0.6950619627455714
g__GGB16040|s__GGB16040_SGB9347,GGB16040 SGB9347,ALL,smoking,-0.13435989051003827,0.8355511775961488,188,0.9647128620860638
g__GGB1843|s__GGB1843_SGB2516,GGB1843 SGB2516,ALL,site[T.Oral],1.6072622441780313,1.0738405656768984e-07,188,2.791985470759936e-06
g__GGB1843|s__GGB1843_SGB2516,GGB1843 SGB2516,ALL,sex[T.1],0.05376220716701372,0.6365397141353677,188,0.9057684922913966
g__GGB1843|s__GGB1843_SGB2516,GGB1843 SGB2516,ALL,disease,0.7823904268675956,4.4828617287619786e-07,188,1.028421220127748e-05
g__GGB1843|s__GGB1843_SGB2516,GGB1843 SGB2516,ALL,disease:site[T.Oral],-0.8158688969335002,0.014056622941566906,188,0.10772652079672454
g__GGB1843|s__GGB1843_SGB2516,GGB1843 SGB2516,ALL,ppi_use,-0.20331978662978384,0.4426313573736148,188,0.8033278512830341
g__GGB1843|s__GGB1843_SGB2516,GGB1843 SGB2516,ALL,disease:ppi_use,-0.19602622679767392,0.5309062744246293,188,0.8615261318679838
g__GGB1843|s__GGB1843_SGB2516,GGB1843 SGB2516,ALL,age,-0.0037133134512536666,0.40193652375396194,188,0.78815485942816
g__GGB1843|s__GGB1843_SGB2516,GGB1843 SGB2516,ALL,bmi,0.0005264631764607367,0.9703533130585981,188,0.9933594342500183
g__GGB1843|s__GGB1843_SGB2516,GGB1843 SGB2516,ALL,antibiotics_3m,-0.11042188506345664,0.5968094412676973,188,0.889404195757805
g__GGB1843|s__GGB1843_SGB2516,GGB1843 SGB2516,ALL,smoking,0.007878160394187724,0.9577112045621281,188,0.9905532686418382
g__GGB1843|s__GGB1843_SGB2524,GGB1843 SGB2524,ALL,site[T.Oral],3.023694605326046,6.715255339959679e-07,188,1.4651075180723657e-05
g__GGB1843|s__GGB1843_SGB2524,GGB1843 SGB2524,ALL,sex[T.1],0.0062186472764342166,0.978427289629729,188,0.9942906156920523
g__GGB1843|s__GGB1843_SGB2524,GGB1843 SGB2524,ALL,disease,0.831467949686586,0.006478379034720542,188,0.05727735620118162
g__GGB1843|s__GGB1843_SGB2524,GGB1843 SGB2524,ALL,disease:site[T.Oral],-0.5271478299273151,0.4290650032527963,188,0.7995073883419616
g__GGB1843|s__GGB1843_SGB2524,GGB1843 SGB2524,ALL,ppi_use,-0.8553360528162871,0.11117093316902164,188,0.4346523001854991
g__GGB1843|s__GGB1843_SGB2524,GGB1843 SGB2524,ALL,disease:ppi_use,0.4545638729031974,0.4724434159363349,188,0.8243864798166198
g__GGB1843|s__GGB1843_SGB2524,GGB1843 SGB2524,ALL,age,0.0074061905940527055,0.4083541919024485,188,0.7928812433747273
g__GGB1843|s__GGB1843_SGB2524,GGB1843 SGB2524,ALL,bmi,0.008063866294412206,0.7783238197106036,188,0.9545371525593531
g__GGB1843|s__GGB1843_SGB2524,GGB1843 SGB2524,ALL,antibiotics_3m,0.5799200571403276,0.17041122228522831,188,0.5457512684499557
g__GGB1843|s__GGB1843_SGB2524,GGB1843 SGB2524,ALL,smoking,-0.04454516694573392,0.8821241486485409,188,0.9743526013152224
g__GGB2653|s__GGB2653_SGB3574,GGB2653 SGB3574,ALL,site[T.Oral],-0.960992272188633,0.32404482025230064,188,0.7228790935006894
g__GGB2653|s__GGB2653_SGB3574,GGB2653 SGB3574,ALL,sex[T.1],-0.47752077057280384,0.21114367739340315,188,0.6124552213711689
g__GGB2653|s__GGB2653_SGB3574,GGB2653 SGB3574,ALL,disease,1.684226218196985,0.0009278477475955303,188,0.010573849331364647
g__GGB2653|s__GGB2653_SGB3574,GGB2653 SGB3574,ALL,disease:site[T.Oral],-1.6341130975750076,0.13987528744775135,188,0.4932213075121788
g__GGB2653|s__GGB2653_SGB3574,GGB2653 SGB3574,ALL,ppi_use,0.7658448735028796,0.38813102033420643,188,0.7784947489068068
g__GGB2653|s__GGB2653_SGB3574,GGB2653 SGB3574,ALL,disease:ppi_use,-0.812668435875466,0.4382310709171823,188,0.802956023653864
g__GGB2653|s__GGB2653_SGB3574,GGB2653 SGB3574,ALL,age,-0.034762026965484916,0.019993548511597833,188,0.13984497335795903
g__GGB2653|s__GGB2653_SGB3574,GGB2653 SGB3574,ALL,bmi,0.08325956991827665,0.08066635329586369,188,0.359313324960002
g__GGB2653|s__GGB2653_SGB3574,GGB2653 SGB3574,ALL,antibiotics_3m,-0.1765259932913775,0.8006532344518726,188,0.9583141371205753
g__GGB2653|s__GGB2653_SGB3574,GGB2653 SGB3574,ALL,smoking,-0.020040051435466152,0.9678845993350599,188,0.9930648768389536
g__GGB2998|s__GGB2998_SGB3989,GGB2998 SGB3989,ALL,site[T.Oral],-1.5435021180355093,0.12884397335450257,188,0.4718642897107756
g__GGB2998|s__GGB2998_SGB3989,GGB2998 SGB3989,ALL,sex[T.1],0.40944980601853553,0.3026969733084361,188,0.7040134282173679
g__GGB2998|s__GGB2998_SGB3989,GGB2998 SGB3989,ALL,disease,-1.8119202548635553,0.0006291702790079577,188,0.007410696910462857
g__GGB2998|s__GGB2998_SGB3989,GGB2998 SGB3989,ALL,disease:site[T.Oral],1.3566876559520518,0.23853304844136541,188,0.650039596295957
g__GGB2998|s__GGB2998_SGB3989,GGB2998 SGB3989,ALL,ppi_use,-0.13168116490292056,0.8865363885969794,188,0.9757150140376704
g__GGB2998|s__GGB2998_SGB3989,GGB2998 SGB3989,ALL,disease:ppi_use,0.8736663591878057,0.42342740915141064,188,0.7969027112258336
g__GGB2998|s__GGB2998_SGB3989,GGB2998 SGB3989,ALL,age,-0.0013339193381601065,0.9311353393831138,188,0.9884841913900583
g__GGB2998|s__GGB2998_SGB3989,GGB2998 SGB3989,ALL,bmi,-0.0003758722216031358,0.9939296290846171,188,0.9979694681801684
g__GGB2998|s__GGB2998_SGB3989,GGB2998 SGB3989,ALL,antibiotics_3m,0.2764911731782004,0.7040447388164863,188,0.9271017907425374
g__GGB2998|s__GGB2998_SGB3989,GGB2998 SGB3989,ALL,smoking,-0.3306815627709535,0.5235931962890557,188,0.8567888666548183
g__GGB3033|s__GGB3033_SGB4029,GGB3033 SGB4029,ALL,site[T.Oral],-0.9866783825045813,0.35312276328882586,188,0.7543888613169683
g__GGB3033|s__GGB3033_SGB4029,GGB3033 SGB4029,ALL,sex[T.1],-0.4242983614374733,0.3079679250662275,188,0.7079026961247272
g__GGB3033|s__GGB3033_SGB4029,GGB3033 SGB4029,ALL,disease,-0.5820624641419779,0.28725854720590205,188,0.6929742272802173
g__GGB3033|s__GGB3033_SGB4029,GGB3033 SGB4029,ALL,disease:site[T.Oral],0.21135904537917402,0.8606008037755245,188,0.9669362423982366
g__GGB3033|s__GGB3033_SGB4029,GGB3033 SGB4029,ALL,ppi_use,-1.2501380676290397,0.1970471690089147,188,0.5936785950397344
g__GGB3033|s__GGB3033_SGB4029,GGB3033 SGB4029,ALL,disease:ppi_use,1.2862009851349352,0.2610663493521423,188,0.6704424416651678
g__GGB3033|s__GGB3033_SGB4029,GGB3033 SGB4029,ALL,age,0.0007159381157953546,0.9646876889430265,188,0.9927239082804642
g__GGB3033|s__GGB3033_SGB4029,GGB3033 SGB4029,ALL,bmi,0.008565025728679525,0.8685699406905613,188,0.9700294075798261
g__GGB3033|s__GGB3033_SGB4029,GGB3033 SGB4029,ALL,antibiotics_3m,0.35637786265843996,0.6402846586068024,188,0.907031402331028
g__GGB3033|s__GGB3033_SGB4029,GGB3033 SGB4029,ALL,smoking,-0.36371190452069174,0.5031283006370578,188,0.8431127880192117
g__GGB3109|s__GGB3109_SGB4643,GGB3109 SGB4643,ALL,site[T.Oral],-1.2753383698577054,0.20618056288202993,188,0.6059379089537335
g__GGB3109|s__GGB3109_SGB4643,GGB3109 SGB4643,ALL,sex[T.1],0.2945080318146736,0.4552923964528497,188,0.814524410763416
g__GGB3109|s__GGB3109_SGB4643,GGB3109 SGB4643,ALL,disease,-0.5790368476449689,0.2644217711113478,188,0.6733434175386287
g__GGB3109|s__GGB3109_SGB4643,GGB3109 SGB4643,ALL,disease:site[T.Oral],0.5370070924467358,0.6381348114401852,188,0.9057684922913966
g__GGB3109|s__GGB3109_SGB4643,GGB3109 SGB4643,ALL,ppi_use,0.48751333743479786,0.5951051374504681,188,0.889404195757805
g__GGB3109|s__GGB3109_SGB4643,GGB3109 SGB4643,ALL,disease:ppi_use,0.08559905532113286,0.9370302084115097,188,0.9884841913900583
g__GGB3109|s__GGB3109_SGB4643,GGB3109 SGB4643,ALL,age,-0.0013142431585226218,0.9317148318889459,188,0.9884841913900583
g__GGB3109|s__GGB3109_SGB4643,GGB3109 SGB4643,ALL,bmi,0.054699004239426516,0.265998036983731,188,0.6743969501783097
g__GGB3109|s__GGB3109_SGB4643,GGB3109 SGB4643,ALL,antibiotics_3m,0.18919490908805608,0.7936101532585004,188,0.9575701746089158
g__GGB3109|s__GGB3109_SGB4643,GGB3109 SGB4643,ALL,smoking,0.03463291333385899,0.946369796766173,188,0.9885842329054207
g__GGB3175|s__GGB3175_SGB4191,GGB3175 SGB4191,ALL,site[T.Oral],-3.1592955792736297,0.01705583833908044,188,0.12498119534482745
g__GGB3175|s__GGB3175_SGB4191,GGB3175 SGB4191,ALL,sex[T.1],0.16711496823521466,0.745317843790777,188,0.9403542888949056
g__GGB3175|s__GGB3175_SGB4191,GGB3175 SGB4191,ALL,disease,-3.236421735264916,3.4427139119599575e-06,188,6.567350995097528e-05
g__GGB3175|s__GGB3175_SGB4191,GGB3175 SGB4191,ALL,disease:site[T.Oral],2.475876520751107,0.09782576134754277,188,0.40635316252056225
g__GGB3175|s__GGB3175_SGB4191,GGB3175 SGB4191,ALL,ppi_use,-2.466637211956643,0.04047394851433183,188,0.2288537405586754
g__GGB3175|s__GGB3175_SGB4191,GGB3175 SGB4191,ALL,disease:ppi_use,2.3468305188578698,0.09829182544484168,188,0.4078065098243431
g__GGB3175|s__GGB3175_SGB4191,GGB3175 SGB4191,ALL,age,0.008693087087786789,0.6641721902983422,188,0.9174515497627631
g__GGB3175|s__GGB3175_SGB4191,GGB3175 SGB4191,ALL,bmi,-0.01687361899203329,0.7922847637563536,188,0.9566286621206747
g__GGB3175|s__GGB3175_SGB4191,GGB3175 SGB4191,ALL,antibiotics_3m,0.945842923362485,0.3169081335213917,188,0.7167187813531475
g__GGB3175|s__GGB3175_SGB4191,GGB3175 SGB4191,ALL,smoking,0.21158389144258605,0.7528898709846091,188,0.9451514474806789
g__GGB3256|s__GGB3256_SGB4303,GGB3256 SGB4303,ALL,site[T.Oral],-1.1578093982210607,0.4095865247897247,188,0.7932719773600916
g__GGB3256|s__GGB3256_SGB4303,GGB3256 SGB4303,ALL,sex[T.1],-0.07677978437766357,0.8888289314356151,188,0.9757150140376704
g__GGB3256|s__GGB3256_SGB4303,GGB3256 SGB4303,ALL,disease,0.3661377477046784,0.6120839868975374,188,0.8984746400108621
g__GGB3256|s__GGB3256_SGB4303,GGB3256 SGB4303,ALL,disease:site[T.Oral],-0.48726214307412924,0.7593869388879905,188,0.9502488967903197
g__GGB3256|s__GGB3256_SGB4303,GGB3256 SGB4303,ALL,ppi_use,-0.7070415961904067,0.5802049976572703,188,0.8864291032626345
g__GGB3256|s__GGB3256_SGB4303,GGB3256 SGB4303,ALL,disease:ppi_use,1.1080091670037313,0.46338256182217574,188,0.8199282548063218
g__GGB3256|s__GGB3256_SGB4303,GGB3256 SGB4303,ALL,age,0.012215406348629465,0.5678205342069982,188,0.8799338079764077
g__GGB3256|s__GGB3256_SGB4303,GGB3256 SGB4303,ALL,bmi,0.06863566970076238,0.3163859567570601,188,0.7167187813531475
g__GGB3256|s__GGB3256_SGB4303,GGB3256 SGB4303,ALL,antibiotics_3m,0.17254725224229572,0.8640409230385513,188,0.9677283402924061
g__GGB3256|s__GGB3256_SGB4303,GGB3256 SGB4303,ALL,smoking,0.3714717326412638,0.6047699519250458,188,0.8949167501083097
g__GGB3304|s__GGB3304_SGB4367,GGB3304 SGB4367,ALL,site[T.Oral],-1.42948182041642,0.26047565068377443,188,0.6704424416651678
g__GGB3304|s__GGB3304_SGB4367,GGB3304 SGB4367,ALL,sex[T.1],-0.5994234815500044,0.22830671196779134,188,0.6346132545401056
g__GGB3304|s__GGB3304_SGB4367,GGB3304 SGB4367,ALL,disease,-1.5759709847524768,0.01658723812727246,188,0.12205703527615584
g__GGB3304|s__GGB3304_SGB4367,GGB3304 SGB4367,ALL,disease:site[T.Oral],0.9604830828304507,0.5044460395190229,188,0.8434347411943335
g__GGB3304|s__GGB3304_SGB4367,GGB3304 SGB4367,ALL,ppi_use,-0.5833221495178605,0.6137090421660873,188,0.8990478873134251
g__GGB3304|s__GGB3304_SGB4367,GGB3304 SGB4367,ALL,disease:ppi_use,1.1691786423173196,0.39217297803425843,188,0.7805711541103423
g__GGB3304|s__GGB3304_SGB4367,GGB3304 SGB4367,ALL,age,0.0070996530696992195,0.7133426377514043,188,0.9273454290768256
g__GGB3304|s__GGB3304_SGB4367,GGB3304 SGB4367,ALL,bmi,-0.0718296917117377,0.24633499749298807,188,0.6579765868779979
g__GGB3304|s__GGB3304_SGB4367,GGB3304 SGB4367,ALL,antibiotics_3m,-0.19299340680921798,0.8322228907907089,188,0.9647128620860638
g__GGB3304|s__GGB3304_SGB4367,GGB3304 SGB4367,ALL,smoking,-0.6370386595894914,0.32668245829667353,188,0.7248137981171454
g__GGB3321|s__GGB3321_SGB4394,GGB3321 SGB4394,ALL,site[T.Oral],-0.3284894260885927,0.6734170320403825,188,0.9224248310089421
g__GGB3321|s__GGB3321_SGB4394,GGB3321 SGB4394,ALL,sex[T.1],-0.6090068050609152,0.047156890026212685,188,0.2529280501923836
g__GGB3321|s__GGB3321_SGB4394,GGB3321 SGB4394,ALL,disease,-1.0009958742356608,0.013323750463725087,188,0.10387664246219241
g__GGB3321|s__GGB3321_SGB4394,GGB3321 SGB4394,ALL,disease:site[T.Oral],0.6246726070739286,0.4799107063915321,188,0.8303334859234778
g__GGB3321|s__GGB3321_SGB4394,GGB3321 SGB4394,ALL,ppi_use,-1.0038731066133197,0.15846065675526388,188,0.5262033161882461
g__GGB3321|s__GGB3321_SGB4394,GGB3321 SGB4394,ALL,disease:ppi_use,0.7771527345220643,0.35473163179057376,188,0.7549692313784608
g__GGB3321|s__GGB3321_SGB4394,GGB3321 SGB4394,ALL,age,0.006597721512405264,0.578586410657845,188,0.8860551053268045
g__GGB3321|s__GGB3321_SGB4394,GGB3321 SGB4394,ALL,bmi,-0.03957373582142042,0.29843180426820404,188,0.7011349618349373
g__GGB3321|s__GGB3321_SGB4394,GGB3321 SGB4394,ALL,antibiotics_3m,0.0893421296181373,0.873191693026512,188,0.9719154695303878
g__GGB3321|s__GGB3321_SGB4394,GGB3321 SGB4394,ALL,smoking,-0.08832159232327673,0.8246362210034277,188,0.9638605180559544
g__GGB3345|s__GGB3345_SGB9340,GGB3345 SGB9340,ALL,site[T.Oral],-1.7373486508072695,0.22713920739729412,188,0.6346132545401056
g__GGB3345|s__GGB3345_SGB9340,GGB3345 SGB9340,ALL,sex[T.1],0.3888728349258913,0.489344845430452,188,0.8328159395902756
g__GGB3345|s__GGB3345_SGB9340,GGB3345 SGB9340,ALL,disease,-1.790464312758238,0.01620906492048501,188,0.11952482745987895
g__GGB3345|s__GGB3345_SGB9340,GGB3345 SGB9340,ALL,disease:site[T.Oral],1.5705372590008917,0.33529302677773,188,0.7339170230267757
g__GGB3345|s__GGB3345_SGB9340,GGB3345 SGB9340,ALL,ppi_use,-1.0880238765012513,0.40586180510607517,188,0.7914305199568467
g__GGB3345|s__GGB3345_SGB9340,GGB3345 SGB9340,ALL,disease:ppi_use,0.4440504558775476,0.7738503147705005,188,0.9530040787506285
g__GGB3345|s__GGB3345_SGB9340,GGB3345 SGB9340,ALL,age,0.030336858753475148,0.1666096458032311,188,0.5388222014548903
g__GGB3345|s__GGB3345_SGB9340,GGB3345 SGB9340,ALL,bmi,-0.06627406627667964,0.34442003795158027,188,0.7421205237630736
g__GGB3345|s__GGB3345_SGB9340,GGB3345 SGB9340,ALL,antibiotics_3m,-0.014358058485017911,0.9888910345768678,188,0.9978824881525563
g__GGB3345|s__GGB3345_SGB9340,GGB3345 SGB9340,ALL,smoking,-0.1026267455583428,0.8888456984800717,188,0.9757150140376704
g__GGB33469|s__GGB33469_SGB15236,GGB33469 SGB15236,ALL,site[T.Oral],-4.614431788600918,0.00010165177582047574,188,0.0014563172780811015
g__GGB33469|s__GGB33469_SGB15236,GGB33469 SGB15236,ALL,sex[T.1],-0.22383617198984967,0.6228656861917611,188,0.9029892648093462
g__GGB33469|s__GGB33469_SGB15236,GGB33469 SGB15236,ALL,disease,-3.6959749601805,4.0641722040738524e-09,188,1.320855966324002e-07
g__GGB33469|s__GGB33469_SGB15236,GGB33469 SGB15236,ALL,disease:site[T.Oral],3.660345396394532,0.005991555643744533,188,0.053241418505172944
g__GGB33469|s__GGB33469_SGB15236,GGB33469 SGB15236,ALL,ppi_use,0.19449014040020854,0.8542241253678383,188,0.9669362423982366
g__GGB33469|s__GGB33469_SGB15236,GGB33469 SGB15236,ALL,disease:ppi_use,0.12018195347719668,0.9234510324717011,188,0.98640082896399
g__GGB33469|s__GGB33469_SGB15236,GGB33469 SGB15236,ALL,age,0.007654516669652336,0.6655820458105837,188,0.9179540199588011
g__GGB33469|s__GGB33469_SGB15236,GGB33469 SGB15236,ALL,bmi,-0.006913511150484474,0.9028993645626979,188,0.9807916171889652
g__GGB33469|s__GGB33469_SGB15236,GGB33469 SGB15236,ALL,antibiotics_3m,1.5298205473099398,0.06813034370172356,188,0.32580041742922305
g__GGB33469|s__GGB33469_SGB15236,GGB33469 SGB15236,ALL,smoking,0.32128829989520347,0.5889508083072649,188,0.889404195757805
g__GGB33469|s__GGB33469_SGB15237,GGB33469 SGB15237,ALL,site[T.Oral],-0.850324358158251,0.3312686629753103,188,0.7294560897386069
g__GGB33469|s__GGB33469_SGB15237,GGB33469 SGB15237,ALL,sex[T.1],0.42764548754897763,0.21248074400508815,188,0.6143388891745135
g__GGB33469|s__GGB33469_SGB15237,GGB33469 SGB15237,ALL,disease,-1.078407356445364,0.017375448124905917,188,0.12626878451018586
g__GGB33469|s__GGB33469_SGB15237,GGB33469 SGB15237,ALL,disease:site[T.Oral],1.1373910639905997,0.25204551713748996,188,0.660955059642885
g__GGB33469|s__GGB33469_SGB15237,GGB33469 SGB15237,ALL,ppi_use,0.6010187594961489,0.4507109028484859,188,0.8092047411755425
g__GGB33469|s__GGB33469_SGB15237,GGB33469 SGB15237,ALL,disease:ppi_use,-0.7464800533852081,0.427936059987171,188,0.7989657290186012
g__GGB33469|s__GGB33469_SGB15237,GGB33469 SGB15237,ALL,age,0.020180020029899624,0.13095387839799882,188,0.4768133954118007
g__GGB33469|s__GGB33469_SGB15237,GGB33469 SGB15237,ALL,bmi,-0.0484465828963528,0.25659064909436663,188,0.667374888915471
g__GGB33469|s__GGB33469_SGB15237,GGB33469 SGB15237,ALL,antibiotics_3m,0.7107671795234368,0.25848693015788826,188,0.6695860700030906
g__GGB33469|s__GGB33469_SGB15237,GGB33469 SGB15237,ALL,smoking,0.3408507931570627,0.4461887339563858,188,0.806929832785555
g__GGB33512|s__GGB33512_SGB15203,GGB33512 SGB15203,ALL,site[T.Oral],-1.3483793243674422,0.13995681546499433,188,0.4932213075121788
g__GGB33512|s__GGB33512_SGB15203,GGB33512 SGB15203,ALL,sex[T.1],0.04168980442308512,0.9069389972411173,188,0.9819532575029183
g__GGB33512|s__GGB33512_SGB15203,GGB33512 SGB15203,ALL,disease,-1.285677771798247,0.006629111432826586,188,0.0581704528230533
g__GGB33512|s__GGB33512_SGB15203,GGB33512 SGB15203,ALL,disease:site[T.Oral],1.1764386820480928,0.25553756517962173,188,0.6653834226858103
g__GGB33512|s__GGB33512_SGB15203,GGB33512 SGB15203,ALL,ppi_use,0.3310553027920457,0.689940480117455,188,0.9270978440450118
g__GGB33512|s__GGB33512_SGB15203,GGB33512 SGB15203,ALL,disease:ppi_use,-0.43296253693949865,0.6588312077930518,188,0.915115765474322
g__GGB33512|s__GGB33512_SGB15203,GGB33512 SGB15203,ALL,age,0.009470906130394868,0.49522306595451926,188,0.8377026320483675
g__GGB33512|s__GGB33512_SGB15203,GGB33512 SGB15203,ALL,bmi,-0.03647555072235564,0.4119616082719739,188,0.7940610900794225
g__GGB33512|s__GGB33512_SGB15203,GGB33512 SGB15203,ALL,antibiotics_3m,0.32651771249882555,0.6178485728602403,188,0.9005416148459434
g__GGB33512|s__GGB33512_SGB15203,GGB33512 SGB15203,ALL,smoking,0.43571086612388293,0.3502219233271704,188,0.7501795217706673
g__GGB33928|s__GGB33928_SGB15225,GGB33928 SGB15225,ALL,site[T.Oral],-4.283435522400223,3.178095051319366e-05,188,0.000500229310768205
g__GGB33928|s__GGB33928_SGB15225,GGB33928 SGB15225,ALL,sex[T.1],0.004142534077457801,0.9915966132404695,188,0.9978824881525563
g__GGB33928|s__GGB33928_SGB15225,GGB33928 SGB15225,ALL,disease,-3.264678510207831,2.0015886781268543e-09,188,6.565959121705848e-08
g__GGB33928|s__GGB33928_SGB15225,GGB33928 SGB15225,ALL,disease:site[T.Oral],3.0793296595742325,0.007450493576270368,188,0.06378349378709511
g__GGB33928|s__GGB33928_SGB15225,GGB33928 SGB15225,ALL,ppi_use,0.0666088648562282,0.9419706605885207,188,0.9884841913900583
g__GGB33928|s__GGB33928_SGB15225,GGB33928 SGB15225,ALL,disease:ppi_use,0.9305395909668561,0.38993001762853985,188,0.7803046532931441
g__GGB33928|s__GGB33928_SGB15225,GGB33928 SGB15225,ALL,age,0.01181627935843855,0.440478409767871,188,0.802956023653864
g__GGB33928|s__GGB33928_SGB15225,GGB33928 SGB15225,ALL,bmi,0.0068621861363217,0.888597150889932,188,0.9757150140376704
g__GGB33928|s__GGB33928_SGB15225,GGB33928 SGB15225,ALL,antibiotics_3m,0.9831713636524683,0.17415012232464308,188,0.5546886836293078
g__GGB33928|s__GGB33928_SGB15225,GGB33928 SGB15225,ALL,smoking,-0.4404350056990302,0.3918037145542881,188,0.7805711541103423
g__GGB34228|s__GGB34228_SGB72916,GGB34228 SGB72916,ALL,site[T.Oral],-0.682473180000182,0.42069093744044495,188,0.7969027112258336
g__GGB34228|s__GGB34228_SGB72916,GGB34228 SGB72916,ALL,sex[T.1],0.5430795354855362,0.10273716189998455,188,0.4172836711420378
g__GGB34228|s__GGB34228_SGB72916,GGB34228 SGB72916,ALL,disease,-0.7942245588151514,0.06962592227073253,188,0.3298166585841248
g__GGB34228|s__GGB34228_SGB72916,GGB34228 SGB72916,ALL,disease:site[T.Oral],1.0604039121594604,0.2702876246481451,188,0.6805664006563769
g__GGB34228|s__GGB34228_SGB72916,GGB34228 SGB72916,ALL,ppi_use,0.9562818061674402,0.21608331634866598,188,0.6201573510906113
g__GGB34228|s__GGB34228_SGB72916,GGB34228 SGB72916,ALL,disease:ppi_use,-1.388785462200835,0.12883866773798522,188,0.4718642897107756
g__GGB34228|s__GGB34228_SGB72916,GGB34228 SGB72916,ALL,age,0.022672995513998203,0.08018134684372066,188,0.35900772855894947
g__GGB34228|s__GGB34228_SGB72916,GGB34228 SGB72916,ALL,bmi,-0.05324795841476596,0.1983038972904903,188,0.5948109266998908
g__GGB34228|s__GGB34228_SGB72916,GGB34228 SGB72916,ALL,antibiotics_3m,0.7858498218101216,0.19744517816745732,188,0.5943675603497214
g__GGB34228|s__GGB34228_SGB72916,GGB34228 SGB72916,ALL,smoking,0.3014437696269513,0.4867426444188576,188,0.8328159395902756
g__GGB34540|s__GGB34540_SGB54300,GGB34540 SGB54300,ALL,site[T.Oral],-1.4247163978277764,0.1428143873220696,188,0.4981302364054159
g__GGB34540|s__GGB34540_SGB54300,GGB34540 SGB54300,ALL,sex[T.1],-0.3173188275346942,0.4035872745043344,188,0.7901261643156386
g__GGB34540|s__GGB34540_SGB54300,GGB34540 SGB54300,ALL,disease,-1.5236976035438439,0.0025630782748736697,188,0.02541357272544232
g__GGB34540|s__GGB34540_SGB54300,GGB34540 SGB54300,ALL,disease:site[T.Oral],1.9747893929752847,0.0736986492259368,188,0.34225216369352074
g__GGB34540|s__GGB34540_SGB54300,GGB34540 SGB54300,ALL,ppi_use,1.4484966242673354,0.10220567757679844,188,0.4166572918636034
g__GGB34540|s__GGB34540_SGB54300,GGB34540 SGB54300,ALL,disease:ppi_use,-1.6348586746732907,0.11839716655641808,188,0.44907844985315415
g__GGB34540|s__GGB34540_SGB54300,GGB34540 SGB54300,ALL,age,0.016135660421591334,0.2754157018891305,188,0.6865831772946364
g__GGB34540|s__GGB34540_SGB54300,GGB34540 SGB54300,ALL,bmi,-0.015752556485520344,0.7389914595100782,188,0.9379424435995461
g__GGB34540|s__GGB34540_SGB54300,GGB34540 SGB54300,ALL,antibiotics_3m,0.5557816539571915,0.42517193586765856,188,0.7969027112258336
g__GGB34540|s__GGB34540_SGB54300,GGB34540 SGB54300,ALL,smoking,0.48382859817632723,0.32977457042582325,188,0.7284510649431338
g__GGB34797|s__GGB34797_SGB14322,GGB34797 SGB14322,ALL,site[T.Oral],-0.9185388772456486,0.3763724510744768,188,0.7716514621912463
g__GGB34797|s__GGB34797_SGB14322,GGB34797 SGB14322,ALL,sex[T.1],-0.07147244491489614,0.8603158587770763,188,0.9669362423982366
g__GGB34797|s__GGB34797_SGB14322,GGB34797 SGB14322,ALL,disease,0.18049025312983474,0.7352636660241025,188,0.9364207067288098
g__GGB34797|s__GGB34797_SGB14322,GGB34797 SGB14322,ALL,disease:site[T.Oral],-0.2886557081578063,0.8061530702887905,188,0.9604878739693329
g__GGB34797|s__GGB34797_SGB14322,GGB34797 SGB14322,ALL,ppi_use,1.2815804654578056,0.17610347598317314,188,0.5568677483792231
g__GGB34797|s__GGB34797_SGB14322,GGB34797 SGB14322,ALL,disease:ppi_use,-0.6863948633409074,0.5389065180039094,188,0.8676364121298048
g__GGB34797|s__GGB34797_SGB14322,GGB34797 SGB14322,ALL,age,0.03155660254886201,0.04708051554132108,188,0.2529280501923836
g__GGB34797|s__GGB34797_SGB14322,GGB34797 SGB14322,ALL,bmi,-0.09188388462486399,0.07059357478156755,188,0.3326486252453546
g__GGB34797|s__GGB34797_SGB14322,GGB34797 SGB14322,ALL,antibiotics_3m,-0.6347312409919968,0.39476281589308104,188,0.7827519359616059
g__GGB34797|s__GGB34797_SGB14322,GGB34797 SGB14322,ALL,smoking,0.2682894829591342,0.6131960481182561,188,0.8987175706184763
g__GGB3510|s__GGB3510_SGB4687,GGB3510 SGB4687,ALL,site[T.Oral],0.35118017176489935,0.6384248575296054,188,0.9057684922913966
g__GGB3510|s__GGB3510_SGB4687,GGB3510 SGB4687,ALL,sex[T.1],-0.5466668978643189,0.0629538971983538,188,0.3086147753718182
g__GGB3510|s__GGB3510_SGB4687,GGB3510 SGB4687,ALL,disease,0.536983001226315,0.16361902314256574,188,0.5347325616670444
g__GGB3510|s__GGB3510_SGB4687,GGB3510 SGB4687,ALL,disease:site[T.Oral],-0.5978242448381929,0.4807312155689334,188,0.8303334859234778
g__GGB3510|s__GGB3510_SGB4687,GGB3510 SGB4687,ALL,ppi_use,-0.13799648657731353,0.8393323852680633,188,0.9647128620860638
g__GGB3510|s__GGB3510_SGB4687,GGB3510 SGB4687,ALL,disease:ppi_use,0.07077208758239448,0.9298743845923267,188,0.9884841913900583
g__GGB3510|s__GGB3510_SGB4687,GGB3510 SGB4687,ALL,age,-0.0031564112078283787,0.7815969326189751,188,0.954895326287315
g__GGB3510|s__GGB3510_SGB4687,GGB3510 SGB4687,ALL,bmi,0.018907384750208284,0.6039494813639168,188,0.8945662294043735
g__GGB3510|s__GGB3510_SGB4687,GGB3510 SGB4687,ALL,antibiotics_3m,-0.14845026004813075,0.7821090091692527,188,0.954895326287315
g__GGB3510|s__GGB3510_SGB4687,GGB3510 SGB4687,ALL,smoking,-0.3035428644167014,0.4274255935651122,188,0.7988625311041234
g__GGB3537|s__GGB3537_SGB4727,GGB3537 SGB4727,ALL,site[T.Oral],0.6888216936346261,0.37953175094351943,188,0.7754112024515444
g__GGB3537|s__GGB3537_SGB4727,GGB3537 SGB4727,ALL,sex[T.1],0.11523307742970304,0.7070879383615274,188,0.9271017907425374
g__GGB3537|s__GGB3537_SGB4727,GGB3537 SGB4727,ALL,disease,0.5602117985607808,0.16553644080185528,188,0.5378263930844902
g__GGB3537|s__GGB3537_SGB4727,GGB3537 SGB4727,ALL,disease:site[T.Oral],-1.156045928062153,0.1939929506761531,188,0.5905596330210732
g__GGB3537|s__GGB3537_SGB4727,GGB3537 SGB4727,ALL,ppi_use,-0.17564735079806576,0.8055037729739636,188,0.9602644352839897
g__GGB3537|s__GGB3537_SGB4727,GGB3537 SGB4727,ALL,disease:ppi_use,0.202022391501909,0.8105796813431234,188,0.961930737634696
g__GGB3537|s__GGB3537_SGB4727,GGB3537 SGB4727,ALL,age,-0.004981893593051227,0.6763387749898715,188,0.9240751655174967
g__GGB3537|s__GGB3537_SGB4727,GGB3537 SGB4727,ALL,bmi,-0.04850193217479811,0.2050573551886216,188,0.6038182187181727
g__GGB3537|s__GGB3537_SGB4727,GGB3537 SGB4727,ALL,antibiotics_3m,-0.6443843170957939,0.25282787160320636,188,0.660955059642885
g__GGB3537|s__GGB3537_SGB4727,GGB3537 SGB4727,ALL,smoking,0.35598359870005425,0.374619342178402,188,0.7705329177845148
g__GGB3570|s__GGB3570_SGB4777,GGB3570 SGB4777,ALL,site[T.Oral],-1.8453965496403884,0.028480981710596875,188,0.18143057314735941
g__GGB3570|s__GGB3570_SGB4777,GGB3570 SGB4777,ALL,sex[T.1],-0.019729911527672072,0.9519797929416468,188,0.9891006240655418
g__GGB3570|s__GGB3570_SGB4777,GGB3570 SGB4777,ALL,disease,-1.3905555406600345,0.0014541819662925138,188,0.015609109179470101
g__GGB3570|s__GGB3570_SGB4777,GGB3570 SGB4777,ALL,disease:site[T.Oral],1.3015828669120753,0.1712627822710515,188,0.5469812245417568
g__GGB3570|s__GGB3570_SGB4777,GGB3570 SGB4777,ALL,ppi_use,0.36650014819495313,0.6307396890529509,188,0.9051088751332205
g__GGB3570|s__GGB3570_SGB4777,GGB3570 SGB4777,ALL,disease:ppi_use,0.16465298390256652,0.8549453251280674,188,0.9669362423982366
g__GGB3570|s__GGB3570_SGB4777,GGB3570 SGB4777,ALL,age,-0.0024642959574304644,0.8467372799753861,188,0.9656011485134759
g__GGB3570|s__GGB3570_SGB4777,GGB3570 SGB4777,ALL,bmi,0.04009062920753496,0.3265112720531256,188,0.7248137981171454
g__GGB3570|s__GGB3570_SGB4777,GGB3570 SGB4777,ALL,antibiotics_3m,-0.21863348640807778,0.7160930193509935,188,0.9279113657566306
g__GGB3570|s__GGB3570_SGB4777,GGB3570 SGB4777,ALL,smoking,-0.34535048573869187,0.4201214490267241,188,0.7969027112258336
g__GGB3612|s__GGB3612_SGB4882,GGB3612 SGB4882,ALL,site[T.Oral],-0.29366452727712666,0.7488338196539355,188,0.9429205646864637
g__GGB3612|s__GGB3612_SGB4882,GGB3612 SGB4882,ALL,sex[T.1],-0.049163072618511314,0.8911048834488688,188,0.9762104060254462
g__GGB3612|s__GGB3612_SGB4882,GGB3612 SGB4882,ALL,disease,0.3579080905943288,0.4485308186041007,188,0.8085478674074742
g__GGB3612|s__GGB3612_SGB4882,GGB3612 SGB4882,ALL,disease:site[T.Oral],-0.5854860138559972,0.5736096899923131,188,0.8840096471943579
g__GGB3612|s__GGB3612_SGB4882,GGB3612 SGB4882,ALL,ppi_use,-0.4964948257198763,0.5525001904877678,188,0.8744843268351047
g__GGB3612|s__GGB3612_SGB4882,GGB3612 SGB4882,ALL,disease:ppi_use,0.7037100106433893,0.47623099048636697,188,0.8280438851955265
g__GGB3612|s__GGB3612_SGB4882,GGB3612 SGB4882,ALL,age,-0.002290568542747221,0.8697967641451488,188,0.9702072574413584
g__GGB3612|s__GGB3612_SGB4882,GGB3612 SGB4882,ALL,bmi,0.012006845742657542,0.7883600849585695,188,0.9564616781924473
g__GGB3612|s__GGB3612_SGB4882,GGB3612 SGB4882,ALL,antibiotics_3m,1.7673528049334704,0.007906500250068926,188,0.06719568009138482
g__GGB3612|s__GGB3612_SGB4882,GGB3612 SGB4882,ALL,smoking,0.3139665121806017,0.5035519136686548,188,0.8432572600081003
g__GGB3619|s__GGB3619_SGB4894,GGB3619 SGB4894,ALL,site[T.Oral],-1.409806293771259,0.1386481698141274,188,0.4915707838864517
g__GGB3619|s__GGB3619_SGB4894,GGB3619 SGB4894,ALL,sex[T.1],-0.14102154175079204,0.7043955625519966,188,0.9271017907425374
g__GGB3619|s__GGB3619_SGB4894,GGB3619 SGB4894,ALL,disease,-1.9457478504813246,9.662151689467047e-05,188,0.001389924279919235
g__GGB3619|s__GGB3619_SGB4894,GGB3619 SGB4894,ALL,disease:site[T.Oral],1.6620672201639513,0.12377175777322659,188,0.4602426118117823
g__GGB3619|s__GGB3619_SGB4894,GGB3619 SGB4894,ALL,ppi_use,-0.6874799891249215,0.4269289124053932,188,0.7983593407261216
g__GGB3619|s__GGB3619_SGB4894,GGB3619 SGB4894,ALL,disease:ppi_use,0.5543469280006004,0.5875370148620374,188,0.888902983692134
g__GGB3619|s__GGB3619_SGB4894,GGB3619 SGB4894,ALL,age,-0.006288542786817825,0.6637527919216929,188,0.9174515497627631
g__GGB3619|s__GGB3619_SGB4894,GGB3619 SGB4894,ALL,bmi,-0.009659138602641901,0.8347011051763686,188,0.9647128620860638
g__GGB3619|s__GGB3619_SGB4894,GGB3619 SGB4894,ALL,antibiotics_3m,0.9997557752428455,0.143749437950798,188,0.49887397605460837
g__GGB3619|s__GGB3619_SGB4894,GGB3619 SGB4894,ALL,smoking,-0.2841304026680203,0.5585394081732917,188,0.8783482628531604
g__GGB3653|s__GGB3653_SGB4964,GGB3653 SGB4964,ALL,site[T.Oral],-2.1764924434992428,0.03522210117086035,188,0.20935697123359456
g__GGB3653|s__GGB3653_SGB4964,GGB3653 SGB4964,ALL,sex[T.1],-0.07853223528028276,0.8451907958887457,188,0.9650682152145404
g__GGB3653|s__GGB3653_SGB4964,GGB3653 SGB4964,ALL,disease,-0.1354931743807284,0.7976773113105086,188,0.9579055637299284
g__GGB3653|s__GGB3653_SGB4964,GGB3653 SGB4964,ALL,disease:site[T.Oral],0.047451473574969726,0.9675027837330443,188,0.9929633833049666
g__GGB3653|s__GGB3653_SGB4964,GGB3653 SGB4964,ALL,ppi_use,0.5030237814540857,0.5909879343322781,188,0.889404195757805
g__GGB3653|s__GGB3653_SGB4964,GGB3653 SGB4964,ALL,disease:ppi_use,-0.09363766776637876,0.9325029388042423,188,0.9884841913900583
g__GGB3653|s__GGB3653_SGB4964,GGB3653 SGB4964,ALL,age,-0.007390091820251687,0.636883285302559,188,0.9057684922913966
g__GGB3653|s__GGB3653_SGB4964,GGB3653 SGB4964,ALL,bmi,0.05285441731591497,0.292093309575151,188,0.6950619627455714
g__GGB3653|s__GGB3653_SGB4964,GGB3653 SGB4964,ALL,antibiotics_3m,-1.1011938711338871,0.13679597832325863,188,0.48746906195615236
g__GGB3653|s__GGB3653_SGB4964,GGB3653 SGB4964,ALL,smoking,-0.3503463449831515,0.5051172619199418,188,0.8434347411943335
g__GGB3746|s__GGB3746_SGB5089,GGB3746 SGB5089,ALL,site[T.Oral],-1.7098639938031712,0.12877803453607822,188,0.4718642897107756
g__GGB3746|s__GGB3746_SGB5089,GGB3746 SGB5089,ALL,sex[T.1],-0.08177990928769809,0.8523424183111354,188,0.966630658569333
g__GGB3746|s__GGB3746_SGB5089,GGB3746 SGB5089,ALL,disease,0.2372738983485277,0.6811590896585235,188,0.925258670550084
g__GGB3746|s__GGB3746_SGB5089,GGB3746 SGB5089,ALL,disease:site[T.Oral],-0.6110798665895631,0.6311488386774612,188,0.9053258781192842
g__GGB3746|s__GGB3746_SGB5089,GGB3746 SGB5089,ALL,ppi_use,-0.1243808233252395,0.9031472913360695,188,0.9807916171889652
g__GGB3746|s__GGB3746_SGB5089,GGB3746 SGB5089,ALL,disease:ppi_use,0.10131850227019817,0.9331440044706593,188,0.9884841913900583
g__GGB3746|s__GGB3746_SGB5089,GGB3746 SGB5089,ALL,age,0.0006211041713427186,0.971019835079485,188,0.9936675280259453
g__GGB3746|s__GGB3746_SGB5089,GGB3746 SGB5089,ALL,bmi,-0.015699373964744055,0.7742084238703616,188,0.9530040787506285
g__GGB3746|s__GGB3746_SGB5089,GGB3746 SGB5089,ALL,antibiotics_3m,0.010719401985560416,0.9893889868030854,188,0.9978824881525563
g__GGB3746|s__GGB3746_SGB5089,GGB3746 SGB5089,ALL,smoking,1.0426917642214064,0.07054137923688365,188,0.3326486252453546
g__GGB3886|s__GGB3886_SGB5269,GGB3886 SGB5269,ALL,site[T.Oral],4.029974791507415,2.0587071530650795e-07,188,5.055375714476095e-06
g__GGB3886|s__GGB3886_SGB5269,GGB3886 SGB5269,ALL,sex[T.1],0.32249823114036347,0.2706969534066389,188,0.6811084634102528
g__GGB3886|s__GGB3886_SGB5269,GGB3886 SGB5269,ALL,disease,0.5730913923602612,0.1369087886553916,188,0.48746906195615236
g__GGB3886|s__GGB3886_SGB5269,GGB3886 SGB5269,ALL,disease:site[T.Oral],-0.0580902223307469,0.9452883878145565,188,0.9885842329054207
g__GGB3886|s__GGB3886_SGB5269,GGB3886 SGB5269,ALL,ppi_use,0.33824845125519115,0.6190109570904394,188,0.9005416148459434
g__GGB3886|s__GGB3886_SGB5269,GGB3886 SGB5269,ALL,disease:ppi_use,0.04843550061465448,0.9519316959751966,188,0.9891006240655418
g__GGB3886|s__GGB3886_SGB5269,GGB3886 SGB5269,ALL,age,-0.016405103755832845,0.15040114590909834,188,0.5091710291568629
g__GGB3886|s__GGB3886_SGB5269,GGB3886 SGB5269,ALL,bmi,-0.031167197819649797,0.3924017707173104,188,0.7805711541103423
g__GGB3886|s__GGB3886_SGB5269,GGB3886 SGB5269,ALL,antibiotics_3m,0.2569127087296233,0.6319674396853808,188,0.9055975305010503
g__GGB3886|s__GGB3886_SGB5269,GGB3886 SGB5269,ALL,smoking,-0.48811621873712724,0.20213879193528841,188,0.5997524595882184
g__GGB3887|s__GGB3887_SGB5270,GGB3887 SGB5270,ALL,site[T.Oral],3.9349301856033314,4.919894891106382e-07,188,1.1141181334053806e-05
g__GGB3887|s__GGB3887_SGB5270,GGB3887 SGB5270,ALL,sex[T.1],-0.13345151654031165,0.6515902564461211,188,0.9140271821073853
g__GGB3887|s__GGB3887_SGB5270,GGB3887 SGB5270,ALL,disease,0.643970090585379,0.09848391421887216,188,0.40812106128481856
g__GGB3887|s__GGB3887_SGB5270,GGB3887 SGB5270,ALL,disease:site[T.Oral],2.1212633237748184,0.013973119257634538,188,0.10732089407942501
g__GGB3887|s__GGB3887_SGB5270,GGB3887 SGB5270,ALL,ppi_use,0.13637332538522265,0.8427388710107897,188,0.9647128620860638
g__GGB3887|s__GGB3887_SGB5270,GGB3887 SGB5270,ALL,disease:ppi_use,0.05799320788623321,0.9430767660088129,188,0.9885842329054207
g__GGB3887|s__GGB3887_SGB5270,GGB3887 SGB5270,ALL,age,-0.0020544189440768893,0.8581871917841977,188,0.9669362423982366
g__GGB3887|s__GGB3887_SGB5270,GGB3887 SGB5270,ALL,bmi,-0.008989443379279299,0.8070192858874448,188,0.9611936523464306
g__GGB3887|s__GGB3887_SGB5270,GGB3887 SGB5270,ALL,antibiotics_3m,0.14513137060787398,0.7889077572814575,188,0.9564616781924473
g__GGB3887|s__GGB3887_SGB5270,GGB3887 SGB5270,ALL,smoking,-0.07846249417591206,0.8389094665050372,188,0.9647128620860638
g__GGB4538|s__GGB4538_SGB6256,GGB4538 SGB6256,ALL,site[T.Oral],4.643399148058449,1.5470723011158286e-10,188,6.033581974351732e-09
g__GGB4538|s__GGB4538_SGB6256,GGB4538 SGB6256,ALL,sex[T.1],0.09674832708401081,0.7179044156167911,188,0.9279113657566306
g__GGB4538|s__GGB4538_SGB6256,GGB4538 SGB6256,ALL,disease,0.5142479703326497,0.14507687497683566,188,0.499235128596758
g__GGB4538|s__GGB4538_SGB6256,GGB4538 SGB6256,ALL,disease:site[T.Oral],-0.799760660458349,0.3030980817670613,188,0.7040134282173679
g__GGB4538|s__GGB4538_SGB6256,GGB4538 SGB6256,ALL,ppi_use,-0.0579128337506927,0.9259290401565324,188,0.9866540066910161
g__GGB4538|s__GGB4538_SGB6256,GGB4538 SGB6256,ALL,disease:ppi_use,0.5741400311540031,0.4357711871465314,188,0.8012346081112233
g__GGB4538|s__GGB4538_SGB6256,GGB4538 SGB6256,ALL,age,-0.004119639561205589,0.6926251835604204,188,0.9270978440450118
g__GGB4538|s__GGB4538_SGB6256,GGB4538 SGB6256,ALL,bmi,-0.006765943268267517,0.839232653284402,188,0.9647128620860638
g__GGB4538|s__GGB4538_SGB6256,GGB4538 SGB6256,ALL,antibiotics_3m,0.24773168056399977,0.6141640084640252,188,0.8993390361738541
g__GGB4538|s__GGB4538_SGB6256,GGB4538 SGB6256,ALL,smoking,-0.11518378647375335,0.7419545064956075,188,0.9400256970749098
g__GGB45432|s__GGB45432_SGB63101,GGB45432 SGB63101,ALL,site[T.Oral],0.31722351644922486,0.6804868527752577,188,0.925258670550084
g__GGB45432|s__GGB45432_SGB63101,GGB45432 SGB63101,ALL,sex[T.1],-0.04217505293705885,0.8887788256639655,188,0.9757150140376704
g__GGB45432|s__GGB45432_SGB63101,GGB45432 SGB63101,ALL,disease,1.9014014792999863,3.2891349902635497e-06,188,6.312724114030736e-05
g__GGB45432|s__GGB45432_SGB63101,GGB45432 SGB63101,ALL,disease:site[T.Oral],-2.1678754071026174,0.013855355134881245,188,0.1068841681833696
g__GGB45432|s__GGB45432_SGB63101,GGB45432 SGB63101,ALL,ppi_use,0.009254237253490973,0.9894757416932196,188,0.9978824881525563
g__GGB45432|s__GGB45432_SGB63101,GGB45432 SGB63101,ALL,disease:ppi_use,0.21945709159955548,0.791239177385017,188,0.9566286621206747
g__GGB45432|s__GGB45432_SGB63101,GGB45432 SGB63101,ALL,age,-0.021713474466334145,0.06555614931526312,188,0.31607429134144716
g__GGB45432|s__GGB45432_SGB63101,GGB45432 SGB63101,ALL,bmi,0.050149471073793785,0.18290441601928767,188,0.569649068525022
g__GGB45432|s__GGB45432_SGB63101,GGB45432 SGB63101,ALL,antibiotics_3m,-0.1570629098398015,0.7765154621671068,188,0.9533295810446116
g__GGB45432|s__GGB45432_SGB63101,GGB45432 SGB63101,ALL,smoking,-0.23917534329842965,0.5439589207878157,188,0.8702351011692038
g__GGB4571|s__GGB4571_SGB6317,GGB4571 SGB6317,ALL,site[T.Oral],-0.2746856536090354,0.7645838687461799,188,0.9528674771233567
g__GGB4571|s__GGB4571_SGB6317,GGB4571 SGB6317,ALL,sex[T.1],-0.4650914150227793,0.19634677171608803,188,0.5930956701578907
g__GGB4571|s__GGB4571_SGB6317,GGB4571 SGB6317,ALL,disease,-1.4558046314707151,0.002330499229926704,188,0.023573637743638996
g__GGB4571|s__GGB4571_SGB6317,GGB4571 SGB6317,ALL,disease:site[T.Oral],0.942627575855509,0.36530901902390156,188,0.7629342144073817
g__GGB4571|s__GGB4571_SGB6317,GGB4571 SGB6317,ALL,ppi_use,-1.0544691382450218,0.2079258995618408,188,0.6091985871970461
g__GGB4571|s__GGB4571_SGB6317,GGB4571 SGB6317,ALL,disease:ppi_use,0.7963477485312374,0.4202830018473801,188,0.7969027112258336
g__GGB4571|s__GGB4571_SGB6317,GGB4571 SGB6317,ALL,age,-0.0005816516695651963,0.966799967845401,188,0.9927239082804642
g__GGB4571|s__GGB4571_SGB6317,GGB4571 SGB6317,ALL,bmi,-0.03841773519027547,0.3908694836155745,188,0.7805711541103423
g__GGB4571|s__GGB4571_SGB6317,GGB4571 SGB6317,ALL,antibiotics_3m,-0.12788352565034236,0.8460995840363076,188,0.9655824691636193
g__GGB4571|s__GGB4571_SGB6317,GGB4571 SGB6317,ALL,smoking,0.08315479693732389,0.8593094915046012,188,0.9669362423982366
g__GGB47687|s__GGB47687_SGB2286,GGB47687 SGB2286,ALL,site[T.Oral],-1.9158781152968658,0.1648065892230719,188,0.5361178203642099
g__GGB47687|s__GGB47687_SGB2286,GGB47687 SGB2286,ALL,sex[T.1],-0.47048583175170555,0.38287533243866134,188,0.7768254517108907
g__GGB47687|s__GGB47687_SGB2286,GGB47687 SGB2286,ALL,disease,-2.1918957329079096,0.0022420842543922894,188,0.02287708061894458
g__GGB47687|s__GGB47687_SGB2286,GGB47687 SGB2286,ALL,disease:site[T.Oral],1.549249649364109,0.32126483943689094,188,0.7223828228209399
g__GGB47687|s__GGB47687_SGB2286,GGB47687 SGB2286,ALL,ppi_use,-2.092170859739752,0.09627405492457629,188,0.4022880152205509
g__GGB47687|s__GGB47687_SGB2286,GGB47687 SGB2286,ALL,disease:ppi_use,2.0657706056975593,0.1640908952982111,188,0.5351728763540731
g__GGB47687|s__GGB47687_SGB2286,GGB47687 SGB2286,ALL,age,0.01161824507954014,0.5795048888557552,188,0.8864291032626345
g__GGB47687|s__GGB47687_SGB2286,GGB47687 SGB2286,ALL,bmi,-0.043923169842021534,0.5128567562348438,188,0.8487046172410326
g__GGB47687|s__GGB47687_SGB2286,GGB47687 SGB2286,ALL,antibiotics_3m,0.5402701557694064,0.5846822222914532,188,0.8886894803473405
g__GGB47687|s__GGB47687_SGB2286,GGB47687 SGB2286,ALL,smoking,-0.46802325280414026,0.506167063446908,188,0.8434347411943335
g__GGB4768|s__GGB4768_SGB6601,GGB4768 SGB6601,ALL,site[T.Oral],-0.6122766045414192,0.5776744792904152,188,0.8860551053268045
g__GGB4768|s__GGB4768_SGB6601,GGB4768 SGB6601,ALL,sex[T.1],0.38880780450987645,0.36688966631732833,188,0.7629342144073817
g__GGB4768|s__GGB4768_SGB6601,GGB4768 SGB6601,ALL,disease,-1.3203711887351786,0.020514212167224426,188,0.1425839301127876
g__GGB4768|s__GGB4768_SGB6601,GGB4768 SGB6601,ALL,disease:site[T.Oral],1.1454284629792821,0.35870327678995284,188,0.7589201335338966
g__GGB4768|s__GGB4768_SGB6601,GGB4768 SGB6601,ALL,ppi_use,-0.008511691355081272,0.9932176460419633,188,0.9979694681801684
g__GGB4768|s__GGB4768_SGB6601,GGB4768 SGB6601,ALL,disease:ppi_use,-0.4464211092264817,0.7059977376920179,188,0.9271017907425374
g__GGB4768|s__GGB4768_SGB6601,GGB4768 SGB6601,ALL,age,0.019913485383093954,0.2353843939066446,188,0.6449642643343657
g__GGB4768|s__GGB4768_SGB6601,GGB4768 SGB6601,ALL,bmi,-0.12208037018461304,0.02376359505905756,188,0.15917980659788555
g__GGB4768|s__GGB4768_SGB6601,GGB4768 SGB6601,ALL,antibiotics_3m,1.6850132939220468,0.03396987417916068,188,0.20557630753250689
g__GGB4768|s__GGB4768_SGB6601,GGB4768 SGB6601,ALL,smoking,0.0605055875440408,0.9143002858611899,188,0.9846856260026088
g__GGB4769|s__GGB4769_SGB6602,GGB4769 SGB6602,ALL,site[T.Oral],-0.8361887303775288,0.38791284751807253,188,0.7784947489068068
g__GGB4769|s__GGB4769_SGB6602,GGB4769 SGB6602,ALL,sex[T.1],-0.39515997849685697,0.29763186654449814,188,0.7004245074236505
g__GGB4769|s__GGB4769_SGB6602,GGB4769 SGB6602,ALL,disease,-1.4743129540944646,0.0034354773384658675,188,0.03285701759677165
g__GGB4769|s__GGB4769_SGB6602,GGB4769 SGB6602,ALL,disease:site[T.Oral],1.3593048324052512,0.21633716425490734,188,0.6203786327898078
g__GGB4769|s__GGB4769_SGB6602,GGB4769 SGB6602,ALL,ppi_use,-1.2756585015990975,0.14896780283923614,188,0.5061732700539389
g__GGB4769|s__GGB4769_SGB6602,GGB4769 SGB6602,ALL,disease:ppi_use,1.1273827508271261,0.2797812880296985,188,0.689164115513143
g__GGB4769|s__GGB4769_SGB6602,GGB4769 SGB6602,ALL,age,0.025934273382738075,0.07983258814037612,188,0.35878666372947526
g__GGB4769|s__GGB4769_SGB6602,GGB4769 SGB6602,ALL,bmi,-0.02546134435460566,0.5895906960321855,188,0.889404195757805
g__GGB4769|s__GGB4769_SGB6602,GGB4769 SGB6602,ALL,antibiotics_3m,1.449986012154323,0.038107372099591294,188,0.21891469078488615
g__GGB4769|s__GGB4769_SGB6602,GGB4769 SGB6602,ALL,smoking,-0.012996894397365248,0.9790464251180089,188,0.9943440255104777
g__GGB4964|s__GGB4964_SGB6927,GGB4964 SGB6927,ALL,site[T.Oral],4.816773703689509,7.124304674991772e-07,188,1.5435993462482175e-05
g__GGB4964|s__GGB4964_SGB6927,GGB4964 SGB6927,ALL,sex[T.1],0.004806474830227947,0.9895580402130975,188,0.9978824881525563
g__GGB4964|s__GGB4964_SGB6927,GGB4964 SGB6927,ALL,disease,0.36608519914887455,0.44848638423869935,188,0.8085478674074742
g__GGB4964|s__GGB4964_SGB6927,GGB4964 SGB6927,ALL,disease:site[T.Oral],1.9464338013938187,0.06853860592921578,188,0.32641859811607515
g__GGB4964|s__GGB4964_SGB6927,GGB4964 SGB6927,ALL,ppi_use,0.5152636671231425,0.5466726452587798,188,0.871399175684976
g__GGB4964|s__GGB4964_SGB6927,GGB4964 SGB6927,ALL,disease:ppi_use,-0.16684181866050132,0.8687450496845995,188,0.9700294075798261
g__GGB4964|s__GGB4964_SGB6927,GGB4964 SGB6927,ALL,age,-0.024354187652597007,0.08966225054924572,188,0.3823991487580224
g__GGB4964|s__GGB4964_SGB6927,GGB4964 SGB6927,ALL,bmi,0.011503267212072803,0.8014543836670476,188,0.9583141371205753
g__GGB4964|s__GGB4964_SGB6927,GGB4964 SGB6927,ALL,antibiotics_3m,-0.40740044985767926,0.5456081401659003,188,0.8708061588592563
g__GGB4964|s__GGB4964_SGB6927,GGB4964 SGB6927,ALL,smoking,0.42234186705098864,0.37919048344154416,188,0.7754112024515444
g__GGB51647|s__GGB51647_SGB4348,GGB51647 SGB4348,ALL,site[T.Oral],-1.0732325501338733,0.44998694703155606,188,0.8087323011166214
g__GGB51647|s__GGB51647_SGB4348,GGB51647 SGB4348,ALL,sex[T.1],-0.2692108455183423,0.6282657284608795,188,0.9040176460050758
g__GGB51647|s__GGB51647_SGB4348,GGB51647 SGB4348,ALL,disease,0.06884211282696043,0.9249114479775842,188,0.9866540066910161
g__GGB51647|s__GGB51647_SGB4348,GGB51647 SGB4348,ALL,disease:site[T.Oral],-0.019228841739358737,0.990469310467405,188,0.9978824881525563
g__GGB51647|s__GGB51647_SGB4348,GGB51647 SGB4348,ALL,ppi_use,-0.01920093564918183,0.9881531988200838,188,0.9978824881525563
g__GGB51647|s__GGB51647_SGB4348,GGB51647 SGB4348,ALL,disease:ppi_use,-0.43139430790914574,0.7777154048376484,188,0.954468905937114
g__GGB51647|s__GGB51647_SGB4348,GGB51647 SGB4348,ALL,age,-0.008933364667746134,0.6796696970361227,188,0.925258670550084
g__GGB51647|s__GGB51647_SGB4348,GGB51647 SGB4348,ALL,bmi,0.03075018823995053,0.6569979719139721,188,0.9143520937229643
g__GGB51647|s__GGB51647_SGB4348,GGB51647 SGB4348,ALL,antibiotics_3m,0.49644305504087,0.6264882656281167,188,0.9040176460050758
g__GGB51647|s__GGB51647_SGB4348,GGB51647 SGB4348,ALL,smoking,0.23212740786324115,0.7492323233363383,188,0.9429205646864637
g__GGB6518|s__GGB6518_SGB9205,GGB6518 SGB9205,ALL,site[T.Oral],-1.4555506532465552,0.16471942945000695,188,0.5361178203642099
g__GGB6518|s__GGB6518_SGB9205,GGB6518 SGB9205,ALL,sex[T.1],-0.5242358356822199,0.201080239994046,188,0.5986412231694351
g__GGB6518|s__GGB6518_SGB9205,GGB6518 SGB9205,ALL,disease,-1.5821319544060561,0.0036390229719030277,188,0.034521542246971966
g__GGB6518|s__GGB6518_SGB9205,GGB6518 SGB9205,ALL,disease:site[T.Oral],1.911045322348779,0.10802935228685313,188,0.42894007525662275
g__GGB6518|s__GGB6518_SGB9205,GGB6518 SGB9205,ALL,ppi_use,0.21553036963479524,0.8208581304704653,188,0.9635892538090608
g__GGB6518|s__GGB6518_SGB9205,GGB6518 SGB9205,ALL,disease:ppi_use,-0.6469442048436211,0.5652900181338625,188,0.8796730711254975
g__GGB6518|s__GGB6518_SGB9205,GGB6518 SGB9205,ALL,age,0.03258566586206152,0.04185814572946206,188,0.2343255048012948
g__GGB6518|s__GGB6518_SGB9205,GGB6518 SGB9205,ALL,bmi,-0.04995118910082539,0.32756385278503697,188,0.7258517192395706
g__GGB6518|s__GGB6518_SGB9205,GGB6518 SGB9205,ALL,antibiotics_3m,0.3001518094381036,0.6892768640100225,188,0.9270978440450118
g__GGB6518|s__GGB6518_SGB9205,GGB6518 SGB9205,ALL,smoking,-0.321946685973473,0.5470798600899305,188,0.8714097074916637
g__GGB6612|s__GGB6612_SGB9346,GGB6612 SGB9346,ALL,site[T.Oral],-1.6383619288753066,0.2810972628632848,188,0.689164115513143
g__GGB6612|s__GGB6612_SGB9346,GGB6612 SGB9346,ALL,sex[T.1],-0.468605880226146,0.43073963939395976,188,0.8001727273957875
g__GGB6612|s__GGB6612_SGB9346,GGB6612 SGB9346,ALL,disease,-0.7493683989507077,0.33783657047746884,188,0.7351599144532324
g__GGB6612|s__GGB6612_SGB9346,GGB6612 SGB9346,ALL,disease:site[T.Oral],0.846058039200097,0.6230883189083294,188,0.9029892648093462
g__GGB6612|s__GGB6612_SGB9346,GGB6612 SGB9346,ALL,ppi_use,1.0814672905032048,0.4344297490241825,188,0.8008521547180725
g__GGB6612|s__GGB6612_SGB9346,GGB6612 SGB9346,ALL,disease:ppi_use,-1.6763566995673904,0.3054865378853174,188,0.7058255276863792
g__GGB6612|s__GGB6612_SGB9346,GGB6612 SGB9346,ALL,age,0.014048681970258775,0.543683540796063,188,0.870199759983712
g__GGB6612|s__GGB6612_SGB9346,GGB6612 SGB9346,ALL,bmi,-0.10010625580368757,0.17728017729628284,188,0.5595804157463604
g__GGB6612|s__GGB6612_SGB9346,GGB6612 SGB9346,ALL,antibiotics_3m,-0.8310500750915738,0.4462253006942343,188,0.806929832785555
g__GGB6612|s__GGB6612_SGB9346,GGB6612 SGB9346,ALL,smoking,-0.1868891736070799,0.8097459829118596,188,0.961830253814087
g__GGB77437|s__GGB77437_SGB9391,GGB77437 SGB9391,ALL,site[T.Oral],-1.7917634014251793,0.08225801408974487,188,0.3631768923962321
g__GGB77437|s__GGB77437_SGB9391,GGB77437 SGB9391,ALL,sex[T.1],-0.30423311127754465,0.44955723469906816,188,0.8087323011166214
g__GGB77437|s__GGB77437_SGB9391,GGB77437 SGB9391,ALL,disease,-0.8157539520408521,0.12380738983026314,188,0.4602426118117823
g__GGB77437|s__GGB77437_SGB9391,GGB77437 SGB9391,ALL,disease:site[T.Oral],1.2303428415785342,0.2913846066632945,188,0.6944051688360178
g__GGB77437|s__GGB77437_SGB9391,GGB77437 SGB9391,ALL,ppi_use,-0.24849194182957485,0.7904993192020517,188,0.9565572153693289
g__GGB77437|s__GGB77437_SGB9391,GGB77437 SGB9391,ALL,disease:ppi_use,-0.0009487027036226484,0.9993150513754179,188,0.9999094788793534
g__GGB77437|s__GGB77437_SGB9391,GGB77437 SGB9391,ALL,age,0.03584505311777641,0.02293278279055566,188,0.15479628383625071
g__GGB77437|s__GGB77437_SGB9391,GGB77437 SGB9391,ALL,bmi,0.0435499235103361,0.384927755220004,188,0.7769387123762013
g__GGB77437|s__GGB77437_SGB9391,GGB77437 SGB9391,ALL,antibiotics_3m,-0.6022834004622536,0.414582527461563,188,0.795617644281075
g__GGB77437|s__GGB77437_SGB9391,GGB77437 SGB9391,ALL,smoking,-0.16850970187650163,0.7483356391643885,188,0.9429205646864637
g__GGB79630|s__GGB79630_SGB13983,GGB79630 SGB13983,ALL,site[T.Oral],-2.6639644781464695,0.01106618734055964,188,0.08929268405830881
g__GGB79630|s__GGB79630_SGB13983,GGB79630 SGB13983,ALL,sex[T.1],-0.43846693492189426,0.28193299572981734,188,0.6896061428652674
g__GGB79630|s__GGB79630_SGB13983,GGB79630 SGB13983,ALL,disease,-3.66379508507821,1.094137008342327e-10,188,4.465605696839032e-09
g__GGB79630|s__GGB79630_SGB13983,GGB79630 SGB13983,ALL,disease:site[T.Oral],2.7136432981276726,0.0222449419314315,188,0.15161115762975644
g__GGB79630|s__GGB79630_SGB13983,GGB79630 SGB13983,ALL,ppi_use,-1.4327112080629083,0.13133740813737918,188,0.4775463450771546
g__GGB79630|s__GGB79630_SGB13983,GGB79630 SGB13983,ALL,disease:ppi_use,1.54009182608576,0.1696240784301141,188,0.5457199956825852
g__GGB79630|s__GGB79630_SGB13983,GGB79630 SGB13983,ALL,age,-0.008285270978733597,0.6008739704072339,188,0.893096824208557
g__GGB79630|s__GGB79630_SGB13983,GGB79630 SGB13983,ALL,bmi,-0.08216193825725003,0.10619646305110612,188,0.42535403117637305
g__GGB79630|s__GGB79630_SGB13983,GGB79630 SGB13983,ALL,antibiotics_3m,-0.039477699567648,0.957817035262222,188,0.9905532686418382
g__GGB79630|s__GGB79630_SGB13983,GGB79630 SGB13983,ALL,smoking,-0.3198902577591046,0.5474240470139938,188,0.8714097074916637
g__GGB79734|s__GGB79734_SGB15291,GGB79734 SGB15291,ALL,site[T.Oral],-3.731430844011071,0.00048309007387280987,188,0.00588766027532487
g__GGB79734|s__GGB79734_SGB15291,GGB79734 SGB15291,ALL,sex[T.1],0.6670513054157272,0.10626940333682634,188,0.42535403117637305
g__GGB79734|s__GGB79734_SGB15291,GGB79734 SGB15291,ALL,disease,-1.3503309557985994,0.013295000521758636,188,0.10387664246219241
g__GGB79734|s__GGB79734_SGB15291,GGB79734 SGB15291,ALL,disease:site[T.Oral],1.2591723989230896,0.2914127674346023,188,0.6944051688360178
g__GGB79734|s__GGB79734_SGB15291,GGB79734 SGB15291,ALL,ppi_use,0.3001040094314458,0.7539280538195984,188,0.9458918213727638
g__GGB79734|s__GGB79734_SGB15291,GGB79734 SGB15291,ALL,disease:ppi_use,-0.03820511892700797,0.9730547810336845,188,0.994011141277134
g__GGB79734|s__GGB79734_SGB15291,GGB79734 SGB15291,ALL,age,-0.00577181237138285,0.7185364934833396,188,0.9279113657566306
g__GGB79734|s__GGB79734_SGB15291,GGB79734 SGB15291,ALL,bmi,0.04627793433048338,0.36705076348573473,188,0.7629342144073817
g__GGB79734|s__GGB79734_SGB15291,GGB79734 SGB15291,ALL,antibiotics_3m,0.5471684309831175,0.4688637773254256,188,0.8243864798166198
g__GGB79734|s__GGB79734_SGB15291,GGB79734 SGB15291,ALL,smoking,0.12153187466675583,0.8211262832022959,188,0.9635892538090608
g__GGB79977|s__GGB79977_SGB1466,GGB79977 SGB1466,ALL,site[T.Oral],2.9697767593159616,1.9470785899088283e-06,188,3.950431127502883e-05
g__GGB79977|s__GGB79977_SGB1466,GGB79977 SGB1466,ALL,sex[T.1],-0.03932148290408978,0.8679918241599553,188,0.9699622103793197
g__GGB79977|s__GGB79977_SGB1466,GGB79977 SGB1466,ALL,disease,0.6127127367737997,0.04996604294365115,188,0.26254612385062204
g__GGB79977|s__GGB79977_SGB1466,GGB79977 SGB1466,ALL,disease:site[T.Oral],-1.0985236516551022,0.11012659528933663,188,0.43375982621709147
g__GGB79977|s__GGB79977_SGB1466,GGB79977 SGB1466,ALL,ppi_use,-0.24056626881859353,0.6621218724692663,188,0.9174515497627631
g__GGB79977|s__GGB79977_SGB1466,GGB79977 SGB1466,ALL,disease:ppi_use,0.11955083890793175,0.8541494625564905,188,0.9669362423982366
g__GGB79977|s__GGB79977_SGB1466,GGB79977 SGB1466,ALL,age,-0.02581703018351478,0.005537639803204508,188,0.04987467087401011
g__GGB79977|s__GGB79977_SGB1466,GGB79977 SGB1466,ALL,bmi,0.009340078331222275,0.7512761411467007,188,0.9439383990622079
g__GGB79977|s__GGB79977_SGB1466,GGB79977 SGB1466,ALL,antibiotics_3m,-0.3846186138551227,0.3760294291047853,188,0.7716514621912463
g__GGB79977|s__GGB79977_SGB1466,GGB79977 SGB1466,ALL,smoking,-0.37837434239635276,0.2217710344957929,188,0.6277551057098655
g__GGB80011|s__GGB80011_SGB15265,GGB80011 SGB15265,ALL,site[T.Oral],-2.8368730177661003,0.038777048935936184,188,0.22167335792367426
g__GGB80011|s__GGB80011_SGB15265,GGB80011 SGB15265,ALL,sex[T.1],-0.6214614856099748,0.2456610535635472,188,0.6572182149451605
g__GGB80011|s__GGB80011_SGB15265,GGB80011 SGB15265,ALL,disease,-0.12485746387219342,0.8588570214615965,188,0.9669362423982366
g__GGB80011|s__GGB80011_SGB15265,GGB80011 SGB15265,ALL,disease:site[T.Oral],0.40567853494716605,0.793200104439968,188,0.9574045277112406
g__GGB80011|s__GGB80011_SGB15265,GGB80011 SGB15265,ALL,ppi_use,1.7404192571640285,0.16261377494852394,188,0.5340170241503893
g__GGB80011|s__GGB80011_SGB15265,GGB80011 SGB15265,ALL,disease:ppi_use,-1.0359395357557966,0.4809090764813838,188,0.8303334859234778
g__GGB80011|s__GGB80011_SGB15265,GGB80011 SGB15265,ALL,age,-0.03835390127814462,0.06636321593656254,188,0.3186523774792538
g__GGB80011|s__GGB80011_SGB15265,GGB80011 SGB15265,ALL,bmi,0.1030438157363894,0.12275538074869251,188,0.4587002924736556
g__GGB80011|s__GGB80011_SGB15265,GGB80011 SGB15265,ALL,antibiotics_3m,0.6805744219782942,0.48776579571599277,188,0.8328159395902756
g__GGB80011|s__GGB80011_SGB15265,GGB80011 SGB15265,ALL,smoking,-0.6029394752424422,0.3881384075746188,188,0.7784947489068068
g__GGB80011|s__GGB80011_SGB15267,GGB80011 SGB15267,ALL,site[T.Oral],-0.1458441890995111,0.8960374055369541,188,0.9788643926033952
g__GGB80011|s__GGB80011_SGB15267,GGB80011 SGB15267,ALL,sex[T.1],-0.06996316400863338,0.8728171668392884,188,0.9719154695303878
g__GGB80011|s__GGB80011_SGB15267,GGB80011 SGB15267,ALL,disease,-0.6892876124993779,0.23099643378463486,188,0.6394971213143055
g__GGB80011|s__GGB80011_SGB15267,GGB80011 SGB15267,ALL,disease:site[T.Oral],0.1599636529854426,0.8994282984883926,188,0.9802536230266833
g__GGB80011|s__GGB80011_SGB15267,GGB80011 SGB15267,ALL,ppi_use,-1.516937064187199,0.13693575358654309,188,0.48746906195615236
g__GGB80011|s__GGB80011_SGB15267,GGB80011 SGB15267,ALL,disease:ppi_use,1.759819077345367,0.14417763316806212,188,0.49887397605460837
g__GGB80011|s__GGB80011_SGB15267,GGB80011 SGB15267,ALL,age,0.02443884367939805,0.15189764946297524,188,0.5112484738927612
g__GGB80011|s__GGB80011_SGB15267,GGB80011 SGB15267,ALL,bmi,-0.04168907397919793,0.4441089101178167,188,0.804756147043021
g__GGB80011|s__GGB80011_SGB15267,GGB80011 SGB15267,ALL,antibiotics_3m,0.17469027047860408,0.827532177789732,188,0.9647128620860638
g__GGB80011|s__GGB80011_SGB15267,GGB80011 SGB15267,ALL,smoking,-0.21823047518239247,0.7023221380362945,188,0.9271017907425374
g__GGB80140|s__GGB80140_SGB15224,GGB80140 SGB15224,ALL,site[T.Oral],-4.505005203028285,4.6491796127000925e-05,188,0.0007033888120938502
g__GGB80140|s__GGB80140_SGB15224,GGB80140 SGB15224,ALL,sex[T.1],-0.07249105233290942,0.8639393728618748,188,0.9677283402924061
g__GGB80140|s__GGB80140_SGB15224,GGB80140 SGB15224,ALL,disease,-4.1904452479952425,2.230802803827324e-12,188,1.0302786633465669e-10
g__GGB80140|s__GGB80140_SGB15224,GGB80140 SGB15224,ALL,disease:site[T.Oral],4.148443645345826,0.0008586007026082175,188,0.009848655118153084
g__GGB80140|s__GGB80140_SGB15224,GGB80140 SGB15224,ALL,ppi_use,0.6903300865019214,0.4833132029114794,188,0.8324041876683521
g__GGB80140|s__GGB80140_SGB15224,GGB80140 SGB15224,ALL,disease:ppi_use,-0.3129349096466817,0.7878641872404719,188,0.9564616781924473
g__GGB80140|s__GGB80140_SGB15224,GGB80140 SGB15224,ALL,age,0.009363067453113908,0.569662856303751,188,0.8808443284696768
g__GGB80140|s__GGB80140_SGB15224,GGB80140 SGB15224,ALL,bmi,-0.001721706424545908,0.9739302679008242,188,0.9942906156920523
g__GGB80140|s__GGB80140_SGB15224,GGB80140 SGB15224,ALL,antibiotics_3m,-0.44948404889990534,0.5626396170898098,188,0.8796726307283886
g__GGB80140|s__GGB80140_SGB15224,GGB80140 SGB15224,ALL,smoking,0.028086012723873035,0.9594628065514089,188,0.9918763043292009
g__GGB9062|s__GGB9062_SGB13981,GGB9062 SGB13981,ALL,site[T.Oral],-2.0442275026656542,0.028567514864770285,188,0.18165213256402846
g__GGB9062|s__GGB9062_SGB13981,GGB9062 SGB13981,ALL,sex[T.1],-0.1931838857699745,0.5948706409328912,188,0.889404195757805
g__GGB9062|s__GGB9062_SGB13981,GGB9062 SGB13981,ALL,disease,-3.30944168516794,6.925715076237442e-11,188,2.928826496095593e-09
g__GGB9062|s__GGB9062_SGB13981,GGB9062 SGB13981,ALL,disease:site[T.Oral],2.569687287028037,0.015382710249092891,188,0.11512433470003422
g__GGB9062|s__GGB9062_SGB13981,GGB9062 SGB13981,ALL,ppi_use,-1.5153993070601754,0.07414450125847415,188,0.3428816856617184
g__GGB9062|s__GGB9062_SGB13981,GGB9062 SGB13981,ALL,disease:ppi_use,1.7188276641583855,0.08639249025801031,188,0.37576661982992327
g__GGB9062|s__GGB9062_SGB13981,GGB9062 SGB13981,ALL,age,-0.008077871094036482,0.5677281096533056,188,0.8799338079764077
g__GGB9062|s__GGB9062_SGB13981,GGB9062 SGB13981,ALL,bmi,-0.04852616051065299,0.28406675167281553,188,0.6898917862406205
g__GGB9062|s__GGB9062_SGB13981,GGB9062 SGB13981,ALL,antibiotics_3m,1.6232978057652752,0.01566531262545308,188,0.11624788015928184
g__GGB9062|s__GGB9062_SGB13981,GGB9062 SGB13981,ALL,smoking,-0.33027960668255596,0.48654566917621334,188,0.8328159395902756
g__GGB9063|s__GGB9063_SGB13982,GGB9063 SGB13982,ALL,site[T.Oral],-3.080898189457756,0.005376488298993588,188,0.04863781940584406
g__GGB9063|s__GGB9063_SGB13982,GGB9063 SGB13982,ALL,sex[T.1],-0.08835518724428076,0.8367027356274852,188,0.9647128620860638
g__GGB9063|s__GGB9063_SGB13982,GGB9063 SGB13982,ALL,disease,-3.072973863236157,1.566860491738942e-07,188,4.014365201462545e-06
g__GGB9063|s__GGB9063_SGB13982,GGB9063 SGB13982,ALL,disease:site[T.Oral],3.377950134498005,0.007076778069792114,188,0.061483888675669104
g__GGB9063|s__GGB9063_SGB13982,GGB9063 SGB13982,ALL,ppi_use,0.3928516377952216,0.693686804335477,188,0.9270978440450118
g__GGB9063|s__GGB9063_SGB13982,GGB9063 SGB13982,ALL,disease:ppi_use,-1.0786677142333052,0.36054074026639915,188,0.7600283490330408
g__GGB9063|s__GGB9063_SGB13982,GGB9063 SGB13982,ALL,age,0.005430497047481707,0.7447895907593517,188,0.9400256970749098
g__GGB9063|s__GGB9063_SGB13982,GGB9063 SGB13982,ALL,bmi,0.007764489640696511,0.8843679236024882,188,0.9755284135275718
g__GGB9063|s__GGB9063_SGB13982,GGB9063 SGB13982,ALL,antibiotics_3m,0.062146890570723805,0.9370102523154376,188,0.9884841913900583
g__GGB9063|s__GGB9063_SGB13982,GGB9063 SGB13982,ALL,smoking,-0.17019182419802914,0.7611960316956908,188,0.9512724451788183
g__GGB9092|s__GGB9092_SGB14022,GGB9092 SGB14022,ALL,site[T.Oral],-0.7000344162735035,0.48355331585634476,188,0.8324041876683521
g__GGB9092|s__GGB9092_SGB14022,GGB9092 SGB14022,ALL,sex[T.1],0.2043940922813382,0.6012722882641235,188,0.893096824208557
g__GGB9092|s__GGB9092_SGB14022,GGB9092 SGB14022,ALL,disease,-1.8353719837757936,0.0004478151592621249,188,0.005515197224596697
g__GGB9092|s__GGB9092_SGB14022,GGB9092 SGB14022,ALL,disease:site[T.Oral],1.368780909245465,0.2276788791351515,188,0.6346132545401056
g__GGB9092|s__GGB9092_SGB14022,GGB9092 SGB14022,ALL,ppi_use,-0.719482363091717,0.4293573907361734,188,0.7995073883419616
g__GGB9092|s__GGB9092_SGB14022,GGB9092 SGB14022,ALL,disease:ppi_use,0.363710157059812,0.7351011099793494,188,0.9364207067288098
g__GGB9092|s__GGB9092_SGB14022,GGB9092 SGB14022,ALL,age,1.726091786100895e-06,0.9999094788793534,188,0.9999094788793534
g__GGB9092|s__GGB9092_SGB14022,GGB9092 SGB14022,ALL,bmi,-0.03168465070451163,0.5155094712130717,188,0.8487046172410326
g__GGB9092|s__GGB9092_SGB14022,GGB9092 SGB14022,ALL,antibiotics_3m,-0.35171916089485644,0.6240024367138436,188,0.903407789415011
g__GGB9092|s__GGB9092_SGB14022,GGB9092 SGB14022,ALL,smoking,0.24334954002324607,0.6338445325270489,188,0.9055975305010503
g__GGB9101|s__GGB9101_SGB14033,GGB9101 SGB14033,ALL,site[T.Oral],-0.08424875868638348,0.920453311450597,188,0.985476393880623
g__GGB9101|s__GGB9101_SGB14033,GGB9101 SGB14033,ALL,sex[T.1],-0.6885919978751982,0.03828004460095793,188,0.2195473146231411
g__GGB9101|s__GGB9101_SGB14033,GGB9101 SGB14033,ALL,disease,-0.8473927664949358,0.05217415407886104,188,0.27010513394808594
g__GGB9101|s__GGB9101_SGB14033,GGB9101 SGB14033,ALL,disease:site[T.Oral],0.557482378631583,0.5602670658062079,188,0.8787803473616008
g__GGB9101|s__GGB9101_SGB14033,GGB9101 SGB14033,ALL,ppi_use,-1.5158310650382756,0.04980091873702632,188,0.26207080174956876
g__GGB9101|s__GGB9101_SGB14033,GGB9101 SGB14033,ALL,disease:ppi_use,1.3244210430832322,0.14591598820159174,188,0.5001612486206904
g__GGB9101|s__GGB9101_SGB14033,GGB9101 SGB14033,ALL,age,0.029239148750789826,0.02393339032561136,188,0.15970760464428874
g__GGB9101|s__GGB9101_SGB14033,GGB9101 SGB14033,ALL,bmi,-0.04930804652245218,0.23168149791209233,188,0.6394971213143055
g__GGB9101|s__GGB9101_SGB14033,GGB9101 SGB14033,ALL,antibiotics_3m,0.3314510733337182,0.5845908567623548,188,0.8886894803473405
g__GGB9101|s__GGB9101_SGB14033,GGB9101 SGB14033,ALL,smoking,-0.09184661300961086,0.831456995792789,188,0.9647128620860638
g__GGB9109|s__GGB9109_SGB14042,GGB9109 SGB14042,ALL,site[T.Oral],-1.906145855747947,0.11819672302438952,188,0.44907844985315415
g__GGB9109|s__GGB9109_SGB14042,GGB9109 SGB14042,ALL,sex[T.1],-0.34223066647215167,0.4725473255975655,188,0.8243864798166198
g__GGB9109|s__GGB9109_SGB14042,GGB9109 SGB14042,ALL,disease,-2.416353766133208,0.00015404964122756124,188,0.0021542400028236653
g__GGB9109|s__GGB9109_SGB14042,GGB9109 SGB14042,ALL,disease:site[T.Oral],2.437714139151687,0.07835040943387744,188,0.3558497997259231
g__GGB9109|s__GGB9109_SGB14042,GGB9109 SGB14042,ALL,ppi_use,1.0029971995971738,0.3657053913316488,188,0.7629342144073817
g__GGB9109|s__GGB9109_SGB14042,GGB9109 SGB14042,ALL,disease:ppi_use,-1.433181945622367,0.2742750713646351,188,0.6847123047580861
g__GGB9109|s__GGB9109_SGB14042,GGB9109 SGB14042,ALL,age,0.02203785215962057,0.2351407346069026,188,0.6447999831798656
g__GGB9109|s__GGB9109_SGB14042,GGB9109 SGB14042,ALL,bmi,-0.14397609770574474,0.016026826627940444,188,0.11842981360857043
g__GGB9109|s__GGB9109_SGB14042,GGB9109 SGB14042,ALL,antibiotics_3m,0.8314998002286246,0.3416919168345933,188,0.7385090074442258
g__GGB9109|s__GGB9109_SGB14042,GGB9109 SGB14042,ALL,smoking,0.23383249015336677,0.7069660606452628,188,0.9271017907425374
g__GGB9110|s__GGB9110_SGB14043,GGB9110 SGB14043,ALL,site[T.Oral],-0.6700614637540319,0.4925119911997907,188,0.8347257793873808
g__GGB9110|s__GGB9110_SGB14043,GGB9110 SGB14043,ALL,sex[T.1],-0.045783898232601566,0.9046106074018608,188,0.9815094998394225
g__GGB9110|s__GGB9110_SGB14043,GGB9110 SGB14043,ALL,disease,-1.1396522279289658,0.024208896152850656,188,0.16123951707116851
g__GGB9110|s__GGB9110_SGB14043,GGB9110 SGB14043,ALL,disease:site[T.Oral],1.2546526499556725,0.25766060501885807,188,0.6688523544375958
g__GGB9110|s__GGB9110_SGB14043,GGB9110 SGB14043,ALL,ppi_use,-0.488054507898441,0.5830824630916482,188,0.8882525295393323
g__GGB9110|s__GGB9110_SGB14043,GGB9110 SGB14043,ALL,disease:ppi_use,-0.017362428157792174,0.9868096003757578,188,0.9978824881525563
g__GGB9110|s__GGB9110_SGB14043,GGB9110 SGB14043,ALL,age,0.018113734212429303,0.22402776222038204,188,0.6310894425309318
g__GGB9110|s__GGB9110_SGB14043,GGB9110 SGB14043,ALL,bmi,-0.02875684081027979,0.5458044300542347,188,0.8708061588592563
g__GGB9110|s__GGB9110_SGB14043,GGB9110 SGB14043,ALL,antibiotics_3m,0.9567798911107578,0.17334080018118578,188,0.5526123602506468
g__GGB9110|s__GGB9110_SGB14043,GGB9110 SGB14043,ALL,smoking,-0.5581672998025229,0.26421032156682533,188,0.6733434175386287
g__GGB9117|s__GGB9117_SGB14050,GGB9117 SGB14050,ALL,site[T.Oral],-0.6725042723720003,0.499005520292767,188,0.840977090523966
g__GGB9117|s__GGB9117_SGB14050,GGB9117 SGB14050,ALL,sex[T.1],-0.22376784448841655,0.5655700303252438,188,0.8796730711254975
g__GGB9117|s__GGB9117_SGB14050,GGB9117 SGB14050,ALL,disease,-1.58025550298268,0.002297642965822043,188,0.023308458988541534
g__GGB9117|s__GGB9117_SGB14050,GGB9117 SGB14050,ALL,disease:site[T.Oral],1.2594292804968559,0.2647532759385902,188,0.6733434175386287
g__GGB9117|s__GGB9117_SGB14050,GGB9117 SGB14050,ALL,ppi_use,-0.10588419770435284,0.9069230925828634,188,0.9819532575029183
g__GGB9117|s__GGB9117_SGB14050,GGB9117 SGB14050,ALL,disease:ppi_use,0.18965362433966773,0.8593279863533985,188,0.9669362423982366
g__GGB9117|s__GGB9117_SGB14050,GGB9117 SGB14050,ALL,age,-0.015517871272755886,0.30633560330967097,188,0.706310629285552
g__GGB9117|s__GGB9117_SGB14050,GGB9117 SGB14050,ALL,bmi,-0.0218275585925957,0.6526373161993801,188,0.9140271821073853
g__GGB9117|s__GGB9117_SGB14050,GGB9117 SGB14050,ALL,antibiotics_3m,0.8973228790056309,0.20993358252476813,188,0.6115077798024366
g__GGB9117|s__GGB9117_SGB14050,GGB9117 SGB14050,ALL,smoking,-0.4610408088539052,0.3651200425098806,188,0.7629342144073817
g__GGB9176|s__GGB9176_SGB14114,GGB9176 SGB14114,ALL,site[T.Oral],-1.5507363332381,0.21558670379785352,188,0.6197455612862128
g__GGB9176|s__GGB9176_SGB14114,GGB9176 SGB14114,ALL,sex[T.1],-0.25084489741866006,0.6083076468328483,188,0.8953040178125555
g__GGB9176|s__GGB9176_SGB14114,GGB9176 SGB14114,ALL,disease,-1.8565897032272092,0.004312415713922377,188,0.03993820357748692
g__GGB9176|s__GGB9176_SGB14114,GGB9176 SGB14114,ALL,disease:site[T.Oral],2.0253278882141355,0.15409528540168355,188,0.5165945097993402
g__GGB9176|s__GGB9176_SGB14114,GGB9176 SGB14114,ALL,ppi_use,-0.4903612802478312,0.6667042965663834,188,0.9187797726533199
g__GGB9176|s__GGB9176_SGB14114,GGB9176 SGB14114,ALL,disease:ppi_use,-0.23797590308561029,0.8595674565504621,188,0.9669362423982366
g__GGB9176|s__GGB9176_SGB14114,GGB9176 SGB14114,ALL,age,0.023161671761295445,0.2247614792987527,188,0.6320798881356224
g__GGB9176|s__GGB9176_SGB14114,GGB9176 SGB14114,ALL,bmi,-0.014757833870339252,0.8086586434445339,188,0.961830253814087
g__GGB9176|s__GGB9176_SGB14114,GGB9176 SGB14114,ALL,antibiotics_3m,-0.48265150477742763,0.5909336873600284,188,0.889404195757805
g__GGB9176|s__GGB9176_SGB14114,GGB9176 SGB14114,ALL,smoking,-0.39027106676271467,0.5416623354255738,188,0.8693346124114149
g__GGB9261|s__GGB9261_SGB14209,GGB9261 SGB14209,ALL,site[T.Oral],-2.9199754459185567,0.032365467190694795,188,0.19860627594289987
g__GGB9261|s__GGB9261_SGB14209,GGB9261 SGB14209,ALL,sex[T.1],-0.7814212361118608,0.14223605926076205,188,0.4977553020989779
g__GGB9261|s__GGB9261_SGB14209,GGB9261 SGB14209,ALL,disease,-3.106292897937656,1.4577261574256004e-05,188,0.00023909433703569425
g__GGB9261|s__GGB9261_SGB14209,GGB9261 SGB14209,ALL,disease:site[T.Oral],3.4620609849190163,0.025352741476873587,188,0.1657134498767715
g__GGB9261|s__GGB9261_SGB14209,GGB9261 SGB14209,ALL,ppi_use,-0.5494519220338044,0.6564850501688656,188,0.9140271821073853
g__GGB9261|s__GGB9261_SGB14209,GGB9261 SGB14209,ALL,disease:ppi_use,0.3875468591394474,0.7905904506514025,188,0.9565572153693289
g__GGB9261|s__GGB9261_SGB14209,GGB9261 SGB14209,ALL,age,0.014150074896889358,0.4936392578996842,188,0.8362325266543879
g__GGB9261|s__GGB9261_SGB14209,GGB9261 SGB14209,ALL,bmi,0.06882445876175981,0.2986340103274342,188,0.7011407198991932
g__GGB9261|s__GGB9261_SGB14209,GGB9261 SGB14209,ALL,antibiotics_3m,0.8012538777067624,0.4111065310411738,188,0.7937205302280088
g__GGB9261|s__GGB9261_SGB14209,GGB9261 SGB14209,ALL,smoking,-0.26401846632303255,0.7034585273254018,188,0.9271017907425374
g__GGB9293|s__GGB9293_SGB14250,GGB9293 SGB14250,ALL,site[T.Oral],-0.9700442650791445,0.2666601070324592,188,0.6743969501783097
g__GGB9293|s__GGB9293_SGB14250,GGB9293 SGB14250,ALL,sex[T.1],-0.366230794287109,0.2841124417120135,188,0.6898917862406205
g__GGB9293|s__GGB9293_SGB14250,GGB9293 SGB14250,ALL,disease,-0.7190827709455412,0.11020512690291714,188,0.43375982621709147
g__GGB9293|s__GGB9293_SGB14250,GGB9293 SGB14250,ALL,disease:site[T.Oral],1.0194313430718063,0.30317354946247155,188,0.7040134282173679
g__GGB9293|s__GGB9293_SGB14250,GGB9293 SGB14250,ALL,ppi_use,0.8923008409141053,0.262035744233655,188,0.6718374450402697
g__GGB9293|s__GGB9293_SGB14250,GGB9293 SGB14250,ALL,disease:ppi_use,-0.7356163600101042,0.43348215534431567,188,0.8003799922454224
g__GGB9293|s__GGB9293_SGB14250,GGB9293 SGB14250,ALL,age,0.00983064194454653,0.4596038185222966,188,0.8164015197435531
g__GGB9293|s__GGB9293_SGB14250,GGB9293 SGB14250,ALL,bmi,0.008631709883336907,0.8391221592539343,188,0.9647128620860638
g__GGB9293|s__GGB9293_SGB14250,GGB9293 SGB14250,ALL,antibiotics_3m,-0.14050378584469586,0.8224891001383154,188,0.9637581684504767
g__GGB9293|s__GGB9293_SGB14250,GGB9293 SGB14250,ALL,smoking,-0.7769469272013917,0.08274438398115867,188,0.3639508618720137
g__GGB9296|s__GGB9296_SGB14253,GGB9296 SGB14253,ALL,site[T.Oral],-2.024921823234267,0.02844854447070195,188,0.18143057314735941
g__GGB9296|s__GGB9296_SGB14253,GGB9296 SGB14253,ALL,sex[T.1],-0.07715048843526258,0.8300500609406949,188,0.9647128620860638
g__GGB9296|s__GGB9296_SGB14253,GGB9296 SGB14253,ALL,disease,-1.5481193411781229,0.0012401138145769386,188,0.013560123019205776
g__GGB9296|s__GGB9296_SGB14253,GGB9296 SGB14253,ALL,disease:site[T.Oral],2.0771548103298274,0.047210441842111824,188,0.2529280501923836
g__GGB9296|s__GGB9296_SGB14253,GGB9296 SGB14253,ALL,ppi_use,1.5454448242447678,0.06585971394506575,188,0.31710232640216846
g__GGB9296|s__GGB9296_SGB14253,GGB9296 SGB14253,ALL,disease:ppi_use,-2.014064045404438,0.04270200198248177,188,0.23753411562363078
g__GGB9296|s__GGB9296_SGB14253,GGB9296 SGB14253,ALL,age,0.019135083784478195,0.17240390218506577,188,0.550125178790528
g__GGB9296|s__GGB9296_SGB14253,GGB9296 SGB14253,ALL,bmi,-0.018181321609622866,0.6847007247557428,188,0.9264596275900318
g__GGB9296|s__GGB9296_SGB14253,GGB9296 SGB14253,ALL,antibiotics_3m,-0.5534867144374473,0.40171362669307686,188,0.78815485942816
g__GGB9296|s__GGB9296_SGB14253,GGB9296 SGB14253,ALL,smoking,-0.005428999560793843,0.9907740783530861,188,0.9978824881525563
g__GGB9302|s__GGB9302_SGB14263,GGB9302 SGB14263,ALL,site[T.Oral],-1.4472721152706816,0.08759123411124807,188,0.3776968448777404
g__GGB9302|s__GGB9302_SGB14263,GGB9302 SGB14263,ALL,sex[T.1],-0.45621677886318546,0.1684535970732657,188,0.542949610401435
g__GGB9302|s__GGB9302_SGB14263,GGB9302 SGB14263,ALL,disease,-0.96575965943442,0.02716258252261074,188,0.17623043374189223
g__GGB9302|s__GGB9302_SGB14263,GGB9302 SGB14263,ALL,disease:site[T.Oral],1.582637648789896,0.09940313475422455,188,0.41004309450810134
g__GGB9302|s__GGB9302_SGB14263,GGB9302 SGB14263,ALL,ppi_use,2.43704249158906,0.0017663768081871362,188,0.018674646375713398
g__GGB9302|s__GGB9302_SGB14263,GGB9302 SGB14263,ALL,disease:ppi_use,-1.840140545971099,0.04395405944971182,188,0.24181622048352425
g__GGB9302|s__GGB9302_SGB14263,GGB9302 SGB14263,ALL,age,0.0029549806757472527,0.8182215618464085,188,0.9624650582098098
g__GGB9302|s__GGB9302_SGB14263,GGB9302 SGB14263,ALL,bmi,0.01909984068245227,0.6426193915898848,188,0.9079779863016672
g__GGB9302|s__GGB9302_SGB14263,GGB9302 SGB14263,ALL,antibiotics_3m,0.9660070078765411,0.11225837410281181,188,0.43732174594991063
g__GGB9302|s__GGB9302_SGB14263,GGB9302 SGB14263,ALL,smoking,-0.346312987071833,0.4227094525854225,188,0.7969027112258336
g__GGB9342|s__GGB9342_SGB14306,GGB9342 SGB14306,ALL,site[T.Oral],-2.6120712336279532,0.02606955222019484,188,0.1697664717864265
g__GGB9342|s__GGB9342_SGB14306,GGB9342 SGB14306,ALL,sex[T.1],-0.37816484545647405,0.4078287054177533,188,0.7928812433747273
g__GGB9342|s__GGB9342_SGB14306,GGB9342 SGB14306,ALL,disease,-2.323668687371762,0.00014739435643190576,188,0.002069416764303957
g__GGB9342|s__GGB9342_SGB14306,GGB9342 SGB14306,ALL,disease:site[T.Oral],2.3077477885434803,0.08214411504735818,188,0.3631768923962321
g__GGB9342|s__GGB9342_SGB14306,GGB9342 SGB14306,ALL,ppi_use,0.03375429762238879,0.9746413972854862,188,0.9942906156920523
g__GGB9342|s__GGB9342_SGB14306,GGB9342 SGB14306,ALL,disease:ppi_use,0.30223419978428995,0.8096635952220123,188,0.961830253814087
g__GGB9342|s__GGB9342_SGB14306,GGB9342 SGB14306,ALL,age,0.0012396482881975928,0.9443573824956906,188,0.9885842329054207
g__GGB9342|s__GGB9342_SGB14306,GGB9342 SGB14306,ALL,bmi,0.007164499049516738,0.8997095269312156,188,0.9802536230266833
g__GGB9342|s__GGB9342_SGB14306,GGB9342 SGB14306,ALL,antibiotics_3m,0.3785557074739954,0.6513014430294838,188,0.9140271821073853
g__GGB9342|s__GGB9342_SGB14306,GGB9342 SGB14306,ALL,smoking,-1.1066872112150028,0.06471917046935875,188,0.31246807200474447
g__GGB9345|s__GGB9345_SGB14311,GGB9345 SGB14311,ALL,site[T.Oral],-3.0903331831853667,0.0048200418618338445,188,0.04394375827282284
g__GGB9345|s__GGB9345_SGB14311,GGB9345 SGB14311,ALL,sex[T.1],-0.7989339134782729,0.06108488594274037,188,0.30198302768875873
g__GGB9345|s__GGB9345_SGB14311,GGB9345 SGB14311,ALL,disease,-2.2750721611941045,6.68148346706761e-05,188,0.0009979577433790344
g__GGB9345|s__GGB9345_SGB14311,GGB9345 SGB14311,ALL,disease:site[T.Oral],2.9108328179680365,0.018801037086023185,188,0.1339436303544008
g__GGB9345|s__GGB9345_SGB14311,GGB9345 SGB14311,ALL,ppi_use,0.19322173237738002,0.8448777829474967,188,0.9650247374375898
g__GGB9345|s__GGB9345_SGB14311,GGB9345 SGB14311,ALL,disease:ppi_use,-0.4783987835833465,0.6818785396634719,188,0.9254757636150793
g__GGB9345|s__GGB9345_SGB14311,GGB9345 SGB14311,ALL,age,0.03409561658912357,0.040175552527846985,188,0.2281815362018494
g__GGB9345|s__GGB9345_SGB14311,GGB9345 SGB14311,ALL,bmi,-0.0031685486543983005,0.9522068416454488,188,0.9891006240655418
g__GGB9345|s__GGB9345_SGB14311,GGB9345 SGB14311,ALL,antibiotics_3m,0.9159192345458796,0.24043008494724405,188,0.6526756366317298
g__GGB9345|s__GGB9345_SGB14311,GGB9345 SGB14311,ALL,smoking,-0.8901071050302307,0.10970365543783538,188,0.43375982621709147
g__GGB9453|s__GGB9453_SGB14844,GGB9453 SGB14844,ALL,site[T.Oral],-0.6630570610386463,0.5382357081220603,188,0.8674046535851385
g__GGB9453|s__GGB9453_SGB14844,GGB9453 SGB14844,ALL,sex[T.1],-0.27630546702688186,0.5124909258805274,188,0.8487046172410326
g__GGB9453|s__GGB9453_SGB14844,GGB9453 SGB14844,ALL,disease,0.17625008515294271,0.7504235794626337,188,0.9438709631210344
g__GGB9453|s__GGB9453_SGB14844,GGB9453 SGB14844,ALL,disease:site[T.Oral],-0.7800432016481073,0.523156353384526,188,0.8564733210726149
g__GGB9453|s__GGB9453_SGB14844,GGB9453 SGB14844,ALL,ppi_use,-1.1497726403628525,0.24202088077215295,188,0.6535038541703571
g__GGB9453|s__GGB9453_SGB14844,GGB9453 SGB14844,ALL,disease:ppi_use,1.1989802509204104,0.30162629067052626,188,0.7039283778281563
g__GGB9453|s__GGB9453_SGB14844,GGB9453 SGB14844,ALL,age,-0.0117981161697358,0.4723873246379692,188,0.8243864798166198
g__GGB9453|s__GGB9453_SGB14844,GGB9453 SGB14844,ALL,bmi,-0.02326503392109531,0.6578106995331452,188,0.9144220021233028
g__GGB9453|s__GGB9453_SGB14844,GGB9453 SGB14844,ALL,antibiotics_3m,0.16798473241795353,0.8280759956241415,188,0.9647128620860638
g__GGB9453|s__GGB9453_SGB14844,GGB9453 SGB14844,ALL,smoking,-0.7054663901152862,0.20125260494015199,188,0.5986412231694351
g__GGB9522|s__GGB9522_SGB14921,GGB9522 SGB14921,ALL,site[T.Oral],-1.2853931168982906,0.12595900820177805,188,0.465875783760001
g__GGB9522|s__GGB9522_SGB14921,GGB9522 SGB14921,ALL,sex[T.1],-0.25944134358090754,0.4291196231591632,188,0.7995073883419616
g__GGB9522|s__GGB9522_SGB14921,GGB9522 SGB14921,ALL,disease,-0.9169949918014544,0.034415335472577156,188,0.20720039023798595
g__GGB9522|s__GGB9522_SGB14921,GGB9522 SGB14921,ALL,disease:site[T.Oral],0.551377357110564,0.5615876130189537,188,0.8795950565357106
g__GGB9522|s__GGB9522_SGB14921,GGB9522 SGB14921,ALL,ppi_use,0.9135435513702761,0.23193157704647036,188,0.6394971213143055
g__GGB9522|s__GGB9522_SGB14921,GGB9522 SGB14921,ALL,disease:ppi_use,0.29366087335632063,0.7445648516626557,188,0.9400256970749098
g__GGB9522|s__GGB9522_SGB14921,GGB9522 SGB14921,ALL,age,0.0009627180848476,0.9398437686158916,188,0.9884841913900583
g__GGB9522|s__GGB9522_SGB14921,GGB9522 SGB14921,ALL,bmi,-0.020899212693120735,0.6088790999258049,188,0.8954617590336212
g__GGB9522|s__GGB9522_SGB14921,GGB9522 SGB14921,ALL,antibiotics_3m,-0.1737890249321614,0.7726340044806357,188,0.9530040787506285
g__GGB9522|s__GGB9522_SGB14921,GGB9522 SGB14921,ALL,smoking,-0.12300942005072231,0.7739468024897003,188,0.9530040787506285
g__GGB9524|s__GGB9524_SGB14924,GGB9524 SGB14924,ALL,site[T.Oral],-1.1054916654943021,0.2762487458796036,188,0.6868236161763652
g__GGB9524|s__GGB9524_SGB14924,GGB9524 SGB14924,ALL,sex[T.1],-0.3125547459009576,0.4314090340405272,188,0.8001727273957875
g__GGB9524|s__GGB9524_SGB14924,GGB9524 SGB14924,ALL,disease,-0.6004746157042499,0.25050104982769933,188,0.660955059642885
g__GGB9524|s__GGB9524_SGB14924,GGB9524 SGB14924,ALL,disease:site[T.Oral],0.2780405449606664,0.8088842012250161,188,0.961830253814087
g__GGB9524|s__GGB9524_SGB14924,GGB9524 SGB14924,ALL,ppi_use,0.09436338528565054,0.9186051055906792,188,0.985422958625698
g__GGB9524|s__GGB9524_SGB14924,GGB9524 SGB14924,ALL,disease:ppi_use,0.9870760335686577,0.3661916652252599,188,0.7629342144073817
g__GGB9524|s__GGB9524_SGB14924,GGB9524 SGB14924,ALL,age,-0.027484029881408932,0.07646632784668908,188,0.3499306528577297
g__GGB9524|s__GGB9524_SGB14924,GGB9524 SGB14924,ALL,bmi,0.09495928625571111,0.05600182584142442,188,0.2828293650408629
g__GGB9524|s__GGB9524_SGB14924,GGB9524 SGB14924,ALL,antibiotics_3m,-0.2180842270219365,0.7645855766832086,188,0.9528674771233567
g__GGB9524|s__GGB9524_SGB14924,GGB9524 SGB14924,ALL,smoking,-0.8123046769622343,0.11844774436296542,188,0.44907844985315415
g__GGB9559|s__GGB9559_SGB14969,GGB9559 SGB14969,ALL,site[T.Oral],-0.9151114895240331,0.27162432383225416,188,0.6819752336560888
g__GGB9559|s__GGB9559_SGB14969,GGB9559 SGB14969,ALL,sex[T.1],0.26410275204005407,0.4174314848441415,188,0.7964367730022324
g__GGB9559|s__GGB9559_SGB14969,GGB9559 SGB14969,ALL,disease,-0.3519836364671321,0.4108567657626898,188,0.7936748749736054
g__GGB9559|s__GGB9559_SGB14969,GGB9559 SGB14969,ALL,disease:site[T.Oral],0.597928827176418,0.5259887707879247,188,0.8583080360137684
g__GGB9559|s__GGB9559_SGB14969,GGB9559 SGB14969,ALL,ppi_use,0.5946996611111216,0.4325107960212198,188,0.8001727273957875
g__GGB9559|s__GGB9559_SGB14969,GGB9559 SGB14969,ALL,disease:ppi_use,-0.3173362534736833,0.7228113609200137,188,0.9296938094529137
g__GGB9559|s__GGB9559_SGB14969,GGB9559 SGB14969,ALL,age,0.012816082896001602,0.31216440772031917,188,0.7124168212602863
g__GGB9559|s__GGB9559_SGB14969,GGB9559 SGB14969,ALL,bmi,0.038905047974082584,0.3376912642627413,188,0.7351599144532324
g__GGB9559|s__GGB9559_SGB14969,GGB9559 SGB14969,ALL,antibiotics_3m,0.6259973514084505,0.2950892332711406,188,0.6980194195907591
g__GGB9559|s__GGB9559_SGB14969,GGB9559 SGB14969,ALL,smoking,-0.10825183975596325,0.7989900935046663,188,0.958132978545056
g__GGB9602|s__GGB9602_SGB15028,GGB9602 SGB15028,ALL,site[T.Oral],-1.2533912386728736,0.21163812454856257,188,0.6129123904005401
g__GGB9602|s__GGB9602_SGB15028,GGB9602 SGB15028,ALL,sex[T.1],-0.0326114076346277,0.9337082121425369,188,0.9884841913900583
g__GGB9602|s__GGB9602_SGB15028,GGB9602 SGB15028,ALL,disease,-1.1917590130654414,0.02167562104757498,188,0.14877495567395815
g__GGB9602|s__GGB9602_SGB15028,GGB9602 SGB15028,ALL,disease:site[T.Oral],1.3436547394201297,0.2375733232469669,188,0.6488648475512917
g__GGB9602|s__GGB9602_SGB15028,GGB9602 SGB15028,ALL,ppi_use,0.9951066254474407,0.27607341298632027,188,0.6868236161763652
g__GGB9602|s__GGB9602_SGB15028,GGB9602 SGB15028,ALL,disease:ppi_use,-0.8326668745388441,0.4401405161073446,188,0.802956023653864
g__GGB9602|s__GGB9602_SGB15028,GGB9602 SGB15028,ALL,age,0.02200192267328441,0.15044854551025888,188,0.5091710291568629
g__GGB9602|s__GGB9602_SGB15028,GGB9602 SGB15028,ALL,bmi,-0.044736584262577636,0.3601368201490869,188,0.7600283490330408
g__GGB9602|s__GGB9602_SGB15028,GGB9602 SGB15028,ALL,antibiotics_3m,0.9430145592083476,0.1908939064771858,188,0.583656456215089
g__GGB9602|s__GGB9602_SGB15028,GGB9602 SGB15028,ALL,smoking,0.5221742214709286,0.30862265284851853,188,0.7087325646274247
g__GGB9602|s__GGB9602_SGB15031,GGB9602 SGB15031,ALL,site[T.Oral],-3.448736694323555,0.003360279318051231,188,0.03226871887007797
g__GGB9602|s__GGB9602_SGB15031,GGB9602 SGB15031,ALL,sex[T.1],-0.22191659319027973,0.6257610664712032,188,0.9040176460050758
g__GGB9602|s__GGB9602_SGB15031,GGB9602 SGB15031,ALL,disease,-3.6932254844275465,4.129038697414941e-09,188,1.329626222745545e-07
g__GGB9602|s__GGB9602_SGB15031,GGB9602 SGB15031,ALL,disease:site[T.Oral],3.598838607797605,0.006857546936463927,188,0.059727021704685815
g__GGB9602|s__GGB9602_SGB15031,GGB9602 SGB15031,ALL,ppi_use,0.5411444598574111,0.6092287807854415,188,0.8954744642198071
g__GGB9602|s__GGB9602_SGB15031,GGB9602 SGB15031,ALL,disease:ppi_use,-0.07026448828779971,0.9551885355776271,188,0.9901360434179493
g__GGB9602|s__GGB9602_SGB15031,GGB9602 SGB15031,ALL,age,0.009632808173517382,0.5864558333108192,188,0.8886894803473405
g__GGB9602|s__GGB9602_SGB15031,GGB9602 SGB15031,ALL,bmi,-0.043847208823549005,0.4393396220772987,188,0.802956023653864
g__GGB9602|s__GGB9602_SGB15031,GGB9602 SGB15031,ALL,antibiotics_3m,0.5778378272202676,0.4889541769832194,188,0.8328159395902756
g__GGB9602|s__GGB9602_SGB15031,GGB9602 SGB15031,ALL,smoking,-0.5606268108057847,0.3460235212214514,188,0.7446612872392977
g__GGB9608|s__GGB9608_SGB15041,GGB9608 SGB15041,ALL,site[T.Oral],-1.198847791509906,0.20311189032666574,188,0.6001033123287851
g__GGB9608|s__GGB9608_SGB15041,GGB9608 SGB15041,ALL,sex[T.1],0.2010336442196561,0.5850165336528772,188,0.8886894803473405
g__GGB9608|s__GGB9608_SGB15041,GGB9608 SGB15041,ALL,disease,-0.3476144119811034,0.4725543012510083,188,0.8243864798166198
g__GGB9608|s__GGB9608_SGB15041,GGB9608 SGB15041,ALL,disease:site[T.Oral],0.8850240935507413,0.406743201793869,188,0.7923517750508688
g__GGB9608|s__GGB9608_SGB15041,GGB9608 SGB15041,ALL,ppi_use,0.3340424754490076,0.6964609407341632,188,0.9271017907425374
g__GGB9608|s__GGB9608_SGB15041,GGB9608 SGB15041,ALL,disease:ppi_use,-1.3092048281070179,0.19664930912400644,188,0.5933640545693001
g__GGB9608|s__GGB9608_SGB15041,GGB9608 SGB15041,ALL,age,0.024507932637445662,0.08829806973365721,188,0.37968731006425566
g__GGB9608|s__GGB9608_SGB15041,GGB9608 SGB15041,ALL,bmi,-0.003322799240124016,0.9422046354490913,188,0.9884841913900583
g__GGB9608|s__GGB9608_SGB15041,GGB9608 SGB15041,ALL,antibiotics_3m,-0.22659048684127478,0.7371831224191892,188,0.9371650705147968
g__GGB9608|s__GGB9608_SGB15041,GGB9608 SGB15041,ALL,smoking,-0.5065619696332814,0.2927273815328815,188,0.6951780170368161
g__GGB9614|s__GGB9614_SGB15049,GGB9614 SGB15049,ALL,site[T.Oral],-5.536589056347468,6.69639669750776e-09,188,2.0617852989694947e-07
g__GGB9614|s__GGB9614_SGB15049,GGB9614 SGB15049,ALL,sex[T.1],0.4330501499728592,0.2250996752619738,188,0.6320798881356224
g__GGB9614|s__GGB9614_SGB15049,GGB9614 SGB15049,ALL,disease,-3.8518709084853326,3.7209295358884646e-14,188,1.949322786711718e-12
g__GGB9614|s__GGB9614_SGB15049,GGB9614 SGB15049,ALL,disease:site[T.Oral],3.785830749176601,0.000315386705258746,188,0.004054971924755305
g__GGB9614|s__GGB9614_SGB15049,GGB9614 SGB15049,ALL,ppi_use,0.5528169502234314,0.5050228385494113,188,0.8434347411943335
g__GGB9614|s__GGB9614_SGB15049,GGB9614 SGB15049,ALL,disease:ppi_use,-0.32322487096352687,0.7413925525533146,188,0.9400256970749098
g__GGB9614|s__GGB9614_SGB15049,GGB9614 SGB15049,ALL,age,-0.009021175167167076,0.515454029909883,188,0.8487046172410326
g__GGB9614|s__GGB9614_SGB15049,GGB9614 SGB15049,ALL,bmi,0.0519126127505291,0.24289870270743197,188,0.6535038541703571
g__GGB9614|s__GGB9614_SGB15049,GGB9614 SGB15049,ALL,antibiotics_3m,0.3251751284998701,0.6189210690227596,188,0.9005416148459434
g__GGB9614|s__GGB9614_SGB15049,GGB9614 SGB15049,ALL,smoking,0.5177815123407159,0.2666846059394569,188,0.6743969501783097
g__GGB9616|s__GGB9616_SGB15051,GGB9616 SGB15051,ALL,site[T.Oral],-1.752281256740514,0.1345002813924219,188,0.4829681446583817
g__GGB9616|s__GGB9616_SGB15051,GGB9616 SGB15051,ALL,sex[T.1],0.5601114606807638,0.22133125087449332,188,0.6275223671805101
g__GGB9616|s__GGB9616_SGB15051,GGB9616 SGB15051,ALL,disease,-2.1722314579207977,0.00038140841846748816,188,0.00476421191751204
g__GGB9616|s__GGB9616_SGB15051,GGB9616 SGB15051,ALL,disease:site[T.Oral],1.6612673342754067,0.210429481562964,188,0.6119366033852558
g__GGB9616|s__GGB9616_SGB15051,GGB9616 SGB15051,ALL,ppi_use,-1.303845612856963,0.221058445755346,188,0.6272555736469397
g__GGB9616|s__GGB9616_SGB15051,GGB9616 SGB15051,ALL,disease:ppi_use,1.205670444295873,0.3378384450179669,188,0.7351599144532324
g__GGB9616|s__GGB9616_SGB15051,GGB9616 SGB15051,ALL,age,-0.004137277633798066,0.8160541592948133,188,0.9624650582098098
g__GGB9616|s__GGB9616_SGB15051,GGB9616 SGB15051,ALL,bmi,0.026167008068640873,0.6458163026627031,188,0.9103675591751357
g__GGB9616|s__GGB9616_SGB15051,GGB9616 SGB15051,ALL,antibiotics_3m,-0.02388716962556615,0.9772708472386007,188,0.9942906156920523
g__GGB9616|s__GGB9616_SGB15051,GGB9616 SGB15051,ALL,smoking,-0.032789012509410104,0.9561990274661564,188,0.9901360434179493
g__GGB9618|s__GGB9618_SGB15065,GGB9618 SGB15065,ALL,site[T.Oral],-1.235557846166074,0.19068041690192578,188,0.5835119994121704
g__GGB9618|s__GGB9618_SGB15065,GGB9618 SGB15065,ALL,sex[T.1],0.1955539306443832,0.5961130124579558,188,0.889404195757805
g__GGB9618|s__GGB9618_SGB15065,GGB9618 SGB15065,ALL,disease,-1.143152806775556,0.01926388607748112,188,0.13577558259429465
g__GGB9618|s__GGB9618_SGB15065,GGB9618 SGB15065,ALL,disease:site[T.Oral],1.5878090017933273,0.1383658086760036,188,0.49106571127681764
g__GGB9618|s__GGB9618_SGB15065,GGB9618 SGB15065,ALL,ppi_use,1.4130985949458599,0.10088093313930124,188,0.4138139127807721
g__GGB9618|s__GGB9618_SGB15065,GGB9618 SGB15065,ALL,disease:ppi_use,-1.706518659275051,0.0936473371449947,188,0.394046175966846
g__GGB9618|s__GGB9618_SGB15065,GGB9618 SGB15065,ALL,age,0.02167552145485019,0.1322177564949677,188,0.4784374487601408
g__GGB9618|s__GGB9618_SGB15065,GGB9618 SGB15065,ALL,bmi,-0.034106706964348865,0.4581431291519038,188,0.815871325886952
g__GGB9618|s__GGB9618_SGB15065,GGB9618 SGB15065,ALL,antibiotics_3m,0.9115694479916481,0.17902147441693564,188,0.5610343885540214
g__GGB9618|s__GGB9618_SGB15065,GGB9618 SGB15065,ALL,smoking,0.4639102798606815,0.33623258045327054,188,0.7339170230267757
g__GGB9619|s__GGB9619_SGB15066,GGB9619 SGB15066,ALL,site[T.Oral],-1.1506334220469914,0.23368505541356902,188,0.6420196353718742
g__GGB9619|s__GGB9619_SGB15066,GGB9619 SGB15066,ALL,sex[T.1],-0.2951014399931331,0.43484801965752706,188,0.8008521547180725
g__GGB9619|s__GGB9619_SGB15066,GGB9619 SGB15066,ALL,disease,-1.6162310558522932,0.0013266021437104594,188,0.014416017103478987
g__GGB9619|s__GGB9619_SGB15066,GGB9619 SGB15066,ALL,disease:site[T.Oral],1.5904522048856216,0.14700016679402897,188,0.5019169119134647
g__GGB9619|s__GGB9619_SGB15066,GGB9619 SGB15066,ALL,ppi_use,0.31935272321752733,0.7162297910567146,188,0.9279113657566306
g__GGB9619|s__GGB9619_SGB15066,GGB9619 SGB15066,ALL,disease:ppi_use,-0.6815722707102221,0.5116416714013092,188,0.8487046172410326
g__GGB9619|s__GGB9619_SGB15066,GGB9619 SGB15066,ALL,age,-0.0032468852468161727,0.8251095431599853,188,0.9640927085524462
g__GGB9619|s__GGB9619_SGB15066,GGB9619 SGB15066,ALL,bmi,-0.002803059641762491,0.9524672676186698,188,0.9891006240655418
g__GGB9619|s__GGB9619_SGB15066,GGB9619 SGB15066,ALL,antibiotics_3m,0.2259655693799092,0.7442892158867922,188,0.9400256970749098
g__GGB9619|s__GGB9619_SGB15066,GGB9619 SGB15066,ALL,smoking,0.6206901121436552,0.20922983764810507,188,0.6109789768259973
g__GGB9619|s__GGB9619_SGB15067,GGB9619 SGB15067,ALL,site[T.Oral],-2.048397761145054,0.060137034914879046,188,0.2981369951288495
g__GGB9619|s__GGB9619_SGB15067,GGB9619 SGB15067,ALL,sex[T.1],-0.09667376880357322,0.8198884172149735,188,0.9631219358850593
g__GGB9619|s__GGB9619_SGB15067,GGB9619 SGB15067,ALL,disease,-0.614724130899461,0.27134732974310743,188,0.6819752336560888
g__GGB9619|s__GGB9619_SGB15067,GGB9619 SGB15067,ALL,disease:site[T.Oral],0.2278942196290886,0.8529623475587378,188,0.9667090216116143
g__GGB9619|s__GGB9619_SGB15067,GGB9619 SGB15067,ALL,ppi_use,-1.9441157276964443,0.05027284574401826,188,0.2637633610784814
g__GGB9619|s__GGB9619_SGB15067,GGB9619 SGB15067,ALL,disease:ppi_use,1.3644300644107015,0.24327564826882198,188,0.6535038541703571
g__GGB9619|s__GGB9619_SGB15067,GGB9619 SGB15067,ALL,age,0.006539155906936661,0.6923101514778001,188,0.9270978440450118
g__GGB9619|s__GGB9619_SGB15067,GGB9619 SGB15067,ALL,bmi,0.019570694023385193,0.7113491138216863,188,0.927187781393864
g__GGB9619|s__GGB9619_SGB15067,GGB9619 SGB15067,ALL,antibiotics_3m,-0.6578203394916956,0.3988233591362397,188,0.7855611619350176
g__GGB9619|s__GGB9619_SGB15067,GGB9619 SGB15067,ALL,smoking,-0.32603873469512235,0.5567971089803416,188,0.8763936558390131
g__GGB9621|s__GGB9621_SGB15073,GGB9621 SGB15073,ALL,site[T.Oral],-3.1505564726079034,0.001979825690109145,188,0.020682107655604458
g__GGB9621|s__GGB9621_SGB15073,GGB9621 SGB15073,ALL,sex[T.1],0.41872040277619327,0.2879750756808627,188,0.6932733303428177
g__GGB9621|s__GGB9621_SGB15073,GGB9621 SGB15073,ALL,disease,-2.1573624121940993,4.598954349785394e-05,188,0.0007018404246846406
g__GGB9621|s__GGB9621_SGB15073,GGB9621 SGB15073,ALL,disease:site[T.Oral],1.8966882159307894,0.0972857627710852,188,0.40552395592403884
g__GGB9621|s__GGB9621_SGB15073,GGB9621 SGB15073,ALL,ppi_use,-0.23075173317803216,0.8009778159694253,188,0.9583141371205753
g__GGB9621|s__GGB9621_SGB15073,GGB9621 SGB15073,ALL,disease:ppi_use,0.1835214931560778,0.8652614679111851,188,0.968144007768014
g__GGB9621|s__GGB9621_SGB15073,GGB9621 SGB15073,ALL,age,0.006726414475573391,0.6604925620847336,188,0.9163355307973973
g__GGB9621|s__GGB9621_SGB15073,GGB9621 SGB15073,ALL,bmi,-0.019653848645337733,0.6884187266565114,188,0.9270978440450118
g__GGB9621|s__GGB9621_SGB15073,GGB9621 SGB15073,ALL,antibiotics_3m,0.37700314354740616,0.6015837280281366,188,0.893096824208557
g__GGB9621|s__GGB9621_SGB15073,GGB9621 SGB15073,ALL,smoking,0.20897689708723688,0.6843542670832414,188,0.9264596275900318
g__GGB9627|s__GGB9627_SGB15081,GGB9627 SGB15081,ALL,site[T.Oral],-2.7364181522681035,0.010455960250708777,188,0.08554876568761727
g__GGB9627|s__GGB9627_SGB15081,GGB9627 SGB15081,ALL,sex[T.1],0.2235714948959386,0.5898811725993508,188,0.889404195757805
g__GGB9627|s__GGB9627_SGB15081,GGB9627 SGB15081,ALL,disease,-1.6689390007036835,0.0024974652650980463,188,0.024903701933221997
g__GGB9627|s__GGB9627_SGB15081,GGB9627 SGB15081,ALL,disease:site[T.Oral],1.2753441221718274,0.2889446576481172,188,0.6941791569780229
g__GGB9627|s__GGB9627_SGB15081,GGB9627 SGB15081,ALL,ppi_use,-0.02672750429057024,0.9778942143739684,188,0.9942906156920523
g__GGB9627|s__GGB9627_SGB15081,GGB9627 SGB15081,ALL,disease:ppi_use,0.6494121200620365,0.569001208598273,188,0.88055567851869
g__GGB9627|s__GGB9627_SGB15081,GGB9627 SGB15081,ALL,age,-0.0016243234794939758,0.9198079570812243,188,0.985476393880623
g__GGB9627|s__GGB9627_SGB15081,GGB9627 SGB15081,ALL,bmi,0.01068851775715247,0.8360298148122081,188,0.9647128620860638
g__GGB9627|s__GGB9627_SGB15081,GGB9627 SGB15081,ALL,antibiotics_3m,-0.6090540607622893,0.42371424298246796,188,0.7969027112258336
g__GGB9627|s__GGB9627_SGB15081,GGB9627 SGB15081,ALL,smoking,-0.4311394004134749,0.42641772188133353,188,0.7978284668462051
g__GGB9634|s__GGB9634_SGB15093,GGB9634 SGB15093,ALL,site[T.Oral],-2.6004727947536663,0.030538376445922638,188,0.19005266192409304
g__GGB9634|s__GGB9634_SGB15093,GGB9634 SGB15093,ALL,sex[T.1],0.03142943575755951,0.9464159933752685,188,0.9885842329054207
g__GGB9634|s__GGB9634_SGB15093,GGB9634 SGB15093,ALL,disease,-2.2629005460955915,0.0003009109278648128,188,0.0038974072206844758
g__GGB9634|s__GGB9634_SGB15093,GGB9634 SGB15093,ALL,disease:site[T.Oral],2.057877715944373,0.1298820924907204,188,0.47438724728660625
g__GGB9634|s__GGB9634_SGB15093,GGB9634 SGB15093,ALL,ppi_use,-0.43740352943191035,0.687717441284545,188,0.9270978440450118
g__GGB9634|s__GGB9634_SGB15093,GGB9634 SGB15093,ALL,disease:ppi_use,0.6457798230116495,0.6155482849538119,188,0.9002290255219985
g__GGB9634|s__GGB9634_SGB15093,GGB9634 SGB15093,ALL,age,0.009613707027941546,0.5974368282815543,188,0.889404195757805
g__GGB9634|s__GGB9634_SGB15093,GGB9634 SGB15093,ALL,bmi,-0.02335113756440926,0.6885417888819141,188,0.9270978440450118
g__GGB9634|s__GGB9634_SGB15093,GGB9634 SGB15093,ALL,antibiotics_3m,0.10792438546681689,0.899893845194361,188,0.9802536230266833
g__GGB9634|s__GGB9634_SGB15093,GGB9634 SGB15093,ALL,smoking,-1.1206525087872805,0.06786925777354028,188,0.324994672285302
g__GGB9635|s__GGB9635_SGB15106,GGB9635 SGB15106,ALL,site[T.Oral],-4.650813136375221,0.000766211191637572,188,0.008817709123435664
g__GGB9635|s__GGB9635_SGB15106,GGB9635 SGB15106,ALL,sex[T.1],-0.5357652067013609,0.3151202326185976,188,0.7163678863285478
g__GGB9635|s__GGB9635_SGB15106,GGB9635 SGB15106,ALL,disease,-4.242815915400872,7.549927462480502e-09,188,2.2649782387441505e-07
g__GGB9635|s__GGB9635_SGB15106,GGB9635 SGB15106,ALL,disease:site[T.Oral],4.112673540449189,0.008286887205555047,188,0.06975293547121873
g__GGB9635|s__GGB9635_SGB15106,GGB9635 SGB15106,ALL,ppi_use,1.2810629952794714,0.30190192462404103,188,0.7039802145225695
g__GGB9635|s__GGB9635_SGB15106,GGB9635 SGB15106,ALL,disease:ppi_use,-0.22095515865394058,0.8800421270224383,188,0.9743526013152224
g__GGB9635|s__GGB9635_SGB15106,GGB9635 SGB15106,ALL,age,0.022212060420541732,0.28460493062006226,188,0.6898917862406205
g__GGB9635|s__GGB9635_SGB15106,GGB9635 SGB15106,ALL,bmi,-0.10216483977709832,0.12476440783876681,188,0.46243196569595724
g__GGB9635|s__GGB9635_SGB15106,GGB9635 SGB15106,ALL,antibiotics_3m,0.7055122113218673,0.4705746136544221,188,0.8243864798166198
g__GGB9635|s__GGB9635_SGB15106,GGB9635 SGB15106,ALL,smoking,-0.5596746722823581,0.42154793420751024,188,0.7969027112258336
g__GGB9636|s__GGB9636_SGB15107,GGB9636 SGB15107,ALL,site[T.Oral],-1.747886584369525,0.10932886454200759,188,0.43311999384023325
g__GGB9636|s__GGB9636_SGB15107,GGB9636 SGB15107,ALL,sex[T.1],-0.12570951303601596,0.7678893504789406,188,0.9530040787506285
g__GGB9636|s__GGB9636_SGB15107,GGB9636 SGB15107,ALL,disease,-1.7208768126072465,0.0024058748241798703,188,0.024266151243883177
g__GGB9636|s__GGB9636_SGB15107,GGB9636 SGB15107,ALL,disease:site[T.Oral],2.103101087759894,0.08947201154758697,188,0.38205202011195893
g__GGB9636|s__GGB9636_SGB15107,GGB9636 SGB15107,ALL,ppi_use,1.3872287041380829,0.16263937288226957,188,0.5340170241503893
g__GGB9636|s__GGB9636_SGB15107,GGB9636 SGB15107,ALL,disease:ppi_use,-1.2448151336806415,0.28842588351533177,188,0.6938633692580891
g__GGB9636|s__GGB9636_SGB15107,GGB9636 SGB15107,ALL,age,0.008220636985374315,0.6199895882143904,188,0.9011028797650147
g__GGB9636|s__GGB9636_SGB15107,GGB9636 SGB15107,ALL,bmi,-0.008920997771809982,0.8664421357709398,188,0.969113464839351
g__GGB9636|s__GGB9636_SGB15107,GGB9636 SGB15107,ALL,antibiotics_3m,0.6360574347497734,0.4160305670277411,188,0.7964367730022324
g__GGB9636|s__GGB9636_SGB15107,GGB9636 SGB15107,ALL,smoking,-0.5954565528569854,0.28524337937882177,188,0.690962223340003
g__GGB9640|s__GGB9640_SGB15115,GGB9640 SGB15115,ALL,site[T.Oral],-0.6996437478489821,0.42347567764588656,188,0.7969027112258336
g__GGB9640|s__GGB9640_SGB15115,GGB9640 SGB15115,ALL,sex[T.1],0.19733429123024493,0.5640802945225011,188,0.8796730711254975
g__GGB9640|s__GGB9640_SGB15115,GGB9640 SGB15115,ALL,disease,-0.7144399461330447,0.11313966005112175,188,0.43977874504921083
g__GGB9640|s__GGB9640_SGB15115,GGB9640 SGB15115,ALL,disease:site[T.Oral],0.42197386514569885,0.6701235802431604,188,0.9204768318416737
g__GGB9640|s__GGB9640_SGB15115,GGB9640 SGB15115,ALL,ppi_use,-0.5620822040862083,0.4801725948941805,188,0.8303334859234778
g__GGB9640|s__GGB9640_SGB15115,GGB9640 SGB15115,ALL,disease:ppi_use,0.8061178822249934,0.39164112313455257,188,0.7805711541103423
g__GGB9640|s__GGB9640_SGB15115,GGB9640 SGB15115,ALL,age,0.01611094123955609,0.2269647257147885,188,0.6346132545401056
g__GGB9640|s__GGB9640_SGB15115,GGB9640 SGB15115,ALL,bmi,-0.002726683572281173,0.9489536667416145,188,0.9889716762650341
g__GGB9640|s__GGB9640_SGB15115,GGB9640 SGB15115,ALL,antibiotics_3m,-0.14381551027343342,0.8186943529172511,188,0.9624650582098098
g__GGB9640|s__GGB9640_SGB15115,GGB9640 SGB15115,ALL,smoking,0.09010529088916575,0.8401494612759025,188,0.9647128620860638
g__GGB9641|s__GGB9641_SGB15117,GGB9641 SGB15117,ALL,site[T.Oral],0.6909063686595875,0.39210173229230894,188,0.7805711541103423
g__GGB9641|s__GGB9641_SGB15117,GGB9641 SGB15117,ALL,sex[T.1],0.26183076481950124,0.40748521187672104,188,0.7928343091392964
g__GGB9641|s__GGB9641_SGB15117,GGB9641 SGB15117,ALL,disease,1.4609463340470479,0.0005380495838227268,188,0.006423653194618269
g__GGB9641|s__GGB9641_SGB15117,GGB9641 SGB15117,ALL,disease:site[T.Oral],-1.699783890376918,0.06436815281873866,188,0.31150474310675136
g__GGB9641|s__GGB9641_SGB15117,GGB9641 SGB15117,ALL,ppi_use,0.7792499458437319,0.28959970036205135,188,0.6943271504581969
g__GGB9641|s__GGB9641_SGB15117,GGB9641 SGB15117,ALL,disease:ppi_use,-0.6126961766199023,0.4806221505422693,188,0.8303334859234778
g__GGB9641|s__GGB9641_SGB15117,GGB9641 SGB15117,ALL,age,-0.02127113875877615,0.08475960933434709,188,0.37003262284024663
g__GGB9641|s__GGB9641_SGB15117,GGB9641 SGB15117,ALL,bmi,-0.009372766761692113,0.8116568994472116,188,0.961930737634696
g__GGB9641|s__GGB9641_SGB15117,GGB9641 SGB15117,ALL,antibiotics_3m,-0.07602844007372296,0.8955927592333843,188,0.9786832456130695
g__GGB9641|s__GGB9641_SGB15117,GGB9641 SGB15117,ALL,smoking,-0.5990091502553385,0.14767044867369866,188,0.5037155246304006
g__GGB9642|s__GGB9642_SGB15119,GGB9642 SGB15119,ALL,site[T.Oral],-0.6347363548372565,0.48461729389776964,188,0.8327342797472206
g__GGB9642|s__GGB9642_SGB15119,GGB9642 SGB15119,ALL,sex[T.1],-0.6875111271801337,0.05429552038149032,188,0.27659982081136575
g__GGB9642|s__GGB9642_SGB15119,GGB9642 SGB15119,ALL,disease,0.40016845296373355,0.3919869428423972,188,0.7805711541103423
g__GGB9642|s__GGB9642_SGB15119,GGB9642 SGB15119,ALL,disease:site[T.Oral],0.09175192099097529,0.9289635950952442,188,0.9884841913900583
g__GGB9642|s__GGB9642_SGB15119,GGB9642 SGB15119,ALL,ppi_use,0.8071843755999545,0.32955787146081084,188,0.7284308116041851
g__GGB9642|s__GGB9642_SGB15119,GGB9642 SGB15119,ALL,disease:ppi_use,-0.8250983402615343,0.39880943279785974,188,0.7855611619350176
g__GGB9642|s__GGB9642_SGB15119,GGB9642 SGB15119,ALL,age,0.03111803293009924,0.025460893948864017,188,0.1661110367295775
g__GGB9642|s__GGB9642_SGB15119,GGB9642 SGB15119,ALL,bmi,-3.277306239112336e-05,0.9994092035416748,188,0.9999094788793534
g__GGB9642|s__GGB9642_SGB15119,GGB9642 SGB15119,ALL,antibiotics_3m,0.37441455199073254,0.5659517167749745,188,0.8796730711254975
g__GGB9642|s__GGB9642_SGB15119,GGB9642 SGB15119,ALL,smoking,0.2584125987208233,0.5779254123473452,188,0.8860551053268045
g__GGB9646|s__GGB9646_SGB15123,GGB9646 SGB15123,ALL,site[T.Oral],-1.8120800296621218,0.02000062012128075,188,0.13984497335795903
g__GGB9646|s__GGB9646_SGB15123,GGB9646 SGB15123,ALL,sex[T.1],-0.11371938052674735,0.7071842006203267,188,0.9271017907425374
g__GGB9646|s__GGB9646_SGB15123,GGB9646 SGB15123,ALL,disease,-1.4109233069635256,0.0004893811240002397,188,0.005943694620210524
g__GGB9646|s__GGB9646_SGB15123,GGB9646 SGB15123,ALL,disease:site[T.Oral],1.5853526347513047,0.07181164284955793,188,0.3364546646964274
g__GGB9646|s__GGB9646_SGB15123,GGB9646 SGB15123,ALL,ppi_use,-0.08348735027015579,0.9056230056702941,188,0.9819532575029183
g__GGB9646|s__GGB9646_SGB15123,GGB9646 SGB15123,ALL,disease:ppi_use,-0.017227796334370767,0.9834805368937787,188,0.9971870424559526
g__GGB9646|s__GGB9646_SGB15123,GGB9646 SGB15123,ALL,age,0.01695649716968187,0.15115421093709697,188,0.5101454619127023
g__GGB9646|s__GGB9646_SGB15123,GGB9646 SGB15123,ALL,bmi,0.010963991762013117,0.7711966483356001,188,0.9530040787506285
g__GGB9646|s__GGB9646_SGB15123,GGB9646 SGB15123,ALL,antibiotics_3m,0.7546093384081322,0.17527460588624652,188,0.5557606332803148
g__GGB9646|s__GGB9646_SGB15123,GGB9646 SGB15123,ALL,smoking,-0.14303812764158627,0.7175686359866262,188,0.9279113657566306
g__GGB9677|s__GGB9677_SGB15180,GGB9677 SGB15180,ALL,site[T.Oral],-1.5099716616355219,0.10713404884169077,188,0.4268174080154549
g__GGB9677|s__GGB9677_SGB15180,GGB9677 SGB15180,ALL,sex[T.1],-0.012532146851198203,0.9726564627503385,188,0.994011141277134
g__GGB9677|s__GGB9677_SGB15180,GGB9677 SGB15180,ALL,disease,-1.47555249476315,0.002434750762245902,188,0.024455923432588064
g__GGB9677|s__GGB9677_SGB15180,GGB9677 SGB15180,ALL,disease:site[T.Oral],2.1822312508943797,0.040489507944996415,188,0.2288537405586754
g__GGB9677|s__GGB9677_SGB15180,GGB9677 SGB15180,ALL,ppi_use,1.3945883746531211,0.10239131924427651,188,0.41692984982298203
g__GGB9677|s__GGB9677_SGB15180,GGB9677 SGB15180,ALL,disease:ppi_use,-1.9316299020056744,0.05588060755217285,188,0.28262382205781944
g__GGB9677|s__GGB9677_SGB15180,GGB9677 SGB15180,ALL,age,0.018332501040361094,0.1986092325049208,188,0.5948109266998908
g__GGB9677|s__GGB9677_SGB15180,GGB9677 SGB15180,ALL,bmi,0.015539049543123764,0.7329608736372017,188,0.9350374011667405
g__GGB9677|s__GGB9677_SGB15180,GGB9677 SGB15180,ALL,antibiotics_3m,-0.00039843409120715774,0.9995260436452791,188,0.9999094788793534
g__GGB9677|s__GGB9677_SGB15180,GGB9677 SGB15180,ALL,smoking,-0.2206572649748778,0.6441692899270359,188,0.9087758069308264
g__GGB9699|s__GGB9699_SGB15216,GGB9699 SGB15216,ALL,site[T.Oral],-4.817149153265419,1.7237108536251501e-06,188,3.60132446203826e-05
g__GGB9699|s__GGB9699_SGB15216,GGB9699 SGB15216,ALL,sex[T.1],0.3224649732585756,0.398604023992555,188,0.7855611619350176
g__GGB9699|s__GGB9699_SGB15216,GGB9699 SGB15216,ALL,disease,-1.969855597531162,0.0001200450131177375,188,0.001692200787322324
g__GGB9699|s__GGB9699_SGB15216,GGB9699 SGB15216,ALL,disease:site[T.Oral],2.3227957538996833,0.03673554805179867,188,0.2138337871671863
g__GGB9699|s__GGB9699_SGB15216,GGB9699 SGB15216,ALL,ppi_use,1.279941751637108,0.15059948938914874,188,0.5091710291568629
g__GGB9699|s__GGB9699_SGB15216,GGB9699 SGB15216,ALL,disease:ppi_use,-1.0140489410918352,0.3343784012905997,188,0.7339170230267757
g__GGB9699|s__GGB9699_SGB15216,GGB9699 SGB15216,ALL,age,-0.015253224781550802,0.3050852800257067,188,0.7058255276863792
g__GGB9699|s__GGB9699_SGB15216,GGB9699 SGB15216,ALL,bmi,0.10011425706863189,0.03632621638866142,188,0.21256717117568355
g__GGB9699|s__GGB9699_SGB15216,GGB9699 SGB15216,ALL,antibiotics_3m,-0.25307594919071463,0.7177956739569136,188,0.9279113657566306
g__GGB9699|s__GGB9699_SGB15216,GGB9699 SGB15216,ALL,smoking,-0.6198057493521655,0.21475369962684052,188,0.6178569554837788
g__GGB9707|s__GGB9707_SGB15229,GGB9707 SGB15229,ALL,site[T.Oral],-3.6861208711628324,0.0007075660126544103,188,0.00819655678025406
g__GGB9707|s__GGB9707_SGB15229,GGB9707 SGB15229,ALL,sex[T.1],0.37169406612622075,0.37589073281160756,188,0.7716514621912463
g__GGB9707|s__GGB9707_SGB15229,GGB9707 SGB15229,ALL,disease,-2.569249031330486,5.945494826177599e-06,188,0.00010701890687119677
g__GGB9707|s__GGB9707_SGB15229,GGB9707 SGB15229,ALL,disease:site[T.Oral],2.3078518033566313,0.05863090762546751,188,0.29315453812733755
g__GGB9707|s__GGB9707_SGB15229,GGB9707 SGB15229,ALL,ppi_use,0.11840449601568998,0.9033901134962747,188,0.9807916171889652
g__GGB9707|s__GGB9707_SGB15229,GGB9707 SGB15229,ALL,disease:ppi_use,0.427650205276052,0.710672661696976,188,0.927187781393864
g__GGB9707|s__GGB9707_SGB15229,GGB9707 SGB15229,ALL,age,0.018768230508628383,0.25091105078659814,188,0.660955059642885
g__GGB9707|s__GGB9707_SGB15229,GGB9707 SGB15229,ALL,bmi,-0.03611112574408356,0.48954643218338156,188,0.8328159395902756
g__GGB9707|s__GGB9707_SGB15229,GGB9707 SGB15229,ALL,antibiotics_3m,-0.4107652941780488,0.5934895134967517,188,0.889404195757805
g__GGB9707|s__GGB9707_SGB15229,GGB9707 SGB15229,ALL,smoking,-0.6110055821424192,0.2654513173073427,188,0.6737050786325184
g__GGB9708|s__GGB9708_SGB15233,GGB9708 SGB15233,ALL,site[T.Oral],-3.605312902143164,0.002673307446943554,188,0.026357609940370435
g__GGB9708|s__GGB9708_SGB15233,GGB9708 SGB15233,ALL,sex[T.1],0.021233272050786216,0.9635095888545466,188,0.9927239082804642
g__GGB9708|s__GGB9708_SGB15233,GGB9708 SGB15233,ALL,disease,-2.698738189734564,1.638454330196181e-05,188,0.00026748719530179514
g__GGB9708|s__GGB9708_SGB15233,GGB9708 SGB15233,ALL,disease:site[T.Oral],2.5118568595563393,0.06293439621853937,188,0.3086147753718182
g__GGB9708|s__GGB9708_SGB15233,GGB9708 SGB15233,ALL,ppi_use,-0.2222534256109533,0.8369258615191888,188,0.9647128620860638
g__GGB9708|s__GGB9708_SGB15233,GGB9708 SGB15233,ALL,disease:ppi_use,0.8629487825246484,0.49907557822262705,188,0.840977090523966
g__GGB9708|s__GGB9708_SGB15233,GGB9708 SGB15233,ALL,age,0.023860175265335376,0.18753979680579233,188,0.5784399708157567
g__GGB9708|s__GGB9708_SGB15233,GGB9708 SGB15233,ALL,bmi,-0.018079432226111435,0.7544871117497337,188,0.9458918213727638
g__GGB9708|s__GGB9708_SGB15233,GGB9708 SGB15233,ALL,antibiotics_3m,0.5573116779322446,0.5130160574852407,188,0.8487046172410326
g__GGB9708|s__GGB9708_SGB15233,GGB9708 SGB15233,ALL,smoking,-0.17693937371163704,0.7704261584540533,188,0.9530040787506285
g__GGB9708|s__GGB9708_SGB15234,GGB9708 SGB15234,ALL,site[T.Oral],-4.553247694813113,8.066768844701513e-05,188,0.0011896789346597608
g__GGB9708|s__GGB9708_SGB15234,GGB9708 SGB15234,ALL,sex[T.1],-0.4783455681203568,0.2802959892559381,188,0.689164115513143
g__GGB9708|s__GGB9708_SGB15234,GGB9708 SGB15234,ALL,disease,-3.697402428725517,1.5796984545107397e-09,188,5.4877974873824284e-08
g__GGB9708|s__GGB9708_SGB15234,GGB9708 SGB15234,ALL,disease:site[T.Oral],4.046129762619095,0.001837650758182342,188,0.019369832315976037
g__GGB9708|s__GGB9708_SGB15234,GGB9708 SGB15234,ALL,ppi_use,0.15922123223103735,0.8770403998702305,188,0.9738727629055707
g__GGB9708|s__GGB9708_SGB15234,GGB9708 SGB15234,ALL,disease:ppi_use,-0.13560561725798234,0.911201917104943,188,0.9841162457939561
g__GGB9708|s__GGB9708_SGB15234,GGB9708 SGB15234,ALL,age,0.03260680289317542,0.05944774139547579,188,0.29639427883255687
g__GGB9708|s__GGB9708_SGB15234,GGB9708 SGB15234,ALL,bmi,-0.010613270517480379,0.8472380957306889,188,0.9656011485134759
g__GGB9708|s__GGB9708_SGB15234,GGB9708 SGB15234,ALL,antibiotics_3m,0.2646672097219128,0.7443424086527547,188,0.9400256970749098
g__GGB9708|s__GGB9708_SGB15234,GGB9708 SGB15234,ALL,smoking,-0.6617742456437214,0.25294632136230993,188,0.660955059642885
g__GGB9712|s__GGB9712_SGB15244,GGB9712 SGB15244,ALL,site[T.Oral],-2.513530426552342,0.014333605633842141,188,0.10944384692722388
g__GGB9712|s__GGB9712_SGB15244,GGB9712 SGB15244,ALL,sex[T.1],-0.4965403959873962,0.2137716465741717,188,0.6165476413108814
g__GGB9712|s__GGB9712_SGB15244,GGB9712 SGB15244,ALL,disease,-2.096525768525704,8.971457329865432e-05,188,0.00130663133725426
g__GGB9712|s__GGB9712_SGB15244,GGB9712 SGB15244,ALL,disease:site[T.Oral],3.031864810719893,0.009271683694722449,188,0.07726150204251404
g__GGB9712|s__GGB9712_SGB15244,GGB9712 SGB15244,ALL,ppi_use,2.5086237631383104,0.007397608884939041,188,0.06364119408366675
g__GGB9712|s__GGB9712_SGB15244,GGB9712 SGB15244,ALL,disease:ppi_use,-3.083868973039429,0.005365633563124328,188,0.04863781940584406
g__GGB9712|s__GGB9712_SGB15244,GGB9712 SGB15244,ALL,age,0.01963071623222636,0.20657823464991223,188,0.606262210385612
g__GGB9712|s__GGB9712_SGB15244,GGB9712 SGB15244,ALL,bmi,-0.04248418818163633,0.392509426497081,188,0.7805711541103423
g__GGB9712|s__GGB9712_SGB15244,GGB9712 SGB15244,ALL,antibiotics_3m,0.09633102506272408,0.8951746904038935,188,0.9785310380933249
g__GGB9712|s__GGB9712_SGB15244,GGB9712 SGB15244,ALL,smoking,-0.628992954291818,0.22789523392285618,188,0.6346132545401056
g__GGB9713|s__GGB9713_SGB15249,GGB9713 SGB15249,ALL,site[T.Oral],-6.2496608045870214,5.843348787601127e-07,188,1.2925163432718523e-05
g__GGB9713|s__GGB9713_SGB15249,GGB9713 SGB15249,ALL,sex[T.1],-0.058970268056255354,0.9006987526476217,188,0.9802536230266833
g__GGB9713|s__GGB9713_SGB15249,GGB9713 SGB15249,ALL,disease,-5.1984268539980345,1.566017726564014e-14,188,8.456495723445676e-13
g__GGB9713|s__GGB9713_SGB15249,GGB9713 SGB15249,ALL,disease:site[T.Oral],4.995170134862653,0.0003389266544954947,188,0.004310262888692704
g__GGB9713|s__GGB9713_SGB15249,GGB9713 SGB15249,ALL,ppi_use,-0.04293983172033168,0.968846138479299,188,0.9933594342500183
g__GGB9713|s__GGB9713_SGB15249,GGB9713 SGB15249,ALL,disease:ppi_use,0.6413136179342279,0.6216727825503895,188,0.9018028029067804
g__GGB9713|s__GGB9713_SGB15249,GGB9713 SGB15249,ALL,age,0.03193861861308782,0.08373998853262589,188,0.36703549407612857
g__GGB9713|s__GGB9713_SGB15249,GGB9713 SGB15249,ALL,bmi,-0.05329466812463401,0.36577785489560244,188,0.7629342144073817
g__GGB9713|s__GGB9713_SGB15249,GGB9713 SGB15249,ALL,antibiotics_3m,0.33774511777642635,0.696924770525937,188,0.9271017907425374
g__GGB9713|s__GGB9713_SGB15249,GGB9713 SGB15249,ALL,smoking,-0.020378541851440425,0.9736660971673683,188,0.9942906156920523
g__GGB9724|s__GGB9724_SGB15278,GGB9724 SGB15278,ALL,site[T.Oral],-0.025164918430522935,0.9746835037708093,188,0.9942906156920523
g__GGB9724|s__GGB9724_SGB15278,GGB9724 SGB15278,ALL,sex[T.1],-0.03193809847194447,0.9180757548278439,188,0.985422958625698
g__GGB9724|s__GGB9724_SGB15278,GGB9724 SGB15278,ALL,disease,0.13630985414437477,0.7383644988280185,188,0.9379424435995461
g__GGB9724|s__GGB9724_SGB15278,GGB9724 SGB15278,ALL,disease:site[T.Oral],-0.25985127590707474,0.7726305263099871,188,0.9530040787506285
g__GGB9724|s__GGB9724_SGB15278,GGB9724 SGB15278,ALL,ppi_use,-1.021045031698784,0.1586891552339849,188,0.5264640216174735
g__GGB9724|s__GGB9724_SGB15278,GGB9724 SGB15278,ALL,disease:ppi_use,0.6648114863697537,0.4364482794898572,188,0.8016396970221867
g__GGB9724|s__GGB9724_SGB15278,GGB9724 SGB15278,ALL,age,0.015428348582302635,0.2026770559586479,188,0.6001033123287851
g__GGB9724|s__GGB9724_SGB15278,GGB9724 SGB15278,ALL,bmi,-0.0018037961726460982,0.9627975298429194,188,0.9927239082804642
g__GGB9724|s__GGB9724_SGB15278,GGB9724 SGB15278,ALL,antibiotics_3m,0.08722808983558834,0.8783003029955886,188,0.9740391985827854
g__GGB9724|s__GGB9724_SGB15278,GGB9724 SGB15278,ALL,smoking,-0.32196802060592106,0.42772201441460833,188,0.7989657290186012
g__GGB9747|s__GGB9747_SGB15356,GGB9747 SGB15356,ALL,site[T.Oral],-3.1184166732369,0.010325951204167325,188,0.0846824502958582
g__GGB9747|s__GGB9747_SGB15356,GGB9747 SGB15356,ALL,sex[T.1],0.1589382903975933,0.7361842244188894,188,0.9365736236717296
g__GGB9747|s__GGB9747_SGB15356,GGB9747 SGB15356,ALL,disease,-2.3497895397777357,0.00020146479105667177,188,0.002730275739802772
g__GGB9747|s__GGB9747_SGB15356,GGB9747 SGB15356,ALL,disease:site[T.Oral],2.729304254301002,0.04693704686869782,188,0.2529280501923836
g__GGB9747|s__GGB9747_SGB15356,GGB9747 SGB15356,ALL,ppi_use,0.8621136865399124,0.4324770147175241,188,0.8001727273957875
g__GGB9747|s__GGB9747_SGB15356,GGB9747 SGB15356,ALL,disease:ppi_use,-0.7387018706506249,0.5690481083032205,188,0.88055567851869
g__GGB9747|s__GGB9747_SGB15356,GGB9747 SGB15356,ALL,age,0.04408530676135864,0.01719099047875354,188,0.1251875032788899
g__GGB9747|s__GGB9747_SGB15356,GGB9747 SGB15356,ALL,bmi,-0.046309547850142116,0.4309229489450733,188,0.8001727273957875
g__GGB9747|s__GGB9747_SGB15356,GGB9747 SGB15356,ALL,antibiotics_3m,-0.34153935485427356,0.6931308148850833,188,0.9270978440450118
g__GGB9747|s__GGB9747_SGB15356,GGB9747 SGB15356,ALL,smoking,-0.7174685753749436,0.24514153603039765,188,0.656829611806638
g__GGB9758|s__GGB9758_SGB15368,GGB9758 SGB15368,ALL,site[T.Oral],-4.982958342426808,0.00030802955134435404,188,0.003974940166245157
g__GGB9758|s__GGB9758_SGB15368,GGB9758 SGB15368,ALL,sex[T.1],0.18879397758242858,0.7221211727830774,188,0.9296938094529137
g__GGB9758|s__GGB9758_SGB15368,GGB9758 SGB15368,ALL,disease,-4.552300863996701,6.515708246204388e-10,188,2.407382730966042e-08
g__GGB9758|s__GGB9758_SGB15368,GGB9758 SGB15368,ALL,disease:site[T.Oral],5.041764768643372,0.001231386392987245,188,0.013506769498078844
g__GGB9758|s__GGB9758_SGB15368,GGB9758 SGB15368,ALL,ppi_use,1.57159824871246,0.20415350892281522,188,0.6021670725370432
g__GGB9758|s__GGB9758_SGB15368,GGB9758 SGB15368,ALL,disease:ppi_use,-1.4605434192955664,0.31751671938575554,188,0.7176327656432724
g__GGB9758|s__GGB9758_SGB15368,GGB9758 SGB15368,ALL,age,-0.0008000241584540676,0.9691029929390128,188,0.9933594342500183
g__GGB9758|s__GGB9758_SGB15368,GGB9758 SGB15368,ALL,bmi,0.035979925723676934,0.5864159337154955,188,0.8886894803473405
g__GGB9758|s__GGB9758_SGB15368,GGB9758 SGB15368,ALL,antibiotics_3m,1.3387850085207198,0.1703104757214782,188,0.5457512684499557
g__GGB9758|s__GGB9758_SGB15368,GGB9758 SGB15368,ALL,smoking,-0.06884361166732796,0.9209081868617714,188,0.985476393880623
g__GGB9759|s__GGB9759_SGB15370,GGB9759 SGB15370,ALL,site[T.Oral],-1.2939153012847007,0.1754366899357803,188,0.5557606332803148
g__GGB9759|s__GGB9759_SGB15370,GGB9759 SGB15370,ALL,sex[T.1],-0.46815050368389755,0.21040862222717233,188,0.6119366033852558
g__GGB9759|s__GGB9759_SGB15370,GGB9759 SGB15370,ALL,disease,-1.309365024136611,0.008163967818132353,188,0.06888347846549173
g__GGB9759|s__GGB9759_SGB15370,GGB9759 SGB15370,ALL,disease:site[T.Oral],1.5066154311131268,0.16421116462488225,188,0.5351728763540731
g__GGB9759|s__GGB9759_SGB15370,GGB9759 SGB15370,ALL,ppi_use,0.7237507084337232,0.4046712807992575,188,0.7902688781151936
g__GGB9759|s__GGB9759_SGB15370,GGB9759 SGB15370,ALL,disease:ppi_use,-1.1870636870468283,0.24782832903364227,188,0.6599980537997605
g__GGB9759|s__GGB9759_SGB15370,GGB9759 SGB15370,ALL,age,0.017697786737075075,0.22365193471781372,188,0.6310894425309318
g__GGB9759|s__GGB9759_SGB15370,GGB9759 SGB15370,ALL,bmi,-0.07334305556642452,0.11562502989405297,188,0.44500422689487495
g__GGB9759|s__GGB9759_SGB15370,GGB9759 SGB15370,ALL,antibiotics_3m,0.19496860489777745,0.775707308544315,188,0.9530040787506285
g__GGB9759|s__GGB9759_SGB15370,GGB9759 SGB15370,ALL,smoking,-0.21849719105089555,0.6538951966869496,188,0.9140271821073853
g__GGB9760|s__GGB9760_SGB15373,GGB9760 SGB15373,ALL,site[T.Oral],-3.8465451192928337,0.00020070884893774236,188,0.002730275739802772
g__GGB9760|s__GGB9760_SGB15373,GGB9760 SGB15373,ALL,sex[T.1],0.4101893181867084,0.3024591349298259,188,0.7039997106125258
g__GGB9760|s__GGB9760_SGB15373,GGB9760 SGB15373,ALL,disease,-2.8326830242254384,1.7957876066553975e-07,188,4.534686690187371e-06
g__GGB9760|s__GGB9760_SGB15373,GGB9760 SGB15373,ALL,disease:site[T.Oral],2.651044307849422,0.02215904643312003,188,0.15131955832733718
g__GGB9760|s__GGB9760_SGB15373,GGB9760 SGB15373,ALL,ppi_use,0.6035747569930768,0.513888553020388,188,0.8487046172410326
g__GGB9760|s__GGB9760_SGB15373,GGB9760 SGB15373,ALL,disease:ppi_use,-0.3682617329238477,0.7359464202508793,188,0.9365736236717296
g__GGB9760|s__GGB9760_SGB15373,GGB9760 SGB15373,ALL,age,-0.01573737625125332,0.30928963234778034,188,0.7095468036213785
g__GGB9760|s__GGB9760_SGB15373,GGB9760 SGB15373,ALL,bmi,0.028170130395133774,0.5692253089911418,188,0.88055567851869
g__GGB9760|s__GGB9760_SGB15373,GGB9760 SGB15373,ALL,antibiotics_3m,0.3448461699924303,0.636139085932355,188,0.9057684922913966
g__GGB9760|s__GGB9760_SGB15373,GGB9760 SGB15373,ALL,smoking,0.22497886090132035,0.6646489949584251,188,0.9177490056270936
g__GGB9760|s__GGB9760_SGB15374,GGB9760 SGB15374,ALL,site[T.Oral],-2.796662078110927,0.020596319746997528,188,0.14287170417383663
g__GGB9760|s__GGB9760_SGB15374,GGB9760 SGB15374,ALL,sex[T.1],0.4800403224991211,0.30716940220610245,188,0.7069931814710948
g__GGB9760|s__GGB9760_SGB15374,GGB9760 SGB15374,ALL,disease,-2.2477684564498555,0.00034584539207189064,188,0.004382373018672694
g__GGB9760|s__GGB9760_SGB15374,GGB9760 SGB15374,ALL,disease:site[T.Oral],2.394279141486364,0.0794926670932119,188,0.3586365829012516
g__GGB9760|s__GGB9760_SGB15374,GGB9760 SGB15374,ALL,ppi_use,-0.42785944723686514,0.6952632534258718,188,0.9271017907425374
g__GGB9760|s__GGB9760_SGB15374,GGB9760 SGB15374,ALL,disease:ppi_use,-0.1344503408825059,0.9170132706422316,188,0.9849525563205388
g__GGB9760|s__GGB9760_SGB15374,GGB9760 SGB15374,ALL,age,0.019626040958906833,0.2833915605428903,188,0.6898917862406205
g__GGB9760|s__GGB9760_SGB15374,GGB9760 SGB15374,ALL,bmi,0.01904801133114173,0.7445943395744847,188,0.9400256970749098
g__GGB9760|s__GGB9760_SGB15374,GGB9760 SGB15374,ALL,antibiotics_3m,-0.7875880422964584,0.36096855522141125,188,0.7600283490330408
g__GGB9760|s__GGB9760_SGB15374,GGB9760 SGB15374,ALL,smoking,-0.6393611334652355,0.2978096719124545,188,0.7004245074236505
g__GGB9762|s__GGB9762_SGB15377,GGB9762 SGB15377,ALL,site[T.Oral],-1.5118656517733802,0.1701958833092537,188,0.5457512684499557
g__GGB9762|s__GGB9762_SGB15377,GGB9762 SGB15377,ALL,sex[T.1],-0.41911777960221847,0.33088822535156903,188,0.7290757507746437
g__GGB9762|s__GGB9762_SGB15377,GGB9762 SGB15377,ALL,disease,-1.529340677025701,0.007445763574615877,188,0.06378349378709511
g__GGB9762|s__GGB9762_SGB15377,GGB9762 SGB15377,ALL,disease:site[T.Oral],1.6372675893008164,0.19015258261533266,188,0.5824045069631917
g__GGB9762|s__GGB9762_SGB15377,GGB9762 SGB15377,ALL,ppi_use,-0.5510361271275211,0.5823239009318368,188,0.8879048185363803
g__GGB9762|s__GGB9762_SGB15377,GGB9762 SGB15377,ALL,disease:ppi_use,0.9669546472640482,0.41428912802475537,188,0.795617644281075
g__GGB9762|s__GGB9762_SGB15377,GGB9762 SGB15377,ALL,age,0.036207791609952834,0.031759279821203676,188,0.1955703020568858
g__GGB9762|s__GGB9762_SGB15377,GGB9762 SGB15377,ALL,bmi,-0.03559891577786131,0.5069609575305187,188,0.8437330303139501
g__GGB9762|s__GGB9762_SGB15377,GGB9762 SGB15377,ALL,antibiotics_3m,2.06451445692177,0.009613093875772522,188,0.07975052432320959
g__GGB9762|s__GGB9762_SGB15377,GGB9762 SGB15377,ALL,smoking,-0.6060531371440224,0.28191799969907205,188,0.6896061428652674
g__GGB9767|s__GGB9767_SGB15385,GGB9767 SGB15385,ALL,site[T.Oral],-2.3985760940922445,0.0047513488299341655,188,0.043430297898616986
g__GGB9767|s__GGB9767_SGB15385,GGB9767 SGB15385,ALL,sex[T.1],-0.39851188740715127,0.2266075961560963,188,0.6346132545401056
g__GGB9767|s__GGB9767_SGB15385,GGB9767 SGB15385,ALL,disease,-2.0785255171954904,3.1318478288319194e-06,188,6.107103266222243e-05
g__GGB9767|s__GGB9767_SGB15385,GGB9767 SGB15385,ALL,disease:site[T.Oral],2.8273881082077614,0.0033647723949995828,188,0.03226871887007797
g__GGB9767|s__GGB9767_SGB15385,GGB9767 SGB15385,ALL,ppi_use,2.365817803180912,0.0022791069646625793,188,0.023187436075262764
g__GGB9767|s__GGB9767_SGB15385,GGB9767 SGB15385,ALL,disease:ppi_use,-2.486076930815169,0.006510062384697027,188,0.05741286173438836
g__GGB9767|s__GGB9767_SGB15385,GGB9767 SGB15385,ALL,age,0.02571446401338884,0.04573661217610251,188,0.24918106499776152
g__GGB9767|s__GGB9767_SGB15385,GGB9767 SGB15385,ALL,bmi,-0.031801691798817276,0.43793608226578407,188,0.802956023653864
g__GGB9767|s__GGB9767_SGB15385,GGB9767 SGB15385,ALL,antibiotics_3m,0.28546673358973723,0.6362442918475884,188,0.9057684922913966
g__GGB9767|s__GGB9767_SGB15385,GGB9767 SGB15385,ALL,smoking,0.2267970485854876,0.5977244437460312,188,0.889404195757805
g__GGB9770|s__GGB9770_SGB15390,GGB9770 SGB15390,ALL,site[T.Oral],-1.385832265022464,0.1261143454456332,188,0.4659593184359711
g__GGB9770|s__GGB9770_SGB15390,GGB9770 SGB15390,ALL,sex[T.1],-0.607071275918953,0.08730504532756214,188,0.3776968448777404
g__GGB9770|s__GGB9770_SGB15390,GGB9770 SGB15390,ALL,disease,-0.8164705928546151,0.0801886208519135,188,0.35900772855894947
g__GGB9770|s__GGB9770_SGB15390,GGB9770 SGB15390,ALL,disease:site[T.Oral],0.6342585961102875,0.5358831985676524,188,0.8648089894010871
g__GGB9770|s__GGB9770_SGB15390,GGB9770 SGB15390,ALL,ppi_use,-0.4870084462213793,0.5540258962645729,188,0.8753110894618084
g__GGB9770|s__GGB9770_SGB15390,GGB9770 SGB15390,ALL,disease:ppi_use,0.5568106534325905,0.566924564533769,188,0.8798876267106207
g__GGB9770|s__GGB9770_SGB15390,GGB9770 SGB15390,ALL,age,0.007015359443548833,0.6102792883677448,188,0.8966430733238946
g__GGB9770|s__GGB9770_SGB15390,GGB9770 SGB15390,ALL,bmi,0.008930468465923401,0.8393090495034149,188,0.9647128620860638
g__GGB9770|s__GGB9770_SGB15390,GGB9770 SGB15390,ALL,antibiotics_3m,-1.2136438108647054,0.06263551571540947,188,0.30791408986146673
g__GGB9770|s__GGB9770_SGB15390,GGB9770 SGB15390,ALL,smoking,-0.6656682056204556,0.1507204271492822,188,0.5091710291568629
g__GGB9775|s__GGB9775_SGB15395,GGB9775 SGB15395,ALL,site[T.Oral],-1.0025471450358854,0.3244149013382459,188,0.7228790935006894
g__GGB9775|s__GGB9775_SGB15395,GGB9775 SGB15395,ALL,sex[T.1],-0.4909584260607811,0.21814939504562836,188,0.6244513460789541
g__GGB9775|s__GGB9775_SGB15395,GGB9775 SGB15395,ALL,disease,-1.743997690660904,0.0010190132252486112,188,0.011463898784046876
g__GGB9775|s__GGB9775_SGB15395,GGB9775 SGB15395,ALL,disease:site[T.Oral],0.9538069646974346,0.4081970773773693,188,0.7928812433747273
g__GGB9775|s__GGB9775_SGB15395,GGB9775 SGB15395,ALL,ppi_use,-1.4809687930658713,0.11084671867789775,188,0.4342630283183478
g__GGB9775|s__GGB9775_SGB15395,GGB9775 SGB15395,ALL,disease:ppi_use,1.3764422640550444,0.2091780425372893,188,0.6109789768259973
g__GGB9775|s__GGB9775_SGB15395,GGB9775 SGB15395,ALL,age,-0.0032988049770449807,0.8312658825858896,188,0.9647128620860638
g__GGB9775|s__GGB9775_SGB15395,GGB9775 SGB15395,ALL,bmi,-0.056754121201969376,0.25290203261792804,188,0.660955059642885
g__GGB9775|s__GGB9775_SGB15395,GGB9775 SGB15395,ALL,antibiotics_3m,-0.2635642505671387,0.7180521403932988,188,0.9279113657566306
g__GGB9775|s__GGB9775_SGB15395,GGB9775 SGB15395,ALL,smoking,-0.00032219048187527284,0.9995053164143787,188,0.9999094788793534
g__GGB9787|s__GGB9787_SGB15410,GGB9787 SGB15410,ALL,site[T.Oral],-0.7436271509325642,0.29087064845695004,188,0.6944051688360178
g__GGB9787|s__GGB9787_SGB15410,GGB9787 SGB15410,ALL,sex[T.1],-0.21219457062137106,0.4411368769035606,188,0.802956023653864
g__GGB9787|s__GGB9787_SGB15410,GGB9787 SGB15410,ALL,disease,-0.5328204336676942,0.14193682070331098,188,0.49720383300261634
g__GGB9787|s__GGB9787_SGB15410,GGB9787 SGB15410,ALL,disease:site[T.Oral],0.7895716763775985,0.32259352272435726,188,0.7223874267055533
g__GGB9787|s__GGB9787_SGB15410,GGB9787 SGB15410,ALL,ppi_use,1.648336502914278,0.010758474050090882,188,0.0874126016569884
g__GGB9787|s__GGB9787_SGB15410,GGB9787 SGB15410,ALL,disease:ppi_use,-1.2867424127527658,0.09032370638511925,188,0.38382107676969557
g__GGB9787|s__GGB9787_SGB15410,GGB9787 SGB15410,ALL,age,0.003123717614210116,0.7705879791542459,188,0.9530040787506285
g__GGB9787|s__GGB9787_SGB15410,GGB9787 SGB15410,ALL,bmi,-0.00493780297888454,0.8854735441079522,188,0.9757150140376704
g__GGB9787|s__GGB9787_SGB15410,GGB9787 SGB15410,ALL,antibiotics_3m,0.38402146424295963,0.44732775483108345,188,0.808161276087309
g__GGB9787|s__GGB9787_SGB15410,GGB9787 SGB15410,ALL,smoking,-0.033893059197398066,0.9248993635810423,188,0.9866540066910161
g__GGB9818|s__GGB9818_SGB15459,GGB9818 SGB15459,ALL,site[T.Oral],-2.0895134399707413,0.0662261575868829,188,0.3184298809999438
g__GGB9818|s__GGB9818_SGB15459,GGB9818 SGB15459,ALL,sex[T.1],-0.0763554661694115,0.8632496930899594,188,0.9677283402924061
g__GGB9818|s__GGB9818_SGB15459,GGB9818 SGB15459,ALL,disease,-0.9512477341595758,0.10376508615274237,188,0.41960305575590523
g__GGB9818|s__GGB9818_SGB15459,GGB9818 SGB15459,ALL,disease:site[T.Oral],0.5888297763356869,0.6465756079666545,188,0.9110720128313758
g__GGB9818|s__GGB9818_SGB15459,GGB9818 SGB15459,ALL,ppi_use,0.18497429891807032,0.8576610864377996,188,0.9669362423982366
g__GGB9818|s__GGB9818_SGB15459,GGB9818 SGB15459,ALL,disease:ppi_use,0.3209438539206344,0.7922830194269695,188,0.9566286621206747
g__GGB9818|s__GGB9818_SGB15459,GGB9818 SGB15459,ALL,age,-0.007092862008510058,0.6810130973108165,188,0.925258670550084
g__GGB9818|s__GGB9818_SGB15459,GGB9818 SGB15459,ALL,bmi,-0.010307265823267383,0.8519109839235774,188,0.966630658569333
g__GGB9818|s__GGB9818_SGB15459,GGB9818 SGB15459,ALL,antibiotics_3m,0.12620739912131979,0.8766764297369387,188,0.9737766672078021
g__GGB9818|s__GGB9818_SGB15459,GGB9818 SGB15459,ALL,smoking,-0.2132666383190562,0.7127052244214236,188,0.927187781393864
g__Gordonibacter|s__Gordonibacter_pamelaeae,Gordonibacter pamelaeae,ALL,site[T.Oral],0.6267645230093627,0.45938685366965004,188,0.8164015197435531
g__Gordonibacter|s__Gordonibacter_pamelaeae,Gordonibacter pamelaeae,ALL,sex[T.1],-0.08596342054727489,0.7953838176768153,188,0.9577348885233693
g__Gordonibacter|s__Gordonibacter_pamelaeae,Gordonibacter pamelaeae,ALL,disease,1.9398835309546418,1.4524651769906236e-05,188,0.00023909433703569425
g__Gordonibacter|s__Gordonibacter_pamelaeae,Gordonibacter pamelaeae,ALL,disease:site[T.Oral],-2.1238708272798177,0.02798847848596319,188,0.17926926913454524
g__Gordonibacter|s__Gordonibacter_pamelaeae,Gordonibacter pamelaeae,ALL,ppi_use,0.5536679197319528,0.47307554718137834,188,0.8244762515425212
g__Gordonibacter|s__Gordonibacter_pamelaeae,Gordonibacter pamelaeae,ALL,disease:ppi_use,-1.0635490013601079,0.24401592197253238,188,0.6548133685960158
g__Gordonibacter|s__Gordonibacter_pamelaeae,Gordonibacter pamelaeae,ALL,age,-0.03272634685830716,0.011916148285943826,188,0.09502003765760983
g__Gordonibacter|s__Gordonibacter_pamelaeae,Gordonibacter pamelaeae,ALL,bmi,0.01977346237792353,0.6320581195967593,188,0.9055975305010503
g__Gordonibacter|s__Gordonibacter_pamelaeae,Gordonibacter pamelaeae,ALL,antibiotics_3m,-0.5428466253488378,0.37254307408161036,188,0.7691918764861485
g__Gordonibacter|s__Gordonibacter_pamelaeae,Gordonibacter pamelaeae,ALL,smoking,0.1626415570367608,0.7072416805897817,188,0.9271017907425374
g__Granulicatella|s__Granulicatella_SGB8239,Granulicatella SGB8239,ALL,site[T.Oral],1.5077582023467275,0.0004972800470513915,188,0.006018803328104773
g__Granulicatella|s__Granulicatella_SGB8239,Granulicatella SGB8239,ALL,sex[T.1],-0.4229191128631093,0.011896598396316451,188,0.09502003765760983
g__Granulicatella|s__Granulicatella_SGB8239,Granulicatella SGB8239,ALL,disease,0.6667302048757133,0.0026484837289739945,188,0.026186416587883718
g__Granulicatella|s__Granulicatella_SGB8239,Granulicatella SGB8239,ALL,disease:site[T.Oral],0.03573245693951761,0.9409783196456079,188,0.9884841913900583
g__Granulicatella|s__Granulicatella_SGB8239,Granulicatella SGB8239,ALL,ppi_use,-0.21426500167304308,0.5806466804764543,188,0.8865027614059828
g__Granulicatella|s__Granulicatella_SGB8239,Granulicatella SGB8239,ALL,disease:ppi_use,-0.18276380087237334,0.6899824350498123,188,0.9270978440450118
g__Granulicatella|s__Granulicatella_SGB8239,Granulicatella SGB8239,ALL,age,-0.011724860571755084,0.07188892010621131,188,0.3364546646964274
g__Granulicatella|s__Granulicatella_SGB8239,Granulicatella SGB8239,ALL,bmi,0.013955884467292502,0.5015893286681714,188,0.8427853248565254
g__Granulicatella|s__Granulicatella_SGB8239,Granulicatella SGB8239,ALL,antibiotics_3m,0.13278850267075112,0.6641159499071789,188,0.9174515497627631
g__Granulicatella|s__Granulicatella_SGB8239,Granulicatella SGB8239,ALL,smoking,0.38844926021101617,0.07564628782387847,188,0.3475372647405935
g__Granulicatella|s__Granulicatella_SGB8255,Granulicatella SGB8255,ALL,site[T.Oral],6.938107183724979,3.8646152103297342e-22,188,5.217230533945141e-20
g__Granulicatella|s__Granulicatella_SGB8255,Granulicatella SGB8255,ALL,sex[T.1],-0.12281338790241265,0.6156231826754186,188,0.9002290255219985
g__Granulicatella|s__Granulicatella_SGB8255,Granulicatella SGB8255,ALL,disease,0.6403691406880615,0.0475029131832988,188,0.25378268686967853
g__Granulicatella|s__Granulicatella_SGB8255,Granulicatella SGB8255,ALL,disease:site[T.Oral],1.859911497799452,0.009288989704256675,188,0.07726150204251404
g__Granulicatella|s__Granulicatella_SGB8255,Granulicatella SGB8255,ALL,ppi_use,-0.8987154564044217,0.11543266285527111,188,0.44500422689487495
g__Granulicatella|s__Granulicatella_SGB8255,Granulicatella SGB8255,ALL,disease:ppi_use,0.9442690986715011,0.16126203876653697,188,0.5319828534497602
g__Granulicatella|s__Granulicatella_SGB8255,Granulicatella SGB8255,ALL,age,-0.002602585862923866,0.7844835456770146,188,0.9564616781924473
g__Granulicatella|s__Granulicatella_SGB8255,Granulicatella SGB8255,ALL,bmi,-0.0016639423850178642,0.9564291543562822,188,0.9901360434179493
g__Granulicatella|s__Granulicatella_SGB8255,Granulicatella SGB8255,ALL,antibiotics_3m,0.08838474928749321,0.8438198390317369,188,0.9650086123305482
g__Granulicatella|s__Granulicatella_SGB8255,Granulicatella SGB8255,ALL,smoking,-0.22080408029012075,0.4896977176738413,188,0.8328159395902756
g__Granulicatella|s__Granulicatella_adiacens,Granulicatella adiacens,ALL,site[T.Oral],1.542143427494578,0.0024386248437053624,188,0.024455923432588064
g__Granulicatella|s__Granulicatella_adiacens,Granulicatella adiacens,ALL,sex[T.1],-0.27331863540406237,0.1657175530081681,188,0.5378263930844902
g__Granulicatella|s__Granulicatella_adiacens,Granulicatella adiacens,ALL,disease,0.6497686580797511,0.012689216078820422,188,0.10008797401496557
g__Granulicatella|s__Granulicatella_adiacens,Granulicatella adiacens,ALL,disease:site[T.Oral],0.9473823140893066,0.09751060364669197,188,0.40552395592403884
g__Granulicatella|s__Granulicatella_adiacens,Granulicatella adiacens,ALL,ppi_use,-0.203857917790765,0.6559805273153188,188,0.9140271821073853
g__Granulicatella|s__Granulicatella_adiacens,Granulicatella adiacens,ALL,disease:ppi_use,0.030973951703309986,0.954308403435901,188,0.9901360434179493
g__Granulicatella|s__Granulicatella_adiacens,Granulicatella adiacens,ALL,age,-0.015419302261888158,0.04511895901217891,188,0.24706325449726674
g__Granulicatella|s__Granulicatella_adiacens,Granulicatella adiacens,ALL,bmi,0.019363110370004325,0.4295928588071053,188,0.7995073883419616
g__Granulicatella|s__Granulicatella_adiacens,Granulicatella adiacens,ALL,antibiotics_3m,0.2229428852326977,0.5368154930506792,188,0.8659110204999467
g__Granulicatella|s__Granulicatella_adiacens,Granulicatella adiacens,ALL,smoking,-0.035259744779378224,0.8908266000368021,188,0.9762102298249066
g__Haemophilus|s__Haemophilus_haemolyticus,Haemophilus haemolyticus,ALL,site[T.Oral],3.7805631939309956,1.9552253295135685e-07,188,4.867263054321011e-06
g__Haemophilus|s__Haemophilus_haemolyticus,Haemophilus haemolyticus,ALL,sex[T.1],-0.2984768605080554,0.27620875959232205,188,0.6868236161763652
g__Haemophilus|s__Haemophilus_haemolyticus,Haemophilus haemolyticus,ALL,disease,0.8421049843158693,0.020132124926870575,188,0.14048460933064755
g__Haemophilus|s__Haemophilus_haemolyticus,Haemophilus haemolyticus,ALL,disease:site[T.Oral],-0.7540676626734539,0.3419777951146259,188,0.7386720374475919
g__Haemophilus|s__Haemophilus_haemolyticus,Haemophilus haemolyticus,ALL,ppi_use,0.03587785723448746,0.9550595227730043,188,0.9901360434179493
g__Haemophilus|s__Haemophilus_haemolyticus,Haemophilus haemolyticus,ALL,disease:ppi_use,-1.2005030148246707,0.11180232754980035,188,0.43602907744422137
g__Haemophilus|s__Haemophilus_haemolyticus,Haemophilus haemolyticus,ALL,age,-0.025696018351619023,0.016688992712632186,188,0.12254887954255016
g__Haemophilus|s__Haemophilus_haemolyticus,Haemophilus haemolyticus,ALL,bmi,-0.03041181204883615,0.37277405275139286,188,0.769216299328271
g__Haemophilus|s__Haemophilus_haemolyticus,Haemophilus haemolyticus,ALL,antibiotics_3m,-0.19153204851846636,0.7028835199479089,188,0.9271017907425374
g__Haemophilus|s__Haemophilus_haemolyticus,Haemophilus haemolyticus,ALL,smoking,0.372901550721736,0.2976110511439174,188,0.7004245074236505
g__Haemophilus|s__Haemophilus_parahaemolyticus,Haemophilus parahaemolyticus,ALL,site[T.Oral],7.560655686819616,4.4278619455673647e-17,188,3.171794985498255e-15
g__Haemophilus|s__Haemophilus_parahaemolyticus,Haemophilus parahaemolyticus,ALL,sex[T.1],-0.1366760335092119,0.6672613740260065,188,0.91885821884965
g__Haemophilus|s__Haemophilus_parahaemolyticus,Haemophilus parahaemolyticus,ALL,disease,0.9874417251246933,0.01898481384483183,188,0.13463133523682172
g__Haemophilus|s__Haemophilus_parahaemolyticus,Haemophilus parahaemolyticus,ALL,disease:site[T.Oral],-4.385838125722841,3.810399681133885e-06,188,7.19059294665588e-05
g__Haemophilus|s__Haemophilus_parahaemolyticus,Haemophilus parahaemolyticus,ALL,ppi_use,-1.6690072809790153,0.025017645354324585,188,0.16506002855954754
g__Haemophilus|s__Haemophilus_parahaemolyticus,Haemophilus parahaemolyticus,ALL,disease:ppi_use,0.3929782962386503,0.6529621698964789,188,0.9140271821073853
g__Haemophilus|s__Haemophilus_parahaemolyticus,Haemophilus parahaemolyticus,ALL,age,0.0034223311861729445,0.782027736632173,188,0.954895326287315
g__Haemophilus|s__Haemophilus_parahaemolyticus,Haemophilus parahaemolyticus,ALL,bmi,-0.036137728983236056,0.36185601823639846,188,0.7600283490330408
g__Haemophilus|s__Haemophilus_parahaemolyticus,Haemophilus parahaemolyticus,ALL,antibiotics_3m,0.04477303206889387,0.9387943215844656,188,0.9884841913900583
g__Haemophilus|s__Haemophilus_parahaemolyticus,Haemophilus parahaemolyticus,ALL,smoking,0.16338764388014287,0.6939887387461667,188,0.9270978440450118
g__Haemophilus|s__Haemophilus_parainfluenzae,Haemophilus parainfluenzae,ALL,site[T.Oral],9.26228464612524,1.1241983509183313e-14,188,6.263390812259275e-13
g__Haemophilus|s__Haemophilus_parainfluenzae,Haemophilus parainfluenzae,ALL,sex[T.1],0.040913609138835794,0.9242814556203303,188,0.9866540066910161
g__Haemophilus|s__Haemophilus_parainfluenzae,Haemophilus parainfluenzae,ALL,disease,1.3790379772354222,0.01561847819466148,188,0.11614588657470719
g__Haemophilus|s__Haemophilus_parainfluenzae,Haemophilus parainfluenzae,ALL,disease:site[T.Oral],-4.312864234451359,0.0006666724203247074,188,0.007785049384498805
g__Haemophilus|s__Haemophilus_parainfluenzae,Haemophilus parainfluenzae,ALL,ppi_use,-1.3518172684222705,0.17818585518578414,188,0.5609787082152238
g__Haemophilus|s__Haemophilus_parainfluenzae,Haemophilus parainfluenzae,ALL,disease:ppi_use,1.0375086950740888,0.38113746236054413,188,0.7763749954342207
g__Haemophilus|s__Haemophilus_parainfluenzae,Haemophilus parainfluenzae,ALL,age,-0.015305321562777967,0.3614490374071416,188,0.7600283490330408
g__Haemophilus|s__Haemophilus_parainfluenzae,Haemophilus parainfluenzae,ALL,bmi,-0.04407476676999152,0.4114811256264652,188,0.7940070098674507
g__Haemophilus|s__Haemophilus_parainfluenzae,Haemophilus parainfluenzae,ALL,antibiotics_3m,2.110725660245745,0.008138761479259288,188,0.06883627178843398
g__Haemophilus|s__Haemophilus_parainfluenzae,Haemophilus parainfluenzae,ALL,smoking,-0.5084375172677477,0.36645282946111934,188,0.7629342144073817
g__Haemophilus|s__Haemophilus_sputorum,Haemophilus sputorum,ALL,site[T.Oral],6.530373040737363,4.661617106697524e-19,188,4.195455396027772e-17
g__Haemophilus|s__Haemophilus_sputorum,Haemophilus sputorum,ALL,sex[T.1],-0.030662942499793205,0.9043083667863765,188,0.981484962096531
g__Haemophilus|s__Haemophilus_sputorum,Haemophilus sputorum,ALL,disease,0.6872585189435255,0.04149894606528154,188,0.23305808110262113
g__Haemophilus|s__Haemophilus_sputorum,Haemophilus sputorum,ALL,disease:site[T.Oral],-4.3947432320984925,1.3456358318968067e-08,188,3.935984808298159e-07
g__Haemophilus|s__Haemophilus_sputorum,Haemophilus sputorum,ALL,ppi_use,-1.3499149148290124,0.02390732318566341,188,0.15970760464428874
g__Haemophilus|s__Haemophilus_sputorum,Haemophilus sputorum,ALL,disease:ppi_use,0.7278663373859109,0.29993752756083386,188,0.7018538144923512
g__Haemophilus|s__Haemophilus_sputorum,Haemophilus sputorum,ALL,age,-0.008697240716972254,0.3813802157204519,188,0.7763749954342207
g__Haemophilus|s__Haemophilus_sputorum,Haemophilus sputorum,ALL,bmi,-0.03870850280944887,0.22397954175067872,188,0.6310894425309318
g__Haemophilus|s__Haemophilus_sputorum,Haemophilus sputorum,ALL,antibiotics_3m,0.2313492210984537,0.6211198709763619,188,0.9018028029067804
g__Haemophilus|s__Haemophilus_sputorum,Haemophilus sputorum,ALL,smoking,0.3049718935844293,0.36056398448857296,188,0.7600283490330408
g__Holdemanella|s__Holdemanella_porci,Holdemanella porci,ALL,site[T.Oral],-0.200470621960792,0.8430332320031546,188,0.9647128620860638
g__Holdemanella|s__Holdemanella_porci,Holdemanella porci,ALL,sex[T.1],-0.4055606365213841,0.30697227360198925,188,0.7069931814710948
g__Holdemanella|s__Holdemanella_porci,Holdemanella porci,ALL,disease,0.03188469076738153,0.9511917974580918,188,0.9891006240655418
g__Holdemanella|s__Holdemanella_porci,Holdemanella porci,ALL,disease:site[T.Oral],-0.9667469698480379,0.4001965606474708,188,0.7865005195255445
g__Holdemanella|s__Holdemanella_porci,Holdemanella porci,ALL,ppi_use,-1.1360033113981332,0.21899833654369702,188,0.6253103805537413
g__Holdemanella|s__Holdemanella_porci,Holdemanella porci,ALL,disease:ppi_use,2.3027987067170326,0.03572144413064335,188,0.211301380779571
g__Holdemanella|s__Holdemanella_porci,Holdemanella porci,ALL,age,-0.016039872409533334,0.2991519333468265,188,0.7014730082619761
g__Holdemanella|s__Holdemanella_porci,Holdemanella porci,ALL,bmi,0.03250334843041467,0.5105680820907588,188,0.8477265696019693
g__Holdemanella|s__Holdemanella_porci,Holdemanella porci,ALL,antibiotics_3m,-0.2100600822316249,0.7727205632414876,188,0.9530040787506285
g__Holdemanella|s__Holdemanella_porci,Holdemanella porci,ALL,smoking,0.15167745905532848,0.7696094650465835,188,0.9530040787506285
g__Holdemania|s__Holdemania_filiformis,Holdemania filiformis,ALL,site[T.Oral],-1.1327147110934477,0.2035992219055375,188,0.6010372320340089
g__Holdemania|s__Holdemania_filiformis,Holdemania filiformis,ALL,sex[T.1],-0.4534680326258175,0.19370218887463678,188,0.5901863567274089
g__Holdemania|s__Holdemania_filiformis,Holdemania filiformis,ALL,disease,0.6764985577914399,0.14034692191168133,188,0.4940999958976945
g__Holdemania|s__Holdemania_filiformis,Holdemania filiformis,ALL,disease:site[T.Oral],-0.8745111543965509,0.3861449014529382,188,0.7777925620517743
g__Holdemania|s__Holdemania_filiformis,Holdemania filiformis,ALL,ppi_use,0.3639750704830989,0.6531746332590449,188,0.9140271821073853
g__Holdemania|s__Holdemania_filiformis,Holdemania filiformis,ALL,disease:ppi_use,0.02672333212456439,0.9777185221488008,188,0.9942906156920523
g__Holdemania|s__Holdemania_filiformis,Holdemania filiformis,ALL,age,-0.031552166218630266,0.020782195404627564,188,0.14387673741665238
g__Holdemania|s__Holdemania_filiformis,Holdemania filiformis,ALL,bmi,0.09379538577919279,0.031593842949801276,188,0.19489347759894987
g__Holdemania|s__Holdemania_filiformis,Holdemania filiformis,ALL,antibiotics_3m,0.31314211363651223,0.6239725897739923,188,0.903407789415011
g__Holdemania|s__Holdemania_filiformis,Holdemania filiformis,ALL,smoking,0.816708533862571,0.07375420414041323,188,0.34225216369352074
g__Hungatella|s__Hungatella_hathewayi,Hungatella hathewayi,ALL,site[T.Oral],1.4738939568745961,0.054630865261850264,188,0.2775026585659832
g__Hungatella|s__Hungatella_hathewayi,Hungatella hathewayi,ALL,sex[T.1],-0.23507375141178002,0.43174887451153554,188,0.8001727273957875
g__Hungatella|s__Hungatella_hathewayi,Hungatella hathewayi,ALL,disease,4.250439658824554,2.491742826723532e-21,188,2.821295910257935e-19
g__Hungatella|s__Hungatella_hathewayi,Hungatella hathewayi,ALL,disease:site[T.Oral],-4.27460252254565,1.737588631949614e-06,188,3.608837927895352e-05
g__Hungatella|s__Hungatella_hathewayi,Hungatella hathewayi,ALL,ppi_use,-0.10666333910140732,0.8780294485462662,188,0.9740391985827854
g__Hungatella|s__Hungatella_hathewayi,Hungatella hathewayi,ALL,disease:ppi_use,-0.917445374239854,0.2647586536049309,188,0.6733434175386287
g__Hungatella|s__Hungatella_hathewayi,Hungatella hathewayi,ALL,age,0.0024405812916607375,0.8337213465759719,188,0.9647128620860638
g__Hungatella|s__Hungatella_hathewayi,Hungatella hathewayi,ALL,bmi,-0.05669830797412406,0.12878831561707943,188,0.4718642897107756
g__Hungatella|s__Hungatella_hathewayi,Hungatella hathewayi,ALL,antibiotics_3m,-0.23545997482198097,0.6675465692497458,188,0.91885821884965
g__Hungatella|s__Hungatella_hathewayi,Hungatella hathewayi,ALL,smoking,-0.17000672960242524,0.663173031557832,188,0.9174515497627631
g__Hydrogenoanaerobacterium|s__Hydrogenoanaerobacterium_saccharovorans,Hydrogenoanaerobacterium saccharovorans,ALL,site[T.Oral],-3.0756781696647297,0.001308304596591239,188,0.014261332714395182
g__Hydrogenoanaerobacterium|s__Hydrogenoanaerobacterium_saccharovorans,Hydrogenoanaerobacterium saccharovorans,ALL,sex[T.1],0.32626106286841083,0.37742603037428435,188,0.7733598170541378
g__Hydrogenoanaerobacterium|s__Hydrogenoanaerobacterium_saccharovorans,Hydrogenoanaerobacterium saccharovorans,ALL,disease,-1.1970247723249159,0.014436610007779105,188,0.10944384692722388
g__Hydrogenoanaerobacterium|s__Hydrogenoanaerobacterium_saccharovorans,Hydrogenoanaerobacterium saccharovorans,ALL,disease:site[T.Oral],0.43807986470121857,0.6821099146644474,188,0.9254757636150793
g__Hydrogenoanaerobacterium|s__Hydrogenoanaerobacterium_saccharovorans,Hydrogenoanaerobacterium saccharovorans,ALL,ppi_use,-0.5083176417420132,0.5542099912768537,188,0.8753110894618084
g__Hydrogenoanaerobacterium|s__Hydrogenoanaerobacterium_saccharovorans,Hydrogenoanaerobacterium saccharovorans,ALL,disease:ppi_use,0.7447275448504926,0.4634580220899551,188,0.8199282548063218
g__Hydrogenoanaerobacterium|s__Hydrogenoanaerobacterium_saccharovorans,Hydrogenoanaerobacterium saccharovorans,ALL,age,-0.018982910745926077,0.18752307622895398,188,0.5784399708157567
g__Hydrogenoanaerobacterium|s__Hydrogenoanaerobacterium_saccharovorans,Hydrogenoanaerobacterium saccharovorans,ALL,bmi,-0.0021613129254163827,0.9625142371770699,188,0.9927239082804642
g__Hydrogenoanaerobacterium|s__Hydrogenoanaerobacterium_saccharovorans,Hydrogenoanaerobacterium saccharovorans,ALL,antibiotics_3m,-0.6968958029368916,0.3042901452340406,188,0.7054546960181522
g__Hydrogenoanaerobacterium|s__Hydrogenoanaerobacterium_saccharovorans,Hydrogenoanaerobacterium saccharovorans,ALL,smoking,0.33339759177545497,0.4897079741055863,188,0.8328159395902756
g__Intestinibacter|s__Intestinibacter_bartlettii,Intestinibacter bartlettii,ALL,site[T.Oral],0.9338277903955382,0.20629510005689786,188,0.6059379089537335
g__Intestinibacter|s__Intestinibacter_bartlettii,Intestinibacter bartlettii,ALL,sex[T.1],-0.10513289055669035,0.715764079732057,188,0.9279113657566306
g__Intestinibacter|s__Intestinibacter_bartlettii,Intestinibacter bartlettii,ALL,disease,5.336917414620018,1.0152991534937289e-30,188,3.2397272988754443e-28
g__Intestinibacter|s__Intestinibacter_bartlettii,Intestinibacter bartlettii,ALL,disease:site[T.Oral],-4.785522125198232,4.194949136432335e-08,188,1.1779417175101997e-06
g__Intestinibacter|s__Intestinibacter_bartlettii,Intestinibacter bartlettii,ALL,ppi_use,0.3889868953294144,0.5626336479063065,188,0.8796726307283886
g__Intestinibacter|s__Intestinibacter_bartlettii,Intestinibacter bartlettii,ALL,disease:ppi_use,-1.970995278408123,0.01379777243762782,188,0.10667440805302565
g__Intestinibacter|s__Intestinibacter_bartlettii,Intestinibacter bartlettii,ALL,age,-0.00584065744828549,0.6032412326451106,188,0.8941624689967645
g__Intestinibacter|s__Intestinibacter_bartlettii,Intestinibacter bartlettii,ALL,bmi,0.0156261430804788,0.663919407079805,188,0.9174515497627631
g__Intestinibacter|s__Intestinibacter_bartlettii,Intestinibacter bartlettii,ALL,antibiotics_3m,0.28806687471116466,0.5866363321837004,188,0.8886894803473405
g__Intestinibacter|s__Intestinibacter_bartlettii,Intestinibacter bartlettii,ALL,smoking,-0.2675769540423199,0.4782715004203342,188,0.8303334859234778
g__Isoptericola|s__Isoptericola_variabilis,Isoptericola variabilis,ALL,site[T.Oral],3.731239060725886,0.00011987523651515006,188,0.001692200787322324
g__Isoptericola|s__Isoptericola_variabilis,Isoptericola variabilis,ALL,sex[T.1],0.9607348879642361,0.010489124436167596,188,0.08562052737429827
g__Isoptericola|s__Isoptericola_variabilis,Isoptericola variabilis,ALL,disease,0.5358140898183449,0.2737436400809793,188,0.683872011874902
g__Isoptericola|s__Isoptericola_variabilis,Isoptericola variabilis,ALL,disease:site[T.Oral],1.8705122676537913,0.08375938198147549,188,0.36703549407612857
g__Isoptericola|s__Isoptericola_variabilis,Isoptericola variabilis,ALL,ppi_use,1.1074476115244745,0.20161514635354374,188,0.5987048762275283
g__Isoptericola|s__Isoptericola_variabilis,Isoptericola variabilis,ALL,disease:ppi_use,-0.7479502779410637,0.46476658091255496,188,0.8218290675078427
g__Isoptericola|s__Isoptericola_variabilis,Isoptericola variabilis,ALL,age,-0.005553109560180487,0.7012616162097998,188,0.9271017907425374
g__Isoptericola|s__Isoptericola_variabilis,Isoptericola variabilis,ALL,bmi,0.06784171515190054,0.14424164508815246,188,0.49887397605460837
g__Isoptericola|s__Isoptericola_variabilis,Isoptericola variabilis,ALL,antibiotics_3m,0.8417843825005268,0.21829111157802755,188,0.6244513460789541
g__Isoptericola|s__Isoptericola_variabilis,Isoptericola variabilis,ALL,smoking,0.4450445346141631,0.36020835776961246,188,0.7600283490330408
g__Lachnoanaerobaculum|s__Lachnoanaerobaculum_orale,Lachnoanaerobaculum orale,ALL,site[T.Oral],7.388845925724659,2.5689021557499628e-20,188,2.5762418761949625e-18
g__Lachnoanaerobaculum|s__Lachnoanaerobaculum_orale,Lachnoanaerobaculum orale,ALL,sex[T.1],-0.24687887263134958,0.37210953888763376,188,0.7690811089340175
g__Lachnoanaerobaculum|s__Lachnoanaerobaculum_orale,Lachnoanaerobaculum orale,ALL,disease,0.6375493944872288,0.08039632087172753,188,0.35914276180616866
g__Lachnoanaerobaculum|s__Lachnoanaerobaculum_orale,Lachnoanaerobaculum orale,ALL,disease:site[T.Oral],-0.06695431106473426,0.9333149035403562,188,0.9884841913900583
g__Lachnoanaerobaculum|s__Lachnoanaerobaculum_orale,Lachnoanaerobaculum orale,ALL,ppi_use,0.16734868623864865,0.7946135620195731,188,0.9577348885233693
g__Lachnoanaerobaculum|s__Lachnoanaerobaculum_orale,Lachnoanaerobaculum orale,ALL,disease:ppi_use,0.06220299064284376,0.9347285834902708,188,0.9884841913900583
g__Lachnoanaerobaculum|s__Lachnoanaerobaculum_orale,Lachnoanaerobaculum orale,ALL,age,-0.005546763354076693,0.6060575516790425,188,0.8953040178125555
g__Lachnoanaerobaculum|s__Lachnoanaerobaculum_orale,Lachnoanaerobaculum orale,ALL,bmi,-0.006856651433388335,0.8420723529842781,188,0.9647128620860638
g__Lachnoanaerobaculum|s__Lachnoanaerobaculum_orale,Lachnoanaerobaculum orale,ALL,antibiotics_3m,0.3774822616218764,0.45679534009572564,188,0.8150024314720264
g__Lachnoanaerobaculum|s__Lachnoanaerobaculum_orale,Lachnoanaerobaculum orale,ALL,smoking,-0.18284802237516537,0.6125498044290578,188,0.8984746400108621
g__Lachnoanaerobaculum|s__Lachnoanaerobaculum_sp_ICM7,Lachnoanaerobaculum sp ICM7,ALL,site[T.Oral],2.7601390036658495,2.6726590569180176e-05,188,0.00042835768446494255
g__Lachnoanaerobaculum|s__Lachnoanaerobaculum_sp_ICM7,Lachnoanaerobaculum sp ICM7,ALL,sex[T.1],0.09916140317057763,0.6927990374436745,188,0.9270978440450118
g__Lachnoanaerobaculum|s__Lachnoanaerobaculum_sp_ICM7,Lachnoanaerobaculum sp ICM7,ALL,disease,0.9555868723713339,0.004180835178059063,188,0.038925017175032654
g__Lachnoanaerobaculum|s__Lachnoanaerobaculum_sp_ICM7,Lachnoanaerobaculum sp ICM7,ALL,disease:site[T.Oral],0.1575294198838246,0.8284101341495728,188,0.9647128620860638
g__Lachnoanaerobaculum|s__Lachnoanaerobaculum_sp_ICM7,Lachnoanaerobaculum sp ICM7,ALL,ppi_use,-0.7239125723500143,0.21598545014091824,188,0.6201573510906113
g__Lachnoanaerobaculum|s__Lachnoanaerobaculum_sp_ICM7,Lachnoanaerobaculum sp ICM7,ALL,disease:ppi_use,0.1628390306385972,0.8134070505645472,188,0.9619597895087618
g__Lachnoanaerobaculum|s__Lachnoanaerobaculum_sp_ICM7,Lachnoanaerobaculum sp ICM7,ALL,age,0.008506663012334582,0.38420143809865437,188,0.7768254517108907
g__Lachnoanaerobaculum|s__Lachnoanaerobaculum_sp_ICM7,Lachnoanaerobaculum sp ICM7,ALL,bmi,0.002693315014455994,0.9313296730938698,188,0.9884841913900583
g__Lachnoanaerobaculum|s__Lachnoanaerobaculum_sp_ICM7,Lachnoanaerobaculum sp ICM7,ALL,antibiotics_3m,0.3793268285308748,0.41042219683359726,188,0.7932719773600916
g__Lachnoanaerobaculum|s__Lachnoanaerobaculum_sp_ICM7,Lachnoanaerobaculum sp ICM7,ALL,smoking,-0.34999493728539405,0.28643923997930676,188,0.6928522853420019
g__Lachnoclostridium|s__Clostridium_symbiosum,Clostridium symbiosum,ALL,site[T.Oral],1.6145215597563507,0.058101175595782456,188,0.29133589477313776
g__Lachnoclostridium|s__Clostridium_symbiosum,Clostridium symbiosum,ALL,sex[T.1],0.3734703274250093,0.26137647266682906,188,0.6706370022372588
g__Lachnoclostridium|s__Clostridium_symbiosum,Clostridium symbiosum,ALL,disease,4.1180747466806285,1.982646466526395e-17,188,1.4806572547888612e-15
g__Lachnoclostridium|s__Clostridium_symbiosum,Clostridium symbiosum,ALL,disease:site[T.Oral],-4.330064929786474,1.173016099064648e-05,188,0.00019986827707363662
g__Lachnoclostridium|s__Clostridium_symbiosum,Clostridium symbiosum,ALL,ppi_use,-0.47272719336140184,0.5406401764105317,188,0.8685567606964391
g__Lachnoclostridium|s__Clostridium_symbiosum,Clostridium symbiosum,ALL,disease:ppi_use,-0.34215439713741963,0.7077294928252403,188,0.9271017907425374
g__Lachnoclostridium|s__Clostridium_symbiosum,Clostridium symbiosum,ALL,age,-0.0019441718416040943,0.8803592283932735,188,0.9743526013152224
g__Lachnoclostridium|s__Clostridium_symbiosum,Clostridium symbiosum,ALL,bmi,-0.04145156598269855,0.31670042632251966,188,0.7167187813531475
g__Lachnoclostridium|s__Clostridium_symbiosum,Clostridium symbiosum,ALL,antibiotics_3m,0.3242645567034537,0.5945258861595466,188,0.889404195757805
g__Lachnoclostridium|s__Clostridium_symbiosum,Clostridium symbiosum,ALL,smoking,-0.10064129833724608,0.816465349853657,188,0.9624650582098098
g__Lachnospira|s__Lachnospira_eligens,Lachnospira eligens,ALL,site[T.Oral],-3.3516986839340914,0.0009944627537117545,188,0.011223679310380251
g__Lachnospira|s__Lachnospira_eligens,Lachnospira eligens,ALL,sex[T.1],0.7522723418952204,0.056586802047353155,188,0.2853730965319103
g__Lachnospira|s__Lachnospira_eligens,Lachnospira eligens,ALL,disease,-0.9366768714654734,0.07069967932565085,188,0.3326486252453546
g__Lachnospira|s__Lachnospira_eligens,Lachnospira eligens,ALL,disease:site[T.Oral],0.30201012936939015,0.7905281611407033,188,0.9565572153693289
g__Lachnospira|s__Lachnospira_eligens,Lachnospira eligens,ALL,ppi_use,0.5246948625392304,0.5657926044678095,188,0.8796730711254975
g__Lachnospira|s__Lachnospira_eligens,Lachnospira eligens,ALL,disease:ppi_use,-0.16009340197709312,0.8820657597645858,188,0.9743526013152224
g__Lachnospira|s__Lachnospira_eligens,Lachnospira eligens,ALL,age,-0.04193727015714129,0.006593261249058862,188,0.058000869634577956
g__Lachnospira|s__Lachnospira_eligens,Lachnospira eligens,ALL,bmi,0.026605713720389834,0.586476075721037,188,0.8886894803473405
g__Lachnospira|s__Lachnospira_eligens,Lachnospira eligens,ALL,antibiotics_3m,-0.7744450380153833,0.28299784403226297,188,0.6898917862406205
g__Lachnospira|s__Lachnospira_eligens,Lachnospira eligens,ALL,smoking,-0.20813643947074406,0.6848913890249311,188,0.9264596275900318
g__Lachnospira|s__Lachnospira_pectinoschiza,Lachnospira pectinoschiza,ALL,site[T.Oral],-1.5964201126223065,0.16252369806687728,188,0.5340170241503893
g__Lachnospira|s__Lachnospira_pectinoschiza,Lachnospira pectinoschiza,ALL,sex[T.1],0.26724114671543037,0.549553866401236,188,0.8732159669843089
g__Lachnospira|s__Lachnospira_pectinoschiza,Lachnospira pectinoschiza,ALL,disease,-0.3473925273293685,0.5538585217242107,188,0.8753110894618084
g__Lachnospira|s__Lachnospira_pectinoschiza,Lachnospira pectinoschiza,ALL,disease:site[T.Oral],0.1398467386390193,0.9138489073171094,188,0.9846856260026088
g__Lachnospira|s__Lachnospira_pectinoschiza,Lachnospira pectinoschiza,ALL,ppi_use,-0.013185552340468042,0.9898687765839731,188,0.9978824881525563
g__Lachnospira|s__Lachnospira_pectinoschiza,Lachnospira pectinoschiza,ALL,disease:ppi_use,-0.32988993014828155,0.7880561999918223,188,0.9564616781924473
g__Lachnospira|s__Lachnospira_pectinoschiza,Lachnospira pectinoschiza,ALL,age,0.007866030896743606,0.6507280539935341,188,0.9140271821073853
g__Lachnospira|s__Lachnospira_pectinoschiza,Lachnospira pectinoschiza,ALL,bmi,-0.04442515027035163,0.4246238635739795,188,0.7969027112258336
g__Lachnospira|s__Lachnospira_pectinoschiza,Lachnospira pectinoschiza,ALL,antibiotics_3m,-0.1167980878791117,0.8865801665124005,188,0.9757150140376704
g__Lachnospira|s__Lachnospira_pectinoschiza,Lachnospira pectinoschiza,ALL,smoking,0.16403237366252543,0.7784777088924129,188,0.9545371525593531
g__Lachnospira|s__Lachnospira_sp_NSJ_43,Lachnospira sp NSJ 43,ALL,site[T.Oral],-0.7342189540997555,0.39822017806048526,188,0.7855611619350176
g__Lachnospira|s__Lachnospira_sp_NSJ_43,Lachnospira sp NSJ 43,ALL,sex[T.1],0.3320609298293305,0.3293476866601225,188,0.7284249402501763
g__Lachnospira|s__Lachnospira_sp_NSJ_43,Lachnospira sp NSJ 43,ALL,disease,-0.2795566417884114,0.5316962139721253,188,0.86161297832048
g__Lachnospira|s__Lachnospira_sp_NSJ_43,Lachnospira sp NSJ 43,ALL,disease:site[T.Oral],0.2746667456510757,0.7802893192122551,188,0.954895326287315
g__Lachnospira|s__Lachnospira_sp_NSJ_43,Lachnospira sp NSJ 43,ALL,ppi_use,-0.6544764503229384,0.4084129025702299,188,0.7928812433747273
g__Lachnospira|s__Lachnospira_sp_NSJ_43,Lachnospira sp NSJ 43,ALL,disease:ppi_use,0.4394840434068618,0.6382737297439666,188,0.9057684922913966
g__Lachnospira|s__Lachnospira_sp_NSJ_43,Lachnospira sp NSJ 43,ALL,age,0.0037806190180988465,0.7750746939838846,188,0.9530040787506285
g__Lachnospira|s__Lachnospira_sp_NSJ_43,Lachnospira sp NSJ 43,ALL,bmi,0.0498054616111685,0.2404038318297651,188,0.6526756366317298
g__Lachnospira|s__Lachnospira_sp_NSJ_43,Lachnospira sp NSJ 43,ALL,antibiotics_3m,0.27882310807582067,0.6549283277073068,188,0.9140271821073853
g__Lachnospira|s__Lachnospira_sp_NSJ_43,Lachnospira sp NSJ 43,ALL,smoking,-0.38786819795493366,0.3829595183297272,188,0.7768254517108907
g__Lacrimispora|s__Lacrimispora_amygdalina,Lacrimispora amygdalina,ALL,site[T.Oral],-4.397676092047766,4.516516862791093e-06,188,8.387817030897744e-05
g__Lacrimispora|s__Lacrimispora_amygdalina,Lacrimispora amygdalina,ALL,sex[T.1],0.350613151302766,0.33654306300305936,188,0.7339170230267757
g__Lacrimispora|s__Lacrimispora_amygdalina,Lacrimispora amygdalina,ALL,disease,-1.18202354817689,0.014371835243183667,188,0.10944384692722388
g__Lacrimispora|s__Lacrimispora_amygdalina,Lacrimispora amygdalina,ALL,disease:site[T.Oral],0.9270779421032923,0.3801497814258543,188,0.7762220667857759
g__Lacrimispora|s__Lacrimispora_amygdalina,Lacrimispora amygdalina,ALL,ppi_use,-0.17651386710674566,0.8350545358547254,188,0.9647128620860638
g__Lacrimispora|s__Lacrimispora_amygdalina,Lacrimispora amygdalina,ALL,disease:ppi_use,-0.22408335576056007,0.822983895237003,188,0.9637581684504767
g__Lacrimispora|s__Lacrimispora_amygdalina,Lacrimispora amygdalina,ALL,age,-0.0174512988123226,0.21936934273175843,188,0.6254966636786938
g__Lacrimispora|s__Lacrimispora_amygdalina,Lacrimispora amygdalina,ALL,bmi,0.04508793211391613,0.3211055925063455,188,0.7223828228209399
g__Lacrimispora|s__Lacrimispora_amygdalina,Lacrimispora amygdalina,ALL,antibiotics_3m,-0.9326532589495842,0.16408953642972435,188,0.5351728763540731
g__Lacrimispora|s__Lacrimispora_amygdalina,Lacrimispora amygdalina,ALL,smoking,0.2445369619329108,0.6075371012987623,188,0.8953040178125555
g__Lacrimispora|s__Lacrimispora_celerecrescens,Lacrimispora celerecrescens,ALL,site[T.Oral],-2.0674975471874,0.061044570212012275,188,0.30198302768875873
g__Lacrimispora|s__Lacrimispora_celerecrescens,Lacrimispora celerecrescens,ALL,sex[T.1],0.21419896160516935,0.6185463910998341,188,0.9005416148459434
g__Lacrimispora|s__Lacrimispora_celerecrescens,Lacrimispora celerecrescens,ALL,disease,2.4737543797235793,1.997073075007487e-05,188,0.0003245243746887166
g__Lacrimispora|s__Lacrimispora_celerecrescens,Lacrimispora celerecrescens,ALL,disease:site[T.Oral],-2.4453662498677446,0.05083421558188283,188,0.26523866984784017
g__Lacrimispora|s__Lacrimispora_celerecrescens,Lacrimispora celerecrescens,ALL,ppi_use,0.9268438785116916,0.354820302464144,188,0.7549692313784608
g__Lacrimispora|s__Lacrimispora_celerecrescens,Lacrimispora celerecrescens,ALL,disease:ppi_use,-0.32301066900061953,0.7846944808445876,188,0.9564616781924473
g__Lacrimispora|s__Lacrimispora_celerecrescens,Lacrimispora celerecrescens,ALL,age,-0.03504151443160695,0.03742073123164442,188,0.21609059108446274
g__Lacrimispora|s__Lacrimispora_celerecrescens,Lacrimispora celerecrescens,ALL,bmi,0.11383488109340473,0.0346912532156863,188,0.20850393627921046
g__Lacrimispora|s__Lacrimispora_celerecrescens,Lacrimispora celerecrescens,ALL,antibiotics_3m,0.22943317566775934,0.7712227129772471,188,0.9530040787506285
g__Lacrimispora|s__Lacrimispora_celerecrescens,Lacrimispora celerecrescens,ALL,smoking,-0.6144555336261586,0.274848320078965,188,0.685655723864369
g__Lancefieldella|s__Lancefieldella_parvula,Lancefieldella parvula,ALL,site[T.Oral],7.1777722858466255,6.300066501927132e-23,188,9.21384725906843e-21
g__Lancefieldella|s__Lancefieldella_parvula,Lancefieldella parvula,ALL,sex[T.1],0.07550099962235796,0.7597800877837961,188,0.9504020342555682
g__Lancefieldella|s__Lancefieldella_parvula,Lancefieldella parvula,ALL,disease,0.6340984427952254,0.05188988596478439,188,0.2698274070168788
g__Lancefieldella|s__Lancefieldella_parvula,Lancefieldella parvula,ALL,disease:site[T.Oral],2.4579211575363566,0.0007192938535119775,188,0.00830500469022053
g__Lancefieldella|s__Lancefieldella_parvula,Lancefieldella parvula,ALL,ppi_use,0.3568640511652404,0.5346193435593802,188,0.8647529474163247
g__Lancefieldella|s__Lancefieldella_parvula,Lancefieldella parvula,ALL,disease:ppi_use,-0.053965062842115975,0.9366242264995807,188,0.9884841913900583
g__Lancefieldella|s__Lancefieldella_parvula,Lancefieldella parvula,ALL,age,-0.0032443138971347185,0.7356354388568395,188,0.9365543672062048
g__Lancefieldella|s__Lancefieldella_parvula,Lancefieldella parvula,ALL,bmi,0.026616082231941132,0.3872189496803784,188,0.7784947489068068
g__Lancefieldella|s__Lancefieldella_parvula,Lancefieldella parvula,ALL,antibiotics_3m,0.1741196754052449,0.7007216068926347,188,0.9271017907425374
g__Lancefieldella|s__Lancefieldella_parvula,Lancefieldella parvula,ALL,smoking,-0.17583370353873093,0.5857649683457136,188,0.8886894803473405
g__Lancefieldella|s__Lancefieldella_rimae,Lancefieldella rimae,ALL,site[T.Oral],1.6157715299882842,0.00802116135238682,188,0.06800549842241
g__Lancefieldella|s__Lancefieldella_rimae,Lancefieldella rimae,ALL,sex[T.1],-0.04512927342689674,0.8485287049228338,188,0.9663646185201644
g__Lancefieldella|s__Lancefieldella_rimae,Lancefieldella rimae,ALL,disease,0.7312584786368607,0.01943571380190924,188,0.1367121351597223
g__Lancefieldella|s__Lancefieldella_rimae,Lancefieldella rimae,ALL,disease:site[T.Oral],1.4306179375268329,0.037709853746644775,188,0.2169862076241363
g__Lancefieldella|s__Lancefieldella_rimae,Lancefieldella rimae,ALL,ppi_use,0.05938051882755099,0.913974506983003,188,0.9846856260026088
g__Lancefieldella|s__Lancefieldella_rimae,Lancefieldella rimae,ALL,disease:ppi_use,-0.7082854854905155,0.27629485642194523,188,0.6868236161763652
g__Lancefieldella|s__Lancefieldella_rimae,Lancefieldella rimae,ALL,age,-0.029251090726743333,0.0017053191106668132,188,0.018083595403143547
g__Lancefieldella|s__Lancefieldella_rimae,Lancefieldella rimae,ALL,bmi,0.01780677717493311,0.5453072862475696,188,0.8708046290850635
g__Lancefieldella|s__Lancefieldella_rimae,Lancefieldella rimae,ALL,antibiotics_3m,-0.28223822238377155,0.5152112094655312,188,0.8487046172410326
g__Lancefieldella|s__Lancefieldella_rimae,Lancefieldella rimae,ALL,smoking,-0.07169178572893176,0.8163298843922681,188,0.9624650582098098
g__Lautropia|s__Lautropia_mirabilis,Lautropia mirabilis,ALL,site[T.Oral],5.138119390724815,1.2731178128007952e-10,188,5.136371865437691e-09
g__Lautropia|s__Lautropia_mirabilis,Lautropia mirabilis,ALL,sex[T.1],-0.1070324643621124,0.7165608612445703,188,0.9279113657566306
g__Lautropia|s__Lautropia_mirabilis,Lautropia mirabilis,ALL,disease,0.8611095923395673,0.027252583988367253,188,0.17648813616082853
g__Lautropia|s__Lautropia_mirabilis,Lautropia mirabilis,ALL,disease:site[T.Oral],-0.8721057269391179,0.3076570243951044,188,0.707651478130286
g__Lautropia|s__Lautropia_mirabilis,Lautropia mirabilis,ALL,ppi_use,-1.112662493800959,0.10596418117645368,188,0.42535403117637305
g__Lautropia|s__Lautropia_mirabilis,Lautropia mirabilis,ALL,disease:ppi_use,0.7129616100299756,0.37942595082137753,188,0.7754112024515444
g__Lautropia|s__Lautropia_mirabilis,Lautropia mirabilis,ALL,age,0.0029460312927080947,0.7973126855303269,188,0.9579055637299284
g__Lautropia|s__Lautropia_mirabilis,Lautropia mirabilis,ALL,bmi,0.020206132336156146,0.5821934335920729,188,0.8879048185363803
g__Lautropia|s__Lautropia_mirabilis,Lautropia mirabilis,ALL,antibiotics_3m,-0.21924805173220127,0.6852105963600348,188,0.9264596275900318
g__Lautropia|s__Lautropia_mirabilis,Lautropia mirabilis,ALL,smoking,-0.511213081535838,0.1853594040924969,188,0.5755280355378167
g__Leptotrichia|s__Leptotrichia_sp_oral_taxon_215,Leptotrichia sp oral taxon 215,ALL,site[T.Oral],2.7607828181638974,8.43287532885152e-05,188,0.001233308016844535
g__Leptotrichia|s__Leptotrichia_sp_oral_taxon_215,Leptotrichia sp oral taxon 215,ALL,sex[T.1],0.0687244465416528,0.7983361340116589,188,0.9579055637299284
g__Leptotrichia|s__Leptotrichia_sp_oral_taxon_215,Leptotrichia sp oral taxon 215,ALL,disease,0.5396616480883771,0.1280253917808894,188,0.4715310862024363
g__Leptotrichia|s__Leptotrichia_sp_oral_taxon_215,Leptotrichia sp oral taxon 215,ALL,disease:site[T.Oral],0.5184116256902798,0.5059571587178693,188,0.8434347411943335
g__Leptotrichia|s__Leptotrichia_sp_oral_taxon_215,Leptotrichia sp oral taxon 215,ALL,ppi_use,-0.6952026198016021,0.26737453372706654,188,0.675168786605758
g__Leptotrichia|s__Leptotrichia_sp_oral_taxon_215,Leptotrichia sp oral taxon 215,ALL,disease:ppi_use,1.2689703693356253,0.08740360058888429,188,0.3776968448777404
g__Leptotrichia|s__Leptotrichia_sp_oral_taxon_215,Leptotrichia sp oral taxon 215,ALL,age,0.0034688647969919766,0.7403484984706301,188,0.9391482579081719
g__Leptotrichia|s__Leptotrichia_sp_oral_taxon_215,Leptotrichia sp oral taxon 215,ALL,bmi,0.02350067729052597,0.4832530343409993,188,0.8324041876683521
g__Leptotrichia|s__Leptotrichia_sp_oral_taxon_215,Leptotrichia sp oral taxon 215,ALL,antibiotics_3m,0.27770650285254467,0.5737247795751417,188,0.8840096471943579
g__Leptotrichia|s__Leptotrichia_sp_oral_taxon_215,Leptotrichia sp oral taxon 215,ALL,smoking,-0.3175320949523717,0.3666529609429763,188,0.7629342144073817
g__Leptotrichia|s__Leptotrichia_sp_oral_taxon_221,Leptotrichia sp oral taxon 221,ALL,site[T.Oral],4.017460352137638,2.0707226959787372e-07,188,5.055375714476095e-06
g__Leptotrichia|s__Leptotrichia_sp_oral_taxon_221,Leptotrichia sp oral taxon 221,ALL,sex[T.1],0.08096664249928769,0.7811821518632424,188,0.954895326287315
g__Leptotrichia|s__Leptotrichia_sp_oral_taxon_221,Leptotrichia sp oral taxon 221,ALL,disease,0.9128988823333729,0.018039840688654732,188,0.13055637281892393
g__Leptotrichia|s__Leptotrichia_sp_oral_taxon_221,Leptotrichia sp oral taxon 221,ALL,disease:site[T.Oral],-0.3110695709046889,0.7125196083135521,188,0.927187781393864
g__Leptotrichia|s__Leptotrichia_sp_oral_taxon_221,Leptotrichia sp oral taxon 221,ALL,ppi_use,0.258337562221671,0.7032555192249476,188,0.9271017907425374
g__Leptotrichia|s__Leptotrichia_sp_oral_taxon_221,Leptotrichia sp oral taxon 221,ALL,disease:ppi_use,-0.7134030837523028,0.3737612225200816,188,0.7697781879370909
g__Leptotrichia|s__Leptotrichia_sp_oral_taxon_221,Leptotrichia sp oral taxon 221,ALL,age,-0.004872629260367944,0.6675395085138849,188,0.91885821884965
g__Leptotrichia|s__Leptotrichia_sp_oral_taxon_221,Leptotrichia sp oral taxon 221,ALL,bmi,-0.01934021307404974,0.5943155433484855,188,0.889404195757805
g__Leptotrichia|s__Leptotrichia_sp_oral_taxon_221,Leptotrichia sp oral taxon 221,ALL,antibiotics_3m,0.1480510374646892,0.7818820002473807,188,0.954895326287315
g__Leptotrichia|s__Leptotrichia_sp_oral_taxon_221,Leptotrichia sp oral taxon 221,ALL,smoking,-0.41929006430276833,0.2715712192532227,188,0.6819752336560888
g__Leptotrichia|s__Leptotrichia_wadei,Leptotrichia wadei,ALL,site[T.Oral],7.535423460421562,7.402960782664598e-17,188,4.996998528298603e-15
g__Leptotrichia|s__Leptotrichia_wadei,Leptotrichia wadei,ALL,sex[T.1],0.2786137345164237,0.3837960834352918,188,0.7768254517108907
g__Leptotrichia|s__Leptotrichia_wadei,Leptotrichia wadei,ALL,disease,0.7183407220965744,0.08845692239449945,188,0.37968731006425566
g__Leptotrichia|s__Leptotrichia_wadei,Leptotrichia wadei,ALL,disease:site[T.Oral],-1.1298861435878276,0.22310596566984414,188,0.6308963319586312
g__Leptotrichia|s__Leptotrichia_wadei,Leptotrichia wadei,ALL,ppi_use,0.2135208424221741,0.7739820135807296,188,0.9530040787506285
g__Leptotrichia|s__Leptotrichia_wadei,Leptotrichia wadei,ALL,disease:ppi_use,0.08227427597806616,0.9253824697297266,188,0.9866540066910161
g__Leptotrichia|s__Leptotrichia_wadei,Leptotrichia wadei,ALL,age,0.006137229425149404,0.6217557786422816,188,0.9018028029067804
g__Leptotrichia|s__Leptotrichia_wadei,Leptotrichia wadei,ALL,bmi,-0.00459606453553577,0.9080682578942698,188,0.9828305843999035
g__Leptotrichia|s__Leptotrichia_wadei,Leptotrichia wadei,ALL,antibiotics_3m,0.39325237511506356,0.5026305994593667,188,0.843093452148363
g__Leptotrichia|s__Leptotrichia_wadei,Leptotrichia wadei,ALL,smoking,-0.3384644458762523,0.417904793449023,188,0.7964367730022324
g__Mediterraneibacter|s__Ruminococcus_gnavus,Ruminococcus gnavus,ALL,site[T.Oral],1.17217964512678,0.2787527439810513,188,0.6876884365866213
g__Mediterraneibacter|s__Ruminococcus_gnavus,Ruminococcus gnavus,ALL,sex[T.1],-0.16167523968684724,0.7024024747873842,188,0.9271017907425374
g__Mediterraneibacter|s__Ruminococcus_gnavus,Ruminococcus gnavus,ALL,disease,6.685675856416703,8.785872672539682e-25,188,1.4601804884613932e-22
g__Mediterraneibacter|s__Ruminococcus_gnavus,Ruminococcus gnavus,ALL,disease:site[T.Oral],-6.612708067865233,2.074000293118398e-07,188,5.055375714476095e-06
g__Mediterraneibacter|s__Ruminococcus_gnavus,Ruminococcus gnavus,ALL,ppi_use,0.04426215782037687,0.964130047465536,188,0.9927239082804642
g__Mediterraneibacter|s__Ruminococcus_gnavus,Ruminococcus gnavus,ALL,disease:ppi_use,-1.2664576256706435,0.27696309080814496,188,0.6870521490265508
g__Mediterraneibacter|s__Ruminococcus_gnavus,Ruminococcus gnavus,ALL,age,0.008469060772514827,0.6070783403346152,188,0.8953040178125555
g__Mediterraneibacter|s__Ruminococcus_gnavus,Ruminococcus gnavus,ALL,bmi,-0.04618442771167355,0.3812627559127082,188,0.7763749954342207
g__Mediterraneibacter|s__Ruminococcus_gnavus,Ruminococcus gnavus,ALL,antibiotics_3m,-0.6710373375013563,0.3877617492694243,188,0.7784947489068068
g__Mediterraneibacter|s__Ruminococcus_gnavus,Ruminococcus gnavus,ALL,smoking,0.4147730335434242,0.453288085457363,188,0.813000091954698
g__Mediterraneibacter|s__Ruminococcus_lactaris,Ruminococcus lactaris,ALL,site[T.Oral],-1.6154922792213857,0.18351160867965116,188,0.5705276762316879
g__Mediterraneibacter|s__Ruminococcus_lactaris,Ruminococcus lactaris,ALL,sex[T.1],-0.14422661825562122,0.7611542869091878,188,0.9512724451788183
g__Mediterraneibacter|s__Ruminococcus_lactaris,Ruminococcus lactaris,ALL,disease,-0.13518642240236603,0.8283412381156738,188,0.9647128620860638
g__Mediterraneibacter|s__Ruminococcus_lactaris,Ruminococcus lactaris,ALL,disease:site[T.Oral],-0.5199958242605419,0.7051406667412293,188,0.9271017907425374
g__Mediterraneibacter|s__Ruminococcus_lactaris,Ruminococcus lactaris,ALL,ppi_use,0.16317867171942035,0.882469207857861,188,0.9743526013152224
g__Mediterraneibacter|s__Ruminococcus_lactaris,Ruminococcus lactaris,ALL,disease:ppi_use,-0.2244224803345712,0.8633789939582768,188,0.9677283402924061
g__Mediterraneibacter|s__Ruminococcus_lactaris,Ruminococcus lactaris,ALL,age,-0.0033520604785576918,0.8559256408765246,188,0.9669362423982366
g__Mediterraneibacter|s__Ruminococcus_lactaris,Ruminococcus lactaris,ALL,bmi,-0.0970144017733092,0.10191110454364942,188,0.41593950807931335
g__Mediterraneibacter|s__Ruminococcus_lactaris,Ruminococcus lactaris,ALL,antibiotics_3m,-0.6709225601909555,0.4411745160031718,188,0.802956023653864
g__Mediterraneibacter|s__Ruminococcus_lactaris,Ruminococcus lactaris,ALL,smoking,0.6521559038022808,0.29340335234537096,188,0.6963122155052415
g__Mediterraneibacter|s__Ruminococcus_torques,Ruminococcus torques,ALL,site[T.Oral],-2.855425047187909,0.0028630478401402747,188,0.027992473311677896
g__Mediterraneibacter|s__Ruminococcus_torques,Ruminococcus torques,ALL,sex[T.1],0.5252834787998942,0.15712870318660646,188,0.523689438558297
g__Mediterraneibacter|s__Ruminococcus_torques,Ruminococcus torques,ALL,disease,5.1736452421811014,8.857217342322763e-21,188,9.143774373986147e-19
g__Mediterraneibacter|s__Ruminococcus_torques,Ruminococcus torques,ALL,disease:site[T.Oral],-5.225798642837878,2.3474319322844425e-06,188,4.68152618313545e-05
g__Mediterraneibacter|s__Ruminococcus_torques,Ruminococcus torques,ALL,ppi_use,0.8526706050759767,0.32286227255399613,188,0.7223874267055533
g__Mediterraneibacter|s__Ruminococcus_torques,Ruminococcus torques,ALL,disease:ppi_use,-1.0801718377914136,0.28929944662183477,188,0.6943271504581969
g__Mediterraneibacter|s__Ruminococcus_torques,Ruminococcus torques,ALL,age,0.0021802882254117377,0.8797135373383839,188,0.9743526013152224
g__Mediterraneibacter|s__Ruminococcus_torques,Ruminococcus torques,ALL,bmi,-0.004725850096864156,0.9183693402522698,188,0.985422958625698
g__Mediterraneibacter|s__Ruminococcus_torques,Ruminococcus torques,ALL,antibiotics_3m,-1.342012286092664,0.04940699003822563,188,0.26063823893015825
g__Mediterraneibacter|s__Ruminococcus_torques,Ruminococcus torques,ALL,smoking,0.19320322909829446,0.6895954649810039,188,0.9270978440450118
g__Megasphaera|s__Megasphaera_micronuciformis,Megasphaera micronuciformis,ALL,site[T.Oral],8.155674731923447,7.406905734514356e-21,188,7.878254281256179e-19
g__Megasphaera|s__Megasphaera_micronuciformis,Megasphaera micronuciformis,ALL,sex[T.1],-0.2636922793928204,0.3791974378047047,188,0.7754112024515444
g__Megasphaera|s__Megasphaera_micronuciformis,Megasphaera micronuciformis,ALL,disease,0.5559094285199134,0.15902336372827983,188,0.5266770022244113
g__Megasphaera|s__Megasphaera_micronuciformis,Megasphaera micronuciformis,ALL,disease:site[T.Oral],0.5822438930941825,0.5023669035298897,188,0.843093452148363
g__Megasphaera|s__Megasphaera_micronuciformis,Megasphaera micronuciformis,ALL,ppi_use,-0.46678590216088967,0.5032254390029198,188,0.8431127880192117
g__Megasphaera|s__Megasphaera_micronuciformis,Megasphaera micronuciformis,ALL,disease:ppi_use,0.532488910794574,0.5180801300023967,188,0.8515316311834322
g__Megasphaera|s__Megasphaera_micronuciformis,Megasphaera micronuciformis,ALL,age,-0.0093042197087396,0.42514859714257813,188,0.7969027112258336
g__Megasphaera|s__Megasphaera_micronuciformis,Megasphaera micronuciformis,ALL,bmi,-0.011225033009444583,0.7635274233527781,188,0.9523742913888598
g__Megasphaera|s__Megasphaera_micronuciformis,Megasphaera micronuciformis,ALL,antibiotics_3m,-0.19610151624153901,0.7212430286948648,188,0.9296938094529137
g__Megasphaera|s__Megasphaera_micronuciformis,Megasphaera micronuciformis,ALL,smoking,0.10075048048900492,0.796817227725797,188,0.9579055637299284
g__Methylobacterium|s__Methylobacterium_SGB15164,Methylobacterium SGB15164,ALL,site[T.Oral],-2.812118755800686,0.004006505866490998,188,0.03760116468284333
g__Methylobacterium|s__Methylobacterium_SGB15164,Methylobacterium SGB15164,ALL,sex[T.1],-0.665337575856154,0.0798239868009433,188,0.35878666372947526
g__Methylobacterium|s__Methylobacterium_SGB15164,Methylobacterium SGB15164,ALL,disease,-1.560585890633929,0.001949855047769643,188,0.020429824530362527
g__Methylobacterium|s__Methylobacterium_SGB15164,Methylobacterium SGB15164,ALL,disease:site[T.Oral],1.4250859682683465,0.19425516394383865,188,0.590788206666854
g__Methylobacterium|s__Methylobacterium_SGB15164,Methylobacterium SGB15164,ALL,ppi_use,0.7503630929040207,0.3942136400505857,188,0.7826300206886627
g__Methylobacterium|s__Methylobacterium_SGB15164,Methylobacterium SGB15164,ALL,disease:ppi_use,-0.07819014752041839,0.9400455794945923,188,0.9884841913900583
g__Methylobacterium|s__Methylobacterium_SGB15164,Methylobacterium SGB15164,ALL,age,-0.01406832157248589,0.33970250373452204,188,0.736931883874025
g__Methylobacterium|s__Methylobacterium_SGB15164,Methylobacterium SGB15164,ALL,bmi,0.011229384849069582,0.81157433539123,188,0.961930737634696
g__Methylobacterium|s__Methylobacterium_SGB15164,Methylobacterium SGB15164,ALL,antibiotics_3m,0.1799887962423788,0.7953219497930419,188,0.9577348885233693
g__Methylobacterium|s__Methylobacterium_SGB15164,Methylobacterium SGB15164,ALL,smoking,-0.5561365749435743,0.2611096346884001,188,0.6704424416651678
g__Mogibacterium|s__Mogibacterium_diversum,Mogibacterium diversum,ALL,site[T.Oral],3.848797941005452,8.670152976905044e-08,188,2.2881381164614063e-06
g__Mogibacterium|s__Mogibacterium_diversum,Mogibacterium diversum,ALL,sex[T.1],-0.05994052008566021,0.8244636094893032,188,0.9638605180559544
g__Mogibacterium|s__Mogibacterium_diversum,Mogibacterium diversum,ALL,disease,0.634337197513893,0.07533271502198494,188,0.346550235553299
g__Mogibacterium|s__Mogibacterium_diversum,Mogibacterium diversum,ALL,disease:site[T.Oral],3.6904848574093188,4.722765222077108e-06,188,8.679008340047461e-05
g__Mogibacterium|s__Mogibacterium_diversum,Mogibacterium diversum,ALL,ppi_use,0.18132331684825367,0.7730408431027563,188,0.9530040787506285
g__Mogibacterium|s__Mogibacterium_diversum,Mogibacterium diversum,ALL,disease:ppi_use,0.1800458805105387,0.8084989745292832,188,0.961830253814087
g__Mogibacterium|s__Mogibacterium_diversum,Mogibacterium diversum,ALL,age,-0.012302325876046707,0.24292371117711717,188,0.6535038541703571
g__Mogibacterium|s__Mogibacterium_diversum,Mogibacterium diversum,ALL,bmi,0.003284150883543983,0.9222638983563709,188,0.9857327293638435
g__Mogibacterium|s__Mogibacterium_diversum,Mogibacterium diversum,ALL,antibiotics_3m,0.0746619337072705,0.8802875616298818,188,0.9743526013152224
g__Mogibacterium|s__Mogibacterium_diversum,Mogibacterium diversum,ALL,smoking,-0.6589942288943954,0.06319256916186577,188,0.3089218910280625
g__Neisseria|s__Neisseria_sicca,Neisseria sicca,ALL,site[T.Oral],5.3861130741882794,1.3896810418719186e-14,188,7.621531964016303e-13
g__Neisseria|s__Neisseria_sicca,Neisseria sicca,ALL,sex[T.1],-0.4972878515189174,0.04912038706278206,188,0.25965746775657383
g__Neisseria|s__Neisseria_sicca,Neisseria sicca,ALL,disease,0.7826466699182385,0.018726793372281943,188,0.1338717815411601
g__Neisseria|s__Neisseria_sicca,Neisseria sicca,ALL,disease:site[T.Oral],-2.5778916692802385,0.0005000965963718153,188,0.006032092966546639
g__Neisseria|s__Neisseria_sicca,Neisseria sicca,ALL,ppi_use,-1.2091173051079427,0.039850893246808135,188,0.22726578475444809
g__Neisseria|s__Neisseria_sicca,Neisseria sicca,ALL,disease:ppi_use,0.7714285192833118,0.26508043009715604,188,0.6733434175386287
g__Neisseria|s__Neisseria_sicca,Neisseria sicca,ALL,age,-0.0008612381411592944,0.9298383813558742,188,0.9884841913900583
g__Neisseria|s__Neisseria_sicca,Neisseria sicca,ALL,bmi,0.01672256231506401,0.5933792430118556,188,0.889404195757805
g__Neisseria|s__Neisseria_sicca,Neisseria sicca,ALL,antibiotics_3m,0.024505509538232093,0.9576195010703428,188,0.9905532686418382
g__Neisseria|s__Neisseria_sicca,Neisseria sicca,ALL,smoking,-0.1539237308391693,0.6393290454018923,188,0.906318638675542
g__Neisseria|s__Neisseria_sp_oral_taxon_014,Neisseria sp oral taxon 014,ALL,site[T.Oral],4.870427679871461,1.275789206122658e-12,188,6.051378531743958e-11
g__Neisseria|s__Neisseria_sp_oral_taxon_014,Neisseria sp oral taxon 014,ALL,sex[T.1],-0.21526843202446325,0.3893264995903566,188,0.7799863091108171
g__Neisseria|s__Neisseria_sp_oral_taxon_014,Neisseria sp oral taxon 014,ALL,disease,0.9499674891487179,0.004230367509363043,188,0.039281984015513964
g__Neisseria|s__Neisseria_sp_oral_taxon_014,Neisseria sp oral taxon 014,ALL,disease:site[T.Oral],-2.447024530300743,0.0008700672390982666,188,0.009947674297182137
g__Neisseria|s__Neisseria_sp_oral_taxon_014,Neisseria sp oral taxon 014,ALL,ppi_use,-0.9974267797179416,0.0874190131742478,188,0.3776968448777404
g__Neisseria|s__Neisseria_sp_oral_taxon_014,Neisseria sp oral taxon 014,ALL,disease:ppi_use,0.5054646552246503,0.4620290880651333,188,0.8190854618951359
g__Neisseria|s__Neisseria_sp_oral_taxon_014,Neisseria sp oral taxon 014,ALL,age,0.009355428228975423,0.3364742332841456,188,0.7339170230267757
g__Neisseria|s__Neisseria_sp_oral_taxon_014,Neisseria sp oral taxon 014,ALL,bmi,-0.017891289758425,0.5654379631485678,188,0.8796730711254975
g__Neisseria|s__Neisseria_sp_oral_taxon_014,Neisseria sp oral taxon 014,ALL,antibiotics_3m,-0.3209816987983618,0.48398221156071586,188,0.8326904107525916
g__Neisseria|s__Neisseria_sp_oral_taxon_014,Neisseria sp oral taxon 014,ALL,smoking,-0.5599144739149751,0.08749170398423699,188,0.3776968448777404
g__Neisseria|s__Neisseria_subflava,Neisseria subflava,ALL,site[T.Oral],10.527246556210102,2.1333440880873e-23,188,3.2556685866027927e-21
g__Neisseria|s__Neisseria_subflava,Neisseria subflava,ALL,sex[T.1],-0.9067950175875521,0.01182217201603541,188,0.09473932369014679
g__Neisseria|s__Neisseria_subflava,Neisseria subflava,ALL,disease,0.9697711371639395,0.039884821483971516,188,0.22726578475444809
g__Neisseria|s__Neisseria_subflava,Neisseria subflava,ALL,disease:site[T.Oral],-3.1402777979365406,0.002709654476074084,188,0.026641140647114942
g__Neisseria|s__Neisseria_subflava,Neisseria subflava,ALL,ppi_use,-2.490044836594016,0.0030654679820302294,188,0.029805519714476748
g__Neisseria|s__Neisseria_subflava,Neisseria subflava,ALL,disease:ppi_use,1.825718942677058,0.064107031541113,188,0.3107951391012522
g__Neisseria|s__Neisseria_subflava,Neisseria subflava,ALL,age,0.014999874077910928,0.28102590304195735,188,0.689164115513143
g__Neisseria|s__Neisseria_subflava,Neisseria subflava,ALL,bmi,-0.05888468504184846,0.18645454485827745,188,0.576381616071369
g__Neisseria|s__Neisseria_subflava,Neisseria subflava,ALL,antibiotics_3m,0.3122759842245992,0.6335965981927684,188,0.9055975305010503
g__Neisseria|s__Neisseria_subflava,Neisseria subflava,ALL,smoking,-0.640451597172947,0.1707573224282272,188,0.5463611683893139
g__Odoribacter|s__Odoribacter_splanchnicus,Odoribacter splanchnicus,ALL,site[T.Oral],-6.669894362582047,6.573408479260357e-16,188,3.9780454762420436e-14
g__Odoribacter|s__Odoribacter_splanchnicus,Odoribacter splanchnicus,ALL,sex[T.1],0.65093843658046,0.027849897864645923,188,0.17870775412231663
g__Odoribacter|s__Odoribacter_splanchnicus,Odoribacter splanchnicus,ALL,disease,-1.6625509141409502,2.7005176200625667e-05,188,0.00043085531120089134
g__Odoribacter|s__Odoribacter_splanchnicus,Odoribacter splanchnicus,ALL,disease:site[T.Oral],1.7284871100711152,0.04350844524173924,188,0.2410261640883627
g__Odoribacter|s__Odoribacter_splanchnicus,Odoribacter splanchnicus,ALL,ppi_use,-0.14957357025368861,0.8268732427643046,188,0.9647128620860638
g__Odoribacter|s__Odoribacter_splanchnicus,Odoribacter splanchnicus,ALL,disease:ppi_use,-0.42801315424872277,0.5964622474187158,188,0.889404195757805
g__Odoribacter|s__Odoribacter_splanchnicus,Odoribacter splanchnicus,ALL,age,-0.0009062299106366504,0.9368512019410289,188,0.9884841913900583
g__Odoribacter|s__Odoribacter_splanchnicus,Odoribacter splanchnicus,ALL,bmi,0.0476194604585488,0.19440466629635794,188,0.590788206666854
g__Odoribacter|s__Odoribacter_splanchnicus,Odoribacter splanchnicus,ALL,antibiotics_3m,-0.23915179695888053,0.6574999101301316,188,0.9143520937229643
g__Odoribacter|s__Odoribacter_splanchnicus,Odoribacter splanchnicus,ALL,smoking,0.028190420083483547,0.9414728780312962,188,0.9884841913900583
g__Oribacterium|s__Oribacterium_SGB5287,Oribacterium SGB5287,ALL,site[T.Oral],3.856225004474721,8.242652497618768e-07,188,1.7534369858570835e-05
g__Oribacterium|s__Oribacterium_SGB5287,Oribacterium SGB5287,ALL,sex[T.1],0.4361203249016285,0.1416455067333412,188,0.4969276517660758
g__Oribacterium|s__Oribacterium_SGB5287,Oribacterium SGB5287,ALL,disease,0.5244934134218644,0.17839415144267362,188,0.5609787082152238
g__Oribacterium|s__Oribacterium_SGB5287,Oribacterium SGB5287,ALL,disease:site[T.Oral],-0.019397425702343818,0.9819370555825178,188,0.9961268974261958
g__Oribacterium|s__Oribacterium_SGB5287,Oribacterium SGB5287,ALL,ppi_use,0.17737838349363202,0.796638248021186,188,0.9579055637299284
g__Oribacterium|s__Oribacterium_SGB5287,Oribacterium SGB5287,ALL,disease:ppi_use,0.0812345521448167,0.9204326576543408,188,0.985476393880623
g__Oribacterium|s__Oribacterium_SGB5287,Oribacterium SGB5287,ALL,age,-0.013497585919420255,0.24191721814112002,188,0.6535038541703571
g__Oribacterium|s__Oribacterium_SGB5287,Oribacterium SGB5287,ALL,bmi,-0.024409031219169153,0.5079321032074438,188,0.8449486645773117
g__Oribacterium|s__Oribacterium_SGB5287,Oribacterium SGB5287,ALL,antibiotics_3m,-0.1904820960366119,0.7256566574442262,188,0.9302610911721089
g__Oribacterium|s__Oribacterium_SGB5287,Oribacterium SGB5287,ALL,smoking,-0.025030949693576783,0.9483553911939662,188,0.9889716762650341
g__Oribacterium|s__Oribacterium_asaccharolyticum,Oribacterium asaccharolyticum,ALL,site[T.Oral],3.5847822456852683,4.408623353567513e-08,188,1.2281165056366643e-06
g__Oribacterium|s__Oribacterium_asaccharolyticum,Oribacterium asaccharolyticum,ALL,sex[T.1],-0.22439432671415052,0.3615540889775901,188,0.7600283490330408
g__Oribacterium|s__Oribacterium_asaccharolyticum,Oribacterium asaccharolyticum,ALL,disease,0.7385461039983253,0.023131523136245235,188,0.15583809253017422
g__Oribacterium|s__Oribacterium_asaccharolyticum,Oribacterium asaccharolyticum,ALL,disease:site[T.Oral],-0.44739311270578463,0.5296546941976625,188,0.860013451786978
g__Oribacterium|s__Oribacterium_asaccharolyticum,Oribacterium asaccharolyticum,ALL,ppi_use,-0.10166337661236971,0.8588130275049999,188,0.9669362423982366
g__Oribacterium|s__Oribacterium_asaccharolyticum,Oribacterium asaccharolyticum,ALL,disease:ppi_use,-0.19507118686986527,0.7727005418249089,188,0.9530040787506285
g__Oribacterium|s__Oribacterium_asaccharolyticum,Oribacterium asaccharolyticum,ALL,age,-0.01668908786752859,0.08213215029114827,188,0.3631768923962321
g__Oribacterium|s__Oribacterium_asaccharolyticum,Oribacterium asaccharolyticum,ALL,bmi,0.010870457557865367,0.7224064317992327,188,0.9296938094529137
g__Oribacterium|s__Oribacterium_asaccharolyticum,Oribacterium asaccharolyticum,ALL,antibiotics_3m,0.0717628516671214,0.8734832540640712,188,0.9719154695303878
g__Oribacterium|s__Oribacterium_asaccharolyticum,Oribacterium asaccharolyticum,ALL,smoking,-0.305530401247513,0.34163602303827967,188,0.7385090074442258
g__Oribacterium|s__Oribacterium_sinus,Oribacterium sinus,ALL,site[T.Oral],5.2000732280726725,1.1101220178960793e-12,188,5.33770997645923e-11
g__Oribacterium|s__Oribacterium_sinus,Oribacterium sinus,ALL,sex[T.1],-0.3205105323634006,0.22898589537302658,188,0.6358706430057938
g__Oribacterium|s__Oribacterium_sinus,Oribacterium sinus,ALL,disease,0.8487953772852839,0.015979146503397455,188,0.11832659119604445
g__Oribacterium|s__Oribacterium_sinus,Oribacterium sinus,ALL,disease:site[T.Oral],0.7200291357007073,0.3503436240864446,188,0.7501795217706673
g__Oribacterium|s__Oribacterium_sinus,Oribacterium sinus,ALL,ppi_use,-1.3109892329084234,0.03519656677722678,188,0.20935697123359456
g__Oribacterium|s__Oribacterium_sinus,Oribacterium sinus,ALL,disease:ppi_use,1.2378038098660702,0.0916610881160388,188,0.3890331551236956
g__Oribacterium|s__Oribacterium_sinus,Oribacterium sinus,ALL,age,0.007254490208168272,0.48351232746011596,188,0.8324041876683521
g__Oribacterium|s__Oribacterium_sinus,Oribacterium sinus,ALL,bmi,0.005330288277134567,0.8721279561134381,188,0.9717997225264025
g__Oribacterium|s__Oribacterium_sinus,Oribacterium sinus,ALL,antibiotics_3m,0.4754278058721331,0.3303744315928647,188,0.7288587397177594
g__Oribacterium|s__Oribacterium_sinus,Oribacterium sinus,ALL,smoking,-0.8637902526979953,0.013676987457247174,188,0.10620846454632207
g__Oscillibacter|s__Oscillibacter_SGB15077,Oscillibacter SGB15077,ALL,site[T.Oral],-0.07841304599390037,0.9312228467541965,188,0.9884841913900583
g__Oscillibacter|s__Oscillibacter_SGB15077,Oscillibacter SGB15077,ALL,sex[T.1],-0.4993604375821963,0.1615779172672499,188,0.5321074069529892
g__Oscillibacter|s__Oscillibacter_SGB15077,Oscillibacter SGB15077,ALL,disease,0.1801231910252176,0.7000737135170959,188,0.9271017907425374
g__Oscillibacter|s__Oscillibacter_SGB15077,Oscillibacter SGB15077,ALL,disease:site[T.Oral],0.06918444608224546,0.946461644764483,188,0.9885842329054207
g__Oscillibacter|s__Oscillibacter_SGB15077,Oscillibacter SGB15077,ALL,ppi_use,0.7845135672741124,0.34379661589489385,188,0.7416878437560402
g__Oscillibacter|s__Oscillibacter_SGB15077,Oscillibacter SGB15077,ALL,disease:ppi_use,-1.349376603180348,0.16878731375254377,188,0.5435261204325034
g__Oscillibacter|s__Oscillibacter_SGB15077,Oscillibacter SGB15077,ALL,age,-0.009932713809191576,0.4733884526277239,188,0.8246121432870029
g__Oscillibacter|s__Oscillibacter_SGB15077,Oscillibacter SGB15077,ALL,bmi,0.012253585206522047,0.7821436077139688,188,0.954895326287315
g__Oscillibacter|s__Oscillibacter_SGB15077,Oscillibacter SGB15077,ALL,antibiotics_3m,-0.7381786821232654,0.2588944233643666,188,0.6701470693281171
g__Oscillibacter|s__Oscillibacter_SGB15077,Oscillibacter SGB15077,ALL,smoking,-0.6160486368677351,0.18604146193186252,188,0.5761584200445965
g__Oscillibacter|s__Oscillibacter_sp_ER4,Oscillibacter sp ER4,ALL,site[T.Oral],-7.157563653662014,5.9491306659249146e-09,188,1.847915808619155e-07
g__Oscillibacter|s__Oscillibacter_sp_ER4,Oscillibacter sp ER4,ALL,sex[T.1],0.26334010125871743,0.5661791361876514,188,0.8796730711254975
g__Oscillibacter|s__Oscillibacter_sp_ER4,Oscillibacter sp ER4,ALL,disease,-4.8333035962011115,1.3299282102259882e-13,188,6.574715518159464e-12
g__Oscillibacter|s__Oscillibacter_sp_ER4,Oscillibacter sp ER4,ALL,disease:site[T.Oral],4.8114726380919945,0.0003759932064981238,188,0.004730237114008654
g__Oscillibacter|s__Oscillibacter_sp_ER4,Oscillibacter sp ER4,ALL,ppi_use,0.5978178170239131,0.5756069885928186,188,0.8853551840318988
g__Oscillibacter|s__Oscillibacter_sp_ER4,Oscillibacter sp ER4,ALL,disease:ppi_use,0.8707312479927588,0.49025807277386346,188,0.8333200171604169
g__Oscillibacter|s__Oscillibacter_sp_ER4,Oscillibacter sp ER4,ALL,age,0.005671142725538695,0.7507942247959909,188,0.9438709631210344
g__Oscillibacter|s__Oscillibacter_sp_ER4,Oscillibacter sp ER4,ALL,bmi,0.11729775138155364,0.041292724071511445,188,0.232644400467103
g__Oscillibacter|s__Oscillibacter_sp_ER4,Oscillibacter sp ER4,ALL,antibiotics_3m,-0.5482909994987807,0.5150490403247943,188,0.8487046172410326
g__Oscillibacter|s__Oscillibacter_sp_ER4,Oscillibacter sp ER4,ALL,smoking,-0.22949889015725305,0.7018391905232175,188,0.9271017907425374
g__Oscillibacter|s__Oscillibacter_valericigenes,Oscillibacter valericigenes,ALL,site[T.Oral],-1.415176619573411,0.17806713500040003,188,0.5609787082152238
g__Oscillibacter|s__Oscillibacter_valericigenes,Oscillibacter valericigenes,ALL,sex[T.1],-0.6352085334456254,0.12294681722108602,188,0.4587002924736556
g__Oscillibacter|s__Oscillibacter_valericigenes,Oscillibacter valericigenes,ALL,disease,-1.219237178239624,0.024793031711102326,188,0.16450574916062224
g__Oscillibacter|s__Oscillibacter_valericigenes,Oscillibacter valericigenes,ALL,disease:site[T.Oral],0.9288087884367316,0.4349371327683671,188,0.8008521547180725
g__Oscillibacter|s__Oscillibacter_valericigenes,Oscillibacter valericigenes,ALL,ppi_use,-0.42555500773986654,0.6559055055173992,188,0.9140271821073853
g__Oscillibacter|s__Oscillibacter_valericigenes,Oscillibacter valericigenes,ALL,disease:ppi_use,0.2826961286536476,0.8021623722490732,188,0.9583355774657069
g__Oscillibacter|s__Oscillibacter_valericigenes,Oscillibacter valericigenes,ALL,age,-0.018465480040005255,0.24848330765848586,188,0.6607397044555192
g__Oscillibacter|s__Oscillibacter_valericigenes,Oscillibacter valericigenes,ALL,bmi,-0.010048891198074464,0.8441552875415302,188,0.9650086123305482
g__Oscillibacter|s__Oscillibacter_valericigenes,Oscillibacter valericigenes,ALL,antibiotics_3m,-0.04206651272422644,0.955445118311143,188,0.9901360434179493
g__Oscillibacter|s__Oscillibacter_valericigenes,Oscillibacter valericigenes,ALL,smoking,-1.0399334434575873,0.05366229278834702,188,0.27456945726982224
g__Parabacteroides|s__Parabacteroides_distasonis,Parabacteroides distasonis,ALL,site[T.Oral],-6.77402248403944,1.366926881397122e-09,188,4.797913353703899e-08
g__Parabacteroides|s__Parabacteroides_distasonis,Parabacteroides distasonis,ALL,sex[T.1],-0.029402555416203284,0.9435459120436056,188,0.9885842329054207
g__Parabacteroides|s__Parabacteroides_distasonis,Parabacteroides distasonis,ALL,disease,-0.8574075262439481,0.11734793161533526,188,0.44770786953242037
g__Parabacteroides|s__Parabacteroides_distasonis,Parabacteroides distasonis,ALL,disease:site[T.Oral],0.8674583760767064,0.47098847914849706,188,0.8243864798166198
g__Parabacteroides|s__Parabacteroides_distasonis,Parabacteroides distasonis,ALL,ppi_use,0.1346005742785475,0.8891811640153431,188,0.9757150140376704
g__Parabacteroides|s__Parabacteroides_distasonis,Parabacteroides distasonis,ALL,disease:ppi_use,-0.15679288653717338,0.8907403875286403,188,0.9762102298249066
g__Parabacteroides|s__Parabacteroides_distasonis,Parabacteroides distasonis,ALL,age,0.004806926833616024,0.7661042810272704,188,0.9530040787506285
g__Parabacteroides|s__Parabacteroides_distasonis,Parabacteroides distasonis,ALL,bmi,0.04381856480684916,0.39727972729510364,188,0.7855611619350176
g__Parabacteroides|s__Parabacteroides_distasonis,Parabacteroides distasonis,ALL,antibiotics_3m,-1.2468318644405603,0.10295374906239452,188,0.4172836711420378
g__Parabacteroides|s__Parabacteroides_distasonis,Parabacteroides distasonis,ALL,smoking,-0.15688166135522674,0.772416443800275,188,0.9530040787506285
g__Parabacteroides|s__Parabacteroides_goldsteinii,Parabacteroides goldsteinii,ALL,site[T.Oral],-0.33109958017267954,0.7192791142459901,188,0.9285287572649596
g__Parabacteroides|s__Parabacteroides_goldsteinii,Parabacteroides goldsteinii,ALL,sex[T.1],-0.06307508993989919,0.8611680898031919,188,0.9672639984669452
g__Parabacteroides|s__Parabacteroides_goldsteinii,Parabacteroides goldsteinii,ALL,disease,0.041375675527744876,0.9304291609789891,188,0.9884841913900583
g__Parabacteroides|s__Parabacteroides_goldsteinii,Parabacteroides goldsteinii,ALL,disease:site[T.Oral],0.09836568118718085,0.9249676028719889,188,0.9866540066910161
g__Parabacteroides|s__Parabacteroides_goldsteinii,Parabacteroides goldsteinii,ALL,ppi_use,0.168857244582485,0.8405087763176848,188,0.9647128620860638
g__Parabacteroides|s__Parabacteroides_goldsteinii,Parabacteroides goldsteinii,ALL,disease:ppi_use,-0.3930993236919635,0.6917935972235814,188,0.9270978440450118
g__Parabacteroides|s__Parabacteroides_goldsteinii,Parabacteroides goldsteinii,ALL,age,0.022069597908194974,0.11708633025594255,188,0.44747814865157354
g__Parabacteroides|s__Parabacteroides_goldsteinii,Parabacteroides goldsteinii,ALL,bmi,-0.0005645801587009281,0.9899713698252373,188,0.9978824881525563
g__Parabacteroides|s__Parabacteroides_goldsteinii,Parabacteroides goldsteinii,ALL,antibiotics_3m,-0.3200846807069704,0.6286530213660164,188,0.9040176460050758
g__Parabacteroides|s__Parabacteroides_goldsteinii,Parabacteroides goldsteinii,ALL,smoking,0.27974124450431287,0.5528435103268083,188,0.8744843268351047
g__Parabacteroides|s__Parabacteroides_merdae,Parabacteroides merdae,ALL,site[T.Oral],-4.138172323035688,0.0035943577293505464,188,0.034190232059675925
g__Parabacteroides|s__Parabacteroides_merdae,Parabacteroides merdae,ALL,sex[T.1],-0.45897132329657475,0.404322990085063,188,0.7902688781151936
g__Parabacteroides|s__Parabacteroides_merdae,Parabacteroides merdae,ALL,disease,-1.3447681412266312,0.06400022138108882,188,0.31070646894553494
g__Parabacteroides|s__Parabacteroides_merdae,Parabacteroides merdae,ALL,disease:site[T.Oral],0.8919593620697416,0.5755441819109093,188,0.8853551840318988
g__Parabacteroides|s__Parabacteroides_merdae,Parabacteroides merdae,ALL,ppi_use,-1.3262948104127261,0.300540141953218,188,0.7025319212102151
g__Parabacteroides|s__Parabacteroides_merdae,Parabacteroides merdae,ALL,disease:ppi_use,1.7306387673987864,0.25308364676924144,188,0.660955059642885
g__Parabacteroides|s__Parabacteroides_merdae,Parabacteroides merdae,ALL,age,0.00879962832271758,0.680941775866762,188,0.925258670550084
g__Parabacteroides|s__Parabacteroides_merdae,Parabacteroides merdae,ALL,bmi,0.015729394048076523,0.8183430065181646,188,0.9624650582098098
g__Parabacteroides|s__Parabacteroides_merdae,Parabacteroides merdae,ALL,antibiotics_3m,-0.34680177537966217,0.7310329570475607,188,0.9346823348521714
g__Parabacteroides|s__Parabacteroides_merdae,Parabacteroides merdae,ALL,smoking,-0.4381919419267389,0.5420106725503274,188,0.8694960971899677
g__Paraprevotella|s__Paraprevotella_clara,Paraprevotella clara,ALL,site[T.Oral],-0.9606376058979862,0.4537293753530498,188,0.8133759486666011
g__Paraprevotella|s__Paraprevotella_clara,Paraprevotella clara,ALL,sex[T.1],0.008187080377085217,0.9869793202193825,188,0.9978824881525563
g__Paraprevotella|s__Paraprevotella_clara,Paraprevotella clara,ALL,disease,-0.285426360613797,0.6651207681419656,188,0.917934499097388
g__Paraprevotella|s__Paraprevotella_clara,Paraprevotella clara,ALL,disease:site[T.Oral],0.01770200719131447,0.9902786084851571,188,0.9978824881525563
g__Paraprevotella|s__Paraprevotella_clara,Paraprevotella clara,ALL,ppi_use,-1.280002134439024,0.2735729828979498,188,0.683872011874902
g__Paraprevotella|s__Paraprevotella_clara,Paraprevotella clara,ALL,disease:ppi_use,1.3673543996356634,0.32210771580672615,188,0.7223874267055533
g__Paraprevotella|s__Paraprevotella_clara,Paraprevotella clara,ALL,age,0.07865308538752991,8.121822364268077e-05,188,0.001192786464375772
g__Paraprevotella|s__Paraprevotella_clara,Paraprevotella clara,ALL,bmi,-0.1434956528546723,0.02262249559383969,188,0.15351901383460267
g__Paraprevotella|s__Paraprevotella_clara,Paraprevotella clara,ALL,antibiotics_3m,0.5432338907927833,0.5552164259391246,188,0.8758695078859897
g__Paraprevotella|s__Paraprevotella_clara,Paraprevotella clara,ALL,smoking,0.43002090996577785,0.5119505437510781,188,0.8487046172410326
g__Parasutterella|s__Parasutterella_SGB9260,Parasutterella SGB9260,ALL,site[T.Oral],-0.5028593070710257,0.6841398675428532,188,0.9264596275900318
g__Parasutterella|s__Parasutterella_SGB9260,Parasutterella SGB9260,ALL,sex[T.1],0.5552189549103157,0.25209619537796973,188,0.660955059642885
g__Parasutterella|s__Parasutterella_SGB9260,Parasutterella SGB9260,ALL,disease,1.8933352441553652,0.003269944184091343,188,0.031618468556916295
g__Parasutterella|s__Parasutterella_SGB9260,Parasutterella SGB9260,ALL,disease:site[T.Oral],-1.1016113697574985,0.4322164872860539,188,0.8001727273957875
g__Parasutterella|s__Parasutterella_SGB9260,Parasutterella SGB9260,ALL,ppi_use,1.8356168019981605,0.10427293995459473,188,0.42110805706837917
g__Parasutterella|s__Parasutterella_SGB9260,Parasutterella SGB9260,ALL,disease:ppi_use,-2.846636637962814,0.033475829613315994,188,0.2036397953946952
g__Parasutterella|s__Parasutterella_SGB9260,Parasutterella SGB9260,ALL,age,-0.02174495991957603,0.24905863197519876,188,0.660955059642885
g__Parasutterella|s__Parasutterella_SGB9260,Parasutterella SGB9260,ALL,bmi,0.09549911877470278,0.11433438173390638,188,0.442951081551889
g__Parasutterella|s__Parasutterella_SGB9260,Parasutterella SGB9260,ALL,antibiotics_3m,-0.26396429094387325,0.7662299364270214,188,0.9530040787506285
g__Parasutterella|s__Parasutterella_SGB9260,Parasutterella SGB9260,ALL,smoking,-0.31273149741890116,0.6208958582904699,188,0.9018028029067804
g__Parasutterella|s__Parasutterella_excrementihominis,Parasutterella excrementihominis,ALL,site[T.Oral],-3.8964490148847406,0.0005442262483421604,188,0.006475369937901637
g__Parasutterella|s__Parasutterella_excrementihominis,Parasutterella excrementihominis,ALL,sex[T.1],0.10996977647564835,0.7998829791014879,188,0.9583035936525539
g__Parasutterella|s__Parasutterella_excrementihominis,Parasutterella excrementihominis,ALL,disease,-1.5103937692505685,0.008690461159182155,188,0.0729749250448071
g__Parasutterella|s__Parasutterella_excrementihominis,Parasutterella excrementihominis,ALL,disease:site[T.Oral],1.8409990891378756,0.14399343236672094,188,0.49887397605460837
g__Parasutterella|s__Parasutterella_excrementihominis,Parasutterella excrementihominis,ALL,ppi_use,0.7556580539666985,0.45432824549677575,188,0.8140337629880975
g__Parasutterella|s__Parasutterella_excrementihominis,Parasutterella excrementihominis,ALL,disease:ppi_use,-1.6839515808724843,0.15905345366321252,188,0.5266770022244113
g__Parasutterella|s__Parasutterella_excrementihominis,Parasutterella excrementihominis,ALL,age,0.011604530858532384,0.49206014054243996,188,0.8346011126350761
g__Parasutterella|s__Parasutterella_excrementihominis,Parasutterella excrementihominis,ALL,bmi,-0.02386322505237017,0.6587862059502134,188,0.915115765474322
g__Parasutterella|s__Parasutterella_excrementihominis,Parasutterella excrementihominis,ALL,antibiotics_3m,-0.601649697489528,0.4499836628514966,188,0.8087323011166214
g__Parasutterella|s__Parasutterella_excrementihominis,Parasutterella excrementihominis,ALL,smoking,-0.021000065597552672,0.9704357549980949,188,0.9933594342500183
g__Phascolarctobacterium|s__Phascolarctobacterium_faecium,Phascolarctobacterium faecium,ALL,site[T.Oral],-0.4773256341040485,0.7166429899188274,188,0.9279113657566306
g__Phascolarctobacterium|s__Phascolarctobacterium_faecium,Phascolarctobacterium faecium,ALL,sex[T.1],-0.10208984828299786,0.8428314016408271,188,0.9647128620860638
g__Phascolarctobacterium|s__Phascolarctobacterium_faecium,Phascolarctobacterium faecium,ALL,disease,0.7835337541519245,0.24772260767494636,188,0.6599980537997605
g__Phascolarctobacterium|s__Phascolarctobacterium_faecium,Phascolarctobacterium faecium,ALL,disease:site[T.Oral],-0.9399926463382333,0.5286586200989956,188,0.8594681595866024
g__Phascolarctobacterium|s__Phascolarctobacterium_faecium,Phascolarctobacterium faecium,ALL,ppi_use,0.3258749263329901,0.7855989804324117,188,0.9564616781924473
g__Phascolarctobacterium|s__Phascolarctobacterium_faecium,Phascolarctobacterium faecium,ALL,disease:ppi_use,-0.28479471037172105,0.8405359518145941,188,0.9647128620860638
g__Phascolarctobacterium|s__Phascolarctobacterium_faecium,Phascolarctobacterium faecium,ALL,age,-0.01610917738603638,0.4217964999130559,188,0.7969027112258336
g__Phascolarctobacterium|s__Phascolarctobacterium_faecium,Phascolarctobacterium faecium,ALL,bmi,0.05587693745868614,0.38405880337571086,188,0.7768254517108907
g__Phascolarctobacterium|s__Phascolarctobacterium_faecium,Phascolarctobacterium faecium,ALL,antibiotics_3m,-1.085929139637767,0.25116309307619245,188,0.660955059642885
g__Phascolarctobacterium|s__Phascolarctobacterium_faecium,Phascolarctobacterium faecium,ALL,smoking,0.15064849679095535,0.8227749537436151,188,0.9637581684504767
g__Phocaeicola|s__Phocaeicola_dorei,Phocaeicola dorei,ALL,site[T.Oral],-4.50351437533765,0.00404731784767026,188,0.037882895054193635
g__Phocaeicola|s__Phocaeicola_dorei,Phocaeicola dorei,ALL,sex[T.1],-0.37266724618286684,0.539012055465546,188,0.8676364121298048
g__Phocaeicola|s__Phocaeicola_dorei,Phocaeicola dorei,ALL,disease,0.994669996167808,0.21288903987960445,188,0.6150127818744129
g__Phocaeicola|s__Phocaeicola_dorei,Phocaeicola dorei,ALL,disease:site[T.Oral],-0.8002979019647337,0.6486551713492787,188,0.9125369344432739
g__Phocaeicola|s__Phocaeicola_dorei,Phocaeicola dorei,ALL,ppi_use,2.0653196013775075,0.1443588354578578,188,0.49887397605460837
g__Phocaeicola|s__Phocaeicola_dorei,Phocaeicola dorei,ALL,disease:ppi_use,-1.5417507799304655,0.3555453388799418,188,0.7549692313784608
g__Phocaeicola|s__Phocaeicola_dorei,Phocaeicola dorei,ALL,age,-0.011733660841131978,0.6190902896362569,188,0.9005416148459434
g__Phocaeicola|s__Phocaeicola_dorei,Phocaeicola dorei,ALL,bmi,0.04530120909583036,0.5487803840798047,188,0.872381860561646
g__Phocaeicola|s__Phocaeicola_dorei,Phocaeicola dorei,ALL,antibiotics_3m,-0.9135840405914587,0.41191014821927674,188,0.7940610900794225
g__Phocaeicola|s__Phocaeicola_dorei,Phocaeicola dorei,ALL,smoking,0.4233528511406088,0.5931312622146316,188,0.889404195757805
g__Phocaeicola|s__Phocaeicola_massiliensis,Phocaeicola massiliensis,ALL,site[T.Oral],-0.6913478617427898,0.6148073683704758,188,0.8999056976565346
g__Phocaeicola|s__Phocaeicola_massiliensis,Phocaeicola massiliensis,ALL,sex[T.1],0.48034423933354825,0.3722703145523919,188,0.7690811089340175
g__Phocaeicola|s__Phocaeicola_massiliensis,Phocaeicola massiliensis,ALL,disease,-0.2950979859989233,0.6763165443974539,188,0.9240751655174967
g__Phocaeicola|s__Phocaeicola_massiliensis,Phocaeicola massiliensis,ALL,disease:site[T.Oral],-0.9440390459147577,0.5446096151874487,188,0.8704825816520696
g__Phocaeicola|s__Phocaeicola_massiliensis,Phocaeicola massiliensis,ALL,ppi_use,-2.936297066867361,0.01985737077038156,188,0.13939874280807854
g__Phocaeicola|s__Phocaeicola_massiliensis,Phocaeicola massiliensis,ALL,disease:ppi_use,2.94270295486761,0.04774793292882876,188,0.25431751833109095
g__Phocaeicola|s__Phocaeicola_massiliensis,Phocaeicola massiliensis,ALL,age,0.02902923240798531,0.16651919039949076,188,0.5388222014548903
g__Phocaeicola|s__Phocaeicola_massiliensis,Phocaeicola massiliensis,ALL,bmi,-0.0702302195517497,0.29511704235689074,188,0.6980194195907591
g__Phocaeicola|s__Phocaeicola_massiliensis,Phocaeicola massiliensis,ALL,antibiotics_3m,-0.6557092830330203,0.5065414343127222,188,0.8434347411943335
g__Phocaeicola|s__Phocaeicola_massiliensis,Phocaeicola massiliensis,ALL,smoking,1.2384319963767154,0.07920689279406473,188,0.35780719910832326
g__Phocaeicola|s__Phocaeicola_vulgatus,Phocaeicola vulgatus,ALL,site[T.Oral],-7.1411519548727815,5.1640810121026607e-08,188,1.4160878400375265e-06
g__Phocaeicola|s__Phocaeicola_vulgatus,Phocaeicola vulgatus,ALL,sex[T.1],0.5918327645901817,0.23004557275399332,188,0.638010594019679
g__Phocaeicola|s__Phocaeicola_vulgatus,Phocaeicola vulgatus,ALL,disease,-1.8133363805768237,0.005541630097112235,188,0.04987467087401011
g__Phocaeicola|s__Phocaeicola_vulgatus,Phocaeicola vulgatus,ALL,disease:site[T.Oral],1.2323960030543504,0.3876685077081339,188,0.7784947489068068
g__Phocaeicola|s__Phocaeicola_vulgatus,Phocaeicola vulgatus,ALL,ppi_use,0.20525913439117072,0.8577137142742504,188,0.9669362423982366
g__Phocaeicola|s__Phocaeicola_vulgatus,Phocaeicola vulgatus,ALL,disease:ppi_use,0.5049805202425105,0.7089765175481171,188,0.9271637766743259
g__Phocaeicola|s__Phocaeicola_vulgatus,Phocaeicola vulgatus,ALL,age,0.0048581616996752775,0.7997416216510862,188,0.9583035936525539
g__Phocaeicola|s__Phocaeicola_vulgatus,Phocaeicola vulgatus,ALL,bmi,-0.06732622879551578,0.2727940802912017,188,0.6824712913913885
g__Phocaeicola|s__Phocaeicola_vulgatus,Phocaeicola vulgatus,ALL,antibiotics_3m,-0.2279491459101727,0.8006724642115365,188,0.9583141371205753
g__Phocaeicola|s__Phocaeicola_vulgatus,Phocaeicola vulgatus,ALL,smoking,-0.5952551456329991,0.3550147754123417,188,0.7549692313784608
g__Porphyromonas|s__Porphyromonas_endodontalis,Porphyromonas endodontalis,ALL,site[T.Oral],6.017328059799671,5.356420364367733e-15,188,3.082136963759138e-13
g__Porphyromonas|s__Porphyromonas_endodontalis,Porphyromonas endodontalis,ALL,sex[T.1],0.1373111484992371,0.6185752752479975,188,0.9005416148459434
g__Porphyromonas|s__Porphyromonas_endodontalis,Porphyromonas endodontalis,ALL,disease,0.48689902600380736,0.1800748103646892,188,0.5628340021193758
g__Porphyromonas|s__Porphyromonas_endodontalis,Porphyromonas endodontalis,ALL,disease:site[T.Oral],-3.0555119162446718,0.00017622190540849376,188,0.0024256426979757375
g__Porphyromonas|s__Porphyromonas_endodontalis,Porphyromonas endodontalis,ALL,ppi_use,-1.041459601524681,0.10572536126280675,188,0.4250813494071612
g__Porphyromonas|s__Porphyromonas_endodontalis,Porphyromonas endodontalis,ALL,disease:ppi_use,0.9546999984103341,0.20880030314271042,188,0.610740886692428
g__Porphyromonas|s__Porphyromonas_endodontalis,Porphyromonas endodontalis,ALL,age,-0.022843306829331417,0.034366075212543125,188,0.20720039023798595
g__Porphyromonas|s__Porphyromonas_endodontalis,Porphyromonas endodontalis,ALL,bmi,-0.002299033247654949,0.9466186913946208,188,0.9885842329054207
g__Porphyromonas|s__Porphyromonas_endodontalis,Porphyromonas endodontalis,ALL,antibiotics_3m,-0.19081610581553107,0.7060341148443736,188,0.9271017907425374
g__Porphyromonas|s__Porphyromonas_endodontalis,Porphyromonas endodontalis,ALL,smoking,0.010889639160556842,0.9758779300078386,188,0.9942906156920523
g__Porphyromonas|s__Porphyromonas_pasteri,Porphyromonas pasteri,ALL,site[T.Oral],9.375992761562008,2.3762595890203733e-19,188,2.1949134624898713e-17
g__Porphyromonas|s__Porphyromonas_pasteri,Porphyromonas pasteri,ALL,sex[T.1],-0.5204955142482374,0.15215254741155101,188,0.5115473576767663
g__Porphyromonas|s__Porphyromonas_pasteri,Porphyromonas pasteri,ALL,disease,0.5478990685612648,0.25085407455310915,188,0.660955059642885
g__Porphyromonas|s__Porphyromonas_pasteri,Porphyromonas pasteri,ALL,disease:site[T.Oral],-3.392153365604033,0.0014450283641825805,188,0.015558434227855392
g__Porphyromonas|s__Porphyromonas_pasteri,Porphyromonas pasteri,ALL,ppi_use,-1.9916552955128644,0.019090600590525694,188,0.13509679046924433
g__Porphyromonas|s__Porphyromonas_pasteri,Porphyromonas pasteri,ALL,disease:ppi_use,2.250049403129479,0.02493832789897888,188,0.16506002855954754
g__Porphyromonas|s__Porphyromonas_pasteri,Porphyromonas pasteri,ALL,age,-0.0014689909548050934,0.9170441464545643,188,0.9849525563205388
g__Porphyromonas|s__Porphyromonas_pasteri,Porphyromonas pasteri,ALL,bmi,-0.02100385221021417,0.6418090013964491,188,0.907634808582408
g__Porphyromonas|s__Porphyromonas_pasteri,Porphyromonas pasteri,ALL,antibiotics_3m,-0.2334230657564654,0.7255843569016427,188,0.9302610911721089
g__Porphyromonas|s__Porphyromonas_pasteri,Porphyromonas pasteri,ALL,smoking,-0.4907870333155973,0.30062761984551084,188,0.7025319212102151
g__Prevotella|s__Prevotella_copri_clade_A,Prevotella copri clade A,ALL,site[T.Oral],-1.354852467098521,0.4451535348939706,188,0.8058220255171928
g__Prevotella|s__Prevotella_copri_clade_A,Prevotella copri clade A,ALL,sex[T.1],-1.0336622201386285,0.13774623197322444,188,0.48936161358908686
g__Prevotella|s__Prevotella_copri_clade_A,Prevotella copri clade A,ALL,disease,0.9920508229819976,0.27765813285841284,188,0.687387984087391
g__Prevotella|s__Prevotella_copri_clade_A,Prevotella copri clade A,ALL,disease:site[T.Oral],-1.4075406331558316,0.48419405365984036,188,0.8326904107525916
g__Prevotella|s__Prevotella_copri_clade_A,Prevotella copri clade A,ALL,ppi_use,-1.60947402631581,0.31969391828648897,188,0.7206972724377497
g__Prevotella|s__Prevotella_copri_clade_A,Prevotella copri clade A,ALL,disease:ppi_use,1.4750884428220783,0.43995958197546026,188,0.802956023653864
g__Prevotella|s__Prevotella_copri_clade_A,Prevotella copri clade A,ALL,age,0.0028892856473998166,0.9148318850838726,188,0.9846856536781333
g__Prevotella|s__Prevotella_copri_clade_A,Prevotella copri clade A,ALL,bmi,0.025361382678766507,0.7693154283442638,188,0.9530040787506285
g__Prevotella|s__Prevotella_copri_clade_A,Prevotella copri clade A,ALL,antibiotics_3m,-0.5830555511675902,0.6472077686765552,188,0.9115968170363999
g__Prevotella|s__Prevotella_copri_clade_A,Prevotella copri clade A,ALL,smoking,0.20235013011451206,0.8234503553227861,188,0.9637581684504767
g__Prevotella|s__Prevotella_histicola,Prevotella histicola,ALL,site[T.Oral],10.656201758528322,1.0438860138282104e-34,188,6.10673318089503e-32
g__Prevotella|s__Prevotella_histicola,Prevotella histicola,ALL,sex[T.1],0.06894618234612665,0.7985275440096213,188,0.9579055637299284
g__Prevotella|s__Prevotella_histicola,Prevotella histicola,ALL,disease,0.5164467578736834,0.14683345041463314,188,0.5018358431892525
g__Prevotella|s__Prevotella_histicola,Prevotella histicola,ALL,disease:site[T.Oral],-0.5271217742071047,0.5006409283319864,188,0.8419979197150322
g__Prevotella|s__Prevotella_histicola,Prevotella histicola,ALL,ppi_use,0.371678448929523,0.5543636899924786,188,0.8753110894618084
g__Prevotella|s__Prevotella_histicola,Prevotella histicola,ALL,disease:ppi_use,-0.052002881072043185,0.9441602739876209,188,0.9885842329054207
g__Prevotella|s__Prevotella_histicola,Prevotella histicola,ALL,age,-0.0005196046788783291,0.9605691450888256,188,0.9919381286442418
g__Prevotella|s__Prevotella_histicola,Prevotella histicola,ALL,bmi,0.0004986622639275872,0.9881723213344783,188,0.9978824881525563
g__Prevotella|s__Prevotella_histicola,Prevotella histicola,ALL,antibiotics_3m,0.3755673932568813,0.44883350049537885,188,0.8085478674074742
g__Prevotella|s__Prevotella_histicola,Prevotella histicola,ALL,smoking,0.5156440148577967,0.14507072919187694,188,0.499235128596758
g__Prevotella|s__Prevotella_jejuni,Prevotella jejuni,ALL,site[T.Oral],11.551634050209872,3.096060420170747e-29,188,7.762265767713801e-27
g__Prevotella|s__Prevotella_jejuni,Prevotella jejuni,ALL,sex[T.1],0.059795436226118985,0.8577606739842645,188,0.9669362423982366
g__Prevotella|s__Prevotella_jejuni,Prevotella jejuni,ALL,disease,0.34987711582493297,0.4252418171299106,188,0.7969027112258336
g__Prevotella|s__Prevotella_jejuni,Prevotella jejuni,ALL,disease:site[T.Oral],-3.0175320018573175,0.00206107323311539,188,0.02142361500246334
g__Prevotella|s__Prevotella_jejuni,Prevotella jejuni,ALL,ppi_use,-0.6536839466288332,0.4001377545477104,188,0.7865005195255445
g__Prevotella|s__Prevotella_jejuni,Prevotella jejuni,ALL,disease:ppi_use,0.8018537087658715,0.38244842666596235,188,0.7768254517108907
g__Prevotella|s__Prevotella_jejuni,Prevotella jejuni,ALL,age,-0.0147167068242035,0.25782257423192795,188,0.6688523544375958
g__Prevotella|s__Prevotella_jejuni,Prevotella jejuni,ALL,bmi,-0.05970716828154023,0.1519179938091595,188,0.5112484738927612
g__Prevotella|s__Prevotella_jejuni,Prevotella jejuni,ALL,antibiotics_3m,-1.2220392519158898,0.047086258973071775,188,0.2529280501923836
g__Prevotella|s__Prevotella_jejuni,Prevotella jejuni,ALL,smoking,0.6383122257195109,0.14421251514797848,188,0.49887397605460837
g__Prevotella|s__Prevotella_melaninogenica,Prevotella melaninogenica,ALL,site[T.Oral],10.329261183059947,1.2557127763700964e-30,188,3.672959870882532e-28
g__Prevotella|s__Prevotella_melaninogenica,Prevotella melaninogenica,ALL,sex[T.1],-0.0450731867681904,0.8756973891623566,188,0.9729970990692851
g__Prevotella|s__Prevotella_melaninogenica,Prevotella melaninogenica,ALL,disease,0.5678835202890001,0.13489096224449643,188,0.4831298749777372
g__Prevotella|s__Prevotella_melaninogenica,Prevotella melaninogenica,ALL,disease:site[T.Oral],-1.2271791757829154,0.14260334404527739,188,0.49804750009843146
g__Prevotella|s__Prevotella_melaninogenica,Prevotella melaninogenica,ALL,ppi_use,-1.2093172831125787,0.07252141095979715,188,0.3389482722621678
g__Prevotella|s__Prevotella_melaninogenica,Prevotella melaninogenica,ALL,disease:ppi_use,1.400362244865311,0.07836806130716199,188,0.3558497997259231
g__Prevotella|s__Prevotella_melaninogenica,Prevotella melaninogenica,ALL,age,-0.009653293598780102,0.38975874945367983,188,0.7803046532931441
g__Prevotella|s__Prevotella_melaninogenica,Prevotella melaninogenica,ALL,bmi,-0.04554522050698399,0.2054132820418418,188,0.6043592791004734
g__Prevotella|s__Prevotella_melaninogenica,Prevotella melaninogenica,ALL,antibiotics_3m,-0.044370162666152416,0.9331056973364158,188,0.9884841913900583
g__Prevotella|s__Prevotella_melaninogenica,Prevotella melaninogenica,ALL,smoking,-0.4855687200076383,0.1980708210122474,188,0.5948109266998908
g__Prevotella|s__Prevotella_nanceiensis,Prevotella nanceiensis,ALL,site[T.Oral],4.532182124723394,1.6888737677387875e-09,188,5.699948966118407e-08
g__Prevotella|s__Prevotella_nanceiensis,Prevotella nanceiensis,ALL,sex[T.1],0.056429127973247374,0.8400300511591845,188,0.9647128620860638
g__Prevotella|s__Prevotella_nanceiensis,Prevotella nanceiensis,ALL,disease,0.5872015595534613,0.11120164261156074,188,0.4346523001854991
g__Prevotella|s__Prevotella_nanceiensis,Prevotella nanceiensis,ALL,disease:site[T.Oral],-0.6674695473526355,0.4101109930282911,188,0.7932719773600916
g__Prevotella|s__Prevotella_nanceiensis,Prevotella nanceiensis,ALL,ppi_use,-0.9086098249839447,0.16352397518083192,188,0.5347325616670444
g__Prevotella|s__Prevotella_nanceiensis,Prevotella nanceiensis,ALL,disease:ppi_use,1.0364417667348387,0.17852228406735182,188,0.5609787082152238
g__Prevotella|s__Prevotella_nanceiensis,Prevotella nanceiensis,ALL,age,-0.01076515232213591,0.323014291138088,188,0.7223874267055533
g__Prevotella|s__Prevotella_nanceiensis,Prevotella nanceiensis,ALL,bmi,0.008119386774121893,0.8156100586980078,188,0.9624650582098098
g__Prevotella|s__Prevotella_nanceiensis,Prevotella nanceiensis,ALL,antibiotics_3m,0.158623924865848,0.7571159846050844,188,0.9484215224710373
g__Prevotella|s__Prevotella_nanceiensis,Prevotella nanceiensis,ALL,smoking,-0.37528096333141725,0.3047943209034919,188,0.7056913366565017
g__Prevotella|s__Prevotella_nigrescens,Prevotella nigrescens,ALL,site[T.Oral],5.944685002304465,5.2184831070335065e-14,188,2.6936581920128836e-12
g__Prevotella|s__Prevotella_nigrescens,Prevotella nigrescens,ALL,sex[T.1],0.0009621313281927141,0.9973048741737734,188,0.9998686399171507
g__Prevotella|s__Prevotella_nigrescens,Prevotella nigrescens,ALL,disease,0.5884939459020884,0.11716023322244902,188,0.44747814865157354
g__Prevotella|s__Prevotella_nigrescens,Prevotella nigrescens,ALL,disease:site[T.Oral],-3.17913610473614,0.00015910158735927857,188,0.0022160578239328087
g__Prevotella|s__Prevotella_nigrescens,Prevotella nigrescens,ALL,ppi_use,-0.5028880068331149,0.4482839948273929,188,0.8085478674074742
g__Prevotella|s__Prevotella_nigrescens,Prevotella nigrescens,ALL,disease:ppi_use,0.3485191875929222,0.6563322215700915,188,0.9140271821073853
g__Prevotella|s__Prevotella_nigrescens,Prevotella nigrescens,ALL,age,-0.018333385595195185,0.09941500667418639,188,0.41004309450810134
g__Prevotella|s__Prevotella_nigrescens,Prevotella nigrescens,ALL,bmi,0.03806951708199268,0.283997377657067,188,0.6898917862406205
g__Prevotella|s__Prevotella_nigrescens,Prevotella nigrescens,ALL,antibiotics_3m,-0.5692527956762277,0.27679307119841334,188,0.6870521490265508
g__Prevotella|s__Prevotella_nigrescens,Prevotella nigrescens,ALL,smoking,-0.05224113456507364,0.8883430598648716,188,0.9757150140376704
g__Prevotella|s__Prevotella_oris,Prevotella oris,ALL,site[T.Oral],5.240326871104976,3.8609888936816394e-10,188,1.4730511974807124e-08
g__Prevotella|s__Prevotella_oris,Prevotella oris,ALL,sex[T.1],-0.05792885604612692,0.851679031622573,188,0.966630658569333
g__Prevotella|s__Prevotella_oris,Prevotella oris,ALL,disease,0.614300942892459,0.1325517917837316,188,0.4786592481079197
g__Prevotella|s__Prevotella_oris,Prevotella oris,ALL,disease:site[T.Oral],-0.9925557287314354,0.2694366991506938,188,0.6789108499776993
g__Prevotella|s__Prevotella_oris,Prevotella oris,ALL,ppi_use,-0.392641669880624,0.5860666505390341,188,0.8886894803473405
g__Prevotella|s__Prevotella_oris,Prevotella oris,ALL,disease:ppi_use,0.042371263088222165,0.9603194908339714,188,0.9919381286442418
g__Prevotella|s__Prevotella_oris,Prevotella oris,ALL,age,-0.028543702194737397,0.018813165175133786,188,0.1339436303544008
g__Prevotella|s__Prevotella_oris,Prevotella oris,ALL,bmi,0.022172198937230485,0.5657212449414364,188,0.8796730711254975
g__Prevotella|s__Prevotella_oris,Prevotella oris,ALL,antibiotics_3m,-0.5301940142209991,0.3514856915570391,188,0.7513488290896512
g__Prevotella|s__Prevotella_oris,Prevotella oris,ALL,smoking,-0.15028423296024038,0.710425535497524,188,0.927187781393864
g__Prevotella|s__Prevotella_oulorum,Prevotella oulorum,ALL,site[T.Oral],3.1971165814373164,2.5515212611278865e-05,188,0.00041271150352805905
g__Prevotella|s__Prevotella_oulorum,Prevotella oulorum,ALL,sex[T.1],0.019432166937076063,0.946560753050718,188,0.9885842329054207
g__Prevotella|s__Prevotella_oulorum,Prevotella oulorum,ALL,disease,0.4549589095084702,0.23333920583777698,188,0.6420196353718742
g__Prevotella|s__Prevotella_oulorum,Prevotella oulorum,ALL,disease:site[T.Oral],0.9139150437766913,0.27718126029165874,188,0.6870806664009338
g__Prevotella|s__Prevotella_oulorum,Prevotella oulorum,ALL,ppi_use,-0.5405642493695697,0.4232883375129518,188,0.7969027112258336
g__Prevotella|s__Prevotella_oulorum,Prevotella oulorum,ALL,disease:ppi_use,0.9583532487759951,0.2301200604070979,188,0.638010594019679
g__Prevotella|s__Prevotella_oulorum,Prevotella oulorum,ALL,age,-0.007100661510449759,0.5293185786221221,188,0.860013451786978
g__Prevotella|s__Prevotella_oulorum,Prevotella oulorum,ALL,bmi,-0.038524653048848216,0.2867805670250955,188,0.6928522853420019
g__Prevotella|s__Prevotella_oulorum,Prevotella oulorum,ALL,antibiotics_3m,0.17153164352371278,0.7471052194667431,188,0.9419322271294068
g__Prevotella|s__Prevotella_oulorum,Prevotella oulorum,ALL,smoking,0.06686057569975523,0.8598699216909538,188,0.9669362423982366
g__Prevotella|s__Prevotella_pallens,Prevotella pallens,ALL,site[T.Oral],11.743240463279301,2.023342465968131e-33,188,8.877415069435173e-31
g__Prevotella|s__Prevotella_pallens,Prevotella pallens,ALL,sex[T.1],-0.13429761188543277,0.6613622294961743,188,0.9171795438686574
g__Prevotella|s__Prevotella_pallens,Prevotella pallens,ALL,disease,0.7624449225708082,0.05963650471204005,188,0.2964931041632586
g__Prevotella|s__Prevotella_pallens,Prevotella pallens,ALL,disease:site[T.Oral],-4.087001961001724,7.664769670006385e-06,188,0.00013587546233193137
g__Prevotella|s__Prevotella_pallens,Prevotella pallens,ALL,ppi_use,-0.0562552898241552,0.9371200897998814,188,0.9884841913900583
g__Prevotella|s__Prevotella_pallens,Prevotella pallens,ALL,disease:ppi_use,-0.2155810194293846,0.7980783369230322,188,0.9579055637299284
g__Prevotella|s__Prevotella_pallens,Prevotella pallens,ALL,age,-0.018153498143120804,0.12925319322118492,188,0.4725819877149574
g__Prevotella|s__Prevotella_pallens,Prevotella pallens,ALL,bmi,-0.05746181755881487,0.1335007423131361,188,0.4811063848415223
g__Prevotella|s__Prevotella_pallens,Prevotella pallens,ALL,antibiotics_3m,0.22546646131706208,0.6885136691190004,188,0.9270978440450118
g__Prevotella|s__Prevotella_pallens,Prevotella pallens,ALL,smoking,-0.5159226456031083,0.19860007156386658,188,0.5948109266998908
g__Prevotella|s__Prevotella_salivae,Prevotella salivae,ALL,site[T.Oral],11.045787135677722,2.190320069493612e-39,188,2.562674481307526e-36
g__Prevotella|s__Prevotella_salivae,Prevotella salivae,ALL,sex[T.1],-0.05392433668371373,0.8312422529056367,188,0.9647128620860638
g__Prevotella|s__Prevotella_salivae,Prevotella salivae,ALL,disease,0.5602491556642416,0.09328836659313858,188,0.3935602965648034
g__Prevotella|s__Prevotella_salivae,Prevotella salivae,ALL,disease:site[T.Oral],-2.462737853568364,0.0009365166472374082,188,0.010638101721046287
g__Prevotella|s__Prevotella_salivae,Prevotella salivae,ALL,ppi_use,-0.04727869349978489,0.9359845462711281,188,0.9884841913900583
g__Prevotella|s__Prevotella_salivae,Prevotella salivae,ALL,disease:ppi_use,0.5192852639633705,0.4556655685977439,188,0.814524410763416
g__Prevotella|s__Prevotella_salivae,Prevotella salivae,ALL,age,-0.004145330695342884,0.6738168851016888,188,0.9224248310089421
g__Prevotella|s__Prevotella_salivae,Prevotella salivae,ALL,bmi,-0.012223032443719582,0.6981701590603968,188,0.9271017907425374
g__Prevotella|s__Prevotella_salivae,Prevotella salivae,ALL,antibiotics_3m,0.19521322685800382,0.6741587354793874,188,0.9225330064454776
g__Prevotella|s__Prevotella_salivae,Prevotella salivae,ALL,smoking,-0.2683087156065378,0.41734621118631066,188,0.7964367730022324
g__Prevotella|s__Prevotella_sp_HJM029,Prevotella sp HJM029,ALL,site[T.Oral],4.0028772405518085,5.696464547090561e-06,188,0.0001030648997952983
g__Prevotella|s__Prevotella_sp_HJM029,Prevotella sp HJM029,ALL,sex[T.1],0.05102485260203841,0.8790961011494737,188,0.97430606726702
g__Prevotella|s__Prevotella_sp_HJM029,Prevotella sp HJM029,ALL,disease,0.6165496952222768,0.1630351726141057,188,0.5343169522647162
g__Prevotella|s__Prevotella_sp_HJM029,Prevotella sp HJM029,ALL,disease:site[T.Oral],0.18220078441110013,0.8512262940108175,188,0.966630658569333
g__Prevotella|s__Prevotella_sp_HJM029,Prevotella sp HJM029,ALL,ppi_use,0.29268691386662676,0.7076627400181466,188,0.9271017907425374
g__Prevotella|s__Prevotella_sp_HJM029,Prevotella sp HJM029,ALL,disease:ppi_use,-0.2359376579106436,0.7980624061106805,188,0.9579055637299284
g__Prevotella|s__Prevotella_sp_HJM029,Prevotella sp HJM029,ALL,age,-0.013368035868072128,0.3064703955560956,188,0.706310629285552
g__Prevotella|s__Prevotella_sp_HJM029,Prevotella sp HJM029,ALL,bmi,-0.020280447201906776,0.6274672294004061,188,0.9040176460050758
g__Prevotella|s__Prevotella_sp_HJM029,Prevotella sp HJM029,ALL,antibiotics_3m,-0.2973479009036684,0.6290592849435138,188,0.9040176460050758
g__Prevotella|s__Prevotella_sp_HJM029,Prevotella sp HJM029,ALL,smoking,-0.0832263372029664,0.8493589445552516,188,0.9665748492213305
g__Prevotella|s__Prevotella_vespertina,Prevotella vespertina,ALL,site[T.Oral],10.482745987149617,1.7023043113497778e-21,188,1.9916960442792398e-19
g__Prevotella|s__Prevotella_vespertina,Prevotella vespertina,ALL,sex[T.1],-0.48640433262333893,0.1981386226770399,188,0.5948109266998908
g__Prevotella|s__Prevotella_vespertina,Prevotella vespertina,ALL,disease,0.29897601300466903,0.5464797876138068,188,0.871399175684976
g__Prevotella|s__Prevotella_vespertina,Prevotella vespertina,ALL,disease:site[T.Oral],-3.9617739168655346,0.00036695544892683275,188,0.004633142538608572
g__Prevotella|s__Prevotella_vespertina,Prevotella vespertina,ALL,ppi_use,-0.5990294410989077,0.49500006330633817,188,0.8377026320483675
g__Prevotella|s__Prevotella_vespertina,Prevotella vespertina,ALL,disease:ppi_use,0.946299548443424,0.3618655667603865,188,0.7600283490330408
g__Prevotella|s__Prevotella_vespertina,Prevotella vespertina,ALL,age,-0.02455950995626082,0.095491008068823,188,0.40044616286925777
g__Prevotella|s__Prevotella_vespertina,Prevotella vespertina,ALL,bmi,-0.03668704337381081,0.4351068544294485,188,0.8008521547180725
g__Prevotella|s__Prevotella_vespertina,Prevotella vespertina,ALL,antibiotics_3m,-0.5922738085516461,0.392408767958796,188,0.7805711541103423
g__Prevotella|s__Prevotella_vespertina,Prevotella vespertina,ALL,smoking,0.34900080578111653,0.4789383950017396,188,0.8303334859234778
g__Pseudoflavonifractor|s__Pseudoflavonifractor_sp_An184,Pseudoflavonifractor sp An184,ALL,site[T.Oral],-0.3394582839818838,0.7240751183528996,188,0.9299832470398358
g__Pseudoflavonifractor|s__Pseudoflavonifractor_sp_An184,Pseudoflavonifractor sp An184,ALL,sex[T.1],-0.5360138745657268,0.15567672047372239,188,0.5209011333296144
g__Pseudoflavonifractor|s__Pseudoflavonifractor_sp_An184,Pseudoflavonifractor sp An184,ALL,disease,0.8461642830056912,0.08848553265884933,188,0.37968731006425566
g__Pseudoflavonifractor|s__Pseudoflavonifractor_sp_An184,Pseudoflavonifractor sp An184,ALL,disease:site[T.Oral],-0.6929117829655203,0.5253052346917885,188,0.8575913366363617
g__Pseudoflavonifractor|s__Pseudoflavonifractor_sp_An184,Pseudoflavonifractor sp An184,ALL,ppi_use,0.9783469405435127,0.2648072039784075,188,0.6733434175386287
g__Pseudoflavonifractor|s__Pseudoflavonifractor_sp_An184,Pseudoflavonifractor sp An184,ALL,disease:ppi_use,-1.3963943149766096,0.17834105714667187,188,0.5609787082152238
g__Pseudoflavonifractor|s__Pseudoflavonifractor_sp_An184,Pseudoflavonifractor sp An184,ALL,age,-0.023136122264480877,0.11553607492776763,188,0.44500422689487495
g__Pseudoflavonifractor|s__Pseudoflavonifractor_sp_An184,Pseudoflavonifractor sp An184,ALL,bmi,0.030364861670801446,0.517479864203587,188,0.8515316311834322
g__Pseudoflavonifractor|s__Pseudoflavonifractor_sp_An184,Pseudoflavonifractor sp An184,ALL,antibiotics_3m,-0.9585396432076821,0.16631725501046857,188,0.5388222014548903
g__Pseudoflavonifractor|s__Pseudoflavonifractor_sp_An184,Pseudoflavonifractor sp An184,ALL,smoking,-0.5344219347144481,0.2779488484711275,188,0.687387984087391
g__Rheinheimera|s__Rheinheimera_SGB14999,Rheinheimera SGB14999,ALL,site[T.Oral],-1.7370436271111975,0.11999368092100768,188,0.4523929323659903
g__Rheinheimera|s__Rheinheimera_SGB14999,Rheinheimera SGB14999,ALL,sex[T.1],-0.4401218770542626,0.31341797586038944,188,0.7143487631623162
g__Rheinheimera|s__Rheinheimera_SGB14999,Rheinheimera SGB14999,ALL,disease,0.5533779818323281,0.33471589478777053,188,0.7339170230267757
g__Rheinheimera|s__Rheinheimera_SGB14999,Rheinheimera SGB14999,ALL,disease:site[T.Oral],-0.6929508246669069,0.5832802480314891,188,0.8882525295393323
g__Rheinheimera|s__Rheinheimera_SGB14999,Rheinheimera SGB14999,ALL,ppi_use,0.38013322033670405,0.7078725923618234,188,0.9271017907425374
g__Rheinheimera|s__Rheinheimera_SGB14999,Rheinheimera SGB14999,ALL,disease:ppi_use,-0.7335805545050306,0.5406827698352477,188,0.8685567606964391
g__Rheinheimera|s__Rheinheimera_SGB14999,Rheinheimera SGB14999,ALL,age,-0.014715164598207655,0.3862371611556247,188,0.7777925620517743
g__Rheinheimera|s__Rheinheimera_SGB14999,Rheinheimera SGB14999,ALL,bmi,0.023676439148854814,0.6628902979303608,188,0.9174515497627631
g__Rheinheimera|s__Rheinheimera_SGB14999,Rheinheimera SGB14999,ALL,antibiotics_3m,-0.2590535006323195,0.7460553082089447,188,0.9409465080177492
g__Rheinheimera|s__Rheinheimera_SGB14999,Rheinheimera SGB14999,ALL,smoking,1.2339633822844653,0.03135251390985992,188,0.19408699087056142
g__Romboutsia|s__Romboutsia_timonensis,Romboutsia timonensis,ALL,site[T.Oral],1.017333147781775,0.16723062957831847,188,0.5395032259374061
g__Romboutsia|s__Romboutsia_timonensis,Romboutsia timonensis,ALL,sex[T.1],-0.18210296116884708,0.5269101574612592,188,0.8590128437942498
g__Romboutsia|s__Romboutsia_timonensis,Romboutsia timonensis,ALL,disease,2.6388510167915586,5.360642206614475e-11,188,2.2946163591727813e-09
g__Romboutsia|s__Romboutsia_timonensis,Romboutsia timonensis,ALL,disease:site[T.Oral],-3.3247388459660834,9.411346645237575e-05,188,0.0013594167376454274
g__Romboutsia|s__Romboutsia_timonensis,Romboutsia timonensis,ALL,ppi_use,-0.8670449973534806,0.19614667437633257,188,0.5930903217112445
g__Romboutsia|s__Romboutsia_timonensis,Romboutsia timonensis,ALL,disease:ppi_use,1.394374887469953,0.07913182905114205,188,0.35780719910832326
g__Romboutsia|s__Romboutsia_timonensis,Romboutsia timonensis,ALL,age,-0.012758233203050074,0.2552301634688462,188,0.6653834226858103
g__Romboutsia|s__Romboutsia_timonensis,Romboutsia timonensis,ALL,bmi,0.00970403201855821,0.7865094414331449,188,0.9564616781924473
g__Romboutsia|s__Romboutsia_timonensis,Romboutsia timonensis,ALL,antibiotics_3m,0.43985998909212226,0.40499909270285717,188,0.7902688781151936
g__Romboutsia|s__Romboutsia_timonensis,Romboutsia timonensis,ALL,smoking,0.37474595778085684,0.3192729251634216,188,0.7202107759149162
g__Roseburia|s__Roseburia_faecis,Roseburia faecis,ALL,site[T.Oral],-4.92966606254712,0.00011767955643540366,188,0.0016722884335557363
g__Roseburia|s__Roseburia_faecis,Roseburia faecis,ALL,sex[T.1],0.08860641156226165,0.8567309951713116,188,0.9669362423982366
g__Roseburia|s__Roseburia_faecis,Roseburia faecis,ALL,disease,0.6366558171264057,0.32421132604917235,188,0.7228790935006894
g__Roseburia|s__Roseburia_faecis,Roseburia faecis,ALL,disease:site[T.Oral],-0.41009934493967837,0.7729610055075082,188,0.9530040787506285
g__Roseburia|s__Roseburia_faecis,Roseburia faecis,ALL,ppi_use,0.7957638687266627,0.48612396595293894,188,0.8328159395902756
g__Roseburia|s__Roseburia_faecis,Roseburia faecis,ALL,disease:ppi_use,-0.4906657507722298,0.7161351528780853,188,0.9279113657566306
g__Roseburia|s__Roseburia_faecis,Roseburia faecis,ALL,age,0.001905585875221166,0.9205188947884275,188,0.985476393880623
g__Roseburia|s__Roseburia_faecis,Roseburia faecis,ALL,bmi,0.061020782767147626,0.3188086495233429,188,0.7196259548726262
g__Roseburia|s__Roseburia_faecis,Roseburia faecis,ALL,antibiotics_3m,0.2030210116292123,0.8216100146689438,188,0.9635892538090608
g__Roseburia|s__Roseburia_faecis,Roseburia faecis,ALL,smoking,0.004595535740132369,0.9942804969034551,188,0.9979694681801684
g__Roseburia|s__Roseburia_hominis,Roseburia hominis,ALL,site[T.Oral],-4.665937182442379,1.6568288956199505e-06,188,3.482317020135345e-05
g__Roseburia|s__Roseburia_hominis,Roseburia hominis,ALL,sex[T.1],0.3903360688129502,0.2908941998711123,188,0.6944051688360178
g__Roseburia|s__Roseburia_hominis,Roseburia hominis,ALL,disease,0.21914588676270572,0.6513993315106517,188,0.9140271821073853
g__Roseburia|s__Roseburia_hominis,Roseburia hominis,ALL,disease:site[T.Oral],-0.3520356995218765,0.7418721707305572,188,0.9400256970749098
g__Roseburia|s__Roseburia_hominis,Roseburia hominis,ALL,ppi_use,0.3335688286445431,0.6976555748418423,188,0.9271017907425374
g__Roseburia|s__Roseburia_hominis,Roseburia hominis,ALL,disease:ppi_use,0.07424195900618988,0.9416542211913637,188,0.9884841913900583
g__Roseburia|s__Roseburia_hominis,Roseburia hominis,ALL,age,0.00015456734337973856,0.9914112914515261,188,0.9978824881525563
g__Roseburia|s__Roseburia_hominis,Roseburia hominis,ALL,bmi,0.018532599550474455,0.6868271111923047,188,0.9270978440450118
g__Roseburia|s__Roseburia_hominis,Roseburia hominis,ALL,antibiotics_3m,0.6735635480381175,0.32041243529532293,188,0.7218534325331087
g__Roseburia|s__Roseburia_hominis,Roseburia hominis,ALL,smoking,0.11668653434956613,0.808731751670948,188,0.961830253814087
g__Roseburia|s__Roseburia_intestinalis,Roseburia intestinalis,ALL,site[T.Oral],-2.732965479674289,0.03141678694521318,188,0.1941424686227082
g__Roseburia|s__Roseburia_intestinalis,Roseburia intestinalis,ALL,sex[T.1],0.5157340891045098,0.2973062115403522,188,0.7004245074236505
g__Roseburia|s__Roseburia_intestinalis,Roseburia intestinalis,ALL,disease,1.4390875956556173,0.027712891510937435,188,0.1781543025703121
g__Roseburia|s__Roseburia_intestinalis,Roseburia intestinalis,ALL,disease:site[T.Oral],-1.4752322810254754,0.3032673229244046,188,0.7040134282173679
g__Roseburia|s__Roseburia_intestinalis,Roseburia intestinalis,ALL,ppi_use,0.5150560634481268,0.6541800633961246,188,0.9140271821073853
g__Roseburia|s__Roseburia_intestinalis,Roseburia intestinalis,ALL,disease:ppi_use,-1.2960866161131321,0.34056771119750506,188,0.738137578944602
g__Roseburia|s__Roseburia_intestinalis,Roseburia intestinalis,ALL,age,-0.008897149394101416,0.6436365939736771,188,0.9084805972239269
g__Roseburia|s__Roseburia_intestinalis,Roseburia intestinalis,ALL,bmi,-0.01277779012801465,0.8355133934876692,188,0.9647128620860638
g__Roseburia|s__Roseburia_intestinalis,Roseburia intestinalis,ALL,antibiotics_3m,-0.17926572059447585,0.8432305016752262,188,0.9647128620860638
g__Roseburia|s__Roseburia_intestinalis,Roseburia intestinalis,ALL,smoking,0.44711522552366934,0.4887489791506948,188,0.8328159395902756
g__Roseburia|s__Roseburia_inulinivorans,Roseburia inulinivorans,ALL,site[T.Oral],-3.7569823199641714,0.0005113580927593021,188,0.006125825616331571
g__Roseburia|s__Roseburia_inulinivorans,Roseburia inulinivorans,ALL,sex[T.1],0.7762797513211445,0.06341689388008963,188,0.30915735766543695
g__Roseburia|s__Roseburia_inulinivorans,Roseburia inulinivorans,ALL,disease,0.20629662565192947,0.706054921553654,188,0.9271017907425374
g__Roseburia|s__Roseburia_inulinivorans,Roseburia inulinivorans,ALL,disease:site[T.Oral],-0.6762715459526157,0.5748860546719179,188,0.8850219525870314
g__Roseburia|s__Roseburia_inulinivorans,Roseburia inulinivorans,ALL,ppi_use,-1.108777032534652,0.2529927865695213,188,0.660955059642885
g__Roseburia|s__Roseburia_inulinivorans,Roseburia inulinivorans,ALL,disease:ppi_use,0.6654251296017288,0.5609789794717952,188,0.879426627041537
g__Roseburia|s__Roseburia_inulinivorans,Roseburia inulinivorans,ALL,age,0.001338163375988111,0.9341442965829758,188,0.9884841913900583
g__Roseburia|s__Roseburia_inulinivorans,Roseburia inulinivorans,ALL,bmi,-0.036955413798574255,0.47616443545750187,188,0.8280438851955265
g__Roseburia|s__Roseburia_inulinivorans,Roseburia inulinivorans,ALL,antibiotics_3m,0.7018754368939017,0.3584997815703558,188,0.7589201335338966
g__Roseburia|s__Roseburia_inulinivorans,Roseburia inulinivorans,ALL,smoking,-0.1453681456693241,0.789175171006165,188,0.9564616781924473
g__Roseburia|s__Roseburia_sp_AF02_12,Roseburia sp AF02 12,ALL,site[T.Oral],-1.6135847224703859,0.14411620634447866,188,0.49887397605460837
g__Roseburia|s__Roseburia_sp_AF02_12,Roseburia sp AF02 12,ALL,sex[T.1],0.5310973439477257,0.21912585985216576,188,0.6253103805537413
g__Roseburia|s__Roseburia_sp_AF02_12,Roseburia sp AF02 12,ALL,disease,0.8850069389360903,0.11963924715879654,188,0.4515416747606192
g__Roseburia|s__Roseburia_sp_AF02_12,Roseburia sp AF02 12,ALL,disease:site[T.Oral],-0.8331152325303419,0.5050128194626513,188,0.8434347411943335
g__Roseburia|s__Roseburia_sp_AF02_12,Roseburia sp AF02 12,ALL,ppi_use,1.0754341756046302,0.2845556562205541,188,0.6898917862406205
g__Roseburia|s__Roseburia_sp_AF02_12,Roseburia sp AF02 12,ALL,disease:ppi_use,-0.9206653545134487,0.4377927399287619,188,0.802956023653864
g__Roseburia|s__Roseburia_sp_AF02_12,Roseburia sp AF02 12,ALL,age,-0.0022619189653587243,0.892786600619254,188,0.9774425976835874
g__Roseburia|s__Roseburia_sp_AF02_12,Roseburia sp AF02 12,ALL,bmi,0.018004249812182467,0.7375173762915952,188,0.9372505397478273
g__Roseburia|s__Roseburia_sp_AF02_12,Roseburia sp AF02 12,ALL,antibiotics_3m,0.07772533529197942,0.9217433051595686,188,0.985476393880623
g__Roseburia|s__Roseburia_sp_AF02_12,Roseburia sp AF02 12,ALL,smoking,0.21944471744850877,0.6969427626338742,188,0.9271017907425374
g__Roseburia|s__Roseburia_sp_AM16_25,Roseburia sp AM16 25,ALL,site[T.Oral],-0.017095355829145047,0.9843036337394566,188,0.9971870424559526
g__Roseburia|s__Roseburia_sp_AM16_25,Roseburia sp AM16 25,ALL,sex[T.1],0.5193507373417583,0.12816355358193357,188,0.47154514997126507
g__Roseburia|s__Roseburia_sp_AM16_25,Roseburia sp AM16 25,ALL,disease,-0.15280767786169774,0.7325708597111734,188,0.9350374011667405
g__Roseburia|s__Roseburia_sp_AM16_25,Roseburia sp AM16 25,ALL,disease:site[T.Oral],-0.07953653591818861,0.9356680367692951,188,0.9884841913900583
g__Roseburia|s__Roseburia_sp_AM16_25,Roseburia sp AM16 25,ALL,ppi_use,-0.23508558198773497,0.7665062067521701,188,0.9530040787506285
g__Roseburia|s__Roseburia_sp_AM16_25,Roseburia sp AM16 25,ALL,disease:ppi_use,0.1883717618934615,0.840397813008572,188,0.9647128620860638
g__Roseburia|s__Roseburia_sp_AM16_25,Roseburia sp AM16 25,ALL,age,-0.005078293902789285,0.7013718385344823,188,0.9271017907425374
g__Roseburia|s__Roseburia_sp_AM16_25,Roseburia sp AM16 25,ALL,bmi,-0.0011939391415160022,0.9775231729643244,188,0.9942906156920523
g__Roseburia|s__Roseburia_sp_AM16_25,Roseburia sp AM16 25,ALL,antibiotics_3m,0.9602402689551574,0.12522329871248813,188,0.4636432262456048
g__Roseburia|s__Roseburia_sp_AM16_25,Roseburia sp AM16 25,ALL,smoking,-0.13854477090949735,0.7552897889430403,188,0.9464716741128424
g__Rothia|s__Rothia_aeria,Rothia aeria,ALL,site[T.Oral],4.217458962256778,7.173844482341994e-09,188,2.189582098523513e-07
g__Rothia|s__Rothia_aeria,Rothia aeria,ALL,sex[T.1],-0.08943065326404638,0.7423160727011793,188,0.9400256970749098
g__Rothia|s__Rothia_aeria,Rothia aeria,ALL,disease,0.9119578567125851,0.011446998278260656,188,0.09215358705663967
g__Rothia|s__Rothia_aeria,Rothia aeria,ALL,disease:site[T.Oral],-1.0222850106277634,0.1953624328604242,188,0.5916498182399387
g__Rothia|s__Rothia_aeria,Rothia aeria,ALL,ppi_use,-0.7772408573737126,0.2202600226851928,188,0.6270175828264613
g__Rothia|s__Rothia_aeria,Rothia aeria,ALL,disease:ppi_use,0.15463682369855794,0.8361420137532255,188,0.9647128620860638
g__Rothia|s__Rothia_aeria,Rothia aeria,ALL,age,-0.0025207303091194814,0.8117489586535527,188,0.961930737634696
g__Rothia|s__Rothia_aeria,Rothia aeria,ALL,bmi,-0.0002622061584405303,0.9938235018229566,188,0.9979694681801684
g__Rothia|s__Rothia_aeria,Rothia aeria,ALL,antibiotics_3m,-0.27612535248483444,0.5801276774236087,188,0.8864291032626345
g__Rothia|s__Rothia_aeria,Rothia aeria,ALL,smoking,-0.46026278877681476,0.19617602948910395,188,0.5930903217112445
g__Rothia|s__Rothia_mucilaginosa,Rothia mucilaginosa,ALL,site[T.Oral],10.771249714575605,2.5213984753177536e-67,188,4.425054324182658e-64
g__Rothia|s__Rothia_mucilaginosa,Rothia mucilaginosa,ALL,sex[T.1],-0.14091131380713534,0.34780626032657247,188,0.7471236069438614
g__Rothia|s__Rothia_mucilaginosa,Rothia mucilaginosa,ALL,disease,0.8827368466795181,1.2935962372312765e-05,188,0.00021417560342838586
g__Rothia|s__Rothia_mucilaginosa,Rothia mucilaginosa,ALL,disease:site[T.Oral],0.4854837151038802,0.26427872160993726,188,0.6733434175386287
g__Rothia|s__Rothia_mucilaginosa,Rothia mucilaginosa,ALL,ppi_use,-0.34012826810472274,0.3300565401745872,188,0.7286153811401264
g__Rothia|s__Rothia_mucilaginosa,Rothia mucilaginosa,ALL,disease:ppi_use,-0.28668166108350696,0.48691035496180746,188,0.8328159395902756
g__Rothia|s__Rothia_mucilaginosa,Rothia mucilaginosa,ALL,age,0.0028557106085909593,0.6245607083049787,188,0.903630703277195
g__Rothia|s__Rothia_mucilaginosa,Rothia mucilaginosa,ALL,bmi,0.01701032698580374,0.3627963198563052,188,0.7609207515983717
g__Rothia|s__Rothia_mucilaginosa,Rothia mucilaginosa,ALL,antibiotics_3m,0.04951305954167033,0.8571238919326173,188,0.9669362423982366
g__Rothia|s__Rothia_mucilaginosa,Rothia mucilaginosa,ALL,smoking,0.08715243415080992,0.6563520853320987,188,0.9140271821073853
g__Ruminococcus|s__Ruminococcus_bicirculans,Ruminococcus bicirculans,ALL,site[T.Oral],-4.4003291923765975,0.0002514337024413256,188,0.003277830750953172
g__Ruminococcus|s__Ruminococcus_bicirculans,Ruminococcus bicirculans,ALL,sex[T.1],0.15162342250216757,0.7426820405243032,188,0.9400256970749098
g__Ruminococcus|s__Ruminococcus_bicirculans,Ruminococcus bicirculans,ALL,disease,-1.2044426410221731,0.04838525237715212,188,0.25654416290604826
g__Ruminococcus|s__Ruminococcus_bicirculans,Ruminococcus bicirculans,ALL,disease:site[T.Oral],1.029989937926412,0.4415664582402766,188,0.802956023653864
g__Ruminococcus|s__Ruminococcus_bicirculans,Ruminococcus bicirculans,ALL,ppi_use,-0.07246427856429771,0.9462208827560039,188,0.9885842329054207
g__Ruminococcus|s__Ruminococcus_bicirculans,Ruminococcus bicirculans,ALL,disease:ppi_use,0.4932725132072434,0.6976383594965123,188,0.9271017907425374
g__Ruminococcus|s__Ruminococcus_bicirculans,Ruminococcus bicirculans,ALL,age,-0.038641376447706884,0.032633431152951746,188,0.19990112276939026
g__Ruminococcus|s__Ruminococcus_bicirculans,Ruminococcus bicirculans,ALL,bmi,0.18352185645032762,0.0016528484547764207,188,0.017633732754605582
g__Ruminococcus|s__Ruminococcus_bicirculans,Ruminococcus bicirculans,ALL,antibiotics_3m,-1.8190142894917558,0.03289111343721083,188,0.2007787968080174
g__Ruminococcus|s__Ruminococcus_bicirculans,Ruminococcus bicirculans,ALL,smoking,-0.3593261853090181,0.5515738525479663,188,0.87405156769452
g__Ruminococcus|s__Ruminococcus_bromii,Ruminococcus bromii,ALL,site[T.Oral],-3.4774669181749918,0.02265608238356814,188,0.15351901383460267
g__Ruminococcus|s__Ruminococcus_bromii,Ruminococcus bromii,ALL,sex[T.1],-0.2829862405313469,0.6333473370051128,188,0.9055975305010503
g__Ruminococcus|s__Ruminococcus_bromii,Ruminococcus bromii,ALL,disease,-2.2460451134352,0.004385081905407469,188,0.040397998656116055
g__Ruminococcus|s__Ruminococcus_bromii,Ruminococcus bromii,ALL,disease:site[T.Oral],1.7298341725817927,0.3145394133129777,188,0.715510914276443
g__Ruminococcus|s__Ruminococcus_bromii,Ruminococcus bromii,ALL,ppi_use,0.49830387214813954,0.7180219696089358,188,0.9279113657566306
g__Ruminococcus|s__Ruminococcus_bromii,Ruminococcus bromii,ALL,disease:ppi_use,0.281391667884815,0.8629668544733493,188,0.9677283402924061
g__Ruminococcus|s__Ruminococcus_bromii,Ruminococcus bromii,ALL,age,-0.025982986897439664,0.2610591560135471,188,0.6704424416651678
g__Ruminococcus|s__Ruminococcus_bromii,Ruminococcus bromii,ALL,bmi,0.03359647205478645,0.6493089440696016,188,0.9130907025978772
g__Ruminococcus|s__Ruminococcus_bromii,Ruminococcus bromii,ALL,antibiotics_3m,-0.8705582669075105,0.42403778512846557,188,0.7969027112258336
g__Ruminococcus|s__Ruminococcus_bromii,Ruminococcus bromii,ALL,smoking,0.140472386447154,0.8561158825189957,188,0.9669362423982366
g__Ruminococcus|s__Ruminococcus_callidus,Ruminococcus callidus,ALL,site[T.Oral],-0.6663617109741812,0.5522259151045648,188,0.8744843268351047
g__Ruminococcus|s__Ruminococcus_callidus,Ruminococcus callidus,ALL,sex[T.1],0.1847652364300376,0.6737344041729406,188,0.9224248310089421
g__Ruminococcus|s__Ruminococcus_callidus,Ruminococcus callidus,ALL,disease,-0.23763059142209572,0.6802841778011761,188,0.925258670550084
g__Ruminococcus|s__Ruminococcus_callidus,Ruminococcus callidus,ALL,disease:site[T.Oral],-0.0013822649332165564,0.9991319914088129,188,0.9999094788793534
g__Ruminococcus|s__Ruminococcus_callidus,Ruminococcus callidus,ALL,ppi_use,-0.5295556475378261,0.6040233514781668,188,0.8945662294043735
g__Ruminococcus|s__Ruminococcus_callidus,Ruminococcus callidus,ALL,disease:ppi_use,1.2848304761194675,0.2875050717830528,188,0.6930925837627165
g__Ruminococcus|s__Ruminococcus_callidus,Ruminococcus callidus,ALL,age,0.01114652351217478,0.5140810189862204,188,0.8487046172410326
g__Ruminococcus|s__Ruminococcus_callidus,Ruminococcus callidus,ALL,bmi,0.03215155701974715,0.5564595924029283,188,0.8762553473908831
g__Ruminococcus|s__Ruminococcus_callidus,Ruminococcus callidus,ALL,antibiotics_3m,1.2405494623212938,0.12450599678643924,188,0.4619619965331942
g__Ruminococcus|s__Ruminococcus_callidus,Ruminococcus callidus,ALL,smoking,0.0650580088784735,0.9096213766877889,188,0.9839047864943417
g__Ruminococcus|s__Ruminococcus_sp_BSD2780120874_150323_B10,Ruminococcus sp BSD2780120874 150323 B10,ALL,site[T.Oral],-0.4524028299232645,0.7211282155867158,188,0.9296938094529137
g__Ruminococcus|s__Ruminococcus_sp_BSD2780120874_150323_B10,Ruminococcus sp BSD2780120874 150323 B10,ALL,sex[T.1],-0.20254834741115738,0.6831896809667155,188,0.9264596275900318
g__Ruminococcus|s__Ruminococcus_sp_BSD2780120874_150323_B10,Ruminococcus sp BSD2780120874 150323 B10,ALL,disease,0.46667193481908353,0.4744814855350572,188,0.8261061578512157
g__Ruminococcus|s__Ruminococcus_sp_BSD2780120874_150323_B10,Ruminococcus sp BSD2780120874 150323 B10,ALL,disease:site[T.Oral],-0.7006902409956988,0.6259408677229252,188,0.9040176460050758
g__Ruminococcus|s__Ruminococcus_sp_BSD2780120874_150323_B10,Ruminococcus sp BSD2780120874 150323 B10,ALL,ppi_use,-1.2813012974169542,0.2678422971691047,188,0.6758637405201707
g__Ruminococcus|s__Ruminococcus_sp_BSD2780120874_150323_B10,Ruminococcus sp BSD2780120874 150323 B10,ALL,disease:ppi_use,1.918334865228899,0.16076654018713585,188,0.5318478379423628
g__Ruminococcus|s__Ruminococcus_sp_BSD2780120874_150323_B10,Ruminococcus sp BSD2780120874 150323 B10,ALL,age,0.02367818220034409,0.22105682007016886,188,0.6272555736469397
g__Ruminococcus|s__Ruminococcus_sp_BSD2780120874_150323_B10,Ruminococcus sp BSD2780120874 150323 B10,ALL,bmi,0.041662970845308005,0.5004743146222947,188,0.8419979197150322
g__Ruminococcus|s__Ruminococcus_sp_BSD2780120874_150323_B10,Ruminococcus sp BSD2780120874 150323 B10,ALL,antibiotics_3m,0.6897777318423304,0.4489629041530391,188,0.8085478674074742
g__Ruminococcus|s__Ruminococcus_sp_BSD2780120874_150323_B10,Ruminococcus sp BSD2780120874 150323 B10,ALL,smoking,-0.021997805515804,0.9729257977622556,188,0.994011141277134
g__Ruthenibacterium|s__Ruthenibacterium_lactatiformans,Ruthenibacterium lactatiformans,ALL,site[T.Oral],-4.191355185538844,1.7190077298618396e-07,188,4.372258791170331e-06
g__Ruthenibacterium|s__Ruthenibacterium_lactatiformans,Ruthenibacterium lactatiformans,ALL,sex[T.1],0.11325417159849711,0.7076092568824832,188,0.9271017907425374
g__Ruthenibacterium|s__Ruthenibacterium_lactatiformans,Ruthenibacterium lactatiformans,ALL,disease,1.3168776370830488,0.0010779228139655309,188,0.011973129990566498
g__Ruthenibacterium|s__Ruthenibacterium_lactatiformans,Ruthenibacterium lactatiformans,ALL,disease:site[T.Oral],-1.0573362272675537,0.2274902494693749,188,0.6346132545401056
g__Ruthenibacterium|s__Ruthenibacterium_lactatiformans,Ruthenibacterium lactatiformans,ALL,ppi_use,0.009260323536252392,0.9894803150674325,188,0.9978824881525563
g__Ruthenibacterium|s__Ruthenibacterium_lactatiformans,Ruthenibacterium lactatiformans,ALL,disease:ppi_use,-0.8422833008456881,0.31084512251218716,188,0.7119933892163003
g__Ruthenibacterium|s__Ruthenibacterium_lactatiformans,Ruthenibacterium lactatiformans,ALL,age,0.009435663669681607,0.42229038582761325,188,0.7969027112258336
g__Ruthenibacterium|s__Ruthenibacterium_lactatiformans,Ruthenibacterium lactatiformans,ALL,bmi,0.025567085214721768,0.49680223829580594,188,0.8395646877314775
g__Ruthenibacterium|s__Ruthenibacterium_lactatiformans,Ruthenibacterium lactatiformans,ALL,antibiotics_3m,-0.34138501149943407,0.5378565592176131,188,0.8671917881735517
g__Ruthenibacterium|s__Ruthenibacterium_lactatiformans,Ruthenibacterium lactatiformans,ALL,smoking,0.1577713055742213,0.6891716873516844,188,0.9270978440450118
g__Sanguibacter|s__Sanguibacter_SGB15121,Sanguibacter SGB15121,ALL,site[T.Oral],-0.1608732401023791,0.8822666118845734,188,0.9743526013152224
g__Sanguibacter|s__Sanguibacter_SGB15121,Sanguibacter SGB15121,ALL,sex[T.1],0.052016857269981565,0.9026666750236307,188,0.9807916171889652
g__Sanguibacter|s__Sanguibacter_SGB15121,Sanguibacter SGB15121,ALL,disease,0.3037285747975297,0.5869997145726837,188,0.8888563408758067
g__Sanguibacter|s__Sanguibacter_SGB15121,Sanguibacter SGB15121,ALL,disease:site[T.Oral],-0.8875380456387458,0.47152865588165327,188,0.8243864798166198
g__Sanguibacter|s__Sanguibacter_SGB15121,Sanguibacter SGB15121,ALL,ppi_use,-1.1944469086676208,0.22835229073622604,188,0.6346132545401056
g__Sanguibacter|s__Sanguibacter_SGB15121,Sanguibacter SGB15121,ALL,disease:ppi_use,1.3473262833347754,0.2500763976560487,188,0.660955059642885
g__Sanguibacter|s__Sanguibacter_SGB15121,Sanguibacter SGB15121,ALL,age,-0.02503063326595921,0.13169650038101902,188,0.4775463450771546
g__Sanguibacter|s__Sanguibacter_SGB15121,Sanguibacter SGB15121,ALL,bmi,0.03124508556386182,0.5555075439132147,188,0.8759350759817536
g__Sanguibacter|s__Sanguibacter_SGB15121,Sanguibacter SGB15121,ALL,antibiotics_3m,1.028577293460109,0.18852809870436898,188,0.5789445550764086
g__Sanguibacter|s__Sanguibacter_SGB15121,Sanguibacter SGB15121,ALL,smoking,-0.3338520612587317,0.5481251941500449,188,0.8717351297991199
g__Selenomonas|s__Selenomonas_SGB5880,Selenomonas SGB5880,ALL,site[T.Oral],3.920535529788736,7.74916844034531e-07,188,1.6585110503421973e-05
g__Selenomonas|s__Selenomonas_SGB5880,Selenomonas SGB5880,ALL,sex[T.1],0.3446479004560513,0.25148621786354525,188,0.660955059642885
g__Selenomonas|s__Selenomonas_SGB5880,Selenomonas SGB5880,ALL,disease,0.705839598152185,0.07466795194022847,188,0.34439489002654655
g__Selenomonas|s__Selenomonas_SGB5880,Selenomonas SGB5880,ALL,disease:site[T.Oral],3.9974400825602956,7.762659981421611e-06,188,0.00013691927906929574
g__Selenomonas|s__Selenomonas_SGB5880,Selenomonas SGB5880,ALL,ppi_use,0.40477900104229875,0.5621035144082144,188,0.8796180720342544
g__Selenomonas|s__Selenomonas_SGB5880,Selenomonas SGB5880,ALL,disease:ppi_use,-0.260832055064049,0.7518112553535116,188,0.9441350648625495
g__Selenomonas|s__Selenomonas_SGB5880,Selenomonas SGB5880,ALL,age,-0.006956421002462898,0.5514292289308573,188,0.87405156769452
g__Selenomonas|s__Selenomonas_SGB5880,Selenomonas SGB5880,ALL,bmi,-0.002351338221467788,0.949819486920082,188,0.9889716762650341
g__Selenomonas|s__Selenomonas_SGB5880,Selenomonas SGB5880,ALL,antibiotics_3m,-0.11088357937436029,0.8403311532355076,188,0.9647128620860638
g__Selenomonas|s__Selenomonas_SGB5880,Selenomonas SGB5880,ALL,smoking,-0.4361941996228342,0.26648917931203964,188,0.6743969501783097
g__Selenomonas|s__Selenomonas_noxia,Selenomonas noxia,ALL,site[T.Oral],2.5749070516589407,2.176360392275041e-06,188,4.3708253724210725e-05
g__Selenomonas|s__Selenomonas_noxia,Selenomonas noxia,ALL,sex[T.1],-0.0963115729494582,0.6404699503632547,188,0.907031402331028
g__Selenomonas|s__Selenomonas_noxia,Selenomonas noxia,ALL,disease,0.668470954926318,0.014416895441085103,188,0.10944384692722388
g__Selenomonas|s__Selenomonas_noxia,Selenomonas noxia,ALL,disease:site[T.Oral],-0.1489372792037149,0.8030190223442318,188,0.9585956899070943
g__Selenomonas|s__Selenomonas_noxia,Selenomonas noxia,ALL,ppi_use,-0.5087243861709714,0.2895842599394779,188,0.6943271504581969
g__Selenomonas|s__Selenomonas_noxia,Selenomonas noxia,ALL,disease:ppi_use,0.4729811631141688,0.4043952433547605,188,0.7902688781151936
g__Selenomonas|s__Selenomonas_noxia,Selenomonas noxia,ALL,age,-0.002476896618006059,0.7575364820095478,188,0.9486097223879818
g__Selenomonas|s__Selenomonas_noxia,Selenomonas noxia,ALL,bmi,0.0018801268596440137,0.9416265532016541,188,0.9884841913900583
g__Selenomonas|s__Selenomonas_noxia,Selenomonas noxia,ALL,antibiotics_3m,0.11234272178563551,0.7664599337443165,188,0.9530040787506285
g__Selenomonas|s__Selenomonas_noxia,Selenomonas noxia,ALL,smoking,-0.07179136427016222,0.7898033945314163,188,0.9565572153693289
g__Selenomonas|s__Selenomonas_sputigena,Selenomonas sputigena,ALL,site[T.Oral],3.570220743350508,3.7041987513027832e-06,188,7.027966279498794e-05
g__Selenomonas|s__Selenomonas_sputigena,Selenomonas sputigena,ALL,sex[T.1],0.15662039956715215,0.5931219416723729,188,0.889404195757805
g__Selenomonas|s__Selenomonas_sputigena,Selenomonas sputigena,ALL,disease,0.5082795496297932,0.18788436650150545,188,0.5789445550764086
g__Selenomonas|s__Selenomonas_sputigena,Selenomonas sputigena,ALL,disease:site[T.Oral],0.7198655692254778,0.3967282026258704,188,0.7854010102745658
g__Selenomonas|s__Selenomonas_sputigena,Selenomonas sputigena,ALL,ppi_use,0.25325163887641394,0.7103026894408909,188,0.927187781393864
g__Selenomonas|s__Selenomonas_sputigena,Selenomonas sputigena,ALL,disease:ppi_use,-0.03351546748170529,0.9668091546848596,188,0.9927239082804642
g__Selenomonas|s__Selenomonas_sputigena,Selenomonas sputigena,ALL,age,-0.020476342683586984,0.0738133583806254,188,0.34225216369352074
g__Selenomonas|s__Selenomonas_sputigena,Selenomonas sputigena,ALL,bmi,-0.029609006579538712,0.4175872450715259,188,0.7964367730022324
g__Selenomonas|s__Selenomonas_sputigena,Selenomonas sputigena,ALL,antibiotics_3m,-0.2654070418047763,0.6216039880842735,188,0.9018028029067804
g__Selenomonas|s__Selenomonas_sputigena,Selenomonas sputigena,ALL,smoking,-0.06947294314682426,0.8559718324369916,188,0.9669362423982366
g__Senegalimassilia|s__Senegalimassilia_anaerobia,Senegalimassilia anaerobia,ALL,site[T.Oral],0.2690622290775625,0.7724127112085399,188,0.9530040787506285
g__Senegalimassilia|s__Senegalimassilia_anaerobia,Senegalimassilia anaerobia,ALL,sex[T.1],0.7075308733996563,0.053326685821992494,188,0.27365009829706677
g__Senegalimassilia|s__Senegalimassilia_anaerobia,Senegalimassilia anaerobia,ALL,disease,1.3907933451385304,0.004079931485707995,188,0.03808659445434857
g__Senegalimassilia|s__Senegalimassilia_anaerobia,Senegalimassilia anaerobia,ALL,disease:site[T.Oral],-1.493701437003411,0.15793472783135212,188,0.5249534987576193
g__Senegalimassilia|s__Senegalimassilia_anaerobia,Senegalimassilia anaerobia,ALL,ppi_use,-0.5102027069981351,0.5473119167733542,188,0.8714097074916637
g__Senegalimassilia|s__Senegalimassilia_anaerobia,Senegalimassilia anaerobia,ALL,disease:ppi_use,-0.23663606469278867,0.8131843268346601,188,0.9619597895087618
g__Senegalimassilia|s__Senegalimassilia_anaerobia,Senegalimassilia anaerobia,ALL,age,0.011849137326225827,0.40361715459200576,188,0.7901261643156386
g__Senegalimassilia|s__Senegalimassilia_anaerobia,Senegalimassilia anaerobia,ALL,bmi,-0.026257304077874005,0.5628995317893405,188,0.8796730711254975
g__Senegalimassilia|s__Senegalimassilia_anaerobia,Senegalimassilia anaerobia,ALL,antibiotics_3m,0.5417298005333326,0.4179591270285219,188,0.7964367730022324
g__Senegalimassilia|s__Senegalimassilia_anaerobia,Senegalimassilia anaerobia,ALL,smoking,0.32967149661047634,0.488670784801695,188,0.8328159395902756
g__Slackia|s__Slackia_isoflavoniconvertens,Slackia isoflavoniconvertens,ALL,site[T.Oral],-1.018426852685777,0.3364541241888518,188,0.7339170230267757
g__Slackia|s__Slackia_isoflavoniconvertens,Slackia isoflavoniconvertens,ALL,sex[T.1],-0.6334316634055078,0.12757078412145215,188,0.4706651445522535
g__Slackia|s__Slackia_isoflavoniconvertens,Slackia isoflavoniconvertens,ALL,disease,-0.6592811239403609,0.22691080828438648,188,0.6346132545401056
g__Slackia|s__Slackia_isoflavoniconvertens,Slackia isoflavoniconvertens,ALL,disease:site[T.Oral],-0.032632398486536526,0.9783044169992952,188,0.9942906156920523
g__Slackia|s__Slackia_isoflavoniconvertens,Slackia isoflavoniconvertens,ALL,ppi_use,0.6977839003955901,0.46946477432680844,188,0.8243864798166198
g__Slackia|s__Slackia_isoflavoniconvertens,Slackia isoflavoniconvertens,ALL,disease:ppi_use,0.5688361630703697,0.6176096100896069,188,0.9005416148459434
g__Slackia|s__Slackia_isoflavoniconvertens,Slackia isoflavoniconvertens,ALL,age,-0.006323750516618832,0.6949661054112823,188,0.9271017907425374
g__Slackia|s__Slackia_isoflavoniconvertens,Slackia isoflavoniconvertens,ALL,bmi,-0.057440166116402784,0.2665093635158269,188,0.6743969501783097
g__Slackia|s__Slackia_isoflavoniconvertens,Slackia isoflavoniconvertens,ALL,antibiotics_3m,-0.6949193538693811,0.36117486884181527,188,0.7600283490330408
g__Slackia|s__Slackia_isoflavoniconvertens,Slackia isoflavoniconvertens,ALL,smoking,-0.040187235329777915,0.940811937079935,188,0.9884841913900583
g__Solobacterium|s__Solobacterium_SGB6829,Solobacterium SGB6829,ALL,site[T.Oral],5.885963379117715,8.821971794686434e-15,188,4.994374354733772e-13
g__Solobacterium|s__Solobacterium_SGB6829,Solobacterium SGB6829,ALL,sex[T.1],0.0011710359683397287,0.9965683559735068,188,0.9997013230828833
g__Solobacterium|s__Solobacterium_SGB6829,Solobacterium SGB6829,ALL,disease,0.4458226889263143,0.21374988295191788,188,0.6165476413108814
g__Solobacterium|s__Solobacterium_SGB6829,Solobacterium SGB6829,ALL,disease:site[T.Oral],0.44736446190956425,0.5706550502024541,188,0.8819899719113227
g__Solobacterium|s__Solobacterium_SGB6829,Solobacterium SGB6829,ALL,ppi_use,-0.2336385776853164,0.7122962974766681,188,0.927187781393864
g__Solobacterium|s__Solobacterium_SGB6829,Solobacterium SGB6829,ALL,disease:ppi_use,0.7174455628265128,0.33841225230342464,188,0.7359522959014997
g__Solobacterium|s__Solobacterium_SGB6829,Solobacterium SGB6829,ALL,age,-0.012995703921687207,0.2209624915414606,188,0.6272555736469397
g__Solobacterium|s__Solobacterium_SGB6829,Solobacterium SGB6829,ALL,bmi,-0.01718396026328066,0.6124670005331004,188,0.8984746400108621
g__Solobacterium|s__Solobacterium_SGB6829,Solobacterium SGB6829,ALL,antibiotics_3m,-0.011850401496664012,0.9810725444632962,188,0.9958255150567292
g__Solobacterium|s__Solobacterium_SGB6829,Solobacterium SGB6829,ALL,smoking,-0.09374909663600922,0.792117652151954,188,0.9566286621206747
g__Staphylococcus|s__Staphylococcus_SGB6340,Staphylococcus SGB6340,ALL,site[T.Oral],-0.4270752901431236,0.6424288782807926,188,0.9079779863016672
g__Staphylococcus|s__Staphylococcus_SGB6340,Staphylococcus SGB6340,ALL,sex[T.1],-0.0936678528236078,0.794770872564893,188,0.9577348885233693
g__Staphylococcus|s__Staphylococcus_SGB6340,Staphylococcus SGB6340,ALL,disease,-0.9490149513116639,0.04610105053810784,188,0.25009998050812754
g__Staphylococcus|s__Staphylococcus_SGB6340,Staphylococcus SGB6340,ALL,disease:site[T.Oral],0.6343261568497871,0.5431875284876,188,0.870199759983712
g__Staphylococcus|s__Staphylococcus_SGB6340,Staphylococcus SGB6340,ALL,ppi_use,0.12415493504179845,0.8821758574794547,188,0.9743526013152224
g__Staphylococcus|s__Staphylococcus_SGB6340,Staphylococcus SGB6340,ALL,disease:ppi_use,0.06223479574259682,0.9498647588246087,188,0.9889716762650341
g__Staphylococcus|s__Staphylococcus_SGB6340,Staphylococcus SGB6340,ALL,age,-0.015147848715976804,0.2804340230754645,188,0.689164115513143
g__Staphylococcus|s__Staphylococcus_SGB6340,Staphylococcus SGB6340,ALL,bmi,-0.00484151390703927,0.9140265113807372,188,0.9846856260026088
g__Staphylococcus|s__Staphylococcus_SGB6340,Staphylococcus SGB6340,ALL,antibiotics_3m,0.461895609352527,0.4846940551349207,188,0.8327342797472206
g__Staphylococcus|s__Staphylococcus_SGB6340,Staphylococcus SGB6340,ALL,smoking,-0.13478377367603842,0.774468567276239,188,0.9530040787506285
g__Stomatobaculum|s__Stomatobaculum_SGB5266,Stomatobaculum SGB5266,ALL,site[T.Oral],5.2920935707975865,1.1259828537633464e-09,188,4.032856955825864e-08
g__Stomatobaculum|s__Stomatobaculum_SGB5266,Stomatobaculum SGB5266,ALL,sex[T.1],-0.13289170250041374,0.6803973274175965,188,0.925258670550084
g__Stomatobaculum|s__Stomatobaculum_SGB5266,Stomatobaculum SGB5266,ALL,disease,0.5206942940873749,0.22023399952247172,188,0.6270175828264613
g__Stomatobaculum|s__Stomatobaculum_SGB5266,Stomatobaculum SGB5266,ALL,disease:site[T.Oral],-2.040599500599476,0.030003317504747457,188,0.18772129133986376
g__Stomatobaculum|s__Stomatobaculum_SGB5266,Stomatobaculum SGB5266,ALL,ppi_use,-1.2021438624477494,0.11042215778221834,188,0.4340221431305558
g__Stomatobaculum|s__Stomatobaculum_SGB5266,Stomatobaculum SGB5266,ALL,disease:ppi_use,1.751500236943357,0.04945443507905566,188,0.26063823893015825
g__Stomatobaculum|s__Stomatobaculum_SGB5266,Stomatobaculum SGB5266,ALL,age,0.012362515710526163,0.32529660741045197,188,0.7240273253079813
g__Stomatobaculum|s__Stomatobaculum_SGB5266,Stomatobaculum SGB5266,ALL,bmi,0.013809380132848995,0.731065734217509,188,0.9346823348521714
g__Stomatobaculum|s__Stomatobaculum_SGB5266,Stomatobaculum SGB5266,ALL,antibiotics_3m,-0.3804220509508928,0.5205236532612947,188,0.8537560854893198
g__Stomatobaculum|s__Stomatobaculum_SGB5266,Stomatobaculum SGB5266,ALL,smoking,-0.11323341369606563,0.7881378772081931,188,0.9564616781924473
g__Stomatobaculum|s__Stomatobaculum_longum,Stomatobaculum longum,ALL,site[T.Oral],4.717195362431817,7.491510341079235e-09,188,2.2649782387441505e-07
g__Stomatobaculum|s__Stomatobaculum_longum,Stomatobaculum longum,ALL,sex[T.1],0.06300934026933033,0.8361324727184029,188,0.9647128620860638
g__Stomatobaculum|s__Stomatobaculum_longum,Stomatobaculum longum,ALL,disease,0.6179181657259672,0.12391147241086446,188,0.4602426118117823
g__Stomatobaculum|s__Stomatobaculum_longum,Stomatobaculum longum,ALL,disease:site[T.Oral],3.144069082864135,0.00046114930560460927,188,0.005639839939624315
g__Stomatobaculum|s__Stomatobaculum_longum,Stomatobaculum longum,ALL,ppi_use,-0.1510709297823524,0.8311962884294215,188,0.9647128620860638
g__Stomatobaculum|s__Stomatobaculum_longum,Stomatobaculum longum,ALL,disease:ppi_use,0.3941122182021091,0.6379830414876682,188,0.9057684922913966
g__Stomatobaculum|s__Stomatobaculum_longum,Stomatobaculum longum,ALL,age,0.0016940838159816992,0.8863554497606332,188,0.9757150140376704
g__Stomatobaculum|s__Stomatobaculum_longum,Stomatobaculum longum,ALL,bmi,0.006107521514286801,0.8721070184145183,188,0.9717997225264025
g__Stomatobaculum|s__Stomatobaculum_longum,Stomatobaculum longum,ALL,antibiotics_3m,0.08766147344569333,0.8753521854682889,188,0.9729215234305554
g__Stomatobaculum|s__Stomatobaculum_longum,Stomatobaculum longum,ALL,smoking,-0.026005541004460904,0.9478899943065928,188,0.9889716762650341
g__Streptococcus|s__Streptococcus_SGB15012,Streptococcus SGB15012,ALL,site[T.Oral],-0.31059263675760657,0.6871658942457122,188,0.9270978440450118
g__Streptococcus|s__Streptococcus_SGB15012,Streptococcus SGB15012,ALL,sex[T.1],0.03776684123797368,0.900459901662247,188,0.9802536230266833
g__Streptococcus|s__Streptococcus_SGB15012,Streptococcus SGB15012,ALL,disease,-0.86547301369147,0.030246932386416497,188,0.1889087770041315
g__Streptococcus|s__Streptococcus_SGB15012,Streptococcus SGB15012,ALL,disease:site[T.Oral],0.7044110171968191,0.4209129700249634,188,0.7969027112258336
g__Streptococcus|s__Streptococcus_SGB15012,Streptococcus SGB15012,ALL,ppi_use,0.5987267622111041,0.3945001636202645,188,0.7827519359616059
g__Streptococcus|s__Streptococcus_SGB15012,Streptococcus SGB15012,ALL,disease:ppi_use,-0.6662244236403569,0.42258326822559966,188,0.7969027112258336
g__Streptococcus|s__Streptococcus_SGB15012,Streptococcus SGB15012,ALL,age,0.0171492433657084,0.14560688714826728,188,0.4998191002556843
g__Streptococcus|s__Streptococcus_SGB15012,Streptococcus SGB15012,ALL,bmi,-0.117401019190007,0.002069118372032784,188,0.02142361500246334
g__Streptococcus|s__Streptococcus_SGB15012,Streptococcus SGB15012,ALL,antibiotics_3m,0.5199309025304014,0.34851376894906194,188,0.7481855223310137
g__Streptococcus|s__Streptococcus_SGB15012,Streptococcus SGB15012,ALL,smoking,-0.37945424930711696,0.3366400020151308,188,0.7339170230267757
g__Streptococcus|s__Streptococcus_australis,Streptococcus australis,ALL,site[T.Oral],5.190107972882638,1.610379319659231e-09,188,5.4877974873824284e-08
g__Streptococcus|s__Streptococcus_australis,Streptococcus australis,ALL,sex[T.1],-0.09362149536257348,0.7696455763855032,188,0.9530040787506285
g__Streptococcus|s__Streptococcus_australis,Streptococcus australis,ALL,disease,0.8900115840417179,0.0352507037034343,188,0.20935697123359456
g__Streptococcus|s__Streptococcus_australis,Streptococcus australis,ALL,disease:site[T.Oral],-0.2797136077133433,0.7625732680232171,188,0.9518606581655377
g__Streptococcus|s__Streptococcus_australis,Streptococcus australis,ALL,ppi_use,-1.393068718882698,0.06232283980079663,188,0.30680668681738593
g__Streptococcus|s__Streptococcus_australis,Streptococcus australis,ALL,disease:ppi_use,1.383328410042001,0.11671054274826775,188,0.446732829930665
g__Streptococcus|s__Streptococcus_australis,Streptococcus australis,ALL,age,0.017484679464221085,0.16100556784124379,188,0.5319828534497602
g__Streptococcus|s__Streptococcus_australis,Streptococcus australis,ALL,bmi,0.004952757757435189,0.9010007223690395,188,0.9802536230266833
g__Streptococcus|s__Streptococcus_australis,Streptococcus australis,ALL,antibiotics_3m,0.42291798618738424,0.4711405350797161,188,0.8243864798166198
g__Streptococcus|s__Streptococcus_australis,Streptococcus australis,ALL,smoking,-0.8915077865897023,0.033888272911290984,188,0.2054366803430593
g__Streptococcus|s__Streptococcus_cristatus,Streptococcus cristatus,ALL,site[T.Oral],2.993979236514539,1.0922079650706157e-05,188,0.0001870073149950176
g__Streptococcus|s__Streptococcus_cristatus,Streptococcus cristatus,ALL,sex[T.1],-0.137730058574894,0.5954453559884101,188,0.889404195757805
g__Streptococcus|s__Streptococcus_cristatus,Streptococcus cristatus,ALL,disease,0.728779718700658,0.03356990751516467,188,0.2038587809311903
g__Streptococcus|s__Streptococcus_cristatus,Streptococcus cristatus,ALL,disease:site[T.Oral],0.657287893620348,0.3819270253958962,188,0.7766882150287343
g__Streptococcus|s__Streptococcus_cristatus,Streptococcus cristatus,ALL,ppi_use,-0.6628781526423947,0.27264092879782964,188,0.6824712913913885
g__Streptococcus|s__Streptococcus_cristatus,Streptococcus cristatus,ALL,disease:ppi_use,0.5307348931673509,0.4568714723466929,188,0.8150024314720264
g__Streptococcus|s__Streptococcus_cristatus,Streptococcus cristatus,ALL,age,0.009826720695966242,0.3307513769088183,188,0.7290757507746437
g__Streptococcus|s__Streptococcus_cristatus,Streptococcus cristatus,ALL,bmi,-0.03116037144346521,0.33523494130598697,188,0.7339170230267757
g__Streptococcus|s__Streptococcus_cristatus,Streptococcus cristatus,ALL,antibiotics_3m,0.1009400910732792,0.8319642247291072,188,0.9647128620860638
g__Streptococcus|s__Streptococcus_cristatus,Streptococcus cristatus,ALL,smoking,0.13737978843909898,0.68510772594584,188,0.9264596275900318
g__Streptococcus|s__Streptococcus_gordonii,Streptococcus gordonii,ALL,site[T.Oral],3.0368237046428375,1.2454503581219755e-05,188,0.00021016974793308335
g__Streptococcus|s__Streptococcus_gordonii,Streptococcus gordonii,ALL,sex[T.1],-0.4381690869737985,0.09930599912885754,188,0.41004309450810134
g__Streptococcus|s__Streptococcus_gordonii,Streptococcus gordonii,ALL,disease,0.4560849393914466,0.1910646734698047,188,0.583670151330735
g__Streptococcus|s__Streptococcus_gordonii,Streptococcus gordonii,ALL,disease:site[T.Oral],1.1334684146720184,0.14064937679836523,188,0.4946686498619859
g__Streptococcus|s__Streptococcus_gordonii,Streptococcus gordonii,ALL,ppi_use,-0.3984542734420541,0.5180453777239095,188,0.8515316311834322
g__Streptococcus|s__Streptococcus_gordonii,Streptococcus gordonii,ALL,disease:ppi_use,0.664320963466786,0.36204199418326044,188,0.7600283490330408
g__Streptococcus|s__Streptococcus_gordonii,Streptococcus gordonii,ALL,age,-0.009011180535572087,0.38239298975446767,188,0.7768254517108907
g__Streptococcus|s__Streptococcus_gordonii,Streptococcus gordonii,ALL,bmi,0.06128733201055643,0.06443089558276395,188,0.31150474310675136
g__Streptococcus|s__Streptococcus_gordonii,Streptococcus gordonii,ALL,antibiotics_3m,-0.03546426004137983,0.9418088492443044,188,0.9884841913900583
g__Streptococcus|s__Streptococcus_gordonii,Streptococcus gordonii,ALL,smoking,0.35554730788794525,0.30476384437517645,188,0.7056913366565017
g__Streptococcus|s__Streptococcus_infantis,Streptococcus infantis,ALL,site[T.Oral],8.411242369167688,9.042986831767439e-28,188,1.8671108105590417e-25
g__Streptococcus|s__Streptococcus_infantis,Streptococcus infantis,ALL,sex[T.1],-0.3637206350816801,0.1505971538517207,188,0.5091710291568629
g__Streptococcus|s__Streptococcus_infantis,Streptococcus infantis,ALL,disease,0.8456123838185755,0.011486248704827905,188,0.09225797014632939
g__Streptococcus|s__Streptococcus_infantis,Streptococcus infantis,ALL,disease:site[T.Oral],0.02193562069969658,0.9760499769598084,188,0.9942906156920523
g__Streptococcus|s__Streptococcus_infantis,Streptococcus infantis,ALL,ppi_use,-0.4898147952929586,0.4044613740780424,188,0.7902688781151936
g__Streptococcus|s__Streptococcus_infantis,Streptococcus infantis,ALL,disease:ppi_use,0.3124673761672049,0.652419536762946,188,0.9140271821073853
g__Streptococcus|s__Streptococcus_infantis,Streptococcus infantis,ALL,age,0.0012635461405642655,0.8975969497444001,188,0.9798007144700099
g__Streptococcus|s__Streptococcus_infantis,Streptococcus infantis,ALL,bmi,-0.03847820600375183,0.22172692038069639,188,0.6277551057098655
g__Streptococcus|s__Streptococcus_infantis,Streptococcus infantis,ALL,antibiotics_3m,0.32723889333033135,0.4798755303659913,188,0.8303334859234778
g__Streptococcus|s__Streptococcus_infantis,Streptococcus infantis,ALL,smoking,-0.5799625873740935,0.07975348716635534,188,0.35878666372947526
g__Streptococcus|s__Streptococcus_mitis,Streptococcus mitis,ALL,site[T.Oral],10.403872178046951,7.570230450759545e-37,188,6.6428772205415e-34
g__Streptococcus|s__Streptococcus_mitis,Streptococcus mitis,ALL,sex[T.1],-0.24202072029883856,0.3365482651990892,188,0.7339170230267757
g__Streptococcus|s__Streptococcus_mitis,Streptococcus mitis,ALL,disease,0.7013482010703829,0.03497037948566819,188,0.20935697123359456
g__Streptococcus|s__Streptococcus_mitis,Streptococcus mitis,ALL,disease:site[T.Oral],-1.2670547420385698,0.08324851777570867,188,0.36571000925248737
g__Streptococcus|s__Streptococcus_mitis,Streptococcus mitis,ALL,ppi_use,-1.3916667025570155,0.018291255529316826,188,0.1312930611613539
g__Streptococcus|s__Streptococcus_mitis,Streptococcus mitis,ALL,disease:ppi_use,0.6124902419060154,0.3762121553305884,188,0.7716514621912463
g__Streptococcus|s__Streptococcus_mitis,Streptococcus mitis,ALL,age,-0.009668800304980657,0.32386588849731246,188,0.7228790935006894
g__Streptococcus|s__Streptococcus_mitis,Streptococcus mitis,ALL,bmi,-0.010868863449257558,0.7286567094855254,188,0.9334252008372972
g__Streptococcus|s__Streptococcus_mitis,Streptococcus mitis,ALL,antibiotics_3m,-0.5292184643371185,0.25228287185844933,188,0.660955059642885
g__Streptococcus|s__Streptococcus_mitis,Streptococcus mitis,ALL,smoking,0.4089592334995175,0.2142193368445618,188,0.6173315864732446
g__Streptococcus|s__Streptococcus_oralis,Streptococcus oralis,ALL,site[T.Oral],2.9611802441394213,3.4731252406977606e-05,188,0.0005370339028567903
g__Streptococcus|s__Streptococcus_oralis,Streptococcus oralis,ALL,sex[T.1],-0.029980801971263932,0.9126510602765101,188,0.9846856260026088
g__Streptococcus|s__Streptococcus_oralis,Streptococcus oralis,ALL,disease,0.5913981044704214,0.10091872060978375,188,0.4138139127807721
g__Streptococcus|s__Streptococcus_oralis,Streptococcus oralis,ALL,disease:site[T.Oral],1.4985676086094826,0.05959163382741989,188,0.2964931041632586
g__Streptococcus|s__Streptococcus_oralis,Streptococcus oralis,ALL,ppi_use,-0.054788295717583285,0.9313336371393128,188,0.9884841913900583
g__Streptococcus|s__Streptococcus_oralis,Streptococcus oralis,ALL,disease:ppi_use,-0.14574572361555985,0.8461913604408243,188,0.9655824691636193
g__Streptococcus|s__Streptococcus_oralis,Streptococcus oralis,ALL,age,-0.028778110551314972,0.007395676462837745,188,0.06364119408366675
g__Streptococcus|s__Streptococcus_oralis,Streptococcus oralis,ALL,bmi,0.039511201968959374,0.24664006287391582,188,0.6579765868779979
g__Streptococcus|s__Streptococcus_oralis,Streptococcus oralis,ALL,antibiotics_3m,-0.11747563246554778,0.8147685547627459,188,0.9624650582098098
g__Streptococcus|s__Streptococcus_oralis,Streptococcus oralis,ALL,smoking,-0.1294363405957652,0.7169883299281588,188,0.9279113657566306
g__Streptococcus|s__Streptococcus_parasanguinis,Streptococcus parasanguinis,ALL,site[T.Oral],10.282614460917676,3.3612443345075385e-27,188,6.209456639011295e-25
g__Streptococcus|s__Streptococcus_parasanguinis,Streptococcus parasanguinis,ALL,sex[T.1],0.37360203681996074,0.23376099544309267,188,0.6420196353718742
g__Streptococcus|s__Streptococcus_parasanguinis,Streptococcus parasanguinis,ALL,disease,5.3329621591947864,1.6955539749647537e-27,188,3.3063302511812697e-25
g__Streptococcus|s__Streptococcus_parasanguinis,Streptococcus parasanguinis,ALL,disease:site[T.Oral],-4.968611687776266,1.398635838291035e-07,188,3.609714553236421e-06
g__Streptococcus|s__Streptococcus_parasanguinis,Streptococcus parasanguinis,ALL,ppi_use,0.7755595882469831,0.28781760804544854,188,0.6932733303428177
g__Streptococcus|s__Streptococcus_parasanguinis,Streptococcus parasanguinis,ALL,disease:ppi_use,-0.42743563095329945,0.6196160079876464,188,0.9009329693606624
g__Streptococcus|s__Streptococcus_parasanguinis,Streptococcus parasanguinis,ALL,age,-0.0047558177272148715,0.6963754749456976,188,0.9271017907425374
g__Streptococcus|s__Streptococcus_parasanguinis,Streptococcus parasanguinis,ALL,bmi,-0.014230852365858632,0.7152373127428799,188,0.9279113657566306
g__Streptococcus|s__Streptococcus_parasanguinis,Streptococcus parasanguinis,ALL,antibiotics_3m,0.05026573019253165,0.9302738859001138,188,0.9884841913900583
g__Streptococcus|s__Streptococcus_parasanguinis,Streptococcus parasanguinis,ALL,smoking,0.14397025277871106,0.7249028456011337,188,0.9299832470398358
g__Streptococcus|s__Streptococcus_salivarius,Streptococcus salivarius,ALL,site[T.Oral],10.43424318982349,3.7684325035117767e-28,188,8.818132058217557e-26
g__Streptococcus|s__Streptococcus_salivarius,Streptococcus salivarius,ALL,sex[T.1],0.08095756302270833,0.7939122459687841,188,0.9576054925602859
g__Streptococcus|s__Streptococcus_salivarius,Streptococcus salivarius,ALL,disease,6.486921241877274,4.365959663199012e-36,188,3.064903683565706e-33
g__Streptococcus|s__Streptococcus_salivarius,Streptococcus salivarius,ALL,disease:site[T.Oral],-6.154809597024431,1.0631257739243313e-10,188,4.39008407820518e-09
g__Streptococcus|s__Streptococcus_salivarius,Streptococcus salivarius,ALL,ppi_use,0.3587869229639803,0.6188275795072219,188,0.9005416148459434
g__Streptococcus|s__Streptococcus_salivarius,Streptococcus salivarius,ALL,disease:ppi_use,-0.03525561715509883,0.9669866217694892,188,0.9927239082804642
g__Streptococcus|s__Streptococcus_salivarius,Streptococcus salivarius,ALL,age,0.005452701448234847,0.6512225736258055,188,0.9140271821073853
g__Streptococcus|s__Streptococcus_salivarius,Streptococcus salivarius,ALL,bmi,-0.013260727069168001,0.731192700280858,188,0.9346823348521714
g__Streptococcus|s__Streptococcus_salivarius,Streptococcus salivarius,ALL,antibiotics_3m,0.3453896730763208,0.5436889098701654,188,0.870199759983712
g__Streptococcus|s__Streptococcus_salivarius,Streptococcus salivarius,ALL,smoking,0.5786394530633427,0.15404220503609112,188,0.5165945097993402
g__Streptococcus|s__Streptococcus_sanguinis,Streptococcus sanguinis,ALL,site[T.Oral],3.446269843882522,3.093880956108264e-08,188,8.828879801577242e-07
g__Streptococcus|s__Streptococcus_sanguinis,Streptococcus sanguinis,ALL,sex[T.1],0.1884780073872347,0.41951056003673615,188,0.7969027112258336
g__Streptococcus|s__Streptococcus_sanguinis,Streptococcus sanguinis,ALL,disease,0.8231992935037299,0.007842468247331393,188,0.06681326103915823
g__Streptococcus|s__Streptococcus_sanguinis,Streptococcus sanguinis,ALL,disease:site[T.Oral],2.424758171333441,0.000421274346761264,188,0.005224992781385288
g__Streptococcus|s__Streptococcus_sanguinis,Streptococcus sanguinis,ALL,ppi_use,-0.2751290834784651,0.6122892978531077,188,0.8984746400108621
g__Streptococcus|s__Streptococcus_sanguinis,Streptococcus sanguinis,ALL,disease:ppi_use,-0.231456657951335,0.7181774384592072,188,0.9279113657566306
g__Streptococcus|s__Streptococcus_sanguinis,Streptococcus sanguinis,ALL,age,-0.0038918772342166853,0.6681757506356223,188,0.9190034814776781
g__Streptococcus|s__Streptococcus_sanguinis,Streptococcus sanguinis,ALL,bmi,0.009916249598731346,0.732897379690248,188,0.9350374011667405
g__Streptococcus|s__Streptococcus_sanguinis,Streptococcus sanguinis,ALL,antibiotics_3m,-0.1620806441259864,0.7049275630092877,188,0.9271017907425374
g__Streptococcus|s__Streptococcus_sanguinis,Streptococcus sanguinis,ALL,smoking,-0.06474730294570222,0.8317326352038582,188,0.9647128620860638
g__Streptococcus|s__Streptococcus_thermophilus,Streptococcus thermophilus,ALL,site[T.Oral],-0.8019049545066721,0.46960672163251116,188,0.8243864798166198
g__Streptococcus|s__Streptococcus_thermophilus,Streptococcus thermophilus,ALL,sex[T.1],-0.14690344135634387,0.7349835376571197,188,0.9364207067288098
g__Streptococcus|s__Streptococcus_thermophilus,Streptococcus thermophilus,ALL,disease,3.8728592503604133,1.532177244834091e-10,188,6.033581974351732e-09
g__Streptococcus|s__Streptococcus_thermophilus,Streptococcus thermophilus,ALL,disease:site[T.Oral],-3.9049201708370624,0.002167969249636302,188,0.022185341300942917
g__Streptococcus|s__Streptococcus_thermophilus,Streptococcus thermophilus,ALL,ppi_use,-0.5398443026028305,0.5929504713377254,188,0.889404195757805
g__Streptococcus|s__Streptococcus_thermophilus,Streptococcus thermophilus,ALL,disease:ppi_use,-0.46451412730788355,0.6970169941441883,188,0.9271017907425374
g__Streptococcus|s__Streptococcus_thermophilus,Streptococcus thermophilus,ALL,age,0.004185446913370936,0.8042426683332289,188,0.9595145363187061
g__Streptococcus|s__Streptococcus_thermophilus,Streptococcus thermophilus,ALL,bmi,-0.011329248334539086,0.8339599733253249,188,0.9647128620860638
g__Streptococcus|s__Streptococcus_thermophilus,Streptococcus thermophilus,ALL,antibiotics_3m,0.18239531884411386,0.8187808159015646,188,0.9624650582098098
g__Streptococcus|s__Streptococcus_thermophilus,Streptococcus thermophilus,ALL,smoking,0.6843777405646184,0.2282222939967458,188,0.6346132545401056
g__Streptococcus|s__Streptococcus_vestibularis,Streptococcus vestibularis,ALL,site[T.Oral],4.0272259768016765,6.720293743864697e-07,188,1.4651075180723657e-05
g__Streptococcus|s__Streptococcus_vestibularis,Streptococcus vestibularis,ALL,sex[T.1],-0.3172472934284804,0.3010694881002561,188,0.7030964093359274
g__Streptococcus|s__Streptococcus_vestibularis,Streptococcus vestibularis,ALL,disease,0.8296060258353603,0.04047920750537064,188,0.2288537405586754
g__Streptococcus|s__Streptococcus_vestibularis,Streptococcus vestibularis,ALL,disease:site[T.Oral],-0.644011706582377,0.4681803761779415,188,0.8243864798166198
g__Streptococcus|s__Streptococcus_vestibularis,Streptococcus vestibularis,ALL,ppi_use,0.754984441489279,0.2901550511645623,188,0.6944051688360178
g__Streptococcus|s__Streptococcus_vestibularis,Streptococcus vestibularis,ALL,disease:ppi_use,-1.0053500464721075,0.2334327386939966,188,0.6420196353718742
g__Streptococcus|s__Streptococcus_vestibularis,Streptococcus vestibularis,ALL,age,0.00807819117266933,0.4982237518658146,188,0.8407525812735621
g__Streptococcus|s__Streptococcus_vestibularis,Streptococcus vestibularis,ALL,bmi,0.028991419288318287,0.4476628246048704,188,0.808280099981016
g__Streptococcus|s__Streptococcus_vestibularis,Streptococcus vestibularis,ALL,antibiotics_3m,-0.09886760320713762,0.8603481772203913,188,0.9669362423982366
g__Streptococcus|s__Streptococcus_vestibularis,Streptococcus vestibularis,ALL,smoking,0.3123251787085972,0.43545071368463584,188,0.801064992155698
g__Sutterella|s__Sutterella_wadsworthensis,Sutterella wadsworthensis,ALL,site[T.Oral],-4.812766711785405,0.004619783731205352,188,0.04233796578728665
g__Sutterella|s__Sutterella_wadsworthensis,Sutterella wadsworthensis,ALL,sex[T.1],-0.7025005182540115,0.2863159356522556,188,0.6928522853420019
g__Sutterella|s__Sutterella_wadsworthensis,Sutterella wadsworthensis,ALL,disease,-1.3612428806817745,0.11657857484735833,188,0.446732829930665
g__Sutterella|s__Sutterella_wadsworthensis,Sutterella wadsworthensis,ALL,disease:site[T.Oral],0.7117455425367988,0.7087455795844468,188,0.9271637766743259
g__Sutterella|s__Sutterella_wadsworthensis,Sutterella wadsworthensis,ALL,ppi_use,-1.6514734109568538,0.28130887501285284,188,0.689164115513143
g__Sutterella|s__Sutterella_wadsworthensis,Sutterella wadsworthensis,ALL,disease:ppi_use,2.114261315626158,0.24322151197139247,188,0.6535038541703571
g__Sutterella|s__Sutterella_wadsworthensis,Sutterella wadsworthensis,ALL,age,0.045003723319206754,0.0800272585332167,188,0.35900772855894947
g__Sutterella|s__Sutterella_wadsworthensis,Sutterella wadsworthensis,ALL,bmi,-0.08887601596448809,0.27879790463326554,188,0.6876884365866213
g__Sutterella|s__Sutterella_wadsworthensis,Sutterella wadsworthensis,ALL,antibiotics_3m,0.5738905588127821,0.6344981187717909,188,0.9056321561990085
g__Sutterella|s__Sutterella_wadsworthensis,Sutterella wadsworthensis,ALL,smoking,1.0171517532195715,0.23744196971126053,188,0.6488648475512917
g__Tannerella|s__Tannerella_serpentiformis,Tannerella serpentiformis,ALL,site[T.Oral],3.8443036830370665,3.1764028068959034e-06,188,6.159764559229073e-05
g__Tannerella|s__Tannerella_serpentiformis,Tannerella serpentiformis,ALL,sex[T.1],0.1612286511337406,0.6068591930540927,188,0.8953040178125555
g__Tannerella|s__Tannerella_serpentiformis,Tannerella serpentiformis,ALL,disease,0.7099600778066099,0.08584642973849278,188,0.3743117619653536
g__Tannerella|s__Tannerella_serpentiformis,Tannerella serpentiformis,ALL,disease:site[T.Oral],0.06631968826794733,0.9417167965532244,188,0.9884841913900583
g__Tannerella|s__Tannerella_serpentiformis,Tannerella serpentiformis,ALL,ppi_use,-0.9612114067478554,0.18821306569601623,188,0.5789445550764086
g__Tannerella|s__Tannerella_serpentiformis,Tannerella serpentiformis,ALL,disease:ppi_use,1.2239888426410472,0.1563284560227249,188,0.5225836958473947
g__Tannerella|s__Tannerella_serpentiformis,Tannerella serpentiformis,ALL,age,0.014855912770213066,0.2238631652060581,188,0.6310894425309318
g__Tannerella|s__Tannerella_serpentiformis,Tannerella serpentiformis,ALL,bmi,0.0024418315974053446,0.9500890291640157,188,0.9889716762650341
g__Tannerella|s__Tannerella_serpentiformis,Tannerella serpentiformis,ALL,antibiotics_3m,0.07094699666746576,0.9017375565733738,188,0.9805138858650998
g__Tannerella|s__Tannerella_serpentiformis,Tannerella serpentiformis,ALL,smoking,-0.40687909191099036,0.32067387008355863,188,0.7219790147487434
g__Veillonella|s__Veillonella_atypica,Veillonella atypica,ALL,site[T.Oral],12.43593836486047,2.6552984674434474e-69,188,9.3200976207265e-66
g__Veillonella|s__Veillonella_atypica,Veillonella atypica,ALL,sex[T.1],0.19621172298360168,0.2430284487769416,188,0.6535038541703571
g__Veillonella|s__Veillonella_atypica,Veillonella atypica,ALL,disease,0.6334779779345326,0.004496370694407821,188,0.041314819731338874
g__Veillonella|s__Veillonella_atypica,Veillonella atypica,ALL,disease:site[T.Oral],-1.3290248999238414,0.006780868325369931,188,0.05935373521707846
g__Veillonella|s__Veillonella_atypica,Veillonella atypica,ALL,ppi_use,-0.03627727095168756,0.925936837048492,188,0.9866540066910161
g__Veillonella|s__Veillonella_atypica,Veillonella atypica,ALL,disease:ppi_use,0.004093723991957421,0.9929166654622067,188,0.9979694681801684
g__Veillonella|s__Veillonella_atypica,Veillonella atypica,ALL,age,-0.004827882351610578,0.45987716347312424,188,0.8164738714166243
g__Veillonella|s__Veillonella_atypica,Veillonella atypica,ALL,bmi,0.002772127457552733,0.8944423589484226,188,0.9782058559459991
g__Veillonella|s__Veillonella_atypica,Veillonella atypica,ALL,antibiotics_3m,-0.020786935666143175,0.9461461703660332,188,0.9885842329054207
g__Veillonella|s__Veillonella_atypica,Veillonella atypica,ALL,smoking,0.16853229477588932,0.44219771900937865,188,0.802956023653864
g__Veillonella|s__Veillonella_dispar,Veillonella dispar,ALL,site[T.Oral],11.30670669619122,5.101301131115647e-25,188,8.952783485107962e-23
g__Veillonella|s__Veillonella_dispar,Veillonella dispar,ALL,sex[T.1],-0.22841109958478265,0.5324336315120501,188,0.8624098046180415
g__Veillonella|s__Veillonella_dispar,Veillonella dispar,ALL,disease,1.6621498172594045,0.0006676067990695556,188,0.007785049384498805
g__Veillonella|s__Veillonella_dispar,Veillonella dispar,ALL,disease:site[T.Oral],-3.432758574267418,0.0013993110114785684,188,0.015112558923968539
g__Veillonella|s__Veillonella_dispar,Veillonella dispar,ALL,ppi_use,-0.007104772060342247,0.9933364815868404,188,0.9979694681801684
g__Veillonella|s__Veillonella_dispar,Veillonella dispar,ALL,disease:ppi_use,0.26948814642808694,0.7886489395614854,188,0.9564616781924473
g__Veillonella|s__Veillonella_dispar,Veillonella dispar,ALL,age,-0.009060501467161176,0.5245290745739526,188,0.8575207507007795
g__Veillonella|s__Veillonella_dispar,Veillonella dispar,ALL,bmi,-0.053485577140059595,0.24114901362034136,188,0.6535038541703571
g__Veillonella|s__Veillonella_dispar,Veillonella dispar,ALL,antibiotics_3m,0.6066080110522745,0.3664176339895159,188,0.7629342144073817
g__Veillonella|s__Veillonella_dispar,Veillonella dispar,ALL,smoking,-0.15644014576848264,0.743319259601321,188,0.9400256970749098
g__Veillonella|s__Veillonella_parvula,Veillonella parvula,ALL,site[T.Oral],5.472543699332452,4.346165040236815e-13,188,2.1187554571154474e-11
g__Veillonella|s__Veillonella_parvula,Veillonella parvula,ALL,sex[T.1],-0.19132844449847045,0.4854872407076557,188,0.8328159395902756
g__Veillonella|s__Veillonella_parvula,Veillonella parvula,ALL,disease,0.5732741492653655,0.11277551983564166,188,0.43884930667749694
g__Veillonella|s__Veillonella_parvula,Veillonella parvula,ALL,disease:site[T.Oral],-0.610753720133418,0.44206608025588245,188,0.802956023653864
g__Veillonella|s__Veillonella_parvula,Veillonella parvula,ALL,ppi_use,0.2779380551128104,0.6630426300789128,188,0.9174515497627631
g__Veillonella|s__Veillonella_parvula,Veillonella parvula,ALL,disease:ppi_use,0.11087855227033436,0.8830207634831786,188,0.9745996434670452
g__Veillonella|s__Veillonella_parvula,Veillonella parvula,ALL,age,-3.1425986316103984e-05,0.9976493100760269,188,0.9999094788793534
g__Veillonella|s__Veillonella_parvula,Veillonella parvula,ALL,bmi,0.02127350918127121,0.5334286510476813,188,0.8632247880024719
g__Veillonella|s__Veillonella_parvula,Veillonella parvula,ALL,antibiotics_3m,0.08442573769703468,0.8666801043107473,188,0.969113464839351
g__Veillonella|s__Veillonella_parvula,Veillonella parvula,ALL,smoking,0.08206495684455972,0.818737226877924,188,0.9624650582098098
g__Veillonella|s__Veillonella_rogosae,Veillonella rogosae,ALL,site[T.Oral],8.545862306993447,2.037920529996497e-18,188,1.6635118744855125e-16
g__Veillonella|s__Veillonella_rogosae,Veillonella rogosae,ALL,sex[T.1],-0.553283254076417,0.10654989929853208,188,0.42535403117637305
g__Veillonella|s__Veillonella_rogosae,Veillonella rogosae,ALL,disease,0.8999338754770707,0.04617863088693022,188,0.2501342506375387
g__Veillonella|s__Veillonella_rogosae,Veillonella rogosae,ALL,disease:site[T.Oral],-3.625660600197359,0.00032025950597453737,188,0.004102594401352651
g__Veillonella|s__Veillonella_rogosae,Veillonella rogosae,ALL,ppi_use,-0.9319542361734874,0.2417806881938652,188,0.6535038541703571
g__Veillonella|s__Veillonella_rogosae,Veillonella rogosae,ALL,disease:ppi_use,0.613316731646349,0.513878491002951,188,0.8487046172410326
g__Veillonella|s__Veillonella_rogosae,Veillonella rogosae,ALL,age,0.0013663745949359127,0.9181212941416166,188,0.985422958625698
g__Veillonella|s__Veillonella_rogosae,Veillonella rogosae,ALL,bmi,-0.021339233041386352,0.6160576348418823,188,0.9002340958763559
g__Veillonella|s__Veillonella_rogosae,Veillonella rogosae,ALL,antibiotics_3m,-0.9189668169973505,0.14370874746249476,188,0.49887397605460837
g__Veillonella|s__Veillonella_rogosae,Veillonella rogosae,ALL,smoking,-0.8766141871181276,0.05068627462793876,188,0.2651398270403354
g__Vescimonas|s__Vescimonas_SGB15087,Vescimonas SGB15087,ALL,site[T.Oral],-0.8811916586521785,0.3696816629815357,188,0.7659873890585539
g__Vescimonas|s__Vescimonas_SGB15087,Vescimonas SGB15087,ALL,sex[T.1],0.09035330890084528,0.8140883240690603,188,0.962428432968138
g__Vescimonas|s__Vescimonas_SGB15087,Vescimonas SGB15087,ALL,disease,-0.03189253155206039,0.9496312775121976,188,0.9889716762650341
g__Vescimonas|s__Vescimonas_SGB15087,Vescimonas SGB15087,ALL,disease:site[T.Oral],0.8307280242240154,0.4556519863053632,188,0.814524410763416
g__Vescimonas|s__Vescimonas_SGB15087,Vescimonas SGB15087,ALL,ppi_use,1.7419880042466298,0.05255413020672182,188,0.2708737107571125
g__Vescimonas|s__Vescimonas_SGB15087,Vescimonas SGB15087,ALL,disease:ppi_use,-2.123772466484785,0.04555381524934586,188,0.24866857157885533
g__Vescimonas|s__Vescimonas_SGB15087,Vescimonas SGB15087,ALL,age,0.026789278554850943,0.07445594095849023,188,0.34386888521618514
g__Vescimonas|s__Vescimonas_SGB15087,Vescimonas SGB15087,ALL,bmi,-0.014515431971531026,0.7616541364640541,188,0.9512724451788183
g__Vescimonas|s__Vescimonas_SGB15087,Vescimonas SGB15087,ALL,antibiotics_3m,1.4286871469430307,0.04386996708838336,188,0.24173247171150017
g__Vescimonas|s__Vescimonas_SGB15087,Vescimonas SGB15087,ALL,smoking,0.186982731519426,0.7095212520665554,188,0.927187781393864
g__Vescimonas|s__Vescimonas_coprocola,Vescimonas coprocola,ALL,site[T.Oral],-4.926259767789561,1.2805553583213736e-05,188,0.0002140356813194296
g__Vescimonas|s__Vescimonas_coprocola,Vescimonas coprocola,ALL,sex[T.1],0.7234319593925105,0.09395799223433898,188,0.39448869945278686
g__Vescimonas|s__Vescimonas_coprocola,Vescimonas coprocola,ALL,disease,-2.0646793186897967,0.00033600160911441206,188,0.004288602356333041
g__Vescimonas|s__Vescimonas_coprocola,Vescimonas coprocola,ALL,disease:site[T.Oral],2.378695397254515,0.057508535306038756,188,0.2887767652706667
g__Vescimonas|s__Vescimonas_coprocola,Vescimonas coprocola,ALL,ppi_use,1.6025636719523773,0.11062481723867769,188,0.4342630283183478
g__Vescimonas|s__Vescimonas_coprocola,Vescimonas coprocola,ALL,disease:ppi_use,-1.2680415669736744,0.28440821782463677,188,0.6898917862406205
g__Vescimonas|s__Vescimonas_coprocola,Vescimonas coprocola,ALL,age,0.0036580434411976766,0.8270468835348863,188,0.9647128620860638
g__Vescimonas|s__Vescimonas_coprocola,Vescimonas coprocola,ALL,bmi,0.05428327535701821,0.311719921196467,188,0.7124168212602863
g__Vescimonas|s__Vescimonas_coprocola,Vescimonas coprocola,ALL,antibiotics_3m,-0.16352498642747093,0.8358731549120917,188,0.9647128620860638
g__Vescimonas|s__Vescimonas_coprocola,Vescimonas coprocola,ALL,smoking,0.16673506723895273,0.7667306185114982,188,0.9530040787506285
g__Victivallis|s__Victivallis_lenta,Victivallis lenta,ALL,site[T.Oral],-2.508852045890331,0.03743107674625452,188,0.21609059108446274
g__Victivallis|s__Victivallis_lenta,Victivallis lenta,ALL,sex[T.1],-0.22580972167827576,0.6304216893311068,188,0.9050225478741043
g__Victivallis|s__Victivallis_lenta,Victivallis lenta,ALL,disease,-2.9581014998225217,3.291249324409187e-06,188,6.312724114030736e-05
g__Victivallis|s__Victivallis_lenta,Victivallis lenta,ALL,disease:site[T.Oral],2.84802181794816,0.03723449766256541,188,0.21566515972872044
g__Victivallis|s__Victivallis_lenta,Victivallis lenta,ALL,ppi_use,0.41727814805858593,0.7023024132362771,188,0.9271017907425374
g__Victivallis|s__Victivallis_lenta,Victivallis lenta,ALL,disease:ppi_use,-0.582865515002977,0.6514171027260192,188,0.9140271821073853
g__Victivallis|s__Victivallis_lenta,Victivallis lenta,ALL,age,0.01235712046479986,0.4987887153942284,188,0.840977090523966
g__Victivallis|s__Victivallis_lenta,Victivallis lenta,ALL,bmi,-0.04722603429947477,0.41940937887388074,188,0.7969027112258336
g__Victivallis|s__Victivallis_lenta,Victivallis lenta,ALL,antibiotics_3m,-0.4420457177660587,0.6076869370860185,188,0.8953040178125555
g__Victivallis|s__Victivallis_lenta,Victivallis lenta,ALL,smoking,0.38729744506914643,0.5276605427806091,188,0.8592275438127481
g__Victivallis|s__Victivallis_vadensis,Victivallis vadensis,ALL,site[T.Oral],-2.2959293714286657,0.03121608057783316,188,0.19358382125122683
g__Victivallis|s__Victivallis_vadensis,Victivallis vadensis,ALL,sex[T.1],-0.7394251157760194,0.07579205796632128,188,0.3477517953748859
g__Victivallis|s__Victivallis_vadensis,Victivallis vadensis,ALL,disease,-2.051668689514907,0.00022112730269176174,188,0.002951166663300698
g__Victivallis|s__Victivallis_vadensis,Victivallis vadensis,ALL,disease:site[T.Oral],2.67121478867343,0.027139374539627004,188,0.17623043374189223
g__Victivallis|s__Victivallis_vadensis,Victivallis vadensis,ALL,ppi_use,1.632039255902946,0.0919209756704187,188,0.3896650055593836
g__Victivallis|s__Victivallis_vadensis,Victivallis vadensis,ALL,disease:ppi_use,-2.139279657886627,0.06177575631752002,188,0.30455987179780325
g__Victivallis|s__Victivallis_vadensis,Victivallis vadensis,ALL,age,0.03935905068169278,0.015538898270360322,188,0.11604581474247815
g__Victivallis|s__Victivallis_vadensis,Victivallis vadensis,ALL,bmi,-0.08506290043269463,0.10076298845910249,188,0.4138139127807721
g__Victivallis|s__Victivallis_vadensis,Victivallis vadensis,ALL,antibiotics_3m,-0.22102543094684937,0.7713756214502691,188,0.9530040787506285
g__Victivallis|s__Victivallis_vadensis,Victivallis vadensis,ALL,smoking,0.07785602689674105,0.8856877302305431,188,0.9757150140376704
g__Waltera|s__Waltera_intestinalis,Waltera intestinalis,ALL,site[T.Oral],-5.009088256098497,3.0210068681208444e-06,188,5.957153992755148e-05
g__Waltera|s__Waltera_intestinalis,Waltera intestinalis,ALL,sex[T.1],-0.10794898074185436,0.7909306687453184,188,0.9566286621206747
g__Waltera|s__Waltera_intestinalis,Waltera intestinalis,ALL,disease,-2.2316060979414294,4.633970779138035e-05,188,0.0007033888120938502
g__Waltera|s__Waltera_intestinalis,Waltera intestinalis,ALL,disease:site[T.Oral],2.280106071046222,0.05440910975221598,188,0.2767767756960552
g__Waltera|s__Waltera_intestinalis,Waltera intestinalis,ALL,ppi_use,-0.06856216398802309,0.9422986052396396,188,0.9884841913900583
g__Waltera|s__Waltera_intestinalis,Waltera intestinalis,ALL,disease:ppi_use,-0.11305125983321092,0.9195470128646869,188,0.985476393880623
g__Waltera|s__Waltera_intestinalis,Waltera intestinalis,ALL,age,-0.017054381112643353,0.2825347376303656,188,0.6898917862406205
g__Waltera|s__Waltera_intestinalis,Waltera intestinalis,ALL,bmi,0.08532857022084751,0.09374032961034656,188,0.394046175966846
g__Waltera|s__Waltera_intestinalis,Waltera intestinalis,ALL,antibiotics_3m,-0.08770794244945636,0.9065286474126599,188,0.9819532575029183
g__Waltera|s__Waltera_intestinalis,Waltera intestinalis,ALL,smoking,-0.16904961948840738,0.750636084384086,188,0.9438709631210344
