taxon,pretty_taxon,model,term,beta,p,n,q
g__Abiotrophia|s__Abiotrophia_defectiva,s  Abiotrophia defectiva,Fecal,sex[T.1],-0.04476732793073701,0.7317759848892824,140,0.9188697366846488
g__Abiotrophia|s__Abiotrophia_defectiva,s  Abiotrophia defectiva,Fecal,disease,0.7492398288194284,1.093664761251317e-06,140,1.879114907968172e-05
g__Abiotrophia|s__Abiotrophia_defectiva,s  Abiotrophia defectiva,Fecal,ppi_use,-0.41270323973302603,0.024362365365069052,140,0.1542740507782852
g__Abiotrophia|s__Abiotrophia_defectiva,s  Abiotrophia defectiva,Fecal,age,-0.00600706620111464,0.2404590232047669,140,0.6724241697850074
g__Abiotrophia|s__Abiotrophia_defectiva,s  Abiotrophia defectiva,Fecal,bmi,-0.0038101555421357356,0.8096674724958343,140,0.9188697366846488
g__Abiotrophia|s__Abiotrophia_defectiva,s  Abiotrophia defectiva,Fecal,antibiotics_3m,-0.06918286390994874,0.7610185220111207,140,0.9188697366846488
g__Abiotrophia|s__Abiotrophia_defectiva,s  Abiotrophia defectiva,Fecal,smoking,0.05480085219928851,0.7665709861515893,140,0.9188697366846488
g__Actinomyces|s__Actinomyces_SGB17132,s  Actinomyces SGB17132,Fecal,sex[T.1],-0.04476732793073701,0.7317759848892824,140,0.9188697366846488
g__Actinomyces|s__Actinomyces_SGB17132,s  Actinomyces SGB17132,Fecal,disease,0.7492398288194284,1.093664761251317e-06,140,1.879114907968172e-05
g__Actinomyces|s__Actinomyces_SGB17132,s  Actinomyces SGB17132,Fecal,ppi_use,-0.41270323973302603,0.024362365365069052,140,0.1542740507782852
g__Actinomyces|s__Actinomyces_SGB17132,s  Actinomyces SGB17132,Fecal,age,-0.00600706620111464,0.2404590232047669,140,0.6724241697850074
g__Actinomyces|s__Actinomyces_SGB17132,s  Actinomyces SGB17132,Fecal,bmi,-0.0038101555421357356,0.8096674724958343,140,0.9188697366846488
g__Actinomyces|s__Actinomyces_SGB17132,s  Actinomyces SGB17132,Fecal,antibiotics_3m,-0.06918286390994874,0.7610185220111207,140,0.9188697366846488
g__Actinomyces|s__Actinomyces_SGB17132,s  Actinomyces SGB17132,Fecal,smoking,0.05480085219928851,0.7665709861515893,140,0.9188697366846488
g__Actinomyces|s__Actinomyces_SGB17154,s  Actinomyces SGB17154,Fecal,sex[T.1],-0.04476732793073701,0.7317759848892824,140,0.9188697366846488
g__Actinomyces|s__Actinomyces_SGB17154,s  Actinomyces SGB17154,Fecal,disease,0.7492398288194284,1.093664761251317e-06,140,1.879114907968172e-05
g__Actinomyces|s__Actinomyces_SGB17154,s  Actinomyces SGB17154,Fecal,ppi_use,-0.41270323973302603,0.024362365365069052,140,0.1542740507782852
g__Actinomyces|s__Actinomyces_SGB17154,s  Actinomyces SGB17154,Fecal,age,-0.00600706620111464,0.2404590232047669,140,0.6724241697850074
g__Actinomyces|s__Actinomyces_SGB17154,s  Actinomyces SGB17154,Fecal,bmi,-0.0038101555421357356,0.8096674724958343,140,0.9188697366846488
g__Actinomyces|s__Actinomyces_SGB17154,s  Actinomyces SGB17154,Fecal,antibiotics_3m,-0.06918286390994874,0.7610185220111207,140,0.9188697366846488
g__Actinomyces|s__Actinomyces_SGB17154,s  Actinomyces SGB17154,Fecal,smoking,0.05480085219928851,0.7665709861515893,140,0.9188697366846488
g__Actinomyces|s__Actinomyces_SGB17157,s  Actinomyces SGB17157,Fecal,sex[T.1],-0.04476732793073701,0.7317759848892824,140,0.9188697366846488
g__Actinomyces|s__Actinomyces_SGB17157,s  Actinomyces SGB17157,Fecal,disease,0.7492398288194284,1.093664761251317e-06,140,1.879114907968172e-05
g__Actinomyces|s__Actinomyces_SGB17157,s  Actinomyces SGB17157,Fecal,ppi_use,-0.41270323973302603,0.024362365365069052,140,0.1542740507782852
g__Actinomyces|s__Actinomyces_SGB17157,s  Actinomyces SGB17157,Fecal,age,-0.00600706620111464,0.2404590232047669,140,0.6724241697850074
g__Actinomyces|s__Actinomyces_SGB17157,s  Actinomyces SGB17157,Fecal,bmi,-0.0038101555421357356,0.8096674724958343,140,0.9188697366846488
g__Actinomyces|s__Actinomyces_SGB17157,s  Actinomyces SGB17157,Fecal,antibiotics_3m,-0.06918286390994874,0.7610185220111207,140,0.9188697366846488
g__Actinomyces|s__Actinomyces_SGB17157,s  Actinomyces SGB17157,Fecal,smoking,0.05480085219928851,0.7665709861515893,140,0.9188697366846488
g__Actinomyces|s__Actinomyces_SGB17163,s  Actinomyces SGB17163,Fecal,sex[T.1],-0.04476732793073701,0.7317759848892824,140,0.9188697366846488
g__Actinomyces|s__Actinomyces_SGB17163,s  Actinomyces SGB17163,Fecal,disease,0.7492398288194284,1.093664761251317e-06,140,1.879114907968172e-05
g__Actinomyces|s__Actinomyces_SGB17163,s  Actinomyces SGB17163,Fecal,ppi_use,-0.41270323973302603,0.024362365365069052,140,0.1542740507782852
g__Actinomyces|s__Actinomyces_SGB17163,s  Actinomyces SGB17163,Fecal,age,-0.00600706620111464,0.2404590232047669,140,0.6724241697850074
g__Actinomyces|s__Actinomyces_SGB17163,s  Actinomyces SGB17163,Fecal,bmi,-0.0038101555421357356,0.8096674724958343,140,0.9188697366846488
g__Actinomyces|s__Actinomyces_SGB17163,s  Actinomyces SGB17163,Fecal,antibiotics_3m,-0.06918286390994874,0.7610185220111207,140,0.9188697366846488
g__Actinomyces|s__Actinomyces_SGB17163,s  Actinomyces SGB17163,Fecal,smoking,0.05480085219928851,0.7665709861515893,140,0.9188697366846488
g__Actinomyces|s__Actinomyces_SGB17168,s  Actinomyces SGB17168,Fecal,sex[T.1],-0.04476732793073701,0.7317759848892824,140,0.9188697366846488
g__Actinomyces|s__Actinomyces_SGB17168,s  Actinomyces SGB17168,Fecal,disease,0.7492398288194284,1.093664761251317e-06,140,1.879114907968172e-05
g__Actinomyces|s__Actinomyces_SGB17168,s  Actinomyces SGB17168,Fecal,ppi_use,-0.41270323973302603,0.024362365365069052,140,0.1542740507782852
g__Actinomyces|s__Actinomyces_SGB17168,s  Actinomyces SGB17168,Fecal,age,-0.00600706620111464,0.2404590232047669,140,0.6724241697850074
g__Actinomyces|s__Actinomyces_SGB17168,s  Actinomyces SGB17168,Fecal,bmi,-0.0038101555421357356,0.8096674724958343,140,0.9188697366846488
g__Actinomyces|s__Actinomyces_SGB17168,s  Actinomyces SGB17168,Fecal,antibiotics_3m,-0.06918286390994874,0.7610185220111207,140,0.9188697366846488
g__Actinomyces|s__Actinomyces_SGB17168,s  Actinomyces SGB17168,Fecal,smoking,0.05480085219928851,0.7665709861515893,140,0.9188697366846488
g__Actinomyces|s__Actinomyces_dentalis,s  Actinomyces dentalis,Fecal,sex[T.1],-0.04476732793073701,0.7317759848892824,140,0.9188697366846488
g__Actinomyces|s__Actinomyces_dentalis,s  Actinomyces dentalis,Fecal,disease,0.7492398288194284,1.093664761251317e-06,140,1.879114907968172e-05
g__Actinomyces|s__Actinomyces_dentalis,s  Actinomyces dentalis,Fecal,ppi_use,-0.41270323973302603,0.024362365365069052,140,0.1542740507782852
g__Actinomyces|s__Actinomyces_dentalis,s  Actinomyces dentalis,Fecal,age,-0.00600706620111464,0.2404590232047669,140,0.6724241697850074
g__Actinomyces|s__Actinomyces_dentalis,s  Actinomyces dentalis,Fecal,bmi,-0.0038101555421357356,0.8096674724958343,140,0.9188697366846488
g__Actinomyces|s__Actinomyces_dentalis,s  Actinomyces dentalis,Fecal,antibiotics_3m,-0.06918286390994874,0.7610185220111207,140,0.9188697366846488
g__Actinomyces|s__Actinomyces_dentalis,s  Actinomyces dentalis,Fecal,smoking,0.05480085219928851,0.7665709861515893,140,0.9188697366846488
g__Actinomyces|s__Actinomyces_graevenitzii,s  Actinomyces graevenitzii,Fecal,sex[T.1],-0.04476732793073701,0.7317759848892824,140,0.9188697366846488
g__Actinomyces|s__Actinomyces_graevenitzii,s  Actinomyces graevenitzii,Fecal,disease,0.7492398288194284,1.093664761251317e-06,140,1.879114907968172e-05
g__Actinomyces|s__Actinomyces_graevenitzii,s  Actinomyces graevenitzii,Fecal,ppi_use,-0.41270323973302603,0.024362365365069052,140,0.1542740507782852
g__Actinomyces|s__Actinomyces_graevenitzii,s  Actinomyces graevenitzii,Fecal,age,-0.00600706620111464,0.2404590232047669,140,0.6724241697850074
g__Actinomyces|s__Actinomyces_graevenitzii,s  Actinomyces graevenitzii,Fecal,bmi,-0.0038101555421357356,0.8096674724958343,140,0.9188697366846488
g__Actinomyces|s__Actinomyces_graevenitzii,s  Actinomyces graevenitzii,Fecal,antibiotics_3m,-0.06918286390994874,0.7610185220111207,140,0.9188697366846488
g__Actinomyces|s__Actinomyces_graevenitzii,s  Actinomyces graevenitzii,Fecal,smoking,0.05480085219928851,0.7665709861515893,140,0.9188697366846488
g__Actinomyces|s__Actinomyces_naeslundii,s  Actinomyces naeslundii,Fecal,sex[T.1],-0.04476732793073701,0.7317759848892824,140,0.9188697366846488
g__Actinomyces|s__Actinomyces_naeslundii,s  Actinomyces naeslundii,Fecal,disease,0.7492398288194284,1.093664761251317e-06,140,1.879114907968172e-05
g__Actinomyces|s__Actinomyces_naeslundii,s  Actinomyces naeslundii,Fecal,ppi_use,-0.41270323973302603,0.024362365365069052,140,0.1542740507782852
g__Actinomyces|s__Actinomyces_naeslundii,s  Actinomyces naeslundii,Fecal,age,-0.00600706620111464,0.2404590232047669,140,0.6724241697850074
g__Actinomyces|s__Actinomyces_naeslundii,s  Actinomyces naeslundii,Fecal,bmi,-0.0038101555421357356,0.8096674724958343,140,0.9188697366846488
g__Actinomyces|s__Actinomyces_naeslundii,s  Actinomyces naeslundii,Fecal,antibiotics_3m,-0.06918286390994874,0.7610185220111207,140,0.9188697366846488
g__Actinomyces|s__Actinomyces_naeslundii,s  Actinomyces naeslundii,Fecal,smoking,0.05480085219928851,0.7665709861515893,140,0.9188697366846488
g__Actinomyces|s__Actinomyces_oris,s  Actinomyces oris,Fecal,sex[T.1],-0.04476732793073701,0.7317759848892824,140,0.9188697366846488
g__Actinomyces|s__Actinomyces_oris,s  Actinomyces oris,Fecal,disease,0.7492398288194284,1.093664761251317e-06,140,1.879114907968172e-05
g__Actinomyces|s__Actinomyces_oris,s  Actinomyces oris,Fecal,ppi_use,-0.41270323973302603,0.024362365365069052,140,0.1542740507782852
g__Actinomyces|s__Actinomyces_oris,s  Actinomyces oris,Fecal,age,-0.00600706620111464,0.2404590232047669,140,0.6724241697850074
g__Actinomyces|s__Actinomyces_oris,s  Actinomyces oris,Fecal,bmi,-0.0038101555421357356,0.8096674724958343,140,0.9188697366846488
g__Actinomyces|s__Actinomyces_oris,s  Actinomyces oris,Fecal,antibiotics_3m,-0.06918286390994874,0.7610185220111207,140,0.9188697366846488
g__Actinomyces|s__Actinomyces_oris,s  Actinomyces oris,Fecal,smoking,0.05480085219928851,0.7665709861515893,140,0.9188697366846488
g__Actinomyces|s__Actinomyces_sp_HMSC035G02,s  Actinomyces sp HMSC035G02,Fecal,sex[T.1],-0.04476732793073701,0.7317759848892824,140,0.9188697366846488
g__Actinomyces|s__Actinomyces_sp_HMSC035G02,s  Actinomyces sp HMSC035G02,Fecal,disease,0.7492398288194284,1.093664761251317e-06,140,1.879114907968172e-05
g__Actinomyces|s__Actinomyces_sp_HMSC035G02,s  Actinomyces sp HMSC035G02,Fecal,ppi_use,-0.41270323973302603,0.024362365365069052,140,0.1542740507782852
g__Actinomyces|s__Actinomyces_sp_HMSC035G02,s  Actinomyces sp HMSC035G02,Fecal,age,-0.00600706620111464,0.2404590232047669,140,0.6724241697850074
g__Actinomyces|s__Actinomyces_sp_HMSC035G02,s  Actinomyces sp HMSC035G02,Fecal,bmi,-0.0038101555421357356,0.8096674724958343,140,0.9188697366846488
g__Actinomyces|s__Actinomyces_sp_HMSC035G02,s  Actinomyces sp HMSC035G02,Fecal,antibiotics_3m,-0.06918286390994874,0.7610185220111207,140,0.9188697366846488
g__Actinomyces|s__Actinomyces_sp_HMSC035G02,s  Actinomyces sp HMSC035G02,Fecal,smoking,0.05480085219928851,0.7665709861515893,140,0.9188697366846488
g__Actinomyces|s__Actinomyces_sp_ICM47,s  Actinomyces sp ICM47,Fecal,sex[T.1],-0.5020702675696437,0.10917568041670052,140,0.4714317166675451
g__Actinomyces|s__Actinomyces_sp_ICM47,s  Actinomyces sp ICM47,Fecal,disease,4.916061119381702,5.68579430211741e-28,140,6.984998300151238e-25
g__Actinomyces|s__Actinomyces_sp_ICM47,s  Actinomyces sp ICM47,Fecal,ppi_use,-0.5432102561059534,0.2116816723090422,140,0.6724241697850074
g__Actinomyces|s__Actinomyces_sp_ICM47,s  Actinomyces sp ICM47,Fecal,age,-0.008138468025948878,0.5047747571270131,140,0.9188697366846488
g__Actinomyces|s__Actinomyces_sp_ICM47,s  Actinomyces sp ICM47,Fecal,bmi,-0.036386289549984685,0.3363570418550488,140,0.7862881238574101
g__Actinomyces|s__Actinomyces_sp_ICM47,s  Actinomyces sp ICM47,Fecal,antibiotics_3m,0.1586021550576644,0.7703506096713392,140,0.9188697366846488
g__Actinomyces|s__Actinomyces_sp_ICM47,s  Actinomyces sp ICM47,Fecal,smoking,-0.8947690906662145,0.04400907891898484,140,0.25088238260776274
g__Actinomyces|s__Actinomyces_sp_ICM58,s  Actinomyces sp ICM58,Fecal,sex[T.1],-0.04476732793073701,0.7317759848892824,140,0.9188697366846488
g__Actinomyces|s__Actinomyces_sp_ICM58,s  Actinomyces sp ICM58,Fecal,disease,0.7492398288194284,1.093664761251317e-06,140,1.879114907968172e-05
g__Actinomyces|s__Actinomyces_sp_ICM58,s  Actinomyces sp ICM58,Fecal,ppi_use,-0.41270323973302603,0.024362365365069052,140,0.1542740507782852
g__Actinomyces|s__Actinomyces_sp_ICM58,s  Actinomyces sp ICM58,Fecal,age,-0.00600706620111464,0.2404590232047669,140,0.6724241697850074
g__Actinomyces|s__Actinomyces_sp_ICM58,s  Actinomyces sp ICM58,Fecal,bmi,-0.0038101555421357356,0.8096674724958343,140,0.9188697366846488
g__Actinomyces|s__Actinomyces_sp_ICM58,s  Actinomyces sp ICM58,Fecal,antibiotics_3m,-0.06918286390994874,0.7610185220111207,140,0.9188697366846488
g__Actinomyces|s__Actinomyces_sp_ICM58,s  Actinomyces sp ICM58,Fecal,smoking,0.05480085219928851,0.7665709861515893,140,0.9188697366846488
g__Actinomyces|s__Actinomyces_sp_ph3,s  Actinomyces sp ph3,Fecal,sex[T.1],-0.04476732793073701,0.7317759848892824,140,0.9188697366846488
g__Actinomyces|s__Actinomyces_sp_ph3,s  Actinomyces sp ph3,Fecal,disease,0.7492398288194284,1.093664761251317e-06,140,1.879114907968172e-05
g__Actinomyces|s__Actinomyces_sp_ph3,s  Actinomyces sp ph3,Fecal,ppi_use,-0.41270323973302603,0.024362365365069052,140,0.1542740507782852
g__Actinomyces|s__Actinomyces_sp_ph3,s  Actinomyces sp ph3,Fecal,age,-0.00600706620111464,0.2404590232047669,140,0.6724241697850074
g__Actinomyces|s__Actinomyces_sp_ph3,s  Actinomyces sp ph3,Fecal,bmi,-0.0038101555421357356,0.8096674724958343,140,0.9188697366846488
g__Actinomyces|s__Actinomyces_sp_ph3,s  Actinomyces sp ph3,Fecal,antibiotics_3m,-0.06918286390994874,0.7610185220111207,140,0.9188697366846488
g__Actinomyces|s__Actinomyces_sp_ph3,s  Actinomyces sp ph3,Fecal,smoking,0.05480085219928851,0.7665709861515893,140,0.9188697366846488
g__Adlercreutzia|s__Adlercreutzia_equolifaciens,s  Adlercreutzia equolifaciens,Fecal,sex[T.1],-0.16903554331454831,0.7755088790090123,140,0.9188697366846488
g__Adlercreutzia|s__Adlercreutzia_equolifaciens,s  Adlercreutzia equolifaciens,Fecal,disease,0.42211480538702134,0.526802654635395,140,0.9188697366846488
g__Adlercreutzia|s__Adlercreutzia_equolifaciens,s  Adlercreutzia equolifaciens,Fecal,ppi_use,0.21634633241815576,0.7929177553334572,140,0.9188697366846488
g__Adlercreutzia|s__Adlercreutzia_equolifaciens,s  Adlercreutzia equolifaciens,Fecal,age,-0.053886975343735044,0.021291923806062298,140,0.1542740507782852
g__Adlercreutzia|s__Adlercreutzia_equolifaciens,s  Adlercreutzia equolifaciens,Fecal,bmi,0.05973777507072816,0.40596205067543856,140,0.862099186265819
g__Adlercreutzia|s__Adlercreutzia_equolifaciens,s  Adlercreutzia equolifaciens,Fecal,antibiotics_3m,-0.617599151423749,0.5498962058863115,140,0.9188697366846488
g__Adlercreutzia|s__Adlercreutzia_equolifaciens,s  Adlercreutzia equolifaciens,Fecal,smoking,0.41184186455242683,0.6231358539205951,140,0.9188697366846488
g__Agathobaculum|s__Agathobaculum_butyriciproducens,s  Agathobaculum butyriciproducens,Fecal,sex[T.1],0.3718389175193932,0.42378723170337906,140,0.881767091962774
g__Agathobaculum|s__Agathobaculum_butyriciproducens,s  Agathobaculum butyriciproducens,Fecal,disease,1.3819576664086461,0.008987883010036782,140,0.09601403719852336
g__Agathobaculum|s__Agathobaculum_butyriciproducens,s  Agathobaculum butyriciproducens,Fecal,ppi_use,0.2538238979914205,0.6942680311976124,140,0.9188697366846488
g__Agathobaculum|s__Agathobaculum_butyriciproducens,s  Agathobaculum butyriciproducens,Fecal,age,0.007563224716544421,0.6769782699922089,140,0.9188697366846488
g__Agathobaculum|s__Agathobaculum_butyriciproducens,s  Agathobaculum butyriciproducens,Fecal,bmi,0.043558033433708225,0.43918910136078426,140,0.8959256733058367
g__Agathobaculum|s__Agathobaculum_butyriciproducens,s  Agathobaculum butyriciproducens,Fecal,antibiotics_3m,-0.2149324237342367,0.7904376755097381,140,0.9188697366846488
g__Agathobaculum|s__Agathobaculum_butyriciproducens,s  Agathobaculum butyriciproducens,Fecal,smoking,0.4154851712848581,0.5269964188120886,140,0.9188697366846488
g__Aggregatibacter|s__Aggregatibacter_sp_2125159857,s  Aggregatibacter sp 2125159857,Fecal,sex[T.1],-0.04476732793073701,0.7317759848892824,140,0.9188697366846488
g__Aggregatibacter|s__Aggregatibacter_sp_2125159857,s  Aggregatibacter sp 2125159857,Fecal,disease,0.7492398288194284,1.093664761251317e-06,140,1.879114907968172e-05
g__Aggregatibacter|s__Aggregatibacter_sp_2125159857,s  Aggregatibacter sp 2125159857,Fecal,ppi_use,-0.41270323973302603,0.024362365365069052,140,0.1542740507782852
g__Aggregatibacter|s__Aggregatibacter_sp_2125159857,s  Aggregatibacter sp 2125159857,Fecal,age,-0.00600706620111464,0.2404590232047669,140,0.6724241697850074
g__Aggregatibacter|s__Aggregatibacter_sp_2125159857,s  Aggregatibacter sp 2125159857,Fecal,bmi,-0.0038101555421357356,0.8096674724958343,140,0.9188697366846488
g__Aggregatibacter|s__Aggregatibacter_sp_2125159857,s  Aggregatibacter sp 2125159857,Fecal,antibiotics_3m,-0.06918286390994874,0.7610185220111207,140,0.9188697366846488
g__Aggregatibacter|s__Aggregatibacter_sp_2125159857,s  Aggregatibacter sp 2125159857,Fecal,smoking,0.05480085219928851,0.7665709861515893,140,0.9188697366846488
g__Akkermansia|s__Akkermansia_muciniphila,s  Akkermansia muciniphila,Fecal,sex[T.1],0.2680892709020664,0.7409617739472021,140,0.9188697366846488
g__Akkermansia|s__Akkermansia_muciniphila,s  Akkermansia muciniphila,Fecal,disease,0.37640723089146494,0.6798274431764688,140,0.9188697366846488
g__Akkermansia|s__Akkermansia_muciniphila,s  Akkermansia muciniphila,Fecal,ppi_use,-1.8003955805786984,0.11196428166176169,140,0.4784282435529539
g__Akkermansia|s__Akkermansia_muciniphila,s  Akkermansia muciniphila,Fecal,age,0.07163231156290152,0.025173664355854775,140,0.15829496154710324
g__Akkermansia|s__Akkermansia_muciniphila,s  Akkermansia muciniphila,Fecal,bmi,-0.11266357158832338,0.25252158530907265,140,0.6860336064182696
g__Akkermansia|s__Akkermansia_muciniphila,s  Akkermansia muciniphila,Fecal,antibiotics_3m,1.8410265084492234,0.19377079572758052,140,0.6724241697850074
g__Akkermansia|s__Akkermansia_muciniphila,s  Akkermansia muciniphila,Fecal,smoking,-0.7602751691451879,0.5074355242557979,140,0.9188697366846488
g__Alistipes|s__Alistipes_communis,s  Alistipes communis,Fecal,sex[T.1],0.6850698754266612,0.2251464809044547,140,0.6724241697850074
g__Alistipes|s__Alistipes_communis,s  Alistipes communis,Fecal,disease,-4.33965748834792,2.352264061744324e-10,140,2.140560296187335e-08
g__Alistipes|s__Alistipes_communis,s  Alistipes communis,Fecal,ppi_use,0.8193728682399423,0.29639741556573973,140,0.7464499444161462
g__Alistipes|s__Alistipes_communis,s  Alistipes communis,Fecal,age,0.018864011391165454,0.3921778933484662,140,0.8517724474077154
g__Alistipes|s__Alistipes_communis,s  Alistipes communis,Fecal,bmi,0.07313493871207168,0.28478376896087065,140,0.7258441082332564
g__Alistipes|s__Alistipes_communis,s  Alistipes communis,Fecal,antibiotics_3m,-1.0840920772897928,0.2702062724080638,140,0.7115721450231647
g__Alistipes|s__Alistipes_communis,s  Alistipes communis,Fecal,smoking,-0.37200418254061196,0.6404329293440216,140,0.9188697366846488
g__Alistipes|s__Alistipes_dispar,s  Alistipes dispar,Fecal,sex[T.1],0.19545032061932316,0.7614333589261816,140,0.9188697366846488
g__Alistipes|s__Alistipes_dispar,s  Alistipes dispar,Fecal,disease,1.0181149700845122,0.16111302587688298,140,0.6062093485137848
g__Alistipes|s__Alistipes_dispar,s  Alistipes dispar,Fecal,ppi_use,-1.78727482140449,0.04745344931961937,140,0.26378535062964886
g__Alistipes|s__Alistipes_dispar,s  Alistipes dispar,Fecal,age,0.04943501583123222,0.05109777772230407,140,0.2789938663637802
g__Alistipes|s__Alistipes_dispar,s  Alistipes dispar,Fecal,bmi,-0.09729465229505113,0.21343625034033192,140,0.6724241697850074
g__Alistipes|s__Alistipes_dispar,s  Alistipes dispar,Fecal,antibiotics_3m,1.8957647107250917,0.09257969078264418,140,0.4181402578179352
g__Alistipes|s__Alistipes_dispar,s  Alistipes dispar,Fecal,smoking,-0.440685702260094,0.6282743745505327,140,0.9188697366846488
g__Alistipes|s__Alistipes_finegoldii,s  Alistipes finegoldii,Fecal,sex[T.1],1.2536812179629289,0.06897209872895174,140,0.3435154680142702
g__Alistipes|s__Alistipes_finegoldii,s  Alistipes finegoldii,Fecal,disease,-2.7912557790527255,0.0004038195009488298,140,0.005870914283025295
g__Alistipes|s__Alistipes_finegoldii,s  Alistipes finegoldii,Fecal,ppi_use,0.37754850119755495,0.6918990266368235,140,0.9188697366846488
g__Alistipes|s__Alistipes_finegoldii,s  Alistipes finegoldii,Fecal,age,0.006000117070174989,0.8227135209817975,140,0.9239831950102512
g__Alistipes|s__Alistipes_finegoldii,s  Alistipes finegoldii,Fecal,bmi,0.005880059096548466,0.943510271523532,140,0.9741451783427046
g__Alistipes|s__Alistipes_finegoldii,s  Alistipes finegoldii,Fecal,antibiotics_3m,0.8284765454604852,0.48784831810396734,140,0.9188697366846488
g__Alistipes|s__Alistipes_finegoldii,s  Alistipes finegoldii,Fecal,smoking,0.8491738564048744,0.38118854345988806,140,0.8414916902793755
g__Alistipes|s__Alistipes_ihumii,s  Alistipes ihumii,Fecal,sex[T.1],0.0484706371283514,0.9345112502981958,140,0.9712750177591655
g__Alistipes|s__Alistipes_ihumii,s  Alistipes ihumii,Fecal,disease,-3.63205074166596,2.024859273613078e-07,140,1.2437698088168333e-05
g__Alistipes|s__Alistipes_ihumii,s  Alistipes ihumii,Fecal,ppi_use,1.5209584053156078,0.0653913093261306,140,0.3368269329440312
g__Alistipes|s__Alistipes_ihumii,s  Alistipes ihumii,Fecal,age,-0.01995584361537069,0.3874401392696677,140,0.8491886014144278
g__Alistipes|s__Alistipes_ihumii,s  Alistipes ihumii,Fecal,bmi,0.09423132204407018,0.18869898135316954,140,0.6642312280583632
g__Alistipes|s__Alistipes_ihumii,s  Alistipes ihumii,Fecal,antibiotics_3m,-0.6430146608016848,0.5317014174924588,140,0.9188697366846488
g__Alistipes|s__Alistipes_ihumii,s  Alistipes ihumii,Fecal,smoking,0.22884384919778933,0.7837550723844771,140,0.9188697366846488
g__Alistipes|s__Alistipes_indistinctus,s  Alistipes indistinctus,Fecal,sex[T.1],-0.6778332070535432,0.23232395210697313,140,0.6724241697850074
g__Alistipes|s__Alistipes_indistinctus,s  Alistipes indistinctus,Fecal,disease,-2.636780553703435,5.9045704757186584e-05,140,0.0009359696554090801
g__Alistipes|s__Alistipes_indistinctus,s  Alistipes indistinctus,Fecal,ppi_use,0.30968396942133597,0.6940024094168113,140,0.9188697366846488
g__Alistipes|s__Alistipes_indistinctus,s  Alistipes indistinctus,Fecal,age,0.03336165716745103,0.13321234347685534,140,0.5321995575977783
g__Alistipes|s__Alistipes_indistinctus,s  Alistipes indistinctus,Fecal,bmi,-0.0425211480075453,0.5354184586507873,140,0.9188697366846488
g__Alistipes|s__Alistipes_indistinctus,s  Alistipes indistinctus,Fecal,antibiotics_3m,-0.22111328733413851,0.8225349949272414,140,0.9239831950102512
g__Alistipes|s__Alistipes_indistinctus,s  Alistipes indistinctus,Fecal,smoking,-0.1342925059392805,0.8666949790180574,140,0.9414100634161657
g__Alistipes|s__Alistipes_onderdonkii,s  Alistipes onderdonkii,Fecal,sex[T.1],-0.10135965125830697,0.8714231115397537,140,0.9440417041680665
g__Alistipes|s__Alistipes_onderdonkii,s  Alistipes onderdonkii,Fecal,disease,-4.157161943590383,2.6947154165094503e-08,140,1.891690222389634e-06
g__Alistipes|s__Alistipes_onderdonkii,s  Alistipes onderdonkii,Fecal,ppi_use,0.34296373735029745,0.6937356966886647,140,0.9188697366846488
g__Alistipes|s__Alistipes_onderdonkii,s  Alistipes onderdonkii,Fecal,age,-0.011396441845783038,0.64165285224489,140,0.9188697366846488
g__Alistipes|s__Alistipes_onderdonkii,s  Alistipes onderdonkii,Fecal,bmi,-0.0029350836692380007,0.9691359441436923,140,0.9827290362068053
g__Alistipes|s__Alistipes_onderdonkii,s  Alistipes onderdonkii,Fecal,antibiotics_3m,-2.6058680084428687,0.0180853119396759,140,0.1542740507782852
g__Alistipes|s__Alistipes_onderdonkii,s  Alistipes onderdonkii,Fecal,smoking,2.131403044631158,0.017216840903656192,140,0.1542740507782852
g__Alistipes|s__Alistipes_putredinis,s  Alistipes putredinis,Fecal,sex[T.1],1.1240581931442715,0.04885922482918735,140,0.26916393588635273
g__Alistipes|s__Alistipes_putredinis,s  Alistipes putredinis,Fecal,disease,-5.4546637525274075,2.2664473930838006e-14,140,3.712440829871265e-12
g__Alistipes|s__Alistipes_putredinis,s  Alistipes putredinis,Fecal,ppi_use,1.6949806155922682,0.03287378557378685,140,0.19748384145426476
g__Alistipes|s__Alistipes_putredinis,s  Alistipes putredinis,Fecal,age,-0.017477603452659182,0.4304389646216984,140,0.8864950009015198
g__Alistipes|s__Alistipes_putredinis,s  Alistipes putredinis,Fecal,bmi,0.02344082581677715,0.7326901417160063,140,0.9188697366846488
g__Alistipes|s__Alistipes_putredinis,s  Alistipes putredinis,Fecal,antibiotics_3m,0.5462862338316896,0.5799890487532584,140,0.9188697366846488
g__Alistipes|s__Alistipes_putredinis,s  Alistipes putredinis,Fecal,smoking,0.21458263457001078,0.7887192591005929,140,0.9188697366846488
g__Alistipes|s__Alistipes_senegalensis,s  Alistipes senegalensis,Fecal,sex[T.1],-0.7425990934824961,0.23264956057214808,140,0.6724241697850074
g__Alistipes|s__Alistipes_senegalensis,s  Alistipes senegalensis,Fecal,disease,-1.7559373945996826,0.012881534340545247,140,0.1265997194988787
g__Alistipes|s__Alistipes_senegalensis,s  Alistipes senegalensis,Fecal,ppi_use,0.40050275368947097,0.6426097967002115,140,0.9188697366846488
g__Alistipes|s__Alistipes_senegalensis,s  Alistipes senegalensis,Fecal,age,0.05648411503828738,0.021144106586027712,140,0.1542740507782852
g__Alistipes|s__Alistipes_senegalensis,s  Alistipes senegalensis,Fecal,bmi,-0.14673589732984185,0.05258406779889687,140,0.28583861633161417
g__Alistipes|s__Alistipes_senegalensis,s  Alistipes senegalensis,Fecal,antibiotics_3m,0.31584155954967247,0.7701281066531999,140,0.9188697366846488
g__Alistipes|s__Alistipes_senegalensis,s  Alistipes senegalensis,Fecal,smoking,0.7739315595635093,0.37824832238765627,140,0.8365041657123956
g__Alistipes|s__Alistipes_shahii,s  Alistipes shahii,Fecal,sex[T.1],-0.2193701673222333,0.7314543397846096,140,0.9188697366846488
g__Alistipes|s__Alistipes_shahii,s  Alistipes shahii,Fecal,disease,-4.186477498717286,3.9131235214202774e-08,140,2.5985255384134112e-06
g__Alistipes|s__Alistipes_shahii,s  Alistipes shahii,Fecal,ppi_use,1.3152268442087567,0.14044796508865204,140,0.5539015252372682
g__Alistipes|s__Alistipes_shahii,s  Alistipes shahii,Fecal,age,0.026522553505358603,0.2893752142430081,140,0.7337408683127666
g__Alistipes|s__Alistipes_shahii,s  Alistipes shahii,Fecal,bmi,0.0647803592454024,0.40332094021694764,140,0.8600527491459788
g__Alistipes|s__Alistipes_shahii,s  Alistipes shahii,Fecal,antibiotics_3m,0.3125988462537596,0.7788604082905137,140,0.9188697366846488
g__Alistipes|s__Alistipes_shahii,s  Alistipes shahii,Fecal,smoking,0.7340794649227048,0.4169952568276811,140,0.8756900393381304
g__Alistipes|s__Alistipes_sp_AF17_16,s  Alistipes sp AF17 16,Fecal,sex[T.1],-1.078627600527902,0.06935424330106081,140,0.3442492440216291
g__Alistipes|s__Alistipes_sp_AF17_16,s  Alistipes sp AF17 16,Fecal,disease,-0.9830628251642496,0.1401975778845478,140,0.5538029724474822
g__Alistipes|s__Alistipes_sp_AF17_16,s  Alistipes sp AF17 16,Fecal,ppi_use,-0.6433278214426846,0.4335912403519392,140,0.8907472220273533
g__Alistipes|s__Alistipes_sp_AF17_16,s  Alistipes sp AF17 16,Fecal,age,0.04300535598643599,0.06402859886982974,140,0.33330141403214336
g__Alistipes|s__Alistipes_sp_AF17_16,s  Alistipes sp AF17 16,Fecal,bmi,-0.08644717929594709,0.22789332050430175,140,0.6724241697850074
g__Alistipes|s__Alistipes_sp_AF17_16,s  Alistipes sp AF17 16,Fecal,antibiotics_3m,1.860300302590823,0.07208472767586992,140,0.35071717999923246
g__Alistipes|s__Alistipes_sp_AF17_16,s  Alistipes sp AF17 16,Fecal,smoking,0.43025830215034605,0.6062131441576009,140,0.9188697366846488
g__Alloprevotella|s__Alloprevotella_SGB1483,s  Alloprevotella SGB1483,Fecal,sex[T.1],-0.04476732793073701,0.7317759848892824,140,0.9188697366846488
g__Alloprevotella|s__Alloprevotella_SGB1483,s  Alloprevotella SGB1483,Fecal,disease,0.7492398288194284,1.093664761251317e-06,140,1.879114907968172e-05
g__Alloprevotella|s__Alloprevotella_SGB1483,s  Alloprevotella SGB1483,Fecal,ppi_use,-0.41270323973302603,0.024362365365069052,140,0.1542740507782852
g__Alloprevotella|s__Alloprevotella_SGB1483,s  Alloprevotella SGB1483,Fecal,age,-0.00600706620111464,0.2404590232047669,140,0.6724241697850074
g__Alloprevotella|s__Alloprevotella_SGB1483,s  Alloprevotella SGB1483,Fecal,bmi,-0.0038101555421357356,0.8096674724958343,140,0.9188697366846488
g__Alloprevotella|s__Alloprevotella_SGB1483,s  Alloprevotella SGB1483,Fecal,antibiotics_3m,-0.06918286390994874,0.7610185220111207,140,0.9188697366846488
g__Alloprevotella|s__Alloprevotella_SGB1483,s  Alloprevotella SGB1483,Fecal,smoking,0.05480085219928851,0.7665709861515893,140,0.9188697366846488
g__Alloprevotella|s__Alloprevotella_SGB1484,s  Alloprevotella SGB1484,Fecal,sex[T.1],-0.04476732793073701,0.7317759848892824,140,0.9188697366846488
g__Alloprevotella|s__Alloprevotella_SGB1484,s  Alloprevotella SGB1484,Fecal,disease,0.7492398288194284,1.093664761251317e-06,140,1.879114907968172e-05
g__Alloprevotella|s__Alloprevotella_SGB1484,s  Alloprevotella SGB1484,Fecal,ppi_use,-0.41270323973302603,0.024362365365069052,140,0.1542740507782852
g__Alloprevotella|s__Alloprevotella_SGB1484,s  Alloprevotella SGB1484,Fecal,age,-0.00600706620111464,0.2404590232047669,140,0.6724241697850074
g__Alloprevotella|s__Alloprevotella_SGB1484,s  Alloprevotella SGB1484,Fecal,bmi,-0.0038101555421357356,0.8096674724958343,140,0.9188697366846488
g__Alloprevotella|s__Alloprevotella_SGB1484,s  Alloprevotella SGB1484,Fecal,antibiotics_3m,-0.06918286390994874,0.7610185220111207,140,0.9188697366846488
g__Alloprevotella|s__Alloprevotella_SGB1484,s  Alloprevotella SGB1484,Fecal,smoking,0.05480085219928851,0.7665709861515893,140,0.9188697366846488
g__Alloprevotella|s__Alloprevotella_tannerae,s  Alloprevotella tannerae,Fecal,sex[T.1],-0.04476732793073701,0.7317759848892824,140,0.9188697366846488
g__Alloprevotella|s__Alloprevotella_tannerae,s  Alloprevotella tannerae,Fecal,disease,0.7492398288194284,1.093664761251317e-06,140,1.879114907968172e-05
g__Alloprevotella|s__Alloprevotella_tannerae,s  Alloprevotella tannerae,Fecal,ppi_use,-0.41270323973302603,0.024362365365069052,140,0.1542740507782852
g__Alloprevotella|s__Alloprevotella_tannerae,s  Alloprevotella tannerae,Fecal,age,-0.00600706620111464,0.2404590232047669,140,0.6724241697850074
g__Alloprevotella|s__Alloprevotella_tannerae,s  Alloprevotella tannerae,Fecal,bmi,-0.0038101555421357356,0.8096674724958343,140,0.9188697366846488
g__Alloprevotella|s__Alloprevotella_tannerae,s  Alloprevotella tannerae,Fecal,antibiotics_3m,-0.06918286390994874,0.7610185220111207,140,0.9188697366846488
g__Alloprevotella|s__Alloprevotella_tannerae,s  Alloprevotella tannerae,Fecal,smoking,0.05480085219928851,0.7665709861515893,140,0.9188697366846488
g__Anaerobutyricum|s__Anaerobutyricum_hallii,s  Anaerobutyricum hallii,Fecal,sex[T.1],0.35102109792338626,0.46413163778619226,140,0.9188697366846488
g__Anaerobutyricum|s__Anaerobutyricum_hallii,s  Anaerobutyricum hallii,Fecal,disease,3.139164634292422,3.871920933451742e-08,140,2.5985255384134112e-06
g__Anaerobutyricum|s__Anaerobutyricum_hallii,s  Anaerobutyricum hallii,Fecal,ppi_use,1.5920098975716088,0.018026912617770563,140,0.1542740507782852
g__Anaerobutyricum|s__Anaerobutyricum_hallii,s  Anaerobutyricum hallii,Fecal,age,-0.0467655362328671,0.01355646186779788,140,0.13165307039201338
g__Anaerobutyricum|s__Anaerobutyricum_hallii,s  Anaerobutyricum hallii,Fecal,bmi,0.05267424934590097,0.36473937507754306,140,0.8178550025173666
g__Anaerobutyricum|s__Anaerobutyricum_hallii,s  Anaerobutyricum hallii,Fecal,antibiotics_3m,0.6725000246990825,0.42077379419199135,140,0.8791166771511248
g__Anaerobutyricum|s__Anaerobutyricum_hallii,s  Anaerobutyricum hallii,Fecal,smoking,0.8857217516627965,0.19225194878763036,140,0.6724241697850074
g__Anaerobutyricum|s__Anaerobutyricum_soehngenii,s  Anaerobutyricum soehngenii,Fecal,sex[T.1],0.4276935580180523,0.3244219654925924,140,0.7753283523554652
g__Anaerobutyricum|s__Anaerobutyricum_soehngenii,s  Anaerobutyricum soehngenii,Fecal,disease,4.639848501384874,9.864455541735584e-17,140,2.2033606605494845e-14
g__Anaerobutyricum|s__Anaerobutyricum_soehngenii,s  Anaerobutyricum soehngenii,Fecal,ppi_use,-0.17097933986982575,0.7765514867571623,140,0.9188697366846488
g__Anaerobutyricum|s__Anaerobutyricum_soehngenii,s  Anaerobutyricum soehngenii,Fecal,age,-0.004869357386747829,0.7737265979941833,140,0.9188697366846488
g__Anaerobutyricum|s__Anaerobutyricum_soehngenii,s  Anaerobutyricum soehngenii,Fecal,bmi,0.09172962440062743,0.08222531476622759,140,0.3837628971268833
g__Anaerobutyricum|s__Anaerobutyricum_soehngenii,s  Anaerobutyricum soehngenii,Fecal,antibiotics_3m,0.3218990238620612,0.669770312139629,140,0.9188697366846488
g__Anaerobutyricum|s__Anaerobutyricum_soehngenii,s  Anaerobutyricum soehngenii,Fecal,smoking,-0.5338530111118699,0.3840002483680396,140,0.8461166085899727
g__Anaeromassilibacillus|s__Anaeromassilibacillus_sp_An250,s  Anaeromassilibacillus sp An250,Fecal,sex[T.1],-0.3427228750342678,0.4814764898839442,140,0.9188697366846488
g__Anaeromassilibacillus|s__Anaeromassilibacillus_sp_An250,s  Anaeromassilibacillus sp An250,Fecal,disease,-0.739219456264505,0.1780491596634413,140,0.6442809798130711
g__Anaeromassilibacillus|s__Anaeromassilibacillus_sp_An250,s  Anaeromassilibacillus sp An250,Fecal,ppi_use,0.1587944810871864,0.8143807742896834,140,0.9216644691062884
g__Anaeromassilibacillus|s__Anaeromassilibacillus_sp_An250,s  Anaeromassilibacillus sp An250,Fecal,age,-0.017544595429584364,0.3569045417758402,140,0.8149762631442745
g__Anaeromassilibacillus|s__Anaeromassilibacillus_sp_An250,s  Anaeromassilibacillus sp An250,Fecal,bmi,0.051296594673635634,0.38466107114163595,140,0.8461166085899727
g__Anaeromassilibacillus|s__Anaeromassilibacillus_sp_An250,s  Anaeromassilibacillus sp An250,Fecal,antibiotics_3m,-0.17462020384315807,0.8367120206620057,140,0.929124562794728
g__Anaeromassilibacillus|s__Anaeromassilibacillus_sp_An250,s  Anaeromassilibacillus sp An250,Fecal,smoking,0.2910990460717681,0.6721115029158637,140,0.9188697366846488
g__Anaerostipes|s__Anaerostipes_hadrus,s  Anaerostipes hadrus,Fecal,sex[T.1],0.1493559911780538,0.7517177979858007,140,0.9188697366846488
g__Anaerostipes|s__Anaerostipes_hadrus,s  Anaerostipes hadrus,Fecal,disease,4.519323382059164,2.9757946212807404e-14,140,4.569704615304237e-12
g__Anaerostipes|s__Anaerostipes_hadrus,s  Anaerostipes hadrus,Fecal,ppi_use,0.3349856420434871,0.609906371068717,140,0.9188697366846488
g__Anaerostipes|s__Anaerostipes_hadrus,s  Anaerostipes hadrus,Fecal,age,-0.006230297425061454,0.7356482162598076,140,0.9188697366846488
g__Anaerostipes|s__Anaerostipes_hadrus,s  Anaerostipes hadrus,Fecal,bmi,0.02784566259573089,0.6263972386762904,140,0.9188697366846488
g__Anaerostipes|s__Anaerostipes_hadrus,s  Anaerostipes hadrus,Fecal,antibiotics_3m,0.334730439301165,0.6839723741828662,140,0.9188697366846488
g__Anaerostipes|s__Anaerostipes_hadrus,s  Anaerostipes hadrus,Fecal,smoking,0.210245986332916,0.7527020614986709,140,0.9188697366846488
g__Anaerotignum|s__Anaerotignum_faecicola,s  Anaerotignum faecicola,Fecal,sex[T.1],0.38657030554135896,0.5636520340742637,140,0.9188697366846488
g__Anaerotignum|s__Anaerotignum_faecicola,s  Anaerotignum faecicola,Fecal,disease,-0.5398245540498041,0.4734959657866866,140,0.9188697366846488
g__Anaerotignum|s__Anaerotignum_faecicola,s  Anaerotignum faecicola,Fecal,ppi_use,0.8355404365767131,0.3697998762326533,140,0.8252482251622426
g__Anaerotignum|s__Anaerotignum_faecicola,s  Anaerotignum faecicola,Fecal,age,-0.03978746114293091,0.12983095994009006,140,0.5255266368579923
g__Anaerotignum|s__Anaerotignum_faecicola,s  Anaerotignum faecicola,Fecal,bmi,0.2265290631325455,0.0058711923031079345,140,0.0649798175168297
g__Anaerotignum|s__Anaerotignum_faecicola,s  Anaerotignum faecicola,Fecal,antibiotics_3m,-0.6331511428968339,0.5871020352984322,140,0.9188697366846488
g__Anaerotignum|s__Anaerotignum_faecicola,s  Anaerotignum faecicola,Fecal,smoking,1.2664193333030611,0.18199887623317215,140,0.6509042778819563
g__Bacteroides|s__Bacteroides_caccae,s  Bacteroides caccae,Fecal,sex[T.1],0.11317981973326682,0.8820000219951649,140,0.9494859824565409
g__Bacteroides|s__Bacteroides_caccae,s  Bacteroides caccae,Fecal,disease,-0.6315764139141126,0.46182047405977045,140,0.9188697366846488
g__Bacteroides|s__Bacteroides_caccae,s  Bacteroides caccae,Fecal,ppi_use,0.35643676087653064,0.7367504706962797,140,0.9188697366846488
g__Bacteroides|s__Bacteroides_caccae,s  Bacteroides caccae,Fecal,age,0.012583131913705218,0.6729780135736385,140,0.9188697366846488
g__Bacteroides|s__Bacteroides_caccae,s  Bacteroides caccae,Fecal,bmi,-0.004335522120808248,0.962560198054313,140,0.9803145732324497
g__Bacteroides|s__Bacteroides_caccae,s  Bacteroides caccae,Fecal,antibiotics_3m,-0.714971127560672,0.5905119094564905,140,0.9188697366846488
g__Bacteroides|s__Bacteroides_caccae,s  Bacteroides caccae,Fecal,smoking,-1.4750718948751536,0.17261070915895121,140,0.6327954823695114
g__Bacteroides|s__Bacteroides_cellulosilyticus,s  Bacteroides cellulosilyticus,Fecal,sex[T.1],0.3694379692055692,0.60603844635683,140,0.9188697366846488
g__Bacteroides|s__Bacteroides_cellulosilyticus,s  Bacteroides cellulosilyticus,Fecal,disease,-2.1138527936147486,0.009540877765570817,140,0.1006091702575429
g__Bacteroides|s__Bacteroides_cellulosilyticus,s  Bacteroides cellulosilyticus,Fecal,ppi_use,0.7051407050049835,0.4791397268424039,140,0.9188697366846488
g__Bacteroides|s__Bacteroides_cellulosilyticus,s  Bacteroides cellulosilyticus,Fecal,age,-0.012579313674706046,0.6532053526617992,140,0.9188697366846488
g__Bacteroides|s__Bacteroides_cellulosilyticus,s  Bacteroides cellulosilyticus,Fecal,bmi,0.053080146281085226,0.5408102058430282,140,0.9188697366846488
g__Bacteroides|s__Bacteroides_cellulosilyticus,s  Bacteroides cellulosilyticus,Fecal,antibiotics_3m,-3.2648316635966044,0.009738791966780189,140,0.10225731565119198
g__Bacteroides|s__Bacteroides_cellulosilyticus,s  Bacteroides cellulosilyticus,Fecal,smoking,0.9938868793691973,0.32693684991948835,140,0.7753705021739218
g__Bacteroides|s__Bacteroides_eggerthii,s  Bacteroides eggerthii,Fecal,sex[T.1],0.24654198298068428,0.7085470980509916,140,0.9188697366846488
g__Bacteroides|s__Bacteroides_eggerthii,s  Bacteroides eggerthii,Fecal,disease,0.399828128126294,0.5899328301130093,140,0.9188697366846488
g__Bacteroides|s__Bacteroides_eggerthii,s  Bacteroides eggerthii,Fecal,ppi_use,-0.5015710496589786,0.5845133834970997,140,0.9188697366846488
g__Bacteroides|s__Bacteroides_eggerthii,s  Bacteroides eggerthii,Fecal,age,0.010793705878407937,0.6754709172135981,140,0.9188697366846488
g__Bacteroides|s__Bacteroides_eggerthii,s  Bacteroides eggerthii,Fecal,bmi,-0.04800635418737301,0.5480892477652424,140,0.9188697366846488
g__Bacteroides|s__Bacteroides_eggerthii,s  Bacteroides eggerthii,Fecal,antibiotics_3m,-0.12762892240265034,0.911512018333718,140,0.9620210605867462
g__Bacteroides|s__Bacteroides_eggerthii,s  Bacteroides eggerthii,Fecal,smoking,-1.050691924018183,0.2607402933738494,140,0.6986247555284056
g__Bacteroides|s__Bacteroides_finegoldii,s  Bacteroides finegoldii,Fecal,sex[T.1],-0.5944523037674061,0.28763512560014465,140,0.7300821318177225
g__Bacteroides|s__Bacteroides_finegoldii,s  Bacteroides finegoldii,Fecal,disease,-0.05606669153347914,0.9287850807740252,140,0.9690127148457665
g__Bacteroides|s__Bacteroides_finegoldii,s  Bacteroides finegoldii,Fecal,ppi_use,0.06724086680857291,0.9309158472689534,140,0.9695889091733016
g__Bacteroides|s__Bacteroides_finegoldii,s  Bacteroides finegoldii,Fecal,age,-0.026200261692241603,0.23081114800110453,140,0.6724241697850074
g__Bacteroides|s__Bacteroides_finegoldii,s  Bacteroides finegoldii,Fecal,bmi,-0.02062188046042938,0.7602786267839435,140,0.9188697366846488
g__Bacteroides|s__Bacteroides_finegoldii,s  Bacteroides finegoldii,Fecal,antibiotics_3m,0.9646670226474494,0.3216850668201368,140,0.7719242614605124
g__Bacteroides|s__Bacteroides_finegoldii,s  Bacteroides finegoldii,Fecal,smoking,-0.7791874612917941,0.32396086353913545,140,0.7750456102391975
g__Bacteroides|s__Bacteroides_fragilis,s  Bacteroides fragilis,Fecal,sex[T.1],-0.2845683226099278,0.7115733185572343,140,0.9188697366846488
g__Bacteroides|s__Bacteroides_fragilis,s  Bacteroides fragilis,Fecal,disease,0.10100089694516393,0.9070767657531549,140,0.9598137870178731
g__Bacteroides|s__Bacteroides_fragilis,s  Bacteroides fragilis,Fecal,ppi_use,-0.273426890805209,0.7982930627888251,140,0.9188697366846488
g__Bacteroides|s__Bacteroides_fragilis,s  Bacteroides fragilis,Fecal,age,-0.004475519543931074,0.8817106347319493,140,0.9494859824565409
g__Bacteroides|s__Bacteroides_fragilis,s  Bacteroides fragilis,Fecal,bmi,0.039804131970344145,0.669445897248004,140,0.9188697366846488
g__Bacteroides|s__Bacteroides_fragilis,s  Bacteroides fragilis,Fecal,antibiotics_3m,0.2927987899827143,0.8270665508582994,140,0.9248998080310967
g__Bacteroides|s__Bacteroides_fragilis,s  Bacteroides fragilis,Fecal,smoking,0.20182581339055067,0.8527891877083394,140,0.9360523818006589
g__Bacteroides|s__Bacteroides_nordii,s  Bacteroides nordii,Fecal,sex[T.1],-0.38324165472688765,0.3889937506107457,140,0.850318189724735
g__Bacteroides|s__Bacteroides_nordii,s  Bacteroides nordii,Fecal,disease,0.18642490644480136,0.7091002898350103,140,0.9188697366846488
g__Bacteroides|s__Bacteroides_nordii,s  Bacteroides nordii,Fecal,ppi_use,-0.1372498175140339,0.8241714892651839,140,0.9242306477063245
g__Bacteroides|s__Bacteroides_nordii,s  Bacteroides nordii,Fecal,age,0.0019171849945672098,0.9120911176462237,140,0.9620967149555455
g__Bacteroides|s__Bacteroides_nordii,s  Bacteroides nordii,Fecal,bmi,0.10025558241363486,0.0641903668489142,140,0.33343706416021607
g__Bacteroides|s__Bacteroides_nordii,s  Bacteroides nordii,Fecal,antibiotics_3m,0.4038063473078826,0.6019461977659422,140,0.9188697366846488
g__Bacteroides|s__Bacteroides_nordii,s  Bacteroides nordii,Fecal,smoking,0.5350827247143616,0.39480084547703853,140,0.8561568202445575
g__Bacteroides|s__Bacteroides_ovatus,s  Bacteroides ovatus,Fecal,sex[T.1],0.13443008292493122,0.8379959010012985,140,0.9291317368051402
g__Bacteroides|s__Bacteroides_ovatus,s  Bacteroides ovatus,Fecal,disease,-0.4755177194569386,0.5204311107012197,140,0.9188697366846488
g__Bacteroides|s__Bacteroides_ovatus,s  Bacteroides ovatus,Fecal,ppi_use,-0.5133356081025047,0.5746277550769912,140,0.9188697366846488
g__Bacteroides|s__Bacteroides_ovatus,s  Bacteroides ovatus,Fecal,age,-0.0005841650359524339,0.9818643710471057,140,0.9887052293699747
g__Bacteroides|s__Bacteroides_ovatus,s  Bacteroides ovatus,Fecal,bmi,-0.07682451596611435,0.33557067951645747,140,0.7852353900685105
g__Bacteroides|s__Bacteroides_ovatus,s  Bacteroides ovatus,Fecal,antibiotics_3m,-0.1984810103349662,0.8623960661700605,140,0.937984565993731
g__Bacteroides|s__Bacteroides_ovatus,s  Bacteroides ovatus,Fecal,smoking,-0.2204285474235118,0.8125191059150702,140,0.9208300014913872
g__Bacteroides|s__Bacteroides_stercoris,s  Bacteroides stercoris,Fecal,sex[T.1],-0.6500629479864605,0.4389678618561985,140,0.8959256733058367
g__Bacteroides|s__Bacteroides_stercoris,s  Bacteroides stercoris,Fecal,disease,-2.0411693511076225,0.03198491704382212,140,0.19356389452382006
g__Bacteroides|s__Bacteroides_stercoris,s  Bacteroides stercoris,Fecal,ppi_use,0.2890690423139621,0.8043035995413065,140,0.9188697366846488
g__Bacteroides|s__Bacteroides_stercoris,s  Bacteroides stercoris,Fecal,age,0.004686114083371216,0.8863790178783046,140,0.9501985757406197
g__Bacteroides|s__Bacteroides_stercoris,s  Bacteroides stercoris,Fecal,bmi,-0.10365912259723307,0.308701525492416,140,0.7577219262086573
g__Bacteroides|s__Bacteroides_stercoris,s  Bacteroides stercoris,Fecal,antibiotics_3m,1.3075267955440477,0.3716255206498127,140,0.8267953673869145
g__Bacteroides|s__Bacteroides_stercoris,s  Bacteroides stercoris,Fecal,smoking,1.5451393972786864,0.19402533223155197,140,0.6724241697850074
g__Bacteroides|s__Bacteroides_thetaiotaomicron,s  Bacteroides thetaiotaomicron,Fecal,sex[T.1],1.1367867962888363,0.08117764496502737,140,0.3806364001509013
g__Bacteroides|s__Bacteroides_thetaiotaomicron,s  Bacteroides thetaiotaomicron,Fecal,disease,0.158725170493424,0.8276114225998803,140,0.9248998080310967
g__Bacteroides|s__Bacteroides_thetaiotaomicron,s  Bacteroides thetaiotaomicron,Fecal,ppi_use,0.33337477004030586,0.7114801632077379,140,0.9188697366846488
g__Bacteroides|s__Bacteroides_thetaiotaomicron,s  Bacteroides thetaiotaomicron,Fecal,age,-0.02631396188242562,0.2999262859809787,140,0.7482118682363349
g__Bacteroides|s__Bacteroides_thetaiotaomicron,s  Bacteroides thetaiotaomicron,Fecal,bmi,0.16642604754326243,0.03554590799419962,140,0.21044890588373122
g__Bacteroides|s__Bacteroides_thetaiotaomicron,s  Bacteroides thetaiotaomicron,Fecal,antibiotics_3m,-0.42995071754627956,0.7033629735162914,140,0.9188697366846488
g__Bacteroides|s__Bacteroides_thetaiotaomicron,s  Bacteroides thetaiotaomicron,Fecal,smoking,2.0096603057228837,0.029698668556832744,140,0.18242407161034513
g__Bacteroides|s__Bacteroides_uniformis,s  Bacteroides uniformis,Fecal,sex[T.1],0.9072797416060064,0.06051466728697465,140,0.31770200325661685
g__Bacteroides|s__Bacteroides_uniformis,s  Bacteroides uniformis,Fecal,disease,-1.869315239849766,0.0007065400624677829,140,0.009644271852685236
g__Bacteroides|s__Bacteroides_uniformis,s  Bacteroides uniformis,Fecal,ppi_use,1.1875179826265636,0.0770011089601073,140,0.3673625722621041
g__Bacteroides|s__Bacteroides_uniformis,s  Bacteroides uniformis,Fecal,age,-0.027457296645535423,0.14507949217685462,140,0.563945060674594
g__Bacteroides|s__Bacteroides_uniformis,s  Bacteroides uniformis,Fecal,bmi,0.034535344908796714,0.5529153765465067,140,0.9188697366846488
g__Bacteroides|s__Bacteroides_uniformis,s  Bacteroides uniformis,Fecal,antibiotics_3m,-1.8169775859778061,0.03126612353455048,140,0.19062249509774323
g__Bacteroides|s__Bacteroides_uniformis,s  Bacteroides uniformis,Fecal,smoking,1.4506169869456569,0.03406637314073131,140,0.20365225987050325
g__Bacteroides|s__Bacteroides_xylanisolvens,s  Bacteroides xylanisolvens,Fecal,sex[T.1],0.24845791046085805,0.7313040976718981,140,0.9188697366846488
g__Bacteroides|s__Bacteroides_xylanisolvens,s  Bacteroides xylanisolvens,Fecal,disease,0.0917512187488413,0.9101985221821765,140,0.9618743092480033
g__Bacteroides|s__Bacteroides_xylanisolvens,s  Bacteroides xylanisolvens,Fecal,ppi_use,0.5471709871246546,0.5866252026458991,140,0.9188697366846488
g__Bacteroides|s__Bacteroides_xylanisolvens,s  Bacteroides xylanisolvens,Fecal,age,-0.02580697655352033,0.36216221149046923,140,0.817109782949571
g__Bacteroides|s__Bacteroides_xylanisolvens,s  Bacteroides xylanisolvens,Fecal,bmi,-0.015805457931366368,0.8568687614741668,140,0.9366187725877289
g__Bacteroides|s__Bacteroides_xylanisolvens,s  Bacteroides xylanisolvens,Fecal,antibiotics_3m,-0.8719082783292664,0.48930817412347993,140,0.9188697366846488
g__Bacteroides|s__Bacteroides_xylanisolvens,s  Bacteroides xylanisolvens,Fecal,smoking,0.38709037406303204,0.7050768373501032,140,0.9188697366846488
g__Barnesiella|s__Barnesiella_intestinihominis,s  Barnesiella intestinihominis,Fecal,sex[T.1],0.672595581058065,0.25009134656666304,140,0.6842699760738209
g__Barnesiella|s__Barnesiella_intestinihominis,s  Barnesiella intestinihominis,Fecal,disease,-2.3659324559840305,0.00042817631666685165,140,0.006150597361532742
g__Barnesiella|s__Barnesiella_intestinihominis,s  Barnesiella intestinihominis,Fecal,ppi_use,0.26475137099092744,0.7441459486066653,140,0.9188697366846488
g__Barnesiella|s__Barnesiella_intestinihominis,s  Barnesiella intestinihominis,Fecal,age,-0.012271353124967833,0.5906546428511965,140,0.9188697366846488
g__Barnesiella|s__Barnesiella_intestinihominis,s  Barnesiella intestinihominis,Fecal,bmi,0.0020660527619583403,0.9766743832690096,140,0.9863086558536607
g__Barnesiella|s__Barnesiella_intestinihominis,s  Barnesiella intestinihominis,Fecal,antibiotics_3m,-0.6429186787882701,0.5271788374584265,140,0.9188697366846488
g__Barnesiella|s__Barnesiella_intestinihominis,s  Barnesiella intestinihominis,Fecal,smoking,-0.26202850680829104,0.7506886008782288,140,0.9188697366846488
g__Bifidobacterium|s__Bifidobacterium_adolescentis,s  Bifidobacterium adolescentis,Fecal,sex[T.1],0.36537931421299547,0.6135016678825391,140,0.9188697366846488
g__Bifidobacterium|s__Bifidobacterium_adolescentis,s  Bifidobacterium adolescentis,Fecal,disease,-0.6921078779290363,0.3953091366680349,140,0.8561727750933411
g__Bifidobacterium|s__Bifidobacterium_adolescentis,s  Bifidobacterium adolescentis,Fecal,ppi_use,2.0090593711079143,0.047308071546014074,140,0.2635735414706499
g__Bifidobacterium|s__Bifidobacterium_adolescentis,s  Bifidobacterium adolescentis,Fecal,age,-0.027475366488552616,0.3318508411765456,140,0.7820288279053162
g__Bifidobacterium|s__Bifidobacterium_adolescentis,s  Bifidobacterium adolescentis,Fecal,bmi,0.09685443671480673,0.2699204600948607,140,0.7115721450231647
g__Bifidobacterium|s__Bifidobacterium_adolescentis,s  Bifidobacterium adolescentis,Fecal,antibiotics_3m,-1.4061412102082769,0.26530951725037777,140,0.7055725027815251
g__Bifidobacterium|s__Bifidobacterium_adolescentis,s  Bifidobacterium adolescentis,Fecal,smoking,-1.5668506500175035,0.1269340463143856,140,0.5154990938751164
g__Bifidobacterium|s__Bifidobacterium_bifidum,s  Bifidobacterium bifidum,Fecal,sex[T.1],0.020041763369391438,0.9754028756020288,140,0.9862406853309402
g__Bifidobacterium|s__Bifidobacterium_bifidum,s  Bifidobacterium bifidum,Fecal,disease,0.9642378361163987,0.18857432633212595,140,0.6642312280583632
g__Bifidobacterium|s__Bifidobacterium_bifidum,s  Bifidobacterium bifidum,Fecal,ppi_use,-1.5917088267505244,0.07995033975596583,140,0.37715024072061315
g__Bifidobacterium|s__Bifidobacterium_bifidum,s  Bifidobacterium bifidum,Fecal,age,0.009799076806902708,0.699821287590138,140,0.9188697366846488
g__Bifidobacterium|s__Bifidobacterium_bifidum,s  Bifidobacterium bifidum,Fecal,bmi,0.04873715036844222,0.5362340685228313,140,0.9188697366846488
g__Bifidobacterium|s__Bifidobacterium_bifidum,s  Bifidobacterium bifidum,Fecal,antibiotics_3m,1.1588837893352615,0.30696957597991703,140,0.7549792274100663
g__Bifidobacterium|s__Bifidobacterium_bifidum,s  Bifidobacterium bifidum,Fecal,smoking,0.08804020090505887,0.9236624978467092,140,0.9672007989955175
g__Bifidobacterium|s__Bifidobacterium_longum,s  Bifidobacterium longum,Fecal,sex[T.1],-0.6482960055158605,0.23152007119043747,140,0.6724241697850074
g__Bifidobacterium|s__Bifidobacterium_longum,s  Bifidobacterium longum,Fecal,disease,2.1106370458463033,0.0006801792612610954,140,0.009354527908562615
g__Bifidobacterium|s__Bifidobacterium_longum,s  Bifidobacterium longum,Fecal,ppi_use,0.42522518641431717,0.5716456157428378,140,0.9188697366846488
g__Bifidobacterium|s__Bifidobacterium_longum,s  Bifidobacterium longum,Fecal,age,-0.012816831493787694,0.544271582740127,140,0.9188697366846488
g__Bifidobacterium|s__Bifidobacterium_longum,s  Bifidobacterium longum,Fecal,bmi,0.0244937425659587,0.7083388011162209,140,0.9188697366846488
g__Bifidobacterium|s__Bifidobacterium_longum,s  Bifidobacterium longum,Fecal,antibiotics_3m,-0.05637601258956383,0.9522359086262225,140,0.9760200292451746
g__Bifidobacterium|s__Bifidobacterium_longum,s  Bifidobacterium longum,Fecal,smoking,0.7576554405401973,0.3221271212916906,140,0.7719242614605124
g__Bilophila|s__Bilophila_wadsworthia,s  Bilophila wadsworthia,Fecal,sex[T.1],0.9838293644611092,0.11731234162044217,140,0.49187102962700757
g__Bilophila|s__Bilophila_wadsworthia,s  Bilophila wadsworthia,Fecal,disease,-1.0806098159841508,0.12600515900728723,140,0.5134240061043196
g__Bilophila|s__Bilophila_wadsworthia,s  Bilophila wadsworthia,Fecal,ppi_use,0.32487322346745273,0.7086976285462434,140,0.9188697366846488
g__Bilophila|s__Bilophila_wadsworthia,s  Bilophila wadsworthia,Fecal,age,0.006154181921730877,0.8012145821007833,140,0.9188697366846488
g__Bilophila|s__Bilophila_wadsworthia,s  Bilophila wadsworthia,Fecal,bmi,-0.01545001608194524,0.838376878935539,140,0.9291348631234188
g__Bilophila|s__Bilophila_wadsworthia,s  Bilophila wadsworthia,Fecal,antibiotics_3m,-0.17740892939123523,0.870597205438928,140,0.9439944534341435
g__Bilophila|s__Bilophila_wadsworthia,s  Bilophila wadsworthia,Fecal,smoking,0.3360433617647252,0.7038511177613642,140,0.9188697366846488
g__Bittarella|s__Bittarella_massiliensis,s  Bittarella massiliensis,Fecal,sex[T.1],-0.16019444064943636,0.6244303061998668,140,0.9188697366846488
g__Bittarella|s__Bittarella_massiliensis,s  Bittarella massiliensis,Fecal,disease,3.067674723677683,7.82600855380674e-14,140,1.0120264745633242e-11
g__Bittarella|s__Bittarella_massiliensis,s  Bittarella massiliensis,Fecal,ppi_use,-0.7580080966346349,0.09726785029576404,140,0.4329476597403845
g__Bittarella|s__Bittarella_massiliensis,s  Bittarella massiliensis,Fecal,age,-0.007831225676111688,0.5404467455290123,140,0.9188697366846488
g__Bittarella|s__Bittarella_massiliensis,s  Bittarella massiliensis,Fecal,bmi,0.0727354150738456,0.06810500551362009,140,0.3435154680142702
g__Bittarella|s__Bittarella_massiliensis,s  Bittarella massiliensis,Fecal,antibiotics_3m,-0.5416339025564376,0.3425136632724606,140,0.7961741444280376
g__Bittarella|s__Bittarella_massiliensis,s  Bittarella massiliensis,Fecal,smoking,0.6176190249550215,0.1830237938494129,140,0.652542301144305
g__Blautia|s__Blautia_SGB4815,s  Blautia SGB4815,Fecal,sex[T.1],-0.07273409669303263,0.8693464509314337,140,0.9434559319516488
g__Blautia|s__Blautia_SGB4815,s  Blautia SGB4815,Fecal,disease,3.7499605926096313,6.176142303320073e-12,140,6.322825683023924e-10
g__Blautia|s__Blautia_SGB4815,s  Blautia SGB4815,Fecal,ppi_use,1.1362492171981,0.06629176969933659,140,0.3386255263020166
g__Blautia|s__Blautia_SGB4815,s  Blautia SGB4815,Fecal,age,-0.0406811114729104,0.01982955102717565,140,0.1542740507782852
g__Blautia|s__Blautia_SGB4815,s  Blautia SGB4815,Fecal,bmi,0.03524308316812223,0.5108871417978501,140,0.9188697366846488
g__Blautia|s__Blautia_SGB4815,s  Blautia SGB4815,Fecal,antibiotics_3m,-1.2135202107153045,0.11678528466195645,140,0.490677459569529
g__Blautia|s__Blautia_SGB4815,s  Blautia SGB4815,Fecal,smoking,0.21176244642868255,0.7347945757711035,140,0.9188697366846488
g__Blautia|s__Blautia_faecis,s  Blautia faecis,Fecal,sex[T.1],0.4693400904277279,0.23861196823756683,140,0.6724241697850074
g__Blautia|s__Blautia_faecis,s  Blautia faecis,Fecal,disease,2.9364693497435623,9.767393348047716e-10,140,8.275339812466634e-08
g__Blautia|s__Blautia_faecis,s  Blautia faecis,Fecal,ppi_use,0.03725492317762736,0.9462177596188655,140,0.9747828566757464
g__Blautia|s__Blautia_faecis,s  Blautia faecis,Fecal,age,-0.0019089051934130224,0.9021529336861254,140,0.9581527816913886
g__Blautia|s__Blautia_faecis,s  Blautia faecis,Fecal,bmi,0.026442987270367275,0.5828367803053485,140,0.9188697366846488
g__Blautia|s__Blautia_faecis,s  Blautia faecis,Fecal,antibiotics_3m,0.5441255498491177,0.4321135829759811,140,0.8886600563880196
g__Blautia|s__Blautia_faecis,s  Blautia faecis,Fecal,smoking,-0.430851569318273,0.44336150257171136,140,0.8972132526868855
g__Blautia|s__Blautia_glucerasea,s  Blautia glucerasea,Fecal,sex[T.1],0.18767247396357917,0.6826029574643693,140,0.9188697366846488
g__Blautia|s__Blautia_glucerasea,s  Blautia glucerasea,Fecal,disease,2.9638935300786713,5.750190593907876e-08,140,3.71795218137675e-06
g__Blautia|s__Blautia_glucerasea,s  Blautia glucerasea,Fecal,ppi_use,0.8754416005024431,0.1714715962741314,140,0.6325911592275387
g__Blautia|s__Blautia_glucerasea,s  Blautia glucerasea,Fecal,age,-0.0016127955302874856,0.928344379909843,140,0.9689643761420919
g__Blautia|s__Blautia_glucerasea,s  Blautia glucerasea,Fecal,bmi,0.052294584534446395,0.3475513069343774,140,0.8017492871029717
g__Blautia|s__Blautia_glucerasea,s  Blautia glucerasea,Fecal,antibiotics_3m,-0.43514705645588353,0.5862800636788774,140,0.9188697366846488
g__Blautia|s__Blautia_glucerasea,s  Blautia glucerasea,Fecal,smoking,1.036569204859735,0.11167820708659353,140,0.4780372035048088
g__Blautia|s__Blautia_luti,s  Blautia luti,Fecal,sex[T.1],-0.7894388084941992,0.10080813388125658,140,0.44547767076663203
g__Blautia|s__Blautia_luti,s  Blautia luti,Fecal,disease,1.5677497894422332,0.004138643688990006,140,0.04796531860305869
g__Blautia|s__Blautia_luti,s  Blautia luti,Fecal,ppi_use,1.0073648186337116,0.1317473027612854,140,0.531532221485186
g__Blautia|s__Blautia_luti,s  Blautia luti,Fecal,age,-0.008190682231469414,0.6616468718335697,140,0.9188697366846488
g__Blautia|s__Blautia_luti,s  Blautia luti,Fecal,bmi,0.04688472646200049,0.4192903219592514,140,0.8782577332087644
g__Blautia|s__Blautia_luti,s  Blautia luti,Fecal,antibiotics_3m,0.7976989946110656,0.3394556293115154,140,0.7905615935719369
g__Blautia|s__Blautia_luti,s  Blautia luti,Fecal,smoking,1.508543681841227,0.027162088508628522,140,0.16852841279217243
g__Blautia|s__Blautia_massiliensis,s  Blautia massiliensis,Fecal,sex[T.1],0.4076493224492583,0.4991545467493056,140,0.9188697366846488
g__Blautia|s__Blautia_massiliensis,s  Blautia massiliensis,Fecal,disease,2.0452248597100438,0.0030027226904098857,140,0.03688844825168545
g__Blautia|s__Blautia_massiliensis,s  Blautia massiliensis,Fecal,ppi_use,1.8373316548837688,0.02977492756536319,140,0.18243640156632757
g__Blautia|s__Blautia_massiliensis,s  Blautia massiliensis,Fecal,age,-0.02151126374778345,0.36192343377058844,140,0.817109782949571
g__Blautia|s__Blautia_massiliensis,s  Blautia massiliensis,Fecal,bmi,0.06265585442818754,0.3914165082093056,140,0.8517724474077154
g__Blautia|s__Blautia_massiliensis,s  Blautia massiliensis,Fecal,antibiotics_3m,0.30763517551532094,0.7694991543926541,140,0.9188697366846488
g__Blautia|s__Blautia_massiliensis,s  Blautia massiliensis,Fecal,smoking,0.7789983589859397,0.36123155350058633,140,0.817109782949571
g__Blautia|s__Blautia_obeum,s  Blautia obeum,Fecal,sex[T.1],0.2622240911364733,0.57517709674067,140,0.9188697366846488
g__Blautia|s__Blautia_obeum,s  Blautia obeum,Fecal,disease,2.824122433237109,3.275093854123427e-07,140,1.6764386665794293e-05
g__Blautia|s__Blautia_obeum,s  Blautia obeum,Fecal,ppi_use,1.6696775909808774,0.011185988530977844,140,0.11357013975459736
g__Blautia|s__Blautia_obeum,s  Blautia obeum,Fecal,age,-0.04763854912696139,0.010064442767143125,140,0.10433896995304076
g__Blautia|s__Blautia_obeum,s  Blautia obeum,Fecal,bmi,0.09497207559003472,0.09535469117968494,140,0.4283116567248371
g__Blautia|s__Blautia_obeum,s  Blautia obeum,Fecal,antibiotics_3m,0.7384521442526291,0.365309824433556,140,0.8182007644788032
g__Blautia|s__Blautia_obeum,s  Blautia obeum,Fecal,smoking,0.9980589298950134,0.1326978721442696,140,0.531735791950395
g__Blautia|s__Blautia_sp_MSK_20_85,s  Blautia sp MSK 20 85,Fecal,sex[T.1],0.6953491145657437,0.21960808483593283,140,0.6724241697850074
g__Blautia|s__Blautia_sp_MSK_20_85,s  Blautia sp MSK 20 85,Fecal,disease,0.20107568923228852,0.751612090145944,140,0.9188697366846488
g__Blautia|s__Blautia_sp_MSK_20_85,s  Blautia sp MSK 20 85,Fecal,ppi_use,0.6557873515502317,0.4042983008805884,140,0.8600527491459788
g__Blautia|s__Blautia_sp_MSK_20_85,s  Blautia sp MSK 20 85,Fecal,age,0.007589606043153421,0.7310814414205988,140,0.9188697366846488
g__Blautia|s__Blautia_sp_MSK_20_85,s  Blautia sp MSK 20 85,Fecal,bmi,-0.009691051124969936,0.8873678320423392,140,0.9501985757406197
g__Blautia|s__Blautia_sp_MSK_20_85,s  Blautia sp MSK 20 85,Fecal,antibiotics_3m,0.661029900289766,0.5019840402902278,140,0.9188697366846488
g__Blautia|s__Blautia_sp_MSK_20_85,s  Blautia sp MSK 20 85,Fecal,smoking,-1.1914035560092058,0.13726614032539317,140,0.5457328588664903
g__Blautia|s__Blautia_wexlerae,s  Blautia wexlerae,Fecal,sex[T.1],0.9141491546402123,0.010150085594755184,140,0.1047847071693844
g__Blautia|s__Blautia_wexlerae,s  Blautia wexlerae,Fecal,disease,4.7569707446018885,4.601211110442602e-23,140,1.8841959497262456e-20
g__Blautia|s__Blautia_wexlerae,s  Blautia wexlerae,Fecal,ppi_use,0.17752381677592294,0.7162180033083738,140,0.9188697366846488
g__Blautia|s__Blautia_wexlerae,s  Blautia wexlerae,Fecal,age,0.017926271298615615,0.192979901103591,140,0.6724241697850074
g__Blautia|s__Blautia_wexlerae,s  Blautia wexlerae,Fecal,bmi,-0.01045422933457533,0.8058827926746415,140,0.9188697366846488
g__Blautia|s__Blautia_wexlerae,s  Blautia wexlerae,Fecal,antibiotics_3m,-0.0426921062045161,0.9443504225922926,140,0.9744934852201861
g__Blautia|s__Blautia_wexlerae,s  Blautia wexlerae,Fecal,smoking,0.3476708828588361,0.4840459058387897,140,0.9188697366846488
g__Butyricicoccus|s__Butyricicoccus_sp_AM29_23AC,s  Butyricicoccus sp AM29 23AC,Fecal,sex[T.1],-0.17287807355658175,0.7527211075079732,140,0.9188697366846488
g__Butyricicoccus|s__Butyricicoccus_sp_AM29_23AC,s  Butyricicoccus sp AM29 23AC,Fecal,disease,-2.748029605834453,1.7170655805300103e-05,140,0.00028314296183639163
g__Butyricicoccus|s__Butyricicoccus_sp_AM29_23AC,s  Butyricicoccus sp AM29 23AC,Fecal,ppi_use,-0.0765710012275991,0.9200412062025556,140,0.9664562820178192
g__Butyricicoccus|s__Butyricicoccus_sp_AM29_23AC,s  Butyricicoccus sp AM29 23AC,Fecal,age,0.011777305607532948,0.5830881892269508,140,0.9188697366846488
g__Butyricicoccus|s__Butyricicoccus_sp_AM29_23AC,s  Butyricicoccus sp AM29 23AC,Fecal,bmi,0.0378563767264528,0.5691646314689413,140,0.9188697366846488
g__Butyricicoccus|s__Butyricicoccus_sp_AM29_23AC,s  Butyricicoccus sp AM29 23AC,Fecal,antibiotics_3m,-0.30862838580469726,0.7467522044537394,140,0.9188697366846488
g__Butyricicoccus|s__Butyricicoccus_sp_AM29_23AC,s  Butyricicoccus sp AM29 23AC,Fecal,smoking,1.8042616007154353,0.021263801677071474,140,0.1542740507782852
g__Butyricimonas|s__Butyricimonas_SGB15260,s  Butyricimonas SGB15260,Fecal,sex[T.1],0.1880468456488972,0.7494395191330636,140,0.9188697366846488
g__Butyricimonas|s__Butyricimonas_SGB15260,s  Butyricimonas SGB15260,Fecal,disease,-1.1228514594028902,0.09159831646012062,140,0.4152344345802885
g__Butyricimonas|s__Butyricimonas_SGB15260,s  Butyricimonas SGB15260,Fecal,ppi_use,0.8463810793401596,0.30206820530746625,140,0.7485915462604673
g__Butyricimonas|s__Butyricimonas_SGB15260,s  Butyricimonas SGB15260,Fecal,age,0.044754425748325145,0.05345755531129034,140,0.28867079868096784
g__Butyricimonas|s__Butyricimonas_SGB15260,s  Butyricimonas SGB15260,Fecal,bmi,-0.07359461189479692,0.30302499017542595,140,0.7485915462604673
g__Butyricimonas|s__Butyricimonas_SGB15260,s  Butyricimonas SGB15260,Fecal,antibiotics_3m,0.562959098761484,0.5831744509303796,140,0.9188697366846488
g__Butyricimonas|s__Butyricimonas_SGB15260,s  Butyricimonas SGB15260,Fecal,smoking,-0.8626836665230772,0.3008227651163976,140,0.7482118682363349
g__Butyricimonas|s__Butyricimonas_paravirosa,s  Butyricimonas paravirosa,Fecal,sex[T.1],-0.6574920114826864,0.20555523686054555,140,0.6724241697850074
g__Butyricimonas|s__Butyricimonas_paravirosa,s  Butyricimonas paravirosa,Fecal,disease,-0.06858169658430319,0.9062462867994397,140,0.9597616925285446
g__Butyricimonas|s__Butyricimonas_paravirosa,s  Butyricimonas paravirosa,Fecal,ppi_use,0.6823125260726436,0.34409029831106386,140,0.7979466562010001
g__Butyricimonas|s__Butyricimonas_paravirosa,s  Butyricimonas paravirosa,Fecal,age,-0.043623689460201016,0.032629970769538254,140,0.19649960338420464
g__Butyricimonas|s__Butyricimonas_paravirosa,s  Butyricimonas paravirosa,Fecal,bmi,0.039273559056185944,0.5315426291322334,140,0.9188697366846488
g__Butyricimonas|s__Butyricimonas_paravirosa,s  Butyricimonas paravirosa,Fecal,antibiotics_3m,-0.45632779842474763,0.6130470720711355,140,0.9188697366846488
g__Butyricimonas|s__Butyricimonas_paravirosa,s  Butyricimonas paravirosa,Fecal,smoking,-0.5075991332446019,0.48838117739311093,140,0.9188697366846488
g__Butyricimonas|s__Butyricimonas_virosa,s  Butyricimonas virosa,Fecal,sex[T.1],0.3176377669985584,0.5279788315532447,140,0.9188697366846488
g__Butyricimonas|s__Butyricimonas_virosa,s  Butyricimonas virosa,Fecal,disease,-1.501290314348791,0.008793882174781314,140,0.09435182752592877
g__Butyricimonas|s__Butyricimonas_virosa,s  Butyricimonas virosa,Fecal,ppi_use,0.23700709368363035,0.7347093065695735,140,0.9188697366846488
g__Butyricimonas|s__Butyricimonas_virosa,s  Butyricimonas virosa,Fecal,age,0.018105998753195063,0.3578152250623797,140,0.8162971290420306
g__Butyricimonas|s__Butyricimonas_virosa,s  Butyricimonas virosa,Fecal,bmi,-0.0183655272046096,0.7631063527959541,140,0.9188697366846488
g__Butyricimonas|s__Butyricimonas_virosa,s  Butyricimonas virosa,Fecal,antibiotics_3m,0.129326629722034,0.882631658091469,140,0.9494859824565409
g__Butyricimonas|s__Butyricimonas_virosa,s  Butyricimonas virosa,Fecal,smoking,0.3713324445916909,0.601612573525788,140,0.9188697366846488
g__Campylobacter|s__Campylobacter_concisus,s  Campylobacter concisus,Fecal,sex[T.1],-0.04476732793073701,0.7317759848892824,140,0.9188697366846488
g__Campylobacter|s__Campylobacter_concisus,s  Campylobacter concisus,Fecal,disease,0.7492398288194284,1.093664761251317e-06,140,1.879114907968172e-05
g__Campylobacter|s__Campylobacter_concisus,s  Campylobacter concisus,Fecal,ppi_use,-0.41270323973302603,0.024362365365069052,140,0.1542740507782852
g__Campylobacter|s__Campylobacter_concisus,s  Campylobacter concisus,Fecal,age,-0.00600706620111464,0.2404590232047669,140,0.6724241697850074
g__Campylobacter|s__Campylobacter_concisus,s  Campylobacter concisus,Fecal,bmi,-0.0038101555421357356,0.8096674724958343,140,0.9188697366846488
g__Campylobacter|s__Campylobacter_concisus,s  Campylobacter concisus,Fecal,antibiotics_3m,-0.06918286390994874,0.7610185220111207,140,0.9188697366846488
g__Campylobacter|s__Campylobacter_concisus,s  Campylobacter concisus,Fecal,smoking,0.05480085219928851,0.7665709861515893,140,0.9188697366846488
g__Candidatus_Borkfalkia|s__Candidatus_Borkfalkia_ceftriaxoniphila,s  Candidatus Borkfalkia ceftriaxoniphila,Fecal,sex[T.1],0.39752706036840196,0.4708932927140492,140,0.9188697366846488
g__Candidatus_Borkfalkia|s__Candidatus_Borkfalkia_ceftriaxoniphila,s  Candidatus Borkfalkia ceftriaxoniphila,Fecal,disease,-3.387621303282333,2.0828097939607363e-07,140,1.248161869210129e-05
g__Candidatus_Borkfalkia|s__Candidatus_Borkfalkia_ceftriaxoniphila,s  Candidatus Borkfalkia ceftriaxoniphila,Fecal,ppi_use,0.10814404312335406,0.887702218004551,140,0.9501985757406197
g__Candidatus_Borkfalkia|s__Candidatus_Borkfalkia_ceftriaxoniphila,s  Candidatus Borkfalkia ceftriaxoniphila,Fecal,age,-0.004244953053445028,0.8437062222379385,140,0.9322510532774547
g__Candidatus_Borkfalkia|s__Candidatus_Borkfalkia_ceftriaxoniphila,s  Candidatus Borkfalkia ceftriaxoniphila,Fecal,bmi,-0.049435556957741815,0.4591976972571957,140,0.9180217592847273
g__Candidatus_Borkfalkia|s__Candidatus_Borkfalkia_ceftriaxoniphila,s  Candidatus Borkfalkia ceftriaxoniphila,Fecal,antibiotics_3m,-1.1050737724604518,0.2505343194140927,140,0.6847194914354013
g__Candidatus_Borkfalkia|s__Candidatus_Borkfalkia_ceftriaxoniphila,s  Candidatus Borkfalkia ceftriaxoniphila,Fecal,smoking,0.13079149677230364,0.866592048120282,140,0.9414100634161657
g__Candidatus_Cibionibacter|s__Candidatus_Cibionibacter_quicibialis,s  Candidatus Cibionibacter quicibialis,Fecal,sex[T.1],0.3480294187628599,0.5345004519839681,140,0.9188697366846488
g__Candidatus_Cibionibacter|s__Candidatus_Cibionibacter_quicibialis,s  Candidatus Cibionibacter quicibialis,Fecal,disease,-2.4537234748824637,0.00014987446656723418,140,0.0023159846814823546
g__Candidatus_Cibionibacter|s__Candidatus_Cibionibacter_quicibialis,s  Candidatus Cibionibacter quicibialis,Fecal,ppi_use,1.1763572228989656,0.1324093585192005,140,0.5316144579159083
g__Candidatus_Cibionibacter|s__Candidatus_Cibionibacter_quicibialis,s  Candidatus Cibionibacter quicibialis,Fecal,age,-0.029479692531509758,0.17946099295683596,140,0.6478066385591674
g__Candidatus_Cibionibacter|s__Candidatus_Cibionibacter_quicibialis,s  Candidatus Cibionibacter quicibialis,Fecal,bmi,0.03963442095534369,0.5592134923251731,140,0.9188697366846488
g__Candidatus_Cibionibacter|s__Candidatus_Cibionibacter_quicibialis,s  Candidatus Cibionibacter quicibialis,Fecal,antibiotics_3m,0.145059485267707,0.8817520469075233,140,0.9494859824565409
g__Candidatus_Cibionibacter|s__Candidatus_Cibionibacter_quicibialis,s  Candidatus Cibionibacter quicibialis,Fecal,smoking,-0.08134151727487988,0.9181366199421733,140,0.965118400159342
g__Candidatus_Nanosynsacchari|s__Candidatus_Nanosynsacchari_sp_TM7_ANC_38_39_G1_1,s  Candidatus Nanosynsacchari sp TM7 ANC 38 39 G1 1,Fecal,sex[T.1],-0.04476732793073701,0.7317759848892824,140,0.9188697366846488
g__Candidatus_Nanosynsacchari|s__Candidatus_Nanosynsacchari_sp_TM7_ANC_38_39_G1_1,s  Candidatus Nanosynsacchari sp TM7 ANC 38 39 G1 1,Fecal,disease,0.7492398288194284,1.093664761251317e-06,140,1.879114907968172e-05
g__Candidatus_Nanosynsacchari|s__Candidatus_Nanosynsacchari_sp_TM7_ANC_38_39_G1_1,s  Candidatus Nanosynsacchari sp TM7 ANC 38 39 G1 1,Fecal,ppi_use,-0.41270323973302603,0.024362365365069052,140,0.1542740507782852
g__Candidatus_Nanosynsacchari|s__Candidatus_Nanosynsacchari_sp_TM7_ANC_38_39_G1_1,s  Candidatus Nanosynsacchari sp TM7 ANC 38 39 G1 1,Fecal,age,-0.00600706620111464,0.2404590232047669,140,0.6724241697850074
g__Candidatus_Nanosynsacchari|s__Candidatus_Nanosynsacchari_sp_TM7_ANC_38_39_G1_1,s  Candidatus Nanosynsacchari sp TM7 ANC 38 39 G1 1,Fecal,bmi,-0.0038101555421357356,0.8096674724958343,140,0.9188697366846488
g__Candidatus_Nanosynsacchari|s__Candidatus_Nanosynsacchari_sp_TM7_ANC_38_39_G1_1,s  Candidatus Nanosynsacchari sp TM7 ANC 38 39 G1 1,Fecal,antibiotics_3m,-0.06918286390994874,0.7610185220111207,140,0.9188697366846488
g__Candidatus_Nanosynsacchari|s__Candidatus_Nanosynsacchari_sp_TM7_ANC_38_39_G1_1,s  Candidatus Nanosynsacchari sp TM7 ANC 38 39 G1 1,Fecal,smoking,0.05480085219928851,0.7665709861515893,140,0.9188697366846488
g__Capnocytophaga|s__Capnocytophaga_gingivalis,s  Capnocytophaga gingivalis,Fecal,sex[T.1],-0.04476732793073701,0.7317759848892824,140,0.9188697366846488
g__Capnocytophaga|s__Capnocytophaga_gingivalis,s  Capnocytophaga gingivalis,Fecal,disease,0.7492398288194284,1.093664761251317e-06,140,1.879114907968172e-05
g__Capnocytophaga|s__Capnocytophaga_gingivalis,s  Capnocytophaga gingivalis,Fecal,ppi_use,-0.41270323973302603,0.024362365365069052,140,0.1542740507782852
g__Capnocytophaga|s__Capnocytophaga_gingivalis,s  Capnocytophaga gingivalis,Fecal,age,-0.00600706620111464,0.2404590232047669,140,0.6724241697850074
g__Capnocytophaga|s__Capnocytophaga_gingivalis,s  Capnocytophaga gingivalis,Fecal,bmi,-0.0038101555421357356,0.8096674724958343,140,0.9188697366846488
g__Capnocytophaga|s__Capnocytophaga_gingivalis,s  Capnocytophaga gingivalis,Fecal,antibiotics_3m,-0.06918286390994874,0.7610185220111207,140,0.9188697366846488
g__Capnocytophaga|s__Capnocytophaga_gingivalis,s  Capnocytophaga gingivalis,Fecal,smoking,0.05480085219928851,0.7665709861515893,140,0.9188697366846488
g__Capnocytophaga|s__Capnocytophaga_leadbetteri,s  Capnocytophaga leadbetteri,Fecal,sex[T.1],-0.04476732793073701,0.7317759848892824,140,0.9188697366846488
g__Capnocytophaga|s__Capnocytophaga_leadbetteri,s  Capnocytophaga leadbetteri,Fecal,disease,0.7492398288194284,1.093664761251317e-06,140,1.879114907968172e-05
g__Capnocytophaga|s__Capnocytophaga_leadbetteri,s  Capnocytophaga leadbetteri,Fecal,ppi_use,-0.41270323973302603,0.024362365365069052,140,0.1542740507782852
g__Capnocytophaga|s__Capnocytophaga_leadbetteri,s  Capnocytophaga leadbetteri,Fecal,age,-0.00600706620111464,0.2404590232047669,140,0.6724241697850074
g__Capnocytophaga|s__Capnocytophaga_leadbetteri,s  Capnocytophaga leadbetteri,Fecal,bmi,-0.0038101555421357356,0.8096674724958343,140,0.9188697366846488
g__Capnocytophaga|s__Capnocytophaga_leadbetteri,s  Capnocytophaga leadbetteri,Fecal,antibiotics_3m,-0.06918286390994874,0.7610185220111207,140,0.9188697366846488
g__Capnocytophaga|s__Capnocytophaga_leadbetteri,s  Capnocytophaga leadbetteri,Fecal,smoking,0.05480085219928851,0.7665709861515893,140,0.9188697366846488
g__Catonella|s__Catonella_massiliensis,s  Catonella massiliensis,Fecal,sex[T.1],-0.04476732793073701,0.7317759848892824,140,0.9188697366846488
g__Catonella|s__Catonella_massiliensis,s  Catonella massiliensis,Fecal,disease,0.7492398288194284,1.093664761251317e-06,140,1.879114907968172e-05
g__Catonella|s__Catonella_massiliensis,s  Catonella massiliensis,Fecal,ppi_use,-0.41270323973302603,0.024362365365069052,140,0.1542740507782852
g__Catonella|s__Catonella_massiliensis,s  Catonella massiliensis,Fecal,age,-0.00600706620111464,0.2404590232047669,140,0.6724241697850074
g__Catonella|s__Catonella_massiliensis,s  Catonella massiliensis,Fecal,bmi,-0.0038101555421357356,0.8096674724958343,140,0.9188697366846488
g__Catonella|s__Catonella_massiliensis,s  Catonella massiliensis,Fecal,antibiotics_3m,-0.06918286390994874,0.7610185220111207,140,0.9188697366846488
g__Catonella|s__Catonella_massiliensis,s  Catonella massiliensis,Fecal,smoking,0.05480085219928851,0.7665709861515893,140,0.9188697366846488
g__Clostridium|s__Clostridium_SGB4648,s  Clostridium SGB4648,Fecal,sex[T.1],1.040274977738157,0.05149334339357938,140,0.2805302543636908
g__Clostridium|s__Clostridium_SGB4648,s  Clostridium SGB4648,Fecal,disease,-0.9396842316988157,0.11682796656417357,140,0.490677459569529
g__Clostridium|s__Clostridium_SGB4648,s  Clostridium SGB4648,Fecal,ppi_use,-0.031009804473726692,0.966456078504657,140,0.9812324730933646
g__Clostridium|s__Clostridium_SGB4648,s  Clostridium SGB4648,Fecal,age,0.018541350243020605,0.3718391863909404,140,0.8267953673869145
g__Clostridium|s__Clostridium_SGB4648,s  Clostridium SGB4648,Fecal,bmi,-0.0017837612541614645,0.9778496009059435,140,0.9866843816944161
g__Clostridium|s__Clostridium_SGB4648,s  Clostridium SGB4648,Fecal,antibiotics_3m,-0.06643222000222757,0.9426680056815961,140,0.9741451783427046
g__Clostridium|s__Clostridium_SGB4648,s  Clostridium SGB4648,Fecal,smoking,-0.5936871760452885,0.4289368560930831,140,0.8851317116661739
g__Clostridium|s__Clostridium_SGB4750,s  Clostridium SGB4750,Fecal,sex[T.1],-0.005271538358821489,0.9914040302810141,140,0.9939230570490332
g__Clostridium|s__Clostridium_SGB4750,s  Clostridium SGB4750,Fecal,disease,2.4172360428861097,2.1986469191691903e-05,140,0.00036013836535991336
g__Clostridium|s__Clostridium_SGB4750,s  Clostridium SGB4750,Fecal,ppi_use,-0.09640067487409457,0.887318916693648,140,0.9501985757406197
g__Clostridium|s__Clostridium_SGB4750,s  Clostridium SGB4750,Fecal,age,-0.032502273969312115,0.09099439476799796,140,0.4132592013770259
g__Clostridium|s__Clostridium_SGB4750,s  Clostridium SGB4750,Fecal,bmi,0.038971137253829835,0.5112029978383802,140,0.9188697366846488
g__Clostridium|s__Clostridium_SGB4750,s  Clostridium SGB4750,Fecal,antibiotics_3m,-0.25109990501899265,0.7683028145433787,140,0.9188697366846488
g__Clostridium|s__Clostridium_SGB4750,s  Clostridium SGB4750,Fecal,smoking,0.8162365923815174,0.23916090700014345,140,0.6724241697850074
g__Clostridium|s__Clostridium_SGB4909,s  Clostridium SGB4909,Fecal,sex[T.1],0.8910270327059936,0.06873636122739547,140,0.3435154680142702
g__Clostridium|s__Clostridium_SGB4909,s  Clostridium SGB4909,Fecal,disease,-1.1090613389392674,0.04423800368676479,140,0.25102257519256604
g__Clostridium|s__Clostridium_SGB4909,s  Clostridium SGB4909,Fecal,ppi_use,0.16801234833300116,0.8038395895700998,140,0.9188697366846488
g__Clostridium|s__Clostridium_SGB4909,s  Clostridium SGB4909,Fecal,age,0.0020926931278696837,0.9123668481263416,140,0.9620967149555455
g__Clostridium|s__Clostridium_SGB4909,s  Clostridium SGB4909,Fecal,bmi,0.0026163844824354655,0.9645853867551938,140,0.9808545202904249
g__Clostridium|s__Clostridium_SGB4909,s  Clostridium SGB4909,Fecal,antibiotics_3m,0.7314156083976808,0.388661084717304,140,0.850318189724735
g__Clostridium|s__Clostridium_SGB4909,s  Clostridium SGB4909,Fecal,smoking,0.4051451448792497,0.5559748176473667,140,0.9188697366846488
g__Clostridium|s__Clostridium_butyricum,s  Clostridium butyricum,Fecal,sex[T.1],-0.19269760970858388,0.6047595963542718,140,0.9188697366846488
g__Clostridium|s__Clostridium_butyricum,s  Clostridium butyricum,Fecal,disease,5.207233255339281,4.636420308325338e-24,140,3.797228232518452e-21
g__Clostridium|s__Clostridium_butyricum,s  Clostridium butyricum,Fecal,ppi_use,-1.8703131485940585,0.00041602208809006437,140,0.006012742767278166
g__Clostridium|s__Clostridium_butyricum,s  Clostridium butyricum,Fecal,age,0.012889358741002312,0.37625826999918777,140,0.8343561095559606
g__Clostridium|s__Clostridium_butyricum,s  Clostridium butyricum,Fecal,bmi,-0.021433500686756955,0.6345879373918417,140,0.9188697366846488
g__Clostridium|s__Clostridium_butyricum,s  Clostridium butyricum,Fecal,antibiotics_3m,-0.6389280842942459,0.3251208903472086,140,0.7753283523554652
g__Clostridium|s__Clostridium_butyricum,s  Clostridium butyricum,Fecal,smoking,0.8250129023282071,0.11846735241166644,140,0.4933462455516347
g__Clostridium|s__Clostridium_fessum,s  Clostridium fessum,Fecal,sex[T.1],1.018807517549691,0.03626038653192296,140,0.21364932783917198
g__Clostridium|s__Clostridium_fessum,s  Clostridium fessum,Fecal,disease,0.6285020546591833,0.2479138151475354,140,0.6813470288786292
g__Clostridium|s__Clostridium_fessum,s  Clostridium fessum,Fecal,ppi_use,0.597597285722337,0.3737410113060151,140,0.8295227324109117
g__Clostridium|s__Clostridium_fessum,s  Clostridium fessum,Fecal,age,0.03164007048939891,0.09515977963039976,140,0.42821900833679893
g__Clostridium|s__Clostridium_fessum,s  Clostridium fessum,Fecal,bmi,0.11046803243233931,0.06045945019469319,140,0.31770200325661685
g__Clostridium|s__Clostridium_fessum,s  Clostridium fessum,Fecal,antibiotics_3m,-0.45512745615802563,0.5883092013406014,140,0.9188697366846488
g__Clostridium|s__Clostridium_fessum,s  Clostridium fessum,Fecal,smoking,0.008463584834368466,0.9900983980846607,140,0.9933326925659499
g__Clostridium|s__Clostridium_sp_1001270H_150608_G6,s  Clostridium sp 1001270H 150608 G6,Fecal,sex[T.1],0.6437197586149876,0.3114800781993479,140,0.7593170121112528
g__Clostridium|s__Clostridium_sp_1001270H_150608_G6,s  Clostridium sp 1001270H 150608 G6,Fecal,disease,0.10409173422372046,0.884065760639054,140,0.9500800728004752
g__Clostridium|s__Clostridium_sp_1001270H_150608_G6,s  Clostridium sp 1001270H 150608 G6,Fecal,ppi_use,0.9568360425811784,0.2793650259648196,140,0.7216300576516709
g__Clostridium|s__Clostridium_sp_1001270H_150608_G6,s  Clostridium sp 1001270H 150608 G6,Fecal,age,0.028839942498144703,0.24630832658232507,140,0.6792138702724722
g__Clostridium|s__Clostridium_sp_1001270H_150608_G6,s  Clostridium sp 1001270H 150608 G6,Fecal,bmi,0.017655256767680514,0.8184149161020041,140,0.9232531904787071
g__Clostridium|s__Clostridium_sp_1001270H_150608_G6,s  Clostridium sp 1001270H 150608 G6,Fecal,antibiotics_3m,-0.6642191783068725,0.5482579737745203,140,0.9188697366846488
g__Clostridium|s__Clostridium_sp_1001270H_150608_G6,s  Clostridium sp 1001270H 150608 G6,Fecal,smoking,-0.12499355861087469,0.889209872198703,140,0.9507348372463938
g__Clostridium|s__Clostridium_sp_AF20_17LB,s  Clostridium sp AF20 17LB,Fecal,sex[T.1],0.7577175191266392,0.148613345610124,140,0.5723244359938474
g__Clostridium|s__Clostridium_sp_AF20_17LB,s  Clostridium sp AF20 17LB,Fecal,disease,-1.118644109479832,0.05863033662844946,140,0.31046279546573347
g__Clostridium|s__Clostridium_sp_AF20_17LB,s  Clostridium sp AF20 17LB,Fecal,ppi_use,0.8538858040441796,0.2410583157889208,140,0.6724241697850074
g__Clostridium|s__Clostridium_sp_AF20_17LB,s  Clostridium sp AF20 17LB,Fecal,age,-0.0140419350189199,0.49213029137063713,140,0.9188697366846488
g__Clostridium|s__Clostridium_sp_AF20_17LB,s  Clostridium sp AF20 17LB,Fecal,bmi,0.05801890514466615,0.3600756744265087,140,0.817109782949571
g__Clostridium|s__Clostridium_sp_AF20_17LB,s  Clostridium sp AF20 17LB,Fecal,antibiotics_3m,-0.3607541410816598,0.6918829927733605,140,0.9188697366846488
g__Clostridium|s__Clostridium_sp_AF20_17LB,s  Clostridium sp AF20 17LB,Fecal,smoking,-0.009958191302800972,0.9892418908403704,140,0.9933326925659499
g__Clostridium|s__Clostridium_sp_AF27_2AA,s  Clostridium sp AF27 2AA,Fecal,sex[T.1],0.8428118844314119,0.11506269525860889,140,0.48659043416592435
g__Clostridium|s__Clostridium_sp_AF27_2AA,s  Clostridium sp AF27 2AA,Fecal,disease,0.0625582065044904,0.9167685628166866,140,0.9646682478974727
g__Clostridium|s__Clostridium_sp_AF27_2AA,s  Clostridium sp AF27 2AA,Fecal,ppi_use,-0.010703453900279963,0.9884613436640227,140,0.9933126876820056
g__Clostridium|s__Clostridium_sp_AF27_2AA,s  Clostridium sp AF27 2AA,Fecal,age,-0.019615022879642664,0.34664364441031703,140,0.8012261846812313
g__Clostridium|s__Clostridium_sp_AF27_2AA,s  Clostridium sp AF27 2AA,Fecal,bmi,0.042631712745051335,0.5088712226372298,140,0.9188697366846488
g__Clostridium|s__Clostridium_sp_AF27_2AA,s  Clostridium sp AF27 2AA,Fecal,antibiotics_3m,-0.9965260135246916,0.2834948305222673,140,0.725569581867928
g__Clostridium|s__Clostridium_sp_AF27_2AA,s  Clostridium sp AF27 2AA,Fecal,smoking,0.5959296024063904,0.4288948230578832,140,0.8851317116661739
g__Clostridium|s__Clostridium_sp_AF34_10BH,s  Clostridium sp AF34 10BH,Fecal,sex[T.1],0.8528777393008861,0.0881908424654056,140,0.4035100557495373
g__Clostridium|s__Clostridium_sp_AF34_10BH,s  Clostridium sp AF34 10BH,Fecal,disease,-1.638169464076331,0.003947615674352937,140,0.04640809431524003
g__Clostridium|s__Clostridium_sp_AF34_10BH,s  Clostridium sp AF34 10BH,Fecal,ppi_use,0.1627947922304024,0.8139374755295343,140,0.9216644691062884
g__Clostridium|s__Clostridium_sp_AF34_10BH,s  Clostridium sp AF34 10BH,Fecal,age,-0.024386917404248285,0.2111370747044744,140,0.6724241697850074
g__Clostridium|s__Clostridium_sp_AF34_10BH,s  Clostridium sp AF34 10BH,Fecal,bmi,0.023174958108729354,0.7006235641842102,140,0.9188697366846488
g__Clostridium|s__Clostridium_sp_AF34_10BH,s  Clostridium sp AF34 10BH,Fecal,antibiotics_3m,-0.7137722505788415,0.4106458743123699,140,0.8692797230940623
g__Clostridium|s__Clostridium_sp_AF34_10BH,s  Clostridium sp AF34 10BH,Fecal,smoking,1.5241697461179555,0.031660806169844694,140,0.19207555743039115
g__Clostridium|s__Clostridium_sp_AF34_13,s  Clostridium sp AF34 13,Fecal,sex[T.1],-0.09191542371410626,0.8447942117931271,140,0.9324615356584517
g__Clostridium|s__Clostridium_sp_AF34_13,s  Clostridium sp AF34 13,Fecal,disease,0.441843868093476,0.4032716392454124,140,0.8600527491459788
g__Clostridium|s__Clostridium_sp_AF34_13,s  Clostridium sp AF34 13,Fecal,ppi_use,-0.3364958400339135,0.6063837566255426,140,0.9188697366846488
g__Clostridium|s__Clostridium_sp_AF34_13,s  Clostridium sp AF34 13,Fecal,age,-0.028647257987885016,0.12021160225936982,140,0.49891876140417507
g__Clostridium|s__Clostridium_sp_AF34_13,s  Clostridium sp AF34 13,Fecal,bmi,0.03287928451176108,0.5634196630318542,140,0.9188697366846488
g__Clostridium|s__Clostridium_sp_AF34_13,s  Clostridium sp AF34 13,Fecal,antibiotics_3m,0.36725733243844777,0.6534606135507,140,0.9188697366846488
g__Clostridium|s__Clostridium_sp_AF34_13,s  Clostridium sp AF34 13,Fecal,smoking,1.1754500102200955,0.07825899366188797,140,0.37191943409527806
g__Clostridium|s__Clostridium_sp_AF36_4,s  Clostridium sp AF36 4,Fecal,sex[T.1],0.3066984268767764,0.5981803676197907,140,0.9188697366846488
g__Clostridium|s__Clostridium_sp_AF36_4,s  Clostridium sp AF36 4,Fecal,disease,-1.0390579395255488,0.11386610568817156,140,0.4840294492661549
g__Clostridium|s__Clostridium_sp_AF36_4,s  Clostridium sp AF36 4,Fecal,ppi_use,0.9027226205949213,0.26543121941977793,140,0.7055725027815251
g__Clostridium|s__Clostridium_sp_AF36_4,s  Clostridium sp AF36 4,Fecal,age,-0.0005901505328548687,0.9792913876216378,140,0.9877335547563072
g__Clostridium|s__Clostridium_sp_AF36_4,s  Clostridium sp AF36 4,Fecal,bmi,-0.042257070857599416,0.5489429514074989,140,0.9188697366846488
g__Clostridium|s__Clostridium_sp_AF36_4,s  Clostridium sp AF36 4,Fecal,antibiotics_3m,0.649865215841572,0.52152697482668,140,0.9188697366846488
g__Clostridium|s__Clostridium_sp_AF36_4,s  Clostridium sp AF36 4,Fecal,smoking,0.21506391405000694,0.7936632743119728,140,0.9188697366846488
g__Clostridium|s__Clostridium_sp_AM22_11AC,s  Clostridium sp AM22 11AC,Fecal,sex[T.1],-0.25313635275467183,0.6461226084069762,140,0.9188697366846488
g__Clostridium|s__Clostridium_sp_AM22_11AC,s  Clostridium sp AM22 11AC,Fecal,disease,1.949119826973916,0.0020126166819397313,140,0.025890048102229946
g__Clostridium|s__Clostridium_sp_AM22_11AC,s  Clostridium sp AM22 11AC,Fecal,ppi_use,0.6433019560960088,0.40176789492614173,140,0.8590878436072109
g__Clostridium|s__Clostridium_sp_AM22_11AC,s  Clostridium sp AM22 11AC,Fecal,age,-0.008786150142133643,0.6834571916427967,140,0.9188697366846488
g__Clostridium|s__Clostridium_sp_AM22_11AC,s  Clostridium sp AM22 11AC,Fecal,bmi,0.0899035125987975,0.1795508021403309,140,0.6478066385591674
g__Clostridium|s__Clostridium_sp_AM22_11AC,s  Clostridium sp AM22 11AC,Fecal,antibiotics_3m,-1.0775726056062767,0.2627168540598562,140,0.702048497121945
g__Clostridium|s__Clostridium_sp_AM22_11AC,s  Clostridium sp AM22 11AC,Fecal,smoking,0.6415581590258016,0.41075855047301846,140,0.8692797230940623
g__Clostridium|s__Clostridium_sp_AM33_3,s  Clostridium sp AM33 3,Fecal,sex[T.1],0.4341307034815014,0.3084252059260294,140,0.7577219262086573
g__Clostridium|s__Clostridium_sp_AM33_3,s  Clostridium sp AM33 3,Fecal,disease,-1.1956644124052218,0.01349075080808052,140,0.13153482037878508
g__Clostridium|s__Clostridium_sp_AM33_3,s  Clostridium sp AM33 3,Fecal,ppi_use,0.23885676713692372,0.6864142740793876,140,0.9188697366846488
g__Clostridium|s__Clostridium_sp_AM33_3,s  Clostridium sp AM33 3,Fecal,age,-0.013487524552979609,0.4178654867239543,140,0.8760200519460373
g__Clostridium|s__Clostridium_sp_AM33_3,s  Clostridium sp AM33 3,Fecal,bmi,0.07291875013241486,0.15861751216938844,140,0.5986531910909176
g__Clostridium|s__Clostridium_sp_AM33_3,s  Clostridium sp AM33 3,Fecal,antibiotics_3m,-1.0595853010748553,0.15427061952124652,140,0.5840414671243492
g__Clostridium|s__Clostridium_sp_AM33_3,s  Clostridium sp AM33 3,Fecal,smoking,-0.29668357209394836,0.621878409891296,140,0.9188697366846488
g__Clostridium|s__Clostridium_sp_AM49_4BH,s  Clostridium sp AM49 4BH,Fecal,sex[T.1],-0.3608748794613176,0.5261273339677573,140,0.9188697366846488
g__Clostridium|s__Clostridium_sp_AM49_4BH,s  Clostridium sp AM49 4BH,Fecal,disease,-0.18187915596542975,0.7761889387031392,140,0.9188697366846488
g__Clostridium|s__Clostridium_sp_AM49_4BH,s  Clostridium sp AM49 4BH,Fecal,ppi_use,1.8120363860366662,0.023281139555465246,140,0.1542740507782852
g__Clostridium|s__Clostridium_sp_AM49_4BH,s  Clostridium sp AM49 4BH,Fecal,age,0.003364286602591194,0.8797379396852474,140,0.9494859824565409
g__Clostridium|s__Clostridium_sp_AM49_4BH,s  Clostridium sp AM49 4BH,Fecal,bmi,0.05503560686575503,0.4250188245626647,140,0.881767091962774
g__Clostridium|s__Clostridium_sp_AM49_4BH,s  Clostridium sp AM49 4BH,Fecal,antibiotics_3m,-1.1223341871325516,0.2584433279402612,140,0.6947431693098707
g__Clostridium|s__Clostridium_sp_AM49_4BH,s  Clostridium sp AM49 4BH,Fecal,smoking,0.5917383103645518,0.46221339429166397,140,0.9188697366846488
g__Collinsella|s__Collinsella_SGB14861,s  Collinsella SGB14861,Fecal,sex[T.1],0.20609748428957136,0.671413717988788,140,0.9188697366846488
g__Collinsella|s__Collinsella_SGB14861,s  Collinsella SGB14861,Fecal,disease,-1.5394617787038405,0.005477681193967127,140,0.0614550807925901
g__Collinsella|s__Collinsella_SGB14861,s  Collinsella SGB14861,Fecal,ppi_use,1.8713348016291425,0.006293796536847054,140,0.06934465511674086
g__Collinsella|s__Collinsella_SGB14861,s  Collinsella SGB14861,Fecal,age,-0.016017356940150978,0.39946080763452096,140,0.8589485444023967
g__Collinsella|s__Collinsella_SGB14861,s  Collinsella SGB14861,Fecal,bmi,-0.005115451192633076,0.9307123328399689,140,0.9695889091733016
g__Collinsella|s__Collinsella_SGB14861,s  Collinsella SGB14861,Fecal,antibiotics_3m,-0.5348173240833551,0.5275393766864855,140,0.9188697366846488
g__Collinsella|s__Collinsella_SGB14861,s  Collinsella SGB14861,Fecal,smoking,-0.11124836912920585,0.871269748602269,140,0.9440417041680665
g__Collinsella|s__Collinsella_aerofaciens,s  Collinsella aerofaciens,Fecal,sex[T.1],0.09249093036958249,0.873560168901404,140,0.9451067084943856
g__Collinsella|s__Collinsella_aerofaciens,s  Collinsella aerofaciens,Fecal,disease,0.0859995567400219,0.8953126868957153,140,0.9544264345616018
g__Collinsella|s__Collinsella_aerofaciens,s  Collinsella aerofaciens,Fecal,ppi_use,1.3961489871922204,0.08577012242618878,140,0.39463893408454276
g__Collinsella|s__Collinsella_aerofaciens,s  Collinsella aerofaciens,Fecal,age,0.004035460550656461,0.8590136211632886,140,0.9366187725877289
g__Collinsella|s__Collinsella_aerofaciens,s  Collinsella aerofaciens,Fecal,bmi,0.05784560179050334,0.4118651071339934,140,0.8701225866106808
g__Collinsella|s__Collinsella_aerofaciens,s  Collinsella aerofaciens,Fecal,antibiotics_3m,-1.0213231532907647,0.3139154280713348,140,0.7606412295574652
g__Collinsella|s__Collinsella_aerofaciens,s  Collinsella aerofaciens,Fecal,smoking,1.6657925570244574,0.04419568501857143,140,0.25102257519256604
g__Collinsella|s__Collinsella_bouchesdurhonensis,s  Collinsella bouchesdurhonensis,Fecal,sex[T.1],-0.6216985379812211,0.14403239091647987,140,0.5621542047763286
g__Collinsella|s__Collinsella_bouchesdurhonensis,s  Collinsella bouchesdurhonensis,Fecal,disease,0.8674401853362674,0.0704900118757139,140,0.34708208252230266
g__Collinsella|s__Collinsella_bouchesdurhonensis,s  Collinsella bouchesdurhonensis,Fecal,ppi_use,-0.013054001777458848,0.9823259468992713,140,0.9887647896483037
g__Collinsella|s__Collinsella_bouchesdurhonensis,s  Collinsella bouchesdurhonensis,Fecal,age,0.01789645882034697,0.2810803585344663,140,0.7228615344282291
g__Collinsella|s__Collinsella_bouchesdurhonensis,s  Collinsella bouchesdurhonensis,Fecal,bmi,-0.02501155861980638,0.6262889540815078,140,0.9188697366846488
g__Collinsella|s__Collinsella_bouchesdurhonensis,s  Collinsella bouchesdurhonensis,Fecal,antibiotics_3m,-0.11125706924834566,0.8802023805029819,140,0.9494859824565409
g__Collinsella|s__Collinsella_bouchesdurhonensis,s  Collinsella bouchesdurhonensis,Fecal,smoking,-0.9406193466973437,0.11808427209133032,140,0.49258583451341015
g__Coprobacter|s__Coprobacter_fastidiosus,s  Coprobacter fastidiosus,Fecal,sex[T.1],1.0546798884576,0.08333456654578066,140,0.38704072023004277
g__Coprobacter|s__Coprobacter_fastidiosus,s  Coprobacter fastidiosus,Fecal,disease,-0.666984474700509,0.32825659437095456,140,0.7762526009330465
g__Coprobacter|s__Coprobacter_fastidiosus,s  Coprobacter fastidiosus,Fecal,ppi_use,-0.3327303790840254,0.6928028096420502,140,0.9188697366846488
g__Coprobacter|s__Coprobacter_fastidiosus,s  Coprobacter fastidiosus,Fecal,age,-0.043506087296187504,0.0678089866939144,140,0.3435154680142702
g__Coprobacter|s__Coprobacter_fastidiosus,s  Coprobacter fastidiosus,Fecal,bmi,0.13999413449305467,0.05804622421624573,140,0.3080336347717403
g__Coprobacter|s__Coprobacter_fastidiosus,s  Coprobacter fastidiosus,Fecal,antibiotics_3m,-0.2424000137983285,0.8182534722179746,140,0.9232531904787071
g__Coprobacter|s__Coprobacter_fastidiosus,s  Coprobacter fastidiosus,Fecal,smoking,0.10714745254223937,0.9003890529235073,140,0.9576865381095487
g__Coprococcus|s__Coprococcus_SGB4669,s  Coprococcus SGB4669,Fecal,sex[T.1],0.11842748437179593,0.7236372255292076,140,0.9188697366846488
g__Coprococcus|s__Coprococcus_SGB4669,s  Coprococcus SGB4669,Fecal,disease,0.18399618424204914,0.6252427299030016,140,0.9188697366846488
g__Coprococcus|s__Coprococcus_SGB4669,s  Coprococcus SGB4669,Fecal,ppi_use,0.08626736263839427,0.853000115120747,140,0.9360523818006589
g__Coprococcus|s__Coprococcus_SGB4669,s  Coprococcus SGB4669,Fecal,age,0.0034943359198642485,0.7895101607418298,140,0.9188697366846488
g__Coprococcus|s__Coprococcus_SGB4669,s  Coprococcus SGB4669,Fecal,bmi,-0.09788424060094918,0.01697723883731189,140,0.1542740507782852
g__Coprococcus|s__Coprococcus_SGB4669,s  Coprococcus SGB4669,Fecal,antibiotics_3m,0.17746672731455823,0.7609370773312357,140,0.9188697366846488
g__Coprococcus|s__Coprococcus_SGB4669,s  Coprococcus SGB4669,Fecal,smoking,0.4642978550090524,0.32747048629286557,140,0.7754379368412795
g__Coprococcus|s__Coprococcus_catus,s  Coprococcus catus,Fecal,sex[T.1],0.27552107480001525,0.5746726424396573,140,0.9188697366846488
g__Coprococcus|s__Coprococcus_catus,s  Coprococcus catus,Fecal,disease,1.91944637011147,0.0006678412328219062,140,0.009270541859002394
g__Coprococcus|s__Coprococcus_catus,s  Coprococcus catus,Fecal,ppi_use,-0.6159272866551581,0.36734957535235413,140,0.821746494913806
g__Coprococcus|s__Coprococcus_catus,s  Coprococcus catus,Fecal,age,-0.029000321147328603,0.13218459525236662,140,0.5316144579159083
g__Coprococcus|s__Coprococcus_catus,s  Coprococcus catus,Fecal,bmi,0.07880120101018097,0.18637223320539223,140,0.6588727726412211
g__Coprococcus|s__Coprococcus_catus,s  Coprococcus catus,Fecal,antibiotics_3m,-0.22061665496658267,0.796315756722448,140,0.9188697366846488
g__Coprococcus|s__Coprococcus_catus,s  Coprococcus catus,Fecal,smoking,-0.2870922085729675,0.6790135674076487,140,0.9188697366846488
g__Coprococcus|s__Coprococcus_comes,s  Coprococcus comes,Fecal,sex[T.1],-0.17657059319404894,0.7118685826024922,140,0.9188697366846488
g__Coprococcus|s__Coprococcus_comes,s  Coprococcus comes,Fecal,disease,1.2411302385451384,0.022232271687842003,140,0.1542740507782852
g__Coprococcus|s__Coprococcus_comes,s  Coprococcus comes,Fecal,ppi_use,1.626403066755399,0.015505362986383671,140,0.1465256802213257
g__Coprococcus|s__Coprococcus_comes,s  Coprococcus comes,Fecal,age,-0.026118257084810678,0.16364572406253236,140,0.6129230853988444
g__Coprococcus|s__Coprococcus_comes,s  Coprococcus comes,Fecal,bmi,0.13282155460158568,0.023103087880266084,140,0.1542740507782852
g__Coprococcus|s__Coprococcus_comes,s  Coprococcus comes,Fecal,antibiotics_3m,-1.0603380018637591,0.20412253832901275,140,0.6724241697850074
g__Coprococcus|s__Coprococcus_comes,s  Coprococcus comes,Fecal,smoking,1.6481216308589777,0.01583357565905843,140,0.14905400534217073
g__Coprococcus|s__Coprococcus_eutactus,s  Coprococcus eutactus,Fecal,sex[T.1],0.013477369965772444,0.9815784054338874,140,0.9887052293699747
g__Coprococcus|s__Coprococcus_eutactus,s  Coprococcus eutactus,Fecal,disease,-1.935183618341453,0.0037164531571011665,140,0.044326822364065856
g__Coprococcus|s__Coprococcus_eutactus,s  Coprococcus eutactus,Fecal,ppi_use,0.984365727848002,0.22643217612188982,140,0.6724241697850074
g__Coprococcus|s__Coprococcus_eutactus,s  Coprococcus eutactus,Fecal,age,0.02809106547695743,0.2195536693078079,140,0.6724241697850074
g__Coprococcus|s__Coprococcus_eutactus,s  Coprococcus eutactus,Fecal,bmi,-0.06317770158642218,0.37229082941583325,140,0.8270511463604904
g__Coprococcus|s__Coprococcus_eutactus,s  Coprococcus eutactus,Fecal,antibiotics_3m,0.1427659173225609,0.8883215826113975,140,0.9501985757406197
g__Coprococcus|s__Coprococcus_eutactus,s  Coprococcus eutactus,Fecal,smoking,-1.1332591341961398,0.17108806527995968,140,0.6325911592275387
g__Corynebacterium|s__Corynebacterium_matruchotii,s  Corynebacterium matruchotii,Fecal,sex[T.1],-0.04476732793073701,0.7317759848892824,140,0.9188697366846488
g__Corynebacterium|s__Corynebacterium_matruchotii,s  Corynebacterium matruchotii,Fecal,disease,0.7492398288194284,1.093664761251317e-06,140,1.879114907968172e-05
g__Corynebacterium|s__Corynebacterium_matruchotii,s  Corynebacterium matruchotii,Fecal,ppi_use,-0.41270323973302603,0.024362365365069052,140,0.1542740507782852
g__Corynebacterium|s__Corynebacterium_matruchotii,s  Corynebacterium matruchotii,Fecal,age,-0.00600706620111464,0.2404590232047669,140,0.6724241697850074
g__Corynebacterium|s__Corynebacterium_matruchotii,s  Corynebacterium matruchotii,Fecal,bmi,-0.0038101555421357356,0.8096674724958343,140,0.9188697366846488
g__Corynebacterium|s__Corynebacterium_matruchotii,s  Corynebacterium matruchotii,Fecal,antibiotics_3m,-0.06918286390994874,0.7610185220111207,140,0.9188697366846488
g__Corynebacterium|s__Corynebacterium_matruchotii,s  Corynebacterium matruchotii,Fecal,smoking,0.05480085219928851,0.7665709861515893,140,0.9188697366846488
g__Cutibacterium|s__Cutibacterium_acnes,s  Cutibacterium acnes,Fecal,sex[T.1],-0.04476732793073701,0.7317759848892824,140,0.9188697366846488
g__Cutibacterium|s__Cutibacterium_acnes,s  Cutibacterium acnes,Fecal,disease,0.7492398288194284,1.093664761251317e-06,140,1.879114907968172e-05
g__Cutibacterium|s__Cutibacterium_acnes,s  Cutibacterium acnes,Fecal,ppi_use,-0.41270323973302603,0.024362365365069052,140,0.1542740507782852
g__Cutibacterium|s__Cutibacterium_acnes,s  Cutibacterium acnes,Fecal,age,-0.00600706620111464,0.2404590232047669,140,0.6724241697850074
g__Cutibacterium|s__Cutibacterium_acnes,s  Cutibacterium acnes,Fecal,bmi,-0.0038101555421357356,0.8096674724958343,140,0.9188697366846488
g__Cutibacterium|s__Cutibacterium_acnes,s  Cutibacterium acnes,Fecal,antibiotics_3m,-0.06918286390994874,0.7610185220111207,140,0.9188697366846488
g__Cutibacterium|s__Cutibacterium_acnes,s  Cutibacterium acnes,Fecal,smoking,0.05480085219928851,0.7665709861515893,140,0.9188697366846488
g__Desulfovibrio|s__Desulfovibrio_SGB5077,s  Desulfovibrio SGB5077,Fecal,sex[T.1],-0.022755572512881298,0.9634259690682373,140,0.9805872435793949
g__Desulfovibrio|s__Desulfovibrio_SGB5077,s  Desulfovibrio SGB5077,Fecal,disease,1.0509483864214493,0.061380463792232616,140,0.3215603401652783
g__Desulfovibrio|s__Desulfovibrio_SGB5077,s  Desulfovibrio SGB5077,Fecal,ppi_use,0.30368052845487453,0.6599544973486049,140,0.9188697366846488
g__Desulfovibrio|s__Desulfovibrio_SGB5077,s  Desulfovibrio SGB5077,Fecal,age,0.005456058120107898,0.7785317760047968,140,0.9188697366846488
g__Desulfovibrio|s__Desulfovibrio_SGB5077,s  Desulfovibrio SGB5077,Fecal,bmi,-0.03415094435970287,0.570197348075347,140,0.9188697366846488
g__Desulfovibrio|s__Desulfovibrio_SGB5077,s  Desulfovibrio SGB5077,Fecal,antibiotics_3m,-1.5977838107048046,0.06624517195460022,140,0.3386255263020166
g__Desulfovibrio|s__Desulfovibrio_SGB5077,s  Desulfovibrio SGB5077,Fecal,smoking,0.1578706385413989,0.8219443465023932,140,0.9239831950102512
g__Desulfovibrio|s__Desulfovibrio_piger,s  Desulfovibrio piger,Fecal,sex[T.1],0.152874162766474,0.8183219935926651,140,0.9232531904787071
g__Desulfovibrio|s__Desulfovibrio_piger,s  Desulfovibrio piger,Fecal,disease,-0.27976322611108817,0.7085903431838242,140,0.9188697366846488
g__Desulfovibrio|s__Desulfovibrio_piger,s  Desulfovibrio piger,Fecal,ppi_use,-1.1327767846398946,0.222141322342251,140,0.6724241697850074
g__Desulfovibrio|s__Desulfovibrio_piger,s  Desulfovibrio piger,Fecal,age,0.0781969362448656,0.0031121415500294553,140,0.03804244670856901
g__Desulfovibrio|s__Desulfovibrio_piger,s  Desulfovibrio piger,Fecal,bmi,-0.1929082374328067,0.017901771218445463,140,0.1542740507782852
g__Desulfovibrio|s__Desulfovibrio_piger,s  Desulfovibrio piger,Fecal,antibiotics_3m,-0.4366059044985121,0.7064740113027165,140,0.9188697366846488
g__Desulfovibrio|s__Desulfovibrio_piger,s  Desulfovibrio piger,Fecal,smoking,0.37724624204829377,0.6884635734387239,140,0.9188697366846488
g__Dialister|s__Dialister_invisus,s  Dialister invisus,Fecal,sex[T.1],-0.14044596935373782,0.8594123466335374,140,0.9366187725877289
g__Dialister|s__Dialister_invisus,s  Dialister invisus,Fecal,disease,1.870867913889759,0.0374312694826214,140,0.21858278407824655
g__Dialister|s__Dialister_invisus,s  Dialister invisus,Fecal,ppi_use,-0.602983824632172,0.5846085443525282,140,0.9188697366846488
g__Dialister|s__Dialister_invisus,s  Dialister invisus,Fecal,age,-0.04305715450894284,0.16629055241151658,140,0.6171841197509007
g__Dialister|s__Dialister_invisus,s  Dialister invisus,Fecal,bmi,0.01719918948806312,0.857889747355554,140,0.9366187725877289
g__Dialister|s__Dialister_invisus,s  Dialister invisus,Fecal,antibiotics_3m,-0.48081533568002577,0.7277714139671684,140,0.9188697366846488
g__Dialister|s__Dialister_invisus,s  Dialister invisus,Fecal,smoking,-0.6065764550701087,0.5885528550379169,140,0.9188697366846488
g__Dorea|s__Dorea_formicigenerans,s  Dorea formicigenerans,Fecal,sex[T.1],-0.5236293185101477,0.27895056089397535,140,0.7216300576516709
g__Dorea|s__Dorea_formicigenerans,s  Dorea formicigenerans,Fecal,disease,3.3269062133590177,8.927482402689078e-09,140,7.075749762389376e-07
g__Dorea|s__Dorea_formicigenerans,s  Dorea formicigenerans,Fecal,ppi_use,1.3781828875109643,0.041557578670336145,140,0.238011586930107
g__Dorea|s__Dorea_formicigenerans,s  Dorea formicigenerans,Fecal,age,-0.04924112491520606,0.009948112516657535,140,0.10401069129118112
g__Dorea|s__Dorea_formicigenerans,s  Dorea formicigenerans,Fecal,bmi,0.02046706754014836,0.7263021938812952,140,0.9188697366846488
g__Dorea|s__Dorea_formicigenerans,s  Dorea formicigenerans,Fecal,antibiotics_3m,-0.5131050977388124,0.5418257517359554,140,0.9188697366846488
g__Dorea|s__Dorea_formicigenerans,s  Dorea formicigenerans,Fecal,smoking,0.28547835628506846,0.6756604916945461,140,0.9188697366846488
g__Dorea|s__Dorea_longicatena,s  Dorea longicatena,Fecal,sex[T.1],-0.7706900636889844,0.1237806524531628,140,0.5094289163775896
g__Dorea|s__Dorea_longicatena,s  Dorea longicatena,Fecal,disease,2.334413071477715,5.4330638937174534e-05,140,0.0008668206484976482
g__Dorea|s__Dorea_longicatena,s  Dorea longicatena,Fecal,ppi_use,1.2834042422180754,0.06579115436066985,140,0.33760364657633424
g__Dorea|s__Dorea_longicatena,s  Dorea longicatena,Fecal,age,-0.02795390645857136,0.15298514804477173,140,0.5818645646222974
g__Dorea|s__Dorea_longicatena,s  Dorea longicatena,Fecal,bmi,0.048225594808201794,0.42505917147094896,140,0.881767091962774
g__Dorea|s__Dorea_longicatena,s  Dorea longicatena,Fecal,antibiotics_3m,-1.1557289684382674,0.1846095362759362,140,0.6538159342291648
g__Dorea|s__Dorea_longicatena,s  Dorea longicatena,Fecal,smoking,1.1573749402927613,0.10220440092975333,140,0.44992380706059487
g__Dorea|s__Dorea_sp_AF24_7LB,s  Dorea sp AF24 7LB,Fecal,sex[T.1],0.1314294034386272,0.7602390363908123,140,0.9188697366846488
g__Dorea|s__Dorea_sp_AF24_7LB,s  Dorea sp AF24 7LB,Fecal,disease,4.079367561111384,4.917797556702863e-14,140,6.712793664899407e-12
g__Dorea|s__Dorea_sp_AF24_7LB,s  Dorea sp AF24 7LB,Fecal,ppi_use,-0.6315800214637807,0.29247480619940225,140,0.7400727073449344
g__Dorea|s__Dorea_sp_AF24_7LB,s  Dorea sp AF24 7LB,Fecal,age,-0.03396060729046823,0.045250010680510974,140,0.25451217641361823
g__Dorea|s__Dorea_sp_AF24_7LB,s  Dorea sp AF24 7LB,Fecal,bmi,0.08478283368570776,0.10580785712680797,140,0.4609395478024241
g__Dorea|s__Dorea_sp_AF24_7LB,s  Dorea sp AF24 7LB,Fecal,antibiotics_3m,0.19507965491245605,0.7948037515140691,140,0.9188697366846488
g__Dorea|s__Dorea_sp_AF24_7LB,s  Dorea sp AF24 7LB,Fecal,smoking,-0.49105810347536244,0.4203559754354631,140,0.8791166771511248
g__Dorea|s__Dorea_sp_AF36_15AT,s  Dorea sp AF36 15AT,Fecal,sex[T.1],0.16102173115903062,0.6972219563512911,140,0.9188697366846488
g__Dorea|s__Dorea_sp_AF36_15AT,s  Dorea sp AF36 15AT,Fecal,disease,3.8275262034226647,1.4744491509236393e-13,140,1.811360781909691e-11
g__Dorea|s__Dorea_sp_AF36_15AT,s  Dorea sp AF36 15AT,Fecal,ppi_use,1.0552863850369332,0.06831568445596518,140,0.3435154680142702
g__Dorea|s__Dorea_sp_AF36_15AT,s  Dorea sp AF36 15AT,Fecal,age,-0.03654878960555078,0.025190610486331852,140,0.15829496154710324
g__Dorea|s__Dorea_sp_AF36_15AT,s  Dorea sp AF36 15AT,Fecal,bmi,0.002980249501797648,0.9525828368457179,140,0.9760200292451746
g__Dorea|s__Dorea_sp_AF36_15AT,s  Dorea sp AF36 15AT,Fecal,antibiotics_3m,-0.0850100456393295,0.9060947878812523,140,0.9597616925285446
g__Dorea|s__Dorea_sp_AF36_15AT,s  Dorea sp AF36 15AT,Fecal,smoking,0.652145445751157,0.26591784191114864,140,0.7055725027815251
g__Dysosmobacter|s__Dysosmobacter_sp_BX15,s  Dysosmobacter sp BX15,Fecal,sex[T.1],0.19484535677628628,0.7641662267559025,140,0.9188697366846488
g__Dysosmobacter|s__Dysosmobacter_sp_BX15,s  Dysosmobacter sp BX15,Fecal,disease,-3.4785838052177422,4.747331044005337e-06,140,7.934824744980349e-05
g__Dysosmobacter|s__Dysosmobacter_sp_BX15,s  Dysosmobacter sp BX15,Fecal,ppi_use,0.6047490848216975,0.5033200813388687,140,0.9188697366846488
g__Dysosmobacter|s__Dysosmobacter_sp_BX15,s  Dysosmobacter sp BX15,Fecal,age,0.024269309610533096,0.33982063537825746,140,0.7906622169738434
g__Dysosmobacter|s__Dysosmobacter_sp_BX15,s  Dysosmobacter sp BX15,Fecal,bmi,0.013517878751207997,0.8635583420432793,140,0.9388331178762555
g__Dysosmobacter|s__Dysosmobacter_sp_BX15,s  Dysosmobacter sp BX15,Fecal,antibiotics_3m,0.04912889112758322,0.9653510161655592,140,0.9808545202904249
g__Dysosmobacter|s__Dysosmobacter_sp_BX15,s  Dysosmobacter sp BX15,Fecal,smoking,1.2728256950619063,0.16704935194885107,140,0.619065245457507
g__Dysosmobacter|s__Dysosmobacter_welbionis,s  Dysosmobacter welbionis,Fecal,sex[T.1],0.6316833112048591,0.12339809414730589,140,0.5087065726844473
g__Dysosmobacter|s__Dysosmobacter_welbionis,s  Dysosmobacter welbionis,Fecal,disease,-1.5709857114873906,0.0008081000416650668,140,0.010909350562478402
g__Dysosmobacter|s__Dysosmobacter_welbionis,s  Dysosmobacter welbionis,Fecal,ppi_use,0.010565797965064088,0.9851454175310014,140,0.9907909500096891
g__Dysosmobacter|s__Dysosmobacter_welbionis,s  Dysosmobacter welbionis,Fecal,age,0.012259653427580099,0.44274482418925987,140,0.8972132526868855
g__Dysosmobacter|s__Dysosmobacter_welbionis,s  Dysosmobacter welbionis,Fecal,bmi,0.04627363070416917,0.35011927454302116,140,0.8051103831279784
g__Dysosmobacter|s__Dysosmobacter_welbionis,s  Dysosmobacter welbionis,Fecal,antibiotics_3m,-1.407827421646104,0.04931671410383745,140,0.27107643524189845
g__Dysosmobacter|s__Dysosmobacter_welbionis,s  Dysosmobacter welbionis,Fecal,smoking,1.1465692588577385,0.04852892400668452,140,0.2679450927739862
g__Eggerthella|s__Eggerthella_lenta,s  Eggerthella lenta,Fecal,sex[T.1],0.6583973801206489,0.26900242888554393,140,0.7105054412387265
g__Eggerthella|s__Eggerthella_lenta,s  Eggerthella lenta,Fecal,disease,5.355474743190084,4.752422779730774e-13,140,5.560334652285005e-11
g__Eggerthella|s__Eggerthella_lenta,s  Eggerthella lenta,Fecal,ppi_use,-1.5454288179685187,0.06314073850248643,140,0.3293774830161553
g__Eggerthella|s__Eggerthella_lenta,s  Eggerthella lenta,Fecal,age,-0.01740980380830227,0.4540354340705006,140,0.9091809792267481
g__Eggerthella|s__Eggerthella_lenta,s  Eggerthella lenta,Fecal,bmi,-0.039656818609597466,0.5819191787032119,140,0.9188697366846488
g__Eggerthella|s__Eggerthella_lenta,s  Eggerthella lenta,Fecal,antibiotics_3m,-0.9595693470473157,0.3546574288788735,140,0.8136258662515334
g__Eggerthella|s__Eggerthella_lenta,s  Eggerthella lenta,Fecal,smoking,0.9493593528467367,0.2595304217140968,140,0.6969030012585091
g__Ellagibacter|s__Ellagibacter_isourolithinifaciens,s  Ellagibacter isourolithinifaciens,Fecal,sex[T.1],-0.07106237730545686,0.893290958020889,140,0.9542677755901409
g__Ellagibacter|s__Ellagibacter_isourolithinifaciens,s  Ellagibacter isourolithinifaciens,Fecal,disease,0.028642315799183114,0.9616518479821635,140,0.9803145732324497
g__Ellagibacter|s__Ellagibacter_isourolithinifaciens,s  Ellagibacter isourolithinifaciens,Fecal,ppi_use,0.11733112735013428,0.8734364078261008,140,0.9451067084943856
g__Ellagibacter|s__Ellagibacter_isourolithinifaciens,s  Ellagibacter isourolithinifaciens,Fecal,age,0.051245543272133855,0.014415348790141492,140,0.13728105417588235
g__Ellagibacter|s__Ellagibacter_isourolithinifaciens,s  Ellagibacter isourolithinifaciens,Fecal,bmi,-0.09505103490003788,0.1401815542925887,140,0.5538029724474822
g__Ellagibacter|s__Ellagibacter_isourolithinifaciens,s  Ellagibacter isourolithinifaciens,Fecal,antibiotics_3m,-0.6191119507577326,0.5025765298390683,140,0.9188697366846488
g__Ellagibacter|s__Ellagibacter_isourolithinifaciens,s  Ellagibacter isourolithinifaciens,Fecal,smoking,0.15660673322688343,0.8343445600397525,140,0.9288557245209208
g__Enterocloster|s__Enterocloster_SGB14313,s  Enterocloster SGB14313,Fecal,sex[T.1],-0.27942266905384777,0.6150993845022441,140,0.9188697366846488
g__Enterocloster|s__Enterocloster_SGB14313,s  Enterocloster SGB14313,Fecal,disease,-1.8333688396052708,0.0038681314795154915,140,0.04569230310177674
g__Enterocloster|s__Enterocloster_SGB14313,s  Enterocloster SGB14313,Fecal,ppi_use,0.42155129041654954,0.5853820793267303,140,0.9188697366846488
g__Enterocloster|s__Enterocloster_SGB14313,s  Enterocloster SGB14313,Fecal,age,0.024869790912079325,0.2532021856933393,140,0.6860336064182696
g__Enterocloster|s__Enterocloster_SGB14313,s  Enterocloster SGB14313,Fecal,bmi,-0.02465383966816918,0.7141312681219296,140,0.9188697366846488
g__Enterocloster|s__Enterocloster_SGB14313,s  Enterocloster SGB14313,Fecal,antibiotics_3m,1.6233528351425375,0.09509587299607819,140,0.42821900833679893
g__Enterocloster|s__Enterocloster_SGB14313,s  Enterocloster SGB14313,Fecal,smoking,-1.09510751792339,0.16462004731303684,140,0.6156338755679323
g__Enterocloster|s__Enterocloster_aldenensis,s  Enterocloster aldenensis,Fecal,sex[T.1],0.05358802380772464,0.9008747371034034,140,0.9577885024072098
g__Enterocloster|s__Enterocloster_aldenensis,s  Enterocloster aldenensis,Fecal,disease,4.345194165185142,2.1582132412767704e-15,140,4.0790230260130963e-13
g__Enterocloster|s__Enterocloster_aldenensis,s  Enterocloster aldenensis,Fecal,ppi_use,-1.3796886435276683,0.02238655640313535,140,0.1542740507782852
g__Enterocloster|s__Enterocloster_aldenensis,s  Enterocloster aldenensis,Fecal,age,0.025381358498210625,0.13287984381666362,140,0.531735791950395
g__Enterocloster|s__Enterocloster_aldenensis,s  Enterocloster aldenensis,Fecal,bmi,-0.03661403297025757,0.48273477405838583,140,0.9188697366846488
g__Enterocloster|s__Enterocloster_aldenensis,s  Enterocloster aldenensis,Fecal,antibiotics_3m,0.6490112634222581,0.38708783737874963,140,0.849173943249632
g__Enterocloster|s__Enterocloster_aldenensis,s  Enterocloster aldenensis,Fecal,smoking,0.7321468758336392,0.22987304625287308,140,0.6724241697850074
g__Enterocloster|s__Enterocloster_bolteae,s  Enterocloster bolteae,Fecal,sex[T.1],0.36707993616543483,0.447884063339699,140,0.9005328507574799
g__Enterocloster|s__Enterocloster_bolteae,s  Enterocloster bolteae,Fecal,disease,4.999667087614972,6.173419721554479e-16,140,1.2640076879882795e-13
g__Enterocloster|s__Enterocloster_bolteae,s  Enterocloster bolteae,Fecal,ppi_use,-1.6715002790536782,0.013902655177016773,140,0.13405112129613364
g__Enterocloster|s__Enterocloster_bolteae,s  Enterocloster bolteae,Fecal,age,0.019170885065029206,0.3109876116016742,140,0.7593170121112528
g__Enterocloster|s__Enterocloster_bolteae,s  Enterocloster bolteae,Fecal,bmi,-0.04782376873346711,0.4144354957251245,140,0.8740497965636317
g__Enterocloster|s__Enterocloster_bolteae,s  Enterocloster bolteae,Fecal,antibiotics_3m,0.3337145458138478,0.6917671316271173,140,0.9188697366846488
g__Enterocloster|s__Enterocloster_bolteae,s  Enterocloster bolteae,Fecal,smoking,-0.17993010237759247,0.792210544594689,140,0.9188697366846488
g__Enterocloster|s__Enterocloster_clostridioformis,s  Enterocloster clostridioformis,Fecal,sex[T.1],0.41997465536121975,0.41066696413319015,140,0.8692797230940623
g__Enterocloster|s__Enterocloster_clostridioformis,s  Enterocloster clostridioformis,Fecal,disease,5.651114512670321,1.4610293496359388e-17,140,3.988610124506113e-15
g__Enterocloster|s__Enterocloster_clostridioformis,s  Enterocloster clostridioformis,Fecal,ppi_use,-1.7987829506665611,0.012160792682572448,140,0.12048011137532462
g__Enterocloster|s__Enterocloster_clostridioformis,s  Enterocloster clostridioformis,Fecal,age,0.01820770881789403,0.36164170270971174,140,0.817109782949571
g__Enterocloster|s__Enterocloster_clostridioformis,s  Enterocloster clostridioformis,Fecal,bmi,-0.10856736098765436,0.0804987170360931,140,0.3785841914798564
g__Enterocloster|s__Enterocloster_clostridioformis,s  Enterocloster clostridioformis,Fecal,antibiotics_3m,0.4512754046539353,0.6114710867164705,140,0.9188697366846488
g__Enterocloster|s__Enterocloster_clostridioformis,s  Enterocloster clostridioformis,Fecal,smoking,-0.7087054847514799,0.32625879598962426,140,0.7753283523554652
g__Enterocloster|s__Enterocloster_lavalensis,s  Enterocloster lavalensis,Fecal,sex[T.1],-0.09251491675674103,0.8438446652377123,140,0.9322510532774547
g__Enterocloster|s__Enterocloster_lavalensis,s  Enterocloster lavalensis,Fecal,disease,2.2075851971911744,5.111284300245408e-05,140,0.0008262122056383531
g__Enterocloster|s__Enterocloster_lavalensis,s  Enterocloster lavalensis,Fecal,ppi_use,-0.9705713614933975,0.1388128276594508,140,0.5509904968647344
g__Enterocloster|s__Enterocloster_lavalensis,s  Enterocloster lavalensis,Fecal,age,-0.000582790887100043,0.9746737584083026,140,0.9862209890635388
g__Enterocloster|s__Enterocloster_lavalensis,s  Enterocloster lavalensis,Fecal,bmi,0.025355052895194893,0.6559428121232163,140,0.9188697366846488
g__Enterocloster|s__Enterocloster_lavalensis,s  Enterocloster lavalensis,Fecal,antibiotics_3m,0.27078276001319557,0.7406639159876317,140,0.9188697366846488
g__Enterocloster|s__Enterocloster_lavalensis,s  Enterocloster lavalensis,Fecal,smoking,0.16092267838553947,0.8084766909916593,140,0.9188697366846488
g__Erysipelatoclostridium|s__Erysipelatoclostridium_ramosum,s  Erysipelatoclostridium ramosum,Fecal,sex[T.1],-0.08013732300395701,0.8599967240365959,140,0.9366187725877289
g__Erysipelatoclostridium|s__Erysipelatoclostridium_ramosum,s  Erysipelatoclostridium ramosum,Fecal,disease,5.444294496702795,1.4514655768940185e-19,140,5.094644174898005e-17
g__Erysipelatoclostridium|s__Erysipelatoclostridium_ramosum,s  Erysipelatoclostridium ramosum,Fecal,ppi_use,-2.182750368960396,0.0007228607396288984,140,0.00981253501253151
g__Erysipelatoclostridium|s__Erysipelatoclostridium_ramosum,s  Erysipelatoclostridium ramosum,Fecal,age,0.0021925722048080016,0.9017418083239461,140,0.9581527816913886
g__Erysipelatoclostridium|s__Erysipelatoclostridium_ramosum,s  Erysipelatoclostridium ramosum,Fecal,bmi,-0.07540413638424374,0.17216549922621358,140,0.6327954823695114
g__Erysipelatoclostridium|s__Erysipelatoclostridium_ramosum,s  Erysipelatoclostridium ramosum,Fecal,antibiotics_3m,0.14785099101609545,0.8517904509799743,140,0.9359790420652044
g__Erysipelatoclostridium|s__Erysipelatoclostridium_ramosum,s  Erysipelatoclostridium ramosum,Fecal,smoking,-0.24941243622667852,0.6978118522483658,140,0.9188697366846488
g__Escherichia|s__Escherichia_coli,s  Escherichia coli,Fecal,sex[T.1],-0.09334480318365765,0.8768948724587675,140,0.9481235215110249
g__Escherichia|s__Escherichia_coli,s  Escherichia coli,Fecal,disease,5.373848680147031,7.499677541936995e-13,140,8.375776236608725e-11
g__Escherichia|s__Escherichia_coli,s  Escherichia coli,Fecal,ppi_use,-2.430096440622895,0.004292476554961613,140,0.049283247175423754
g__Escherichia|s__Escherichia_coli,s  Escherichia coli,Fecal,age,-0.008508967846290887,0.7179655879472502,140,0.9188697366846488
g__Escherichia|s__Escherichia_coli,s  Escherichia coli,Fecal,bmi,-0.09880427948585638,0.17734663491339048,140,0.6439304989109405
g__Escherichia|s__Escherichia_coli,s  Escherichia coli,Fecal,antibiotics_3m,-1.1295208505229701,0.2828637695508993,140,0.7247093657836909
g__Escherichia|s__Escherichia_coli,s  Escherichia coli,Fecal,smoking,-1.521143136714462,0.07584626415132882,140,0.36373359987679066
g__Eubacterium|s__Eubacterium_SGB6276,s  Eubacterium SGB6276,Fecal,sex[T.1],0.24222446751842164,0.6018107049789718,140,0.9188697366846488
g__Eubacterium|s__Eubacterium_SGB6276,s  Eubacterium SGB6276,Fecal,disease,-1.9606225880471655,0.00024982693154371064,140,0.0037657961398950735
g__Eubacterium|s__Eubacterium_SGB6276,s  Eubacterium SGB6276,Fecal,ppi_use,0.41162844625815587,0.5237304290507241,140,0.9188697366846488
g__Eubacterium|s__Eubacterium_SGB6276,s  Eubacterium SGB6276,Fecal,age,-0.018676634928367533,0.3040653106817025,140,0.750088823639501
g__Eubacterium|s__Eubacterium_SGB6276,s  Eubacterium SGB6276,Fecal,bmi,0.07040210792842706,0.21169219777043857,140,0.6724241697850074
g__Eubacterium|s__Eubacterium_SGB6276,s  Eubacterium SGB6276,Fecal,antibiotics_3m,-1.2786513157371904,0.1152926320102939,140,0.48672508049706553
g__Eubacterium|s__Eubacterium_SGB6276,s  Eubacterium SGB6276,Fecal,smoking,0.04510161665583242,0.9451715259272093,140,0.9745222153601147
g__Eubacterium|s__Eubacterium_ramulus,s  Eubacterium ramulus,Fecal,sex[T.1],0.6110120204401499,0.27261672001796733,140,0.7148551559062387
g__Eubacterium|s__Eubacterium_ramulus,s  Eubacterium ramulus,Fecal,disease,2.4219940403939573,0.0001621722772296842,140,0.002490358032208338
g__Eubacterium|s__Eubacterium_ramulus,s  Eubacterium ramulus,Fecal,ppi_use,0.27738506843518757,0.7196394742111896,140,0.9188697366846488
g__Eubacterium|s__Eubacterium_ramulus,s  Eubacterium ramulus,Fecal,age,-0.013050409314354038,0.5482282238088958,140,0.9188697366846488
g__Eubacterium|s__Eubacterium_ramulus,s  Eubacterium ramulus,Fecal,bmi,0.04670363762569575,0.4881855983404244,140,0.9188697366846488
g__Eubacterium|s__Eubacterium_ramulus,s  Eubacterium ramulus,Fecal,antibiotics_3m,0.9054845249791273,0.35029019111266135,140,0.8051103831279784
g__Eubacterium|s__Eubacterium_ramulus,s  Eubacterium ramulus,Fecal,smoking,0.3290370265972693,0.6753784439532928,140,0.9188697366846488
g__Eubacterium|s__Eubacterium_sp_AF16_48,s  Eubacterium sp AF16 48,Fecal,sex[T.1],-0.2293112969545754,0.6150730398050115,140,0.9188697366846488
g__Eubacterium|s__Eubacterium_sp_AF16_48,s  Eubacterium sp AF16 48,Fecal,disease,0.9109633401410079,0.07727610260856732,140,0.36796004672335253
g__Eubacterium|s__Eubacterium_sp_AF16_48,s  Eubacterium sp AF16 48,Fecal,ppi_use,0.2944303156949781,0.642359031759342,140,0.9188697366846488
g__Eubacterium|s__Eubacterium_sp_AF16_48,s  Eubacterium sp AF16 48,Fecal,age,-0.005792912813825046,0.7451258265147167,140,0.9188697366846488
g__Eubacterium|s__Eubacterium_sp_AF16_48,s  Eubacterium sp AF16 48,Fecal,bmi,-0.003159862810481151,0.9543631073767485,140,0.9760282453632925
g__Eubacterium|s__Eubacterium_sp_AF16_48,s  Eubacterium sp AF16 48,Fecal,antibiotics_3m,-0.3858941418378285,0.6270622733180837,140,0.9188697366846488
g__Eubacterium|s__Eubacterium_sp_AF16_48,s  Eubacterium sp AF16 48,Fecal,smoking,0.6437190817643254,0.31864369724835584,140,0.7690644048518765
g__Eubacterium|s__Eubacterium_ventriosum,s  Eubacterium ventriosum,Fecal,sex[T.1],0.5332354083871516,0.31611186243979594,140,0.7642435224581707
g__Eubacterium|s__Eubacterium_ventriosum,s  Eubacterium ventriosum,Fecal,disease,2.0135467810559926,0.000956466426176787,140,0.012771945701719379
g__Eubacterium|s__Eubacterium_ventriosum,s  Eubacterium ventriosum,Fecal,ppi_use,0.48137498612008284,0.5146482937716885,140,0.9188697366846488
g__Eubacterium|s__Eubacterium_ventriosum,s  Eubacterium ventriosum,Fecal,age,-0.046105520338266835,0.027713715838743953,140,0.17151788366698711
g__Eubacterium|s__Eubacterium_ventriosum,s  Eubacterium ventriosum,Fecal,bmi,0.0668082880897547,0.29986886134267554,140,0.7482118682363349
g__Eubacterium|s__Eubacterium_ventriosum,s  Eubacterium ventriosum,Fecal,antibiotics_3m,-0.06602463857194572,0.9430773866129135,140,0.9741451783427046
g__Eubacterium|s__Eubacterium_ventriosum,s  Eubacterium ventriosum,Fecal,smoking,-0.09004469981468494,0.904491429083182,140,0.9595576171232203
g__Faecalibacillus|s__Faecalibacillus_intestinalis,s  Faecalibacillus intestinalis,Fecal,sex[T.1],-0.3979199368799604,0.47142176686612725,140,0.9188697366846488
g__Faecalibacillus|s__Faecalibacillus_intestinalis,s  Faecalibacillus intestinalis,Fecal,disease,0.10852113557216617,0.8612235035133985,140,0.9375392769749313
g__Faecalibacillus|s__Faecalibacillus_intestinalis,s  Faecalibacillus intestinalis,Fecal,ppi_use,0.9941352555228292,0.19662026712602418,140,0.6724241697850074
g__Faecalibacillus|s__Faecalibacillus_intestinalis,s  Faecalibacillus intestinalis,Fecal,age,-0.05398952084674969,0.013390258361662181,140,0.13107515854423896
g__Faecalibacillus|s__Faecalibacillus_intestinalis,s  Faecalibacillus intestinalis,Fecal,bmi,0.07334135563767866,0.2738018890684521,140,0.7164336969554705
g__Faecalibacillus|s__Faecalibacillus_intestinalis,s  Faecalibacillus intestinalis,Fecal,antibiotics_3m,-1.511288630771107,0.11766627418829519,140,0.4925145411935968
g__Faecalibacillus|s__Faecalibacillus_intestinalis,s  Faecalibacillus intestinalis,Fecal,smoking,1.760522336456097,0.02541535608176013,140,0.15929982115531796
g__Faecalibacterium|s__Faecalibacterium_SGB15315,s  Faecalibacterium SGB15315,Fecal,sex[T.1],0.17150409372713304,0.754811403113709,140,0.9188697366846488
g__Faecalibacterium|s__Faecalibacterium_SGB15315,s  Faecalibacterium SGB15315,Fecal,disease,-2.867531120351371,7.851979585203082e-06,140,0.00013035347189759442
g__Faecalibacterium|s__Faecalibacterium_SGB15315,s  Faecalibacterium SGB15315,Fecal,ppi_use,-0.6992589179088486,0.3604356556578888,140,0.817109782949571
g__Faecalibacterium|s__Faecalibacterium_SGB15315,s  Faecalibacterium SGB15315,Fecal,age,-0.014757529442582283,0.49208182248449106,140,0.9188697366846488
g__Faecalibacterium|s__Faecalibacterium_SGB15315,s  Faecalibacterium SGB15315,Fecal,bmi,0.07199981945676122,0.28008215742539183,140,0.7221005884514038
g__Faecalibacterium|s__Faecalibacterium_SGB15315,s  Faecalibacterium SGB15315,Fecal,antibiotics_3m,0.4725489301846275,0.6213672544496132,140,0.9188697366846488
g__Faecalibacterium|s__Faecalibacterium_SGB15315,s  Faecalibacterium SGB15315,Fecal,smoking,0.4591848267043288,0.5543359763506295,140,0.9188697366846488
g__Faecalibacterium|s__Faecalibacterium_SGB15346,s  Faecalibacterium SGB15346,Fecal,sex[T.1],0.32106530139879846,0.5962178946400823,140,0.9188697366846488
g__Faecalibacterium|s__Faecalibacterium_SGB15346,s  Faecalibacterium SGB15346,Fecal,disease,-3.481889313465053,1.0461903367579682e-06,140,1.879114907968172e-05
g__Faecalibacterium|s__Faecalibacterium_SGB15346,s  Faecalibacterium SGB15346,Fecal,ppi_use,0.9762526709069326,0.24750500204904569,140,0.6813470288786292
g__Faecalibacterium|s__Faecalibacterium_SGB15346,s  Faecalibacterium SGB15346,Fecal,age,-0.01285663275858945,0.5872789765407034,140,0.9188697366846488
g__Faecalibacterium|s__Faecalibacterium_SGB15346,s  Faecalibacterium SGB15346,Fecal,bmi,0.043293764562293974,0.5553681230116443,140,0.9188697366846488
g__Faecalibacterium|s__Faecalibacterium_SGB15346,s  Faecalibacterium SGB15346,Fecal,antibiotics_3m,0.6583142843107388,0.5328709520405334,140,0.9188697366846488
g__Faecalibacterium|s__Faecalibacterium_SGB15346,s  Faecalibacterium SGB15346,Fecal,smoking,-0.46369731558808486,0.5882541735863404,140,0.9188697366846488
g__Faecalibacterium|s__Faecalibacterium_prausnitzii,s  Faecalibacterium prausnitzii,Fecal,sex[T.1],0.12714854366369144,0.8026390057910886,140,0.9188697366846488
g__Faecalibacterium|s__Faecalibacterium_prausnitzii,s  Faecalibacterium prausnitzii,Fecal,disease,-1.8158834791657632,0.0018322643962010283,140,0.023819437150613368
g__Faecalibacterium|s__Faecalibacterium_prausnitzii,s  Faecalibacterium prausnitzii,Fecal,ppi_use,1.2881514490967554,0.07028523005448165,140,0.34708208252230266
g__Faecalibacterium|s__Faecalibacterium_prausnitzii,s  Faecalibacterium prausnitzii,Fecal,age,-0.015823993964383398,0.42667206990637097,140,0.8831788338331538
g__Faecalibacterium|s__Faecalibacterium_prausnitzii,s  Faecalibacterium prausnitzii,Fecal,bmi,0.045274451612463726,0.46294213128711226,140,0.9188697366846488
g__Faecalibacterium|s__Faecalibacterium_prausnitzii,s  Faecalibacterium prausnitzii,Fecal,antibiotics_3m,-1.4619929059270076,0.10064185334477595,140,0.44547767076663203
g__Faecalibacterium|s__Faecalibacterium_prausnitzii,s  Faecalibacterium prausnitzii,Fecal,smoking,0.5038404858627815,0.48386161288568197,140,0.9188697366846488
g__Faecalicatena|s__Faecalicatena_fissicatena,s  Faecalicatena fissicatena,Fecal,sex[T.1],0.7015368074084274,0.21191552224798413,140,0.6724241697850074
g__Faecalicatena|s__Faecalicatena_fissicatena,s  Faecalicatena fissicatena,Fecal,disease,-1.0116775332224135,0.11008826012530923,140,0.473707276931497
g__Faecalicatena|s__Faecalicatena_fissicatena,s  Faecalicatena fissicatena,Fecal,ppi_use,0.05509914722080914,0.9436164120698562,140,0.9741451783427046
g__Faecalicatena|s__Faecalicatena_fissicatena,s  Faecalicatena fissicatena,Fecal,age,-0.0282375140150003,0.19871636029160145,140,0.6724241697850074
g__Faecalicatena|s__Faecalicatena_fissicatena,s  Faecalicatena fissicatena,Fecal,bmi,0.036121070598822386,0.5948054414360274,140,0.9188697366846488
g__Faecalicatena|s__Faecalicatena_fissicatena,s  Faecalicatena fissicatena,Fecal,antibiotics_3m,-0.9369216103461483,0.33787830338356895,140,0.7876347167110331
g__Faecalicatena|s__Faecalicatena_fissicatena,s  Faecalicatena fissicatena,Fecal,smoking,1.3691008334080552,0.08562260435495213,140,0.39463893408454276
g__Flavonifractor|s__Flavonifractor_plautii,s  Flavonifractor plautii,Fecal,sex[T.1],0.5739212115021117,0.2991203730214451,140,0.7482118682363349
g__Flavonifractor|s__Flavonifractor_plautii,s  Flavonifractor plautii,Fecal,disease,3.797936079379342,9.284701431178832e-09,140,7.128909817626997e-07
g__Flavonifractor|s__Flavonifractor_plautii,s  Flavonifractor plautii,Fecal,ppi_use,-2.082439659324043,0.0073983427839400505,140,0.08078990320062535
g__Flavonifractor|s__Flavonifractor_plautii,s  Flavonifractor plautii,Fecal,age,0.01382315209810072,0.5217780787130758,140,0.9188697366846488
g__Flavonifractor|s__Flavonifractor_plautii,s  Flavonifractor plautii,Fecal,bmi,-0.08117682414692658,0.22570797405908585,140,0.6724241697850074
g__Flavonifractor|s__Flavonifractor_plautii,s  Flavonifractor plautii,Fecal,antibiotics_3m,-0.907883941001532,0.34548202977972686,140,0.7992931705920799
g__Flavonifractor|s__Flavonifractor_plautii,s  Flavonifractor plautii,Fecal,smoking,1.2248964841194738,0.11788322683127091,140,0.49258348354495346
g__Fusicatenibacter|s__Fusicatenibacter_saccharivorans,s  Fusicatenibacter saccharivorans,Fecal,sex[T.1],0.6816972221811096,0.1488909952160604,140,0.5724963618871054
g__Fusicatenibacter|s__Fusicatenibacter_saccharivorans,s  Fusicatenibacter saccharivorans,Fecal,disease,0.8631037710106686,0.1044863405512672,140,0.4576166465854965
g__Fusicatenibacter|s__Fusicatenibacter_saccharivorans,s  Fusicatenibacter saccharivorans,Fecal,ppi_use,1.835124837265964,0.00568804481675097,140,0.06323767472740785
g__Fusicatenibacter|s__Fusicatenibacter_saccharivorans,s  Fusicatenibacter saccharivorans,Fecal,age,-0.014305884997193472,0.43707084139113506,140,0.8949025477483491
g__Fusicatenibacter|s__Fusicatenibacter_saccharivorans,s  Fusicatenibacter saccharivorans,Fecal,bmi,0.003016662341381739,0.9577792317613827,140,0.9780812853024594
g__Fusicatenibacter|s__Fusicatenibacter_saccharivorans,s  Fusicatenibacter saccharivorans,Fecal,antibiotics_3m,-0.06243719793502615,0.9392538856954409,140,0.9740624924771146
g__Fusicatenibacter|s__Fusicatenibacter_saccharivorans,s  Fusicatenibacter saccharivorans,Fecal,smoking,0.37644068871039454,0.571516707060014,140,0.9188697366846488
g__Fusobacterium|s__Fusobacterium_nucleatum,s  Fusobacterium nucleatum,Fecal,sex[T.1],-0.04476732793073701,0.7317759848892824,140,0.9188697366846488
g__Fusobacterium|s__Fusobacterium_nucleatum,s  Fusobacterium nucleatum,Fecal,disease,0.7492398288194284,1.093664761251317e-06,140,1.879114907968172e-05
g__Fusobacterium|s__Fusobacterium_nucleatum,s  Fusobacterium nucleatum,Fecal,ppi_use,-0.41270323973302603,0.024362365365069052,140,0.1542740507782852
g__Fusobacterium|s__Fusobacterium_nucleatum,s  Fusobacterium nucleatum,Fecal,age,-0.00600706620111464,0.2404590232047669,140,0.6724241697850074
g__Fusobacterium|s__Fusobacterium_nucleatum,s  Fusobacterium nucleatum,Fecal,bmi,-0.0038101555421357356,0.8096674724958343,140,0.9188697366846488
g__Fusobacterium|s__Fusobacterium_nucleatum,s  Fusobacterium nucleatum,Fecal,antibiotics_3m,-0.06918286390994874,0.7610185220111207,140,0.9188697366846488
g__Fusobacterium|s__Fusobacterium_nucleatum,s  Fusobacterium nucleatum,Fecal,smoking,0.05480085219928851,0.7665709861515893,140,0.9188697366846488
g__Fusobacterium|s__Fusobacterium_pseudoperiodonticum,s  Fusobacterium pseudoperiodonticum,Fecal,sex[T.1],-0.04476732793073701,0.7317759848892824,140,0.9188697366846488
g__Fusobacterium|s__Fusobacterium_pseudoperiodonticum,s  Fusobacterium pseudoperiodonticum,Fecal,disease,0.7492398288194284,1.093664761251317e-06,140,1.879114907968172e-05
g__Fusobacterium|s__Fusobacterium_pseudoperiodonticum,s  Fusobacterium pseudoperiodonticum,Fecal,ppi_use,-0.41270323973302603,0.024362365365069052,140,0.1542740507782852
g__Fusobacterium|s__Fusobacterium_pseudoperiodonticum,s  Fusobacterium pseudoperiodonticum,Fecal,age,-0.00600706620111464,0.2404590232047669,140,0.6724241697850074
g__Fusobacterium|s__Fusobacterium_pseudoperiodonticum,s  Fusobacterium pseudoperiodonticum,Fecal,bmi,-0.0038101555421357356,0.8096674724958343,140,0.9188697366846488
g__Fusobacterium|s__Fusobacterium_pseudoperiodonticum,s  Fusobacterium pseudoperiodonticum,Fecal,antibiotics_3m,-0.06918286390994874,0.7610185220111207,140,0.9188697366846488
g__Fusobacterium|s__Fusobacterium_pseudoperiodonticum,s  Fusobacterium pseudoperiodonticum,Fecal,smoking,0.05480085219928851,0.7665709861515893,140,0.9188697366846488
g__GGB10485|s__GGB10485_SGB49305,s  GGB10485 SGB49305,Fecal,sex[T.1],-0.04476732793073701,0.7317759848892824,140,0.9188697366846488
g__GGB10485|s__GGB10485_SGB49305,s  GGB10485 SGB49305,Fecal,disease,0.7492398288194284,1.093664761251317e-06,140,1.879114907968172e-05
g__GGB10485|s__GGB10485_SGB49305,s  GGB10485 SGB49305,Fecal,ppi_use,-0.41270323973302603,0.024362365365069052,140,0.1542740507782852
g__GGB10485|s__GGB10485_SGB49305,s  GGB10485 SGB49305,Fecal,age,-0.00600706620111464,0.2404590232047669,140,0.6724241697850074
g__GGB10485|s__GGB10485_SGB49305,s  GGB10485 SGB49305,Fecal,bmi,-0.0038101555421357356,0.8096674724958343,140,0.9188697366846488
g__GGB10485|s__GGB10485_SGB49305,s  GGB10485 SGB49305,Fecal,antibiotics_3m,-0.06918286390994874,0.7610185220111207,140,0.9188697366846488
g__GGB10485|s__GGB10485_SGB49305,s  GGB10485 SGB49305,Fecal,smoking,0.05480085219928851,0.7665709861515893,140,0.9188697366846488
g__GGB1088|s__GGB1088_SGB1395,s  GGB1088 SGB1395,Fecal,sex[T.1],-0.04476732793073701,0.7317759848892824,140,0.9188697366846488
g__GGB1088|s__GGB1088_SGB1395,s  GGB1088 SGB1395,Fecal,disease,0.7492398288194284,1.093664761251317e-06,140,1.879114907968172e-05
g__GGB1088|s__GGB1088_SGB1395,s  GGB1088 SGB1395,Fecal,ppi_use,-0.41270323973302603,0.024362365365069052,140,0.1542740507782852
g__GGB1088|s__GGB1088_SGB1395,s  GGB1088 SGB1395,Fecal,age,-0.00600706620111464,0.2404590232047669,140,0.6724241697850074
g__GGB1088|s__GGB1088_SGB1395,s  GGB1088 SGB1395,Fecal,bmi,-0.0038101555421357356,0.8096674724958343,140,0.9188697366846488
g__GGB1088|s__GGB1088_SGB1395,s  GGB1088 SGB1395,Fecal,antibiotics_3m,-0.06918286390994874,0.7610185220111207,140,0.9188697366846488
g__GGB1088|s__GGB1088_SGB1395,s  GGB1088 SGB1395,Fecal,smoking,0.05480085219928851,0.7665709861515893,140,0.9188697366846488
g__GGB1144|s__GGB1144_SGB1468,s  GGB1144 SGB1468,Fecal,sex[T.1],-0.04476732793073701,0.7317759848892824,140,0.9188697366846488
g__GGB1144|s__GGB1144_SGB1468,s  GGB1144 SGB1468,Fecal,disease,0.7492398288194284,1.093664761251317e-06,140,1.879114907968172e-05
g__GGB1144|s__GGB1144_SGB1468,s  GGB1144 SGB1468,Fecal,ppi_use,-0.41270323973302603,0.024362365365069052,140,0.1542740507782852
g__GGB1144|s__GGB1144_SGB1468,s  GGB1144 SGB1468,Fecal,age,-0.00600706620111464,0.2404590232047669,140,0.6724241697850074
g__GGB1144|s__GGB1144_SGB1468,s  GGB1144 SGB1468,Fecal,bmi,-0.0038101555421357356,0.8096674724958343,140,0.9188697366846488
g__GGB1144|s__GGB1144_SGB1468,s  GGB1144 SGB1468,Fecal,antibiotics_3m,-0.06918286390994874,0.7610185220111207,140,0.9188697366846488
g__GGB1144|s__GGB1144_SGB1468,s  GGB1144 SGB1468,Fecal,smoking,0.05480085219928851,0.7665709861515893,140,0.9188697366846488
g__GGB1202|s__GGB1202_SGB1567,s  GGB1202 SGB1567,Fecal,sex[T.1],-0.04476732793073701,0.7317759848892824,140,0.9188697366846488
g__GGB1202|s__GGB1202_SGB1567,s  GGB1202 SGB1567,Fecal,disease,0.7492398288194284,1.093664761251317e-06,140,1.879114907968172e-05
g__GGB1202|s__GGB1202_SGB1567,s  GGB1202 SGB1567,Fecal,ppi_use,-0.41270323973302603,0.024362365365069052,140,0.1542740507782852
g__GGB1202|s__GGB1202_SGB1567,s  GGB1202 SGB1567,Fecal,age,-0.00600706620111464,0.2404590232047669,140,0.6724241697850074
g__GGB1202|s__GGB1202_SGB1567,s  GGB1202 SGB1567,Fecal,bmi,-0.0038101555421357356,0.8096674724958343,140,0.9188697366846488
g__GGB1202|s__GGB1202_SGB1567,s  GGB1202 SGB1567,Fecal,antibiotics_3m,-0.06918286390994874,0.7610185220111207,140,0.9188697366846488
g__GGB1202|s__GGB1202_SGB1567,s  GGB1202 SGB1567,Fecal,smoking,0.05480085219928851,0.7665709861515893,140,0.9188697366846488
g__GGB12785|s__GGB12785_SGB19823,s  GGB12785 SGB19823,Fecal,sex[T.1],-0.04476732793073701,0.7317759848892824,140,0.9188697366846488
g__GGB12785|s__GGB12785_SGB19823,s  GGB12785 SGB19823,Fecal,disease,0.7492398288194284,1.093664761251317e-06,140,1.879114907968172e-05
g__GGB12785|s__GGB12785_SGB19823,s  GGB12785 SGB19823,Fecal,ppi_use,-0.41270323973302603,0.024362365365069052,140,0.1542740507782852
g__GGB12785|s__GGB12785_SGB19823,s  GGB12785 SGB19823,Fecal,age,-0.00600706620111464,0.2404590232047669,140,0.6724241697850074
g__GGB12785|s__GGB12785_SGB19823,s  GGB12785 SGB19823,Fecal,bmi,-0.0038101555421357356,0.8096674724958343,140,0.9188697366846488
g__GGB12785|s__GGB12785_SGB19823,s  GGB12785 SGB19823,Fecal,antibiotics_3m,-0.06918286390994874,0.7610185220111207,140,0.9188697366846488
g__GGB12785|s__GGB12785_SGB19823,s  GGB12785 SGB19823,Fecal,smoking,0.05480085219928851,0.7665709861515893,140,0.9188697366846488
g__GGB13493|s__GGB13493_SGB15238,s  GGB13493 SGB15238,Fecal,sex[T.1],0.1481175366472942,0.7501435229373312,140,0.9188697366846488
g__GGB13493|s__GGB13493_SGB15238,s  GGB13493 SGB15238,Fecal,disease,-1.542597178771159,0.0036989907977678176,140,0.044326822364065856
g__GGB13493|s__GGB13493_SGB15238,s  GGB13493 SGB15238,Fecal,ppi_use,-0.4337068041256969,0.5027179547806468,140,0.9188697366846488
g__GGB13493|s__GGB13493_SGB15238,s  GGB13493 SGB15238,Fecal,age,0.046233719785261175,0.011969618675684383,140,0.11906620682654465
g__GGB13493|s__GGB13493_SGB15238,s  GGB13493 SGB15238,Fecal,bmi,-0.10259543664485685,0.07030269747667606,140,0.34708208252230266
g__GGB13493|s__GGB13493_SGB15238,s  GGB13493 SGB15238,Fecal,antibiotics_3m,0.8456888485685014,0.2974223158970143,140,0.7479699387502191
g__GGB13493|s__GGB13493_SGB15238,s  GGB13493 SGB15238,Fecal,smoking,0.5403108223423178,0.4116748242911097,140,0.8701225866106808
g__GGB14025|s__GGB14025_SGB14906,s  GGB14025 SGB14906,Fecal,sex[T.1],-0.9939080459074504,0.0823033042982918,140,0.3837628971268833
g__GGB14025|s__GGB14025_SGB14906,s  GGB14025 SGB14906,Fecal,disease,-1.4719694182061709,0.0226819829957332,140,0.1542740507782852
g__GGB14025|s__GGB14025_SGB14906,s  GGB14025 SGB14906,Fecal,ppi_use,0.5569832893611244,0.48163286228227387,140,0.9188697366846488
g__GGB14025|s__GGB14025_SGB14906,s  GGB14025 SGB14906,Fecal,age,-0.0010432592693351548,0.9625723367610416,140,0.9803145732324497
g__GGB14025|s__GGB14025_SGB14906,s  GGB14025 SGB14906,Fecal,bmi,0.0821105801949976,0.23460288267657686,140,0.6724241697850074
g__GGB14025|s__GGB14025_SGB14906,s  GGB14025 SGB14906,Fecal,antibiotics_3m,-2.1837797529979794,0.028925208608577065,140,0.17811838985281664
g__GGB14025|s__GGB14025_SGB14906,s  GGB14025 SGB14906,Fecal,smoking,-0.5663896412108201,0.48152108208379407,140,0.9188697366846488
g__GGB1420|s__GGB1420_SGB1957,s  GGB1420 SGB1957,Fecal,sex[T.1],0.6902876877433235,0.2805969744822748,140,0.7226695663552926
g__GGB1420|s__GGB1420_SGB1957,s  GGB1420 SGB1957,Fecal,disease,-1.3330372567202335,0.06503526699069516,140,0.33569674579020586
g__GGB1420|s__GGB1420_SGB1957,s  GGB1420 SGB1957,Fecal,ppi_use,-1.0801267009857967,0.22490062527462157,140,0.6724241697850074
g__GGB1420|s__GGB1420_SGB1957,s  GGB1420 SGB1957,Fecal,age,0.05505698326565145,0.028777585814565063,140,0.17765459383514162
g__GGB1420|s__GGB1420_SGB1957,s  GGB1420 SGB1957,Fecal,bmi,-0.13659876358162248,0.07905623749177308,140,0.37426045379053263
g__GGB1420|s__GGB1420_SGB1957,s  GGB1420 SGB1957,Fecal,antibiotics_3m,0.02162685328119574,0.984480583916979,140,0.990527761950867
g__GGB1420|s__GGB1420_SGB1957,s  GGB1420 SGB1957,Fecal,smoking,-0.14697412943500993,0.8706110832241634,140,0.9439944534341435
g__GGB16040|s__GGB16040_SGB9347,s  GGB16040 SGB9347,Fecal,sex[T.1],0.4617205109509555,0.48505562914347533,140,0.9188697366846488
g__GGB16040|s__GGB16040_SGB9347,s  GGB16040 SGB9347,Fecal,disease,-0.6120142470847966,0.4106902459075721,140,0.8692797230940623
g__GGB16040|s__GGB16040_SGB9347,s  GGB16040 SGB9347,Fecal,ppi_use,0.6787415653712708,0.4604413412371313,140,0.9188697366846488
g__GGB16040|s__GGB16040_SGB9347,s  GGB16040 SGB9347,Fecal,age,0.020642582250104718,0.4246699562603836,140,0.881767091962774
g__GGB16040|s__GGB16040_SGB9347,s  GGB16040 SGB9347,Fecal,bmi,-0.10195975057683572,0.20406158574037753,140,0.6724241697850074
g__GGB16040|s__GGB16040_SGB9347,s  GGB16040 SGB9347,Fecal,antibiotics_3m,1.4762541449301754,0.2009337905709288,140,0.6724241697850074
g__GGB16040|s__GGB16040_SGB9347,s  GGB16040 SGB9347,Fecal,smoking,-0.3986705849240064,0.6695609923302852,140,0.9188697366846488
g__GGB1843|s__GGB1843_SGB2516,s  GGB1843 SGB2516,Fecal,sex[T.1],-0.04476732793073701,0.7317759848892824,140,0.9188697366846488
g__GGB1843|s__GGB1843_SGB2516,s  GGB1843 SGB2516,Fecal,disease,0.7492398288194284,1.093664761251317e-06,140,1.879114907968172e-05
g__GGB1843|s__GGB1843_SGB2516,s  GGB1843 SGB2516,Fecal,ppi_use,-0.41270323973302603,0.024362365365069052,140,0.1542740507782852
g__GGB1843|s__GGB1843_SGB2516,s  GGB1843 SGB2516,Fecal,age,-0.00600706620111464,0.2404590232047669,140,0.6724241697850074
g__GGB1843|s__GGB1843_SGB2516,s  GGB1843 SGB2516,Fecal,bmi,-0.0038101555421357356,0.8096674724958343,140,0.9188697366846488
g__GGB1843|s__GGB1843_SGB2516,s  GGB1843 SGB2516,Fecal,antibiotics_3m,-0.06918286390994874,0.7610185220111207,140,0.9188697366846488
g__GGB1843|s__GGB1843_SGB2516,s  GGB1843 SGB2516,Fecal,smoking,0.05480085219928851,0.7665709861515893,140,0.9188697366846488
g__GGB1843|s__GGB1843_SGB2524,s  GGB1843 SGB2524,Fecal,sex[T.1],-0.04476732793073701,0.7317759848892824,140,0.9188697366846488
g__GGB1843|s__GGB1843_SGB2524,s  GGB1843 SGB2524,Fecal,disease,0.7492398288194284,1.093664761251317e-06,140,1.879114907968172e-05
g__GGB1843|s__GGB1843_SGB2524,s  GGB1843 SGB2524,Fecal,ppi_use,-0.41270323973302603,0.024362365365069052,140,0.1542740507782852
g__GGB1843|s__GGB1843_SGB2524,s  GGB1843 SGB2524,Fecal,age,-0.00600706620111464,0.2404590232047669,140,0.6724241697850074
g__GGB1843|s__GGB1843_SGB2524,s  GGB1843 SGB2524,Fecal,bmi,-0.0038101555421357356,0.8096674724958343,140,0.9188697366846488
g__GGB1843|s__GGB1843_SGB2524,s  GGB1843 SGB2524,Fecal,antibiotics_3m,-0.06918286390994874,0.7610185220111207,140,0.9188697366846488
g__GGB1843|s__GGB1843_SGB2524,s  GGB1843 SGB2524,Fecal,smoking,0.05480085219928851,0.7665709861515893,140,0.9188697366846488
g__GGB2653|s__GGB2653_SGB3574,s  GGB2653 SGB3574,Fecal,sex[T.1],-0.711149641697098,0.1618194350632566,140,0.6079363179670053
g__GGB2653|s__GGB2653_SGB3574,s  GGB2653 SGB3574,Fecal,disease,1.4650721015894341,0.011053543900431905,140,0.11316065568067163
g__GGB2653|s__GGB2653_SGB3574,s  GGB2653 SGB3574,Fecal,ppi_use,0.24181774355089497,0.731338960503592,140,0.9188697366846488
g__GGB2653|s__GGB2653_SGB3574,s  GGB2653 SGB3574,Fecal,age,-0.0463286599155877,0.02053239106244073,140,0.1542740507782852
g__GGB2653|s__GGB2653_SGB3574,s  GGB2653 SGB3574,Fecal,bmi,0.10029204124679283,0.10382546076029658,140,0.4555342090858013
g__GGB2653|s__GGB2653_SGB3574,s  GGB2653 SGB3574,Fecal,antibiotics_3m,-0.16417468841455105,0.8523584220128753,140,0.9360523818006589
g__GGB2653|s__GGB2653_SGB3574,s  GGB2653 SGB3574,Fecal,smoking,0.04568618940516051,0.9491132739303061,140,0.9760200292451746
g__GGB2998|s__GGB2998_SGB3989,s  GGB2998 SGB3989,Fecal,sex[T.1],0.6211112358877462,0.24061239983374658,140,0.6724241697850074
g__GGB2998|s__GGB2998_SGB3989,s  GGB2998 SGB3989,Fecal,disease,-1.7320522478989122,0.004078944722350097,140,0.047723653251496134
g__GGB2998|s__GGB2998_SGB3989,s  GGB2998 SGB3989,Fecal,ppi_use,0.9335915977847834,0.20477960486601365,140,0.6724241697850074
g__GGB2998|s__GGB2998_SGB3989,s  GGB2998 SGB3989,Fecal,age,-0.0012468222245765892,0.951820083566301,140,0.9760200292451746
g__GGB2998|s__GGB2998_SGB3989,s  GGB2998 SGB3989,Fecal,bmi,-0.0011036451307334517,0.9862306721641108,140,0.9914765799947709
g__GGB2998|s__GGB2998_SGB3989,s  GGB2998 SGB3989,Fecal,antibiotics_3m,0.18890385158093384,0.837235192894035,140,0.929124562794728
g__GGB2998|s__GGB2998_SGB3989,s  GGB2998 SGB3989,Fecal,smoking,-0.6906108598488445,0.3554836381361899,140,0.8140012105317973
g__GGB3033|s__GGB3033_SGB4029,s  GGB3033 SGB4029,Fecal,sex[T.1],-0.5547969475201683,0.3192268418578153,140,0.7695286015651783
g__GGB3033|s__GGB3033_SGB4029,s  GGB3033 SGB4029,Fecal,disease,-0.2898793702202624,0.6430183083902219,140,0.9188697366846488
g__GGB3033|s__GGB3033_SGB4029,s  GGB3033 SGB4029,Fecal,ppi_use,-0.5216870534212672,0.5001010881019815,140,0.9188697366846488
g__GGB3033|s__GGB3033_SGB4029,s  GGB3033 SGB4029,Fecal,age,0.0011140232232579224,0.9591153058279861,140,0.9790387646112845
g__GGB3033|s__GGB3033_SGB4029,s  GGB3033 SGB4029,Fecal,bmi,0.006220195804400605,0.9264106193759443,140,0.9678042363553601
g__GGB3033|s__GGB3033_SGB4029,s  GGB3033 SGB4029,Fecal,antibiotics_3m,0.1966894483427095,0.8390467051558027,140,0.9294579596789031
g__GGB3033|s__GGB3033_SGB4029,s  GGB3033 SGB4029,Fecal,smoking,-0.6274718331075652,0.42514522669798605,140,0.881767091962774
g__GGB3109|s__GGB3109_SGB4643,s  GGB3109 SGB4643,Fecal,sex[T.1],0.4453711080398619,0.39550512809562155,140,0.8561727750933411
g__GGB3109|s__GGB3109_SGB4643,s  GGB3109 SGB4643,Fecal,disease,-0.6567984685137395,0.2656320436012242,140,0.7055725027815251
g__GGB3109|s__GGB3109_SGB4643,s  GGB3109 SGB4643,Fecal,ppi_use,1.013739624569161,0.16518956806243668,140,0.6158888751584324
g__GGB3109|s__GGB3109_SGB4643,s  GGB3109 SGB4643,Fecal,age,0.0002180800911732927,0.991495894516557,140,0.9939230570490332
g__GGB3109|s__GGB3109_SGB4643,s  GGB3109 SGB4643,Fecal,bmi,0.07262304612957791,0.25324887302457083,140,0.6860336064182696
g__GGB3109|s__GGB3109_SGB4643,s  GGB3109 SGB4643,Fecal,antibiotics_3m,0.2382012765025686,0.7939070240550565,140,0.9188697366846488
g__GGB3109|s__GGB3109_SGB4643,s  GGB3109 SGB4643,Fecal,smoking,-0.07300843394587489,0.9213970515614232,140,0.9670536333560088
g__GGB3175|s__GGB3175_SGB4191,s  GGB3175 SGB4191,Fecal,sex[T.1],0.22985704729753081,0.739902184656685,140,0.9188697366846488
g__GGB3175|s__GGB3175_SGB4191,s  GGB3175 SGB4191,Fecal,disease,-2.763399509345718,0.0005222288472657332,140,0.007290433396204014
g__GGB3175|s__GGB3175_SGB4191,s  GGB3175 SGB4191,Fecal,ppi_use,-1.241568371131876,0.19845811984472236,140,0.6724241697850074
g__GGB3175|s__GGB3175_SGB4191,s  GGB3175 SGB4191,Fecal,age,0.011745426528039466,0.6643421541208812,140,0.9188697366846488
g__GGB3175|s__GGB3175_SGB4191,s  GGB3175 SGB4191,Fecal,bmi,-0.025688158553809223,0.7593830859659653,140,0.9188697366846488
g__GGB3175|s__GGB3175_SGB4191,s  GGB3175 SGB4191,Fecal,antibiotics_3m,0.798203379506157,0.5082948689981548,140,0.9188697366846488
g__GGB3175|s__GGB3175_SGB4191,s  GGB3175 SGB4191,Fecal,smoking,0.2494473651760132,0.7987935509248187,140,0.9188697366846488
g__GGB3256|s__GGB3256_SGB4303,s  GGB3256 SGB4303,Fecal,sex[T.1],-0.05608166366987277,0.9391313582530392,140,0.9740624924771146
g__GGB3256|s__GGB3256_SGB4303,s  GGB3256 SGB4303,Fecal,disease,0.5150237426688483,0.5331842114828402,140,0.9188697366846488
g__GGB3256|s__GGB3256_SGB4303,s  GGB3256 SGB4303,Fecal,ppi_use,0.2217461249976492,0.8280955235353368,140,0.9248998080310967
g__GGB3256|s__GGB3256_SGB4303,s  GGB3256 SGB4303,Fecal,age,0.018431226500258073,0.5211683860649746,140,0.9188697366846488
g__GGB3256|s__GGB3256_SGB4303,s  GGB3256 SGB4303,Fecal,bmi,0.09216818494901638,0.30117278701088124,140,0.7482118682363349
g__GGB3256|s__GGB3256_SGB4303,s  GGB3256 SGB4303,Fecal,antibiotics_3m,0.04453207197613712,0.9722278810731818,140,0.9842455310246427
g__GGB3256|s__GGB3256_SGB4303,s  GGB3256 SGB4303,Fecal,smoking,0.46937347374540733,0.6512827875313163,140,0.9188697366846488
g__GGB3304|s__GGB3304_SGB4367,s  GGB3304 SGB4367,Fecal,sex[T.1],-0.7561316966020076,0.25416350194074877,140,0.6869963963348953
g__GGB3304|s__GGB3304_SGB4367,s  GGB3304 SGB4367,Fecal,disease,-1.3526948045485565,0.07072149923012629,140,0.3475254472168406
g__GGB3304|s__GGB3304_SGB4367,s  GGB3304 SGB4367,Fecal,ppi_use,0.42541443198769036,0.6438064861865598,140,0.9188697366846488
g__GGB3304|s__GGB3304_SGB4367,s  GGB3304 SGB4367,Fecal,age,0.006707855378683251,0.7953242572757077,140,0.9188697366846488
g__GGB3304|s__GGB3304_SGB4367,s  GGB3304 SGB4367,Fecal,bmi,-0.09459644425184804,0.23900439440581772,140,0.6724241697850074
g__GGB3304|s__GGB3304_SGB4367,s  GGB3304 SGB4367,Fecal,antibiotics_3m,-0.5084155957514062,0.6591111321551868,140,0.9188697366846488
g__GGB3304|s__GGB3304_SGB4367,s  GGB3304 SGB4367,Fecal,smoking,-1.1673540816405061,0.21317659405550818,140,0.6724241697850074
g__GGB3321|s__GGB3321_SGB4394,s  GGB3321 SGB4394,Fecal,sex[T.1],-0.8491801295372396,0.03704507797557882,140,0.21723092263961138
g__GGB3321|s__GGB3321_SGB4394,s  GGB3321 SGB4394,Fecal,disease,-0.7805436265147485,0.08743028451423264,140,0.4007765094243836
g__GGB3321|s__GGB3321_SGB4394,s  GGB3321 SGB4394,Fecal,ppi_use,-0.7598901767605702,0.17746770422992875,140,0.6439304989109405
g__GGB3321|s__GGB3321_SGB4394,s  GGB3321 SGB4394,Fecal,age,0.006958992910309818,0.6594623767048887,140,0.9188697366846488
g__GGB3321|s__GGB3321_SGB4394,s  GGB3321 SGB4394,Fecal,bmi,-0.053887132594376934,0.271790569330062,140,0.7142132928812431
g__GGB3321|s__GGB3321_SGB4394,s  GGB3321 SGB4394,Fecal,antibiotics_3m,-0.04273458745960021,0.951556617783358,140,0.9760200292451746
g__GGB3321|s__GGB3321_SGB4394,s  GGB3321 SGB4394,Fecal,smoking,-0.20103187295397548,0.7247833889846973,140,0.9188697366846488
g__GGB3345|s__GGB3345_SGB9340,s  GGB3345 SGB9340,Fecal,sex[T.1],0.4964516065997308,0.5086403469819056,140,0.9188697366846488
g__GGB3345|s__GGB3345_SGB9340,s  GGB3345 SGB9340,Fecal,disease,-1.533544864514694,0.07093975007514933,140,0.3479021276140557
g__GGB3345|s__GGB3345_SGB9340,s  GGB3345 SGB9340,Fecal,ppi_use,-1.1011446262351974,0.2923081306928867,140,0.7400727073449344
g__GGB3345|s__GGB3345_SGB9340,s  GGB3345 SGB9340,Fecal,age,0.04014779475710756,0.17264585276600913,140,0.6327954823695114
g__GGB3345|s__GGB3345_SGB9340,s  GGB3345 SGB9340,Fecal,bmi,-0.08332486730025394,0.3601380332103088,140,0.817109782949571
g__GGB3345|s__GGB3345_SGB9340,s  GGB3345 SGB9340,Fecal,antibiotics_3m,0.017422809414364276,0.989365256413892,140,0.9933326925659499
g__GGB3345|s__GGB3345_SGB9340,s  GGB3345 SGB9340,Fecal,smoking,-0.32408962712675266,0.7600153695300776,140,0.9188697366846488
g__GGB33469|s__GGB33469_SGB15236,s  GGB33469 SGB15236,Fecal,sex[T.1],-0.25764405525359946,0.6709936131858709,140,0.9188697366846488
g__GGB33469|s__GGB33469_SGB15236,s  GGB33469 SGB15236,Fecal,disease,-3.7059791095639625,2.435604607125624e-07,140,1.3600637544790132e-05
g__GGB33469|s__GGB33469_SGB15236,s  GGB33469 SGB15236,Fecal,ppi_use,0.4569056590241473,0.5880285629321828,140,0.9188697366846488
g__GGB33469|s__GGB33469_SGB15236,s  GGB33469 SGB15236,Fecal,age,0.011532317715907299,0.6267002909602043,140,0.9188697366846488
g__GGB33469|s__GGB33469_SGB15236,s  GGB33469 SGB15236,Fecal,bmi,-0.006979593268682574,0.9242928270417075,140,0.9672007989955175
g__GGB33469|s__GGB33469_SGB15236,s  GGB33469 SGB15236,Fecal,antibiotics_3m,1.9350027510101515,0.06863655200603916,140,0.3435154680142702
g__GGB33469|s__GGB33469_SGB15236,s  GGB33469 SGB15236,Fecal,smoking,0.3996196329309289,0.641146388673294,140,0.9188697366846488
g__GGB33469|s__GGB33469_SGB15237,s  GGB33469 SGB15237,Fecal,sex[T.1],0.5720636638285873,0.2099763183593336,140,0.6724241697850074
g__GGB33469|s__GGB33469_SGB15237,s  GGB33469 SGB15237,Fecal,disease,-1.181412917300932,0.022238901062148334,140,0.1542740507782852
g__GGB33469|s__GGB33469_SGB15237,s  GGB33469 SGB15237,Fecal,ppi_use,0.22153532895345457,0.7262359181207887,140,0.9188697366846488
g__GGB33469|s__GGB33469_SGB15237,s  GGB33469 SGB15237,Fecal,age,0.02740542746246359,0.12499225848682792,140,0.510991645760626
g__GGB33469|s__GGB33469_SGB15237,s  GGB33469 SGB15237,Fecal,bmi,-0.056951916857177695,0.3024020687271249,140,0.7485915462604673
g__GGB33469|s__GGB33469_SGB15237,s  GGB33469 SGB15237,Fecal,antibiotics_3m,1.1323039500776024,0.15461004478060394,140,0.5844259692706829
g__GGB33469|s__GGB33469_SGB15237,s  GGB33469 SGB15237,Fecal,smoking,0.3674149281355072,0.5680125060014004,140,0.9188697366846488
g__GGB33512|s__GGB33512_SGB15203,s  GGB33512 SGB15203,Fecal,sex[T.1],0.025516798906357416,0.9572541170665272,140,0.9779515033814792
g__GGB33512|s__GGB33512_SGB15203,s  GGB33512 SGB15203,Fecal,disease,-1.369243663009082,0.011513111873471695,140,0.11641035338732493
g__GGB33512|s__GGB33512_SGB15203,s  GGB33512 SGB15203,Fecal,ppi_use,0.06957800680244658,0.91628275966919,140,0.9645701544589544
g__GGB33512|s__GGB33512_SGB15203,s  GGB33512 SGB15203,Fecal,age,0.011771614770323638,0.5273098634732243,140,0.9188697366846488
g__GGB33512|s__GGB33512_SGB15203,s  GGB33512 SGB15203,Fecal,bmi,-0.04397153408654432,0.4462631547074032,140,0.8997161571601066
g__GGB33512|s__GGB33512_SGB15203,s  GGB33512 SGB15203,Fecal,antibiotics_3m,0.5312095588301132,0.5220658713181665,140,0.9188697366846488
g__GGB33512|s__GGB33512_SGB15203,s  GGB33512 SGB15203,Fecal,smoking,0.5692412740238911,0.39821998448209406,140,0.858662012395118
g__GGB33928|s__GGB33928_SGB15225,s  GGB33928 SGB15225,Fecal,sex[T.1],0.14253641277964907,0.7839583782496997,140,0.9188697366846488
g__GGB33928|s__GGB33928_SGB15225,s  GGB33928 SGB15225,Fecal,disease,-3.1494894111757734,3.0282173308577076e-07,140,1.5830489323228484e-05
g__GGB33928|s__GGB33928_SGB15225,s  GGB33928 SGB15225,Fecal,ppi_use,1.3115812641802747,0.07130350492829345,140,0.3482956493217038
g__GGB33928|s__GGB33928_SGB15225,s  GGB33928 SGB15225,Fecal,age,0.017953987266246824,0.3776118056599814,140,0.8358488346906076
g__GGB33928|s__GGB33928_SGB15225,s  GGB33928 SGB15225,Fecal,bmi,0.011137680937566397,0.8596131506162032,140,0.9366187725877289
g__GGB33928|s__GGB33928_SGB15225,s  GGB33928 SGB15225,Fecal,antibiotics_3m,1.087894528072424,0.2307919085290172,140,0.6724241697850074
g__GGB33928|s__GGB33928_SGB15225,s  GGB33928 SGB15225,Fecal,smoking,-0.8956515047647918,0.22415249229070394,140,0.6724241697850074
g__GGB34228|s__GGB34228_SGB72916,s  GGB34228 SGB72916,Fecal,sex[T.1],0.7088252028413632,0.11028449428973534,140,0.47372203228999954
g__GGB34228|s__GGB34228_SGB72916,s  GGB34228 SGB72916,Fecal,disease,-0.9666512261156447,0.05333013029250772,140,0.28867079868096784
g__GGB34228|s__GGB34228_SGB72916,s  GGB34228 SGB72916,Fecal,ppi_use,0.07293884539523787,0.9054654245139033,140,0.9597616925285446
g__GGB34228|s__GGB34228_SGB72916,s  GGB34228 SGB72916,Fecal,age,0.03118823782154857,0.07261057567017651,140,0.35257743956842624
g__GGB34228|s__GGB34228_SGB72916,s  GGB34228 SGB72916,Fecal,bmi,-0.06272390142645548,0.24232780103906607,140,0.6726134050997563
g__GGB34228|s__GGB34228_SGB72916,s  GGB34228 SGB72916,Fecal,antibiotics_3m,1.373532243012489,0.07595692451438142,140,0.36373359987679066
g__GGB34228|s__GGB34228_SGB72916,s  GGB34228 SGB72916,Fecal,smoking,0.3134603265750788,0.6158039654540448,140,0.9188697366846488
g__GGB34540|s__GGB34540_SGB54300,s  GGB34540 SGB54300,Fecal,sex[T.1],-0.4492686595190925,0.3774734542219442,140,0.8358488346906076
g__GGB34540|s__GGB34540_SGB54300,s  GGB34540 SGB54300,Fecal,disease,-1.7984636459589232,0.0020049308946249412,140,0.025890048102229946
g__GGB34540|s__GGB34540_SGB54300,s  GGB34540 SGB54300,Fecal,ppi_use,0.47207007736755724,0.5045096310169525,140,0.9188697366846488
g__GGB34540|s__GGB34540_SGB54300,s  GGB34540 SGB54300,Fecal,age,0.022006847612901104,0.26913496217788524,140,0.7105054412387265
g__GGB34540|s__GGB34540_SGB54300,s  GGB34540 SGB54300,Fecal,bmi,-0.01370705924073035,0.8238509086868901,140,0.9242306477063245
g__GGB34540|s__GGB34540_SGB54300,s  GGB34540 SGB54300,Fecal,antibiotics_3m,1.0604930205441703,0.23222858680619712,140,0.6724241697850074
g__GGB34540|s__GGB34540_SGB54300,s  GGB34540 SGB54300,Fecal,smoking,0.6549153907972504,0.36276465225685206,140,0.8173687128294823
g__GGB34797|s__GGB34797_SGB14322,s  GGB34797 SGB14322,Fecal,sex[T.1],-0.06021457773939261,0.9107342343888999,140,0.9620210605867462
g__GGB34797|s__GGB34797_SGB14322,s  GGB34797 SGB14322,Fecal,disease,0.0012845591402955076,0.9983029885538361,140,0.9983029885538363
g__GGB34797|s__GGB34797_SGB14322,s  GGB34797 SGB14322,Fecal,ppi_use,1.3888129571502807,0.06463071337502486,140,0.3345761073866574
g__GGB34797|s__GGB34797_SGB14322,s  GGB34797 SGB14322,Fecal,age,0.03951165120633079,0.06153816098303632,140,0.3217005564581282
g__GGB34797|s__GGB34797_SGB14322,s  GGB34797 SGB14322,Fecal,bmi,-0.1068150355991118,0.1023636174793946,140,0.44992380706059487
g__GGB34797|s__GGB34797_SGB14322,s  GGB34797 SGB14322,Fecal,antibiotics_3m,-0.6273436101493979,0.5028104712813163,140,0.9188697366846488
g__GGB34797|s__GGB34797_SGB14322,s  GGB34797 SGB14322,Fecal,smoking,0.13474230045797114,0.8591307769586582,140,0.9366187725877289
g__GGB3510|s__GGB3510_SGB4687,s  GGB3510 SGB4687,Fecal,sex[T.1],-0.7512638243833433,0.05418812785178313,140,0.29133529569328476
g__GGB3510|s__GGB3510_SGB4687,s  GGB3510 SGB4687,Fecal,disease,0.5945775256851226,0.17388070271990907,140,0.6357513193196676
g__GGB3510|s__GGB3510_SGB4687,s  GGB3510 SGB4687,Fecal,ppi_use,-0.13673376394552247,0.7996580585452906,140,0.9188697366846488
g__GGB3510|s__GGB3510_SGB4687,s  GGB3510 SGB4687,Fecal,age,-0.004431690753598892,0.7698503580635654,140,0.9188697366846488
g__GGB3510|s__GGB3510_SGB4687,s  GGB3510 SGB4687,Fecal,bmi,0.021302119913638642,0.6500504085857456,140,0.9188697366846488
g__GGB3510|s__GGB3510_SGB4687,s  GGB3510 SGB4687,Fecal,antibiotics_3m,-0.22659868509374334,0.737087263081647,140,0.9188697366846488
g__GGB3510|s__GGB3510_SGB4687,s  GGB3510 SGB4687,Fecal,smoking,-0.515378973391121,0.34748479225212225,140,0.8017492871029717
g__GGB3537|s__GGB3537_SGB4727,s  GGB3537 SGB4727,Fecal,sex[T.1],0.08860440751332281,0.8277114052454461,140,0.9248998080310967
g__GGB3537|s__GGB3537_SGB4727,s  GGB3537 SGB4727,Fecal,disease,0.5331754210707453,0.245348866780165,140,0.678090175116834
g__GGB3537|s__GGB3537_SGB4727,s  GGB3537 SGB4727,Fecal,ppi_use,-0.03414094357293703,0.9519005580405242,140,0.9760200292451746
g__GGB3537|s__GGB3537_SGB4727,s  GGB3537 SGB4727,Fecal,age,-0.010094129270614411,0.5261576479780131,140,0.9188697366846488
g__GGB3537|s__GGB3537_SGB4727,s  GGB3537 SGB4727,Fecal,bmi,-0.06311581136715806,0.20196539853162768,140,0.6724241697850074
g__GGB3537|s__GGB3537_SGB4727,s  GGB3537 SGB4727,Fecal,antibiotics_3m,-0.8731321507899158,0.21946866421650765,140,0.6724241697850074
g__GGB3537|s__GGB3537_SGB4727,s  GGB3537 SGB4727,Fecal,smoking,0.45748247427490196,0.4271294473396975,140,0.8833813569980108
g__GGB3570|s__GGB3570_SGB4777,s  GGB3570 SGB4777,Fecal,sex[T.1],0.0187320570589858,0.9655775347734731,140,0.9808545202904249
g__GGB3570|s__GGB3570_SGB4777,s  GGB3570 SGB4777,Fecal,disease,-1.4112086833314423,0.0044166316280890815,140,0.05047285539634824
g__GGB3570|s__GGB3570_SGB4777,s  GGB3570 SGB4777,Fecal,ppi_use,0.8900969383891746,0.14187089719146492,140,0.5577228710390869
g__GGB3570|s__GGB3570_SGB4777,s  GGB3570 SGB4777,Fecal,age,-0.002306476336670948,0.8918705111790236,140,0.953164787284411
g__GGB3570|s__GGB3570_SGB4777,s  GGB3570 SGB4777,Fecal,bmi,0.05175141557632525,0.32588097131018723,140,0.7753283523554652
g__GGB3570|s__GGB3570_SGB4777,s  GGB3570 SGB4777,Fecal,antibiotics_3m,-0.3186785008712468,0.6734702027959523,140,0.9188697366846488
g__GGB3570|s__GGB3570_SGB4777,s  GGB3570 SGB4777,Fecal,smoking,-0.6621131588707266,0.2815661093460762,140,0.7228922995436878
g__GGB3612|s__GGB3612_SGB4882,s  GGB3612 SGB4882,Fecal,sex[T.1],-0.03572784085026015,0.9403647668521433,140,0.9740624924771146
g__GGB3612|s__GGB3612_SGB4882,s  GGB3612 SGB4882,Fecal,disease,0.4511836094558742,0.4014647198726572,140,0.8590878436072109
g__GGB3612|s__GGB3612_SGB4882,s  GGB3612 SGB4882,Fecal,ppi_use,0.004226317209574067,0.994921473592566,140,0.9961467032068367
g__GGB3612|s__GGB3612_SGB4882,s  GGB3612 SGB4882,Fecal,age,-0.0013476555993337828,0.9424484909984275,140,0.9741451783427046
g__GGB3612|s__GGB3612_SGB4882,s  GGB3612 SGB4882,Fecal,bmi,0.013426745148916402,0.8164824680029319,140,0.9227679042701029
g__GGB3612|s__GGB3612_SGB4882,s  GGB3612 SGB4882,Fecal,antibiotics_3m,2.116019286942717,0.011954340463828107,140,0.11906620682654465
g__GGB3612|s__GGB3612_SGB4882,s  GGB3612 SGB4882,Fecal,smoking,0.43565422919052393,0.5190086632142248,140,0.9188697366846488
g__GGB3619|s__GGB3619_SGB4894,s  GGB3619 SGB4894,Fecal,sex[T.1],-0.1935148282123099,0.6960271378843004,140,0.9188697366846488
g__GGB3619|s__GGB3619_SGB4894,s  GGB3619 SGB4894,Fecal,disease,-1.788722474451791,0.0016223861710221964,140,0.021203206501072002
g__GGB3619|s__GGB3619_SGB4894,s  GGB3619 SGB4894,Fecal,ppi_use,-0.46421381146301255,0.5005092988595676,140,0.9188697366846488
g__GGB3619|s__GGB3619_SGB4894,s  GGB3619 SGB4894,Fecal,age,-0.007985074016751335,0.6800349218898698,140,0.9188697366846488
g__GGB3619|s__GGB3619_SGB4894,s  GGB3619 SGB4894,Fecal,bmi,-0.018509999924927144,0.7576773351278343,140,0.9188697366846488
g__GGB3619|s__GGB3619_SGB4894,s  GGB3619 SGB4894,Fecal,antibiotics_3m,1.15711122417621,0.18118736152935253,140,0.6498939376315608
g__GGB3619|s__GGB3619_SGB4894,s  GGB3619 SGB4894,Fecal,smoking,-0.4825133158883869,0.4909709189746858,140,0.9188697366846488
g__GGB3653|s__GGB3653_SGB4964,s  GGB3653 SGB4964,Fecal,sex[T.1],-0.09829844174314037,0.854065515372272,140,0.936385083118997
g__GGB3653|s__GGB3653_SGB4964,s  GGB3653 SGB4964,Fecal,disease,-0.2098694898559616,0.726972224371913,140,0.9188697366846488
g__GGB3653|s__GGB3653_SGB4964,s  GGB3653 SGB4964,Fecal,ppi_use,0.8109015209779532,0.2761799968373249,140,0.7190372787206112
g__GGB3653|s__GGB3653_SGB4964,s  GGB3653 SGB4964,Fecal,age,-0.009884443212355971,0.6362113412192894,140,0.9188697366846488
g__GGB3653|s__GGB3653_SGB4964,s  GGB3653 SGB4964,Fecal,bmi,0.06786628843088652,0.29545990361492375,140,0.7460893968981168
g__GGB3653|s__GGB3653_SGB4964,s  GGB3653 SGB4964,Fecal,antibiotics_3m,-1.406485698135869,0.13241678805231416,140,0.5316144579159083
g__GGB3653|s__GGB3653_SGB4964,s  GGB3653 SGB4964,Fecal,smoking,-0.6484412441751224,0.3912962727712934,140,0.8517724474077154
g__GGB3746|s__GGB3746_SGB5089,s  GGB3746 SGB5089,Fecal,sex[T.1],-0.1785653468679176,0.7602678953025894,140,0.9188697366846488
g__GGB3746|s__GGB3746_SGB5089,s  GGB3746 SGB5089,Fecal,disease,0.15786472804225124,0.810408282381278,140,0.9192858494048015
g__GGB3746|s__GGB3746_SGB5089,s  GGB3746 SGB5089,Fecal,ppi_use,-0.12216767599265728,0.8806330744167541,140,0.9494859824565409
g__GGB3746|s__GGB3746_SGB5089,s  GGB3746 SGB5089,Fecal,age,-0.0013027343613578788,0.9545770751355278,140,0.9760282453632925
g__GGB3746|s__GGB3746_SGB5089,s  GGB3746 SGB5089,Fecal,bmi,-0.017344469469309905,0.8067015245994608,140,0.9188697366846488
g__GGB3746|s__GGB3746_SGB5089,s  GGB3746 SGB5089,Fecal,antibiotics_3m,-0.00647511451757211,0.9949304068659248,140,0.9961467032068367
g__GGB3746|s__GGB3746_SGB5089,s  GGB3746 SGB5089,Fecal,smoking,1.5661071471082917,0.05998322136020675,140,0.3162634654120772
g__GGB3886|s__GGB3886_SGB5269,s  GGB3886 SGB5269,Fecal,sex[T.1],-0.04476732793073701,0.7317759848892824,140,0.9188697366846488
g__GGB3886|s__GGB3886_SGB5269,s  GGB3886 SGB5269,Fecal,disease,0.7492398288194284,1.093664761251317e-06,140,1.879114907968172e-05
g__GGB3886|s__GGB3886_SGB5269,s  GGB3886 SGB5269,Fecal,ppi_use,-0.41270323973302603,0.024362365365069052,140,0.1542740507782852
g__GGB3886|s__GGB3886_SGB5269,s  GGB3886 SGB5269,Fecal,age,-0.00600706620111464,0.2404590232047669,140,0.6724241697850074
g__GGB3886|s__GGB3886_SGB5269,s  GGB3886 SGB5269,Fecal,bmi,-0.0038101555421357356,0.8096674724958343,140,0.9188697366846488
g__GGB3886|s__GGB3886_SGB5269,s  GGB3886 SGB5269,Fecal,antibiotics_3m,-0.06918286390994874,0.7610185220111207,140,0.9188697366846488
g__GGB3886|s__GGB3886_SGB5269,s  GGB3886 SGB5269,Fecal,smoking,0.05480085219928851,0.7665709861515893,140,0.9188697366846488
g__GGB3887|s__GGB3887_SGB5270,s  GGB3887 SGB5270,Fecal,sex[T.1],-0.04476732793073701,0.7317759848892824,140,0.9188697366846488
g__GGB3887|s__GGB3887_SGB5270,s  GGB3887 SGB5270,Fecal,disease,0.7492398288194284,1.093664761251317e-06,140,1.879114907968172e-05
g__GGB3887|s__GGB3887_SGB5270,s  GGB3887 SGB5270,Fecal,ppi_use,-0.41270323973302603,0.024362365365069052,140,0.1542740507782852
g__GGB3887|s__GGB3887_SGB5270,s  GGB3887 SGB5270,Fecal,age,-0.00600706620111464,0.2404590232047669,140,0.6724241697850074
g__GGB3887|s__GGB3887_SGB5270,s  GGB3887 SGB5270,Fecal,bmi,-0.0038101555421357356,0.8096674724958343,140,0.9188697366846488
g__GGB3887|s__GGB3887_SGB5270,s  GGB3887 SGB5270,Fecal,antibiotics_3m,-0.06918286390994874,0.7610185220111207,140,0.9188697366846488
g__GGB3887|s__GGB3887_SGB5270,s  GGB3887 SGB5270,Fecal,smoking,0.05480085219928851,0.7665709861515893,140,0.9188697366846488
g__GGB4538|s__GGB4538_SGB6256,s  GGB4538 SGB6256,Fecal,sex[T.1],-0.04476732793073701,0.7317759848892824,140,0.9188697366846488
g__GGB4538|s__GGB4538_SGB6256,s  GGB4538 SGB6256,Fecal,disease,0.7492398288194284,1.093664761251317e-06,140,1.879114907968172e-05
g__GGB4538|s__GGB4538_SGB6256,s  GGB4538 SGB6256,Fecal,ppi_use,-0.41270323973302603,0.024362365365069052,140,0.1542740507782852
g__GGB4538|s__GGB4538_SGB6256,s  GGB4538 SGB6256,Fecal,age,-0.00600706620111464,0.2404590232047669,140,0.6724241697850074
g__GGB4538|s__GGB4538_SGB6256,s  GGB4538 SGB6256,Fecal,bmi,-0.0038101555421357356,0.8096674724958343,140,0.9188697366846488
g__GGB4538|s__GGB4538_SGB6256,s  GGB4538 SGB6256,Fecal,antibiotics_3m,-0.06918286390994874,0.7610185220111207,140,0.9188697366846488
g__GGB4538|s__GGB4538_SGB6256,s  GGB4538 SGB6256,Fecal,smoking,0.05480085219928851,0.7665709861515893,140,0.9188697366846488
g__GGB45432|s__GGB45432_SGB63101,s  GGB45432 SGB63101,Fecal,sex[T.1],-0.07193347904135178,0.8575419188224962,140,0.9366187725877289
g__GGB45432|s__GGB45432_SGB63101,s  GGB45432 SGB63101,Fecal,disease,1.8802336415660195,5.261492893718195e-05,140,0.0008449338588147455
g__GGB45432|s__GGB45432_SGB63101,s  GGB45432 SGB63101,Fecal,ppi_use,0.3033552390057314,0.586311386227863,140,0.9188697366846488
g__GGB45432|s__GGB45432_SGB63101,s  GGB45432 SGB63101,Fecal,age,-0.02885761551950389,0.06714822709755956,140,0.3421253022544862
g__GGB45432|s__GGB45432_SGB63101,s  GGB45432 SGB63101,Fecal,bmi,0.05905329809912113,0.22505775406835515,140,0.6724241697850074
g__GGB45432|s__GGB45432_SGB63101,s  GGB45432 SGB63101,Fecal,antibiotics_3m,-0.29299835240599403,0.6747215042226944,140,0.9188697366846488
g__GGB45432|s__GGB45432_SGB63101,s  GGB45432 SGB63101,Fecal,smoking,-0.3979197888153366,0.48274738748442514,140,0.9188697366846488
g__GGB4571|s__GGB4571_SGB6317,s  GGB4571 SGB6317,Fecal,sex[T.1],-0.6827813223299805,0.1540751238541041,140,0.5840414671243492
g__GGB4571|s__GGB4571_SGB6317,s  GGB4571 SGB6317,Fecal,disease,-1.2684206877788582,0.01932731925050243,140,0.1542740507782852
g__GGB4571|s__GGB4571_SGB6317,s  GGB4571 SGB6317,Fecal,ppi_use,-0.8306692271988627,0.2119284155824953,140,0.6724241697850074
g__GGB4571|s__GGB4571_SGB6317,s  GGB4571 SGB6317,Fecal,age,-0.0033600565988319464,0.8570552738001465,140,0.9366187725877289
g__GGB4571|s__GGB4571_SGB6317,s  GGB4571 SGB6317,Fecal,bmi,-0.05334266749086172,0.3568928166990146,140,0.8149762631442745
g__GGB4571|s__GGB4571_SGB6317,s  GGB4571 SGB6317,Fecal,antibiotics_3m,-0.33502947735926064,0.6869704189932659,140,0.9188697366846488
g__GGB4571|s__GGB4571_SGB6317,s  GGB4571 SGB6317,Fecal,smoking,0.08608201421477561,0.8984522505334505,140,0.956040354941831
g__GGB47687|s__GGB47687_SGB2286,s  GGB47687 SGB2286,Fecal,sex[T.1],-0.6057300577518511,0.40209646729682236,140,0.8590878436072109
g__GGB47687|s__GGB47687_SGB2286,s  GGB47687 SGB2286,Fecal,disease,-1.7033251361370503,0.03745354175699707,140,0.21858278407824655
g__GGB47687|s__GGB47687_SGB2286,s  GGB47687 SGB2286,Fecal,ppi_use,-0.9874131358196835,0.3261577290531712,140,0.7753283523554652
g__GGB47687|s__GGB47687_SGB2286,s  GGB47687 SGB2286,Fecal,age,0.014614544836512724,0.604731435984698,140,0.9188697366846488
g__GGB47687|s__GGB47687_SGB2286,s  GGB47687 SGB2286,Fecal,bmi,-0.061765071539951866,0.48044998177277976,140,0.9188697366846488
g__GGB47687|s__GGB47687_SGB2286,s  GGB47687 SGB2286,Fecal,antibiotics_3m,0.30082576746883655,0.8109437625946695,140,0.9194687700485016
g__GGB47687|s__GGB47687_SGB2286,s  GGB47687 SGB2286,Fecal,smoking,-0.8313258996209492,0.4158651599957117,140,0.8755618664177067
g__GGB4768|s__GGB4768_SGB6601,s  GGB4768 SGB6601,Fecal,sex[T.1],0.510544801038214,0.37149245383424556,140,0.8267953673869145
g__GGB4768|s__GGB4768_SGB6601,s  GGB4768 SGB6601,Fecal,disease,-1.278995646977588,0.047805816783149206,140,0.26514422536387716
g__GGB4768|s__GGB4768_SGB6601,s  GGB4768 SGB6601,Fecal,ppi_use,-0.4676786204850912,0.5556550806691447,140,0.9188697366846488
g__GGB4768|s__GGB4768_SGB6601,s  GGB4768 SGB6601,Fecal,age,0.026057172972605548,0.24375744723909096,140,0.6752108769632994
g__GGB4768|s__GGB4768_SGB6601,s  GGB4768 SGB6601,Fecal,bmi,-0.15660816701925726,0.024779801392001415,140,0.15651406688983927
g__GGB4768|s__GGB4768_SGB6601,s  GGB4768 SGB6601,Fecal,antibiotics_3m,2.3123339166928316,0.021220658750938353,140,0.1542740507782852
g__GGB4768|s__GGB4768_SGB6601,s  GGB4768 SGB6601,Fecal,smoking,-0.05880694940975805,0.9418568949863918,140,0.9741451783427046
g__GGB4769|s__GGB4769_SGB6602,s  GGB4769 SGB6602,Fecal,sex[T.1],-0.48487903755369954,0.33666060492388905,140,0.7862881238574101
g__GGB4769|s__GGB4769_SGB6602,s  GGB4769 SGB6602,Fecal,disease,-1.1429632102008949,0.04526732645207617,140,0.25451217641361823
g__GGB4769|s__GGB4769_SGB6602,s  GGB4769 SGB6602,Fecal,ppi_use,-0.7337193242788835,0.29586848432499874,140,0.7463540718547453
g__GGB4769|s__GGB4769_SGB6602,s  GGB4769 SGB6602,Fecal,age,0.03621403761265067,0.06764575449595644,140,0.34340003883587805
g__GGB4769|s__GGB4769_SGB6602,s  GGB4769 SGB6602,Fecal,bmi,-0.032084150834272726,0.5992571239094435,140,0.9188697366846488
g__GGB4769|s__GGB4769_SGB6602,s  GGB4769 SGB6602,Fecal,antibiotics_3m,1.6929376689976,0.055370970319902645,140,0.2963975470065377
g__GGB4769|s__GGB4769_SGB6602,s  GGB4769 SGB6602,Fecal,smoking,-0.1331854220286383,0.851643229309877,140,0.9359790420652044
g__GGB4964|s__GGB4964_SGB6927,s  GGB4964 SGB6927,Fecal,sex[T.1],-0.04476732793073701,0.7317759848892824,140,0.9188697366846488
g__GGB4964|s__GGB4964_SGB6927,s  GGB4964 SGB6927,Fecal,disease,0.7492398288194284,1.093664761251317e-06,140,1.879114907968172e-05
g__GGB4964|s__GGB4964_SGB6927,s  GGB4964 SGB6927,Fecal,ppi_use,-0.41270323973302603,0.024362365365069052,140,0.1542740507782852
g__GGB4964|s__GGB4964_SGB6927,s  GGB4964 SGB6927,Fecal,age,-0.00600706620111464,0.2404590232047669,140,0.6724241697850074
g__GGB4964|s__GGB4964_SGB6927,s  GGB4964 SGB6927,Fecal,bmi,-0.0038101555421357356,0.8096674724958343,140,0.9188697366846488
g__GGB4964|s__GGB4964_SGB6927,s  GGB4964 SGB6927,Fecal,antibiotics_3m,-0.06918286390994874,0.7610185220111207,140,0.9188697366846488
g__GGB4964|s__GGB4964_SGB6927,s  GGB4964 SGB6927,Fecal,smoking,0.05480085219928851,0.7665709861515893,140,0.9188697366846488
g__GGB51647|s__GGB51647_SGB4348,s  GGB51647 SGB4348,Fecal,sex[T.1],-0.4257842565385191,0.5670087389122631,140,0.9188697366846488
g__GGB51647|s__GGB51647_SGB4348,s  GGB51647 SGB4348,Fecal,disease,0.024913325038589024,0.9762226811666075,140,0.9862578649779418
g__GGB51647|s__GGB51647_SGB4348,s  GGB51647 SGB4348,Fecal,ppi_use,-0.5558207525555767,0.590906429078676,140,0.9188697366846488
g__GGB51647|s__GGB51647_SGB4348,s  GGB51647 SGB4348,Fecal,age,-0.011416639099188506,0.6944533183862241,140,0.9188697366846488
g__GGB51647|s__GGB51647_SGB4348,s  GGB51647 SGB4348,Fecal,bmi,0.03620283896619318,0.6877242371081771,140,0.9188697366846488
g__GGB51647|s__GGB51647_SGB4348,s  GGB51647 SGB4348,Fecal,antibiotics_3m,0.7063242065519627,0.5855675281060303,140,0.9188697366846488
g__GGB51647|s__GGB51647_SGB4348,s  GGB51647 SGB4348,Fecal,smoking,0.3846057146385409,0.7143885587241763,140,0.9188697366846488
g__GGB6518|s__GGB6518_SGB9205,s  GGB6518 SGB9205,Fecal,sex[T.1],-0.6965837471053937,0.2006072859411717,140,0.6724241697850074
g__GGB6518|s__GGB6518_SGB9205,s  GGB6518 SGB9205,Fecal,disease,-1.5111363552381873,0.014346130240394644,140,0.1371534708196484
g__GGB6518|s__GGB6518_SGB9205,s  GGB6518 SGB9205,Fecal,ppi_use,-0.3312110803018721,0.6607466079801373,140,0.9188697366846488
g__GGB6518|s__GGB6518_SGB9205,s  GGB6518 SGB9205,Fecal,age,0.0439053937235009,0.04001620652816183,140,0.23079769821524324
g__GGB6518|s__GGB6518_SGB9205,s  GGB6518 SGB9205,Fecal,bmi,-0.06019857675418251,0.36048554442969705,140,0.817109782949571
g__GGB6518|s__GGB6518_SGB9205,s  GGB6518 SGB9205,Fecal,antibiotics_3m,0.581824320750763,0.5384056770537505,140,0.9188697366846488
g__GGB6518|s__GGB6518_SGB9205,s  GGB6518 SGB9205,Fecal,smoking,-0.6483815080190456,0.3985173229967439,140,0.858662012395118
g__GGB6612|s__GGB6612_SGB9346,s  GGB6612 SGB9346,Fecal,sex[T.1],-0.7177650348419549,0.36756182251130354,140,0.821746494913806
g__GGB6612|s__GGB6612_SGB9346,s  GGB6612 SGB9346,Fecal,disease,-0.9277438433034544,0.3005931837542016,140,0.7482118682363349
g__GGB6612|s__GGB6612_SGB9346,s  GGB6612 SGB9346,Fecal,ppi_use,-0.17600717942093624,0.8735470937693317,140,0.9451067084943856
g__GGB6612|s__GGB6612_SGB9346,s  GGB6612 SGB9346,Fecal,age,0.01507452478107888,0.6279152837394918,140,0.9188697366846488
g__GGB6612|s__GGB6612_SGB9346,s  GGB6612 SGB9346,Fecal,bmi,-0.12686307549491424,0.18937212852101984,140,0.6656470955309668
g__GGB6612|s__GGB6612_SGB9346,s  GGB6612 SGB9346,Fecal,antibiotics_3m,-0.7185128563655506,0.6041709490892644,140,0.9188697366846488
g__GGB6612|s__GGB6612_SGB9346,s  GGB6612 SGB9346,Fecal,smoking,-0.4082600698363883,0.7165618198693482,140,0.9188697366846488
g__GGB77437|s__GGB77437_SGB9391,s  GGB77437 SGB9391,Fecal,sex[T.1],-0.38045619327504493,0.473238848581934,140,0.9188697366846488
g__GGB77437|s__GGB77437_SGB9391,s  GGB77437 SGB9391,Fecal,disease,-0.6727762850972585,0.26007220720348295,140,0.6975954291473336
g__GGB77437|s__GGB77437_SGB9391,s  GGB77437 SGB9391,Fecal,ppi_use,-0.2483959968398598,0.7360784921370096,140,0.9188697366846488
g__GGB77437|s__GGB77437_SGB9391,s  GGB77437 SGB9391,Fecal,age,0.05025520890658066,0.01641320651612555,140,0.1533355452856292
g__GGB77437|s__GGB77437_SGB9391,s  GGB77437 SGB9391,Fecal,bmi,0.06308817379658359,0.32660815847091884,140,0.7753393675005291
g__GGB77437|s__GGB77437_SGB9391,s  GGB77437 SGB9391,Fecal,antibiotics_3m,-0.6613582531963935,0.4740951293467489,140,0.9188697366846488
g__GGB77437|s__GGB77437_SGB9391,s  GGB77437 SGB9391,Fecal,smoking,-0.4131116270184892,0.5815052724337357,140,0.9188697366846488
g__GGB79630|s__GGB79630_SGB13983,s  GGB79630 SGB13983,Fecal,sex[T.1],-0.6188161678151305,0.2540213578545314,140,0.6869963963348953
g__GGB79630|s__GGB79630_SGB13983,s  GGB79630 SGB13983,Fecal,disease,-3.3697419692662764,1.5221414416285107e-07,140,9.589491082259617e-06
g__GGB79630|s__GGB79630_SGB13983,s  GGB79630 SGB13983,Fecal,ppi_use,-0.5916604090783618,0.4322135805387397,140,0.8886600563880196
g__GGB79630|s__GGB79630_SGB13983,s  GGB79630 SGB13983,Fecal,age,-0.015184876314249633,0.473291575291524,140,0.9188697366846488
g__GGB79630|s__GGB79630_SGB13983,s  GGB79630 SGB13983,Fecal,bmi,-0.11343319085690148,0.08532152715541347,140,0.39405073725723855
g__GGB79630|s__GGB79630_SGB13983,s  GGB79630 SGB13983,Fecal,antibiotics_3m,-0.40442467975056845,0.6679851557625962,140,0.9188697366846488
g__GGB79630|s__GGB79630_SGB13983,s  GGB79630 SGB13983,Fecal,smoking,-0.5778728051814426,0.4504723424022239,140,0.9027818477016836
g__GGB79734|s__GGB79734_SGB15291,s  GGB79734 SGB15291,Fecal,sex[T.1],0.9167600324671666,0.09553040715436317,140,0.4283179021501283
g__GGB79734|s__GGB79734_SGB15291,s  GGB79734 SGB15291,Fecal,disease,-1.4271216806476732,0.02164363072776104,140,0.1542740507782852
g__GGB79734|s__GGB79734_SGB15291,s  GGB79734 SGB15291,Fecal,ppi_use,0.5786725990506237,0.44728472138620523,140,0.9001476470269291
g__GGB79734|s__GGB79734_SGB15291,s  GGB79734 SGB15291,Fecal,age,-0.005474087461503347,0.7979841114861759,140,0.9188697366846488
g__GGB79734|s__GGB79734_SGB15291,s  GGB79734 SGB15291,Fecal,bmi,0.059728906213649784,0.36816540495572925,140,0.8223476363420243
g__GGB79734|s__GGB79734_SGB15291,s  GGB79734 SGB15291,Fecal,antibiotics_3m,0.7357974127077297,0.44050291540467834,140,0.8966989752686784
g__GGB79734|s__GGB79734_SGB15291,s  GGB79734 SGB15291,Fecal,smoking,0.08979085046401442,0.9075616088435923,140,0.9599134192547164
g__GGB79977|s__GGB79977_SGB1466,s  GGB79977 SGB1466,Fecal,sex[T.1],-0.04476732793073701,0.7317759848892824,140,0.9188697366846488
g__GGB79977|s__GGB79977_SGB1466,s  GGB79977 SGB1466,Fecal,disease,0.7492398288194284,1.093664761251317e-06,140,1.879114907968172e-05
g__GGB79977|s__GGB79977_SGB1466,s  GGB79977 SGB1466,Fecal,ppi_use,-0.41270323973302603,0.024362365365069052,140,0.1542740507782852
g__GGB79977|s__GGB79977_SGB1466,s  GGB79977 SGB1466,Fecal,age,-0.00600706620111464,0.2404590232047669,140,0.6724241697850074
g__GGB79977|s__GGB79977_SGB1466,s  GGB79977 SGB1466,Fecal,bmi,-0.0038101555421357356,0.8096674724958343,140,0.9188697366846488
g__GGB79977|s__GGB79977_SGB1466,s  GGB79977 SGB1466,Fecal,antibiotics_3m,-0.06918286390994874,0.7610185220111207,140,0.9188697366846488
g__GGB79977|s__GGB79977_SGB1466,s  GGB79977 SGB1466,Fecal,smoking,0.05480085219928851,0.7665709861515893,140,0.9188697366846488
g__GGB80011|s__GGB80011_SGB15265,s  GGB80011 SGB15265,Fecal,sex[T.1],-0.7967358532725286,0.2634046663820367,140,0.7026984422374203
g__GGB80011|s__GGB80011_SGB15265,s  GGB80011 SGB15265,Fecal,disease,-0.4327641059700733,0.5883800433392827,140,0.9188697366846488
g__GGB80011|s__GGB80011_SGB15265,s  GGB80011 SGB15265,Fecal,ppi_use,1.5921453185159553,0.10884887895181188,140,0.4708480556066933
g__GGB80011|s__GGB80011_SGB15265,s  GGB80011 SGB15265,Fecal,age,-0.04892367015049376,0.07997365706774093,140,0.37715024072061315
g__GGB80011|s__GGB80011_SGB15265,s  GGB80011 SGB15265,Fecal,bmi,0.1258593102648481,0.14538320478157524,140,0.563945060674594
g__GGB80011|s__GGB80011_SGB15265,s  GGB80011 SGB15265,Fecal,antibiotics_3m,0.9370014273957574,0.44956582889194485,140,0.9024221986166254
g__GGB80011|s__GGB80011_SGB15265,s  GGB80011 SGB15265,Fecal,smoking,-0.9153720286243844,0.3629423140809789,140,0.8173687128294823
g__GGB80011|s__GGB80011_SGB15267,s  GGB80011 SGB15267,Fecal,sex[T.1],-0.0392483046141595,0.9466145282980589,140,0.9747828566757464
g__GGB80011|s__GGB80011_SGB15267,s  GGB80011 SGB15267,Fecal,disease,-0.30693560194025576,0.6415984945315287,140,0.9188697366846488
g__GGB80011|s__GGB80011_SGB15267,s  GGB80011 SGB15267,Fecal,ppi_use,-0.32048081713708143,0.6942225103954697,140,0.9188697366846488
g__GGB80011|s__GGB80011_SGB15267,s  GGB80011 SGB15267,Fecal,age,0.03225219537562495,0.16078980772273346,140,0.6059211005747793
g__GGB80011|s__GGB80011_SGB15267,s  GGB80011 SGB15267,Fecal,bmi,-0.052405698168754,0.46093406467726605,140,0.9188697366846488
g__GGB80011|s__GGB80011_SGB15267,s  GGB80011 SGB15267,Fecal,antibiotics_3m,-0.059384516330302096,0.9536146021991547,140,0.9760282453632925
g__GGB80011|s__GGB80011_SGB15267,s  GGB80011 SGB15267,Fecal,smoking,-0.5291222032541364,0.5233779125401512,140,0.9188697366846488
g__GGB80140|s__GGB80140_SGB15224,s  GGB80140 SGB15224,Fecal,sex[T.1],-0.07932938385843064,0.888118879939749,140,0.9501985757406197
g__GGB80140|s__GGB80140_SGB15224,s  GGB80140 SGB15224,Fecal,disease,-4.290682847247678,3.647127285486226e-10,140,3.200354193014163e-08
g__GGB80140|s__GGB80140_SGB15224,s  GGB80140 SGB15224,Fecal,ppi_use,0.8465852190907646,0.2812599214136699,140,0.7228615344282291
g__GGB80140|s__GGB80140_SGB15224,s  GGB80140 SGB15224,Fecal,age,0.012087286221490998,0.5836195387685289,140,0.9188697366846488
g__GGB80140|s__GGB80140_SGB15224,s  GGB80140 SGB15224,Fecal,bmi,0.0021420266696573907,0.9749820034331852,140,0.9862209890635388
g__GGB80140|s__GGB80140_SGB15224,s  GGB80140 SGB15224,Fecal,antibiotics_3m,-0.4969751939599804,0.6129971643717812,140,0.9188697366846488
g__GGB80140|s__GGB80140_SGB15224,s  GGB80140 SGB15224,Fecal,smoking,-0.11295798185850524,0.8872986997728713,140,0.9501985757406197
g__GGB9062|s__GGB9062_SGB13981,s  GGB9062 SGB13981,Fecal,sex[T.1],-0.2286712476036387,0.637440391545482,140,0.9188697366846488
g__GGB9062|s__GGB9062_SGB13981,s  GGB9062 SGB13981,Fecal,disease,-2.9735708507416576,2.2559956554843276e-07,140,1.3014547327857557e-05
g__GGB9062|s__GGB9062_SGB13981,s  GGB9062 SGB13981,Fecal,ppi_use,-0.4967228543407916,0.4618198905127596,140,0.9188697366846488
g__GGB9062|s__GGB9062_SGB13981,s  GGB9062 SGB13981,Fecal,age,-0.011329388845889346,0.5503765332255974,140,0.9188697366846488
g__GGB9062|s__GGB9062_SGB13981,s  GGB9062 SGB13981,Fecal,bmi,-0.07102353833231867,0.22799327145572082,140,0.6724241697850074
g__GGB9062|s__GGB9062_SGB13981,s  GGB9062 SGB13981,Fecal,antibiotics_3m,1.7030260282246334,0.0454223774884729,140,0.25480087097985826
g__GGB9062|s__GGB9062_SGB13981,s  GGB9062 SGB13981,Fecal,smoking,-0.5792851321924425,0.39875187470200635,140,0.858662012395118
g__GGB9063|s__GGB9063_SGB13982,s  GGB9063 SGB13982,Fecal,sex[T.1],-0.17589784907965955,0.7592858161396792,140,0.9188697366846488
g__GGB9063|s__GGB9063_SGB13982,s  GGB9063 SGB13982,Fecal,disease,-3.1385746803597847,3.110313100050069e-06,140,5.234273484125356e-05
g__GGB9063|s__GGB9063_SGB13982,s  GGB9063 SGB13982,Fecal,ppi_use,-0.5477642414121352,0.492826120126326,140,0.9188697366846488
g__GGB9063|s__GGB9063_SGB13982,s  GGB9063 SGB13982,Fecal,age,0.00811589967358759,0.7175973748803113,140,0.9188697366846488
g__GGB9063|s__GGB9063_SGB13982,s  GGB9063 SGB13982,Fecal,bmi,0.009054718126226748,0.8963815917244626,140,0.9546638798729973
g__GGB9063|s__GGB9063_SGB13982,s  GGB9063 SGB13982,Fecal,antibiotics_3m,0.32990625412884933,0.7414318335811316,140,0.9188697366846488
g__GGB9063|s__GGB9063_SGB13982,s  GGB9063 SGB13982,Fecal,smoking,-0.30453273686870774,0.7074488003049585,140,0.9188697366846488
g__GGB9092|s__GGB9092_SGB14022,s  GGB9092 SGB14022,Fecal,sex[T.1],0.20268954802198794,0.6976922465143227,140,0.9188697366846488
g__GGB9092|s__GGB9092_SGB14022,s  GGB9092 SGB14022,Fecal,disease,-1.747260929319584,0.0033888502819176733,140,0.04101677410183115
g__GGB9092|s__GGB9092_SGB14022,s  GGB9092 SGB14022,Fecal,ppi_use,-0.7028343341247737,0.3333868400700283,140,0.7830057089692756
g__GGB9092|s__GGB9092_SGB14022,s  GGB9092 SGB14022,Fecal,age,-0.0019918574260493578,0.922184148316745,140,0.9672007989955175
g__GGB9092|s__GGB9092_SGB14022,s  GGB9092 SGB14022,Fecal,bmi,-0.04275000880632212,0.49908346368838796,140,0.9188697366846488
g__GGB9092|s__GGB9092_SGB14022,s  GGB9092 SGB14022,Fecal,antibiotics_3m,-0.49525873985817387,0.5858998000575872,140,0.9188697366846488
g__GGB9092|s__GGB9092_SGB14022,s  GGB9092 SGB14022,Fecal,smoking,0.30870239913658304,0.6755639304887886,140,0.9188697366846488
g__GGB9101|s__GGB9101_SGB14033,s  GGB9101 SGB14033,Fecal,sex[T.1],-0.9085427590180722,0.03952267628595146,140,0.2290264519683555
g__GGB9101|s__GGB9101_SGB14033,s  GGB9101 SGB14033,Fecal,disease,-0.46750137232798783,0.3431120295222345,140,0.7968112065558887
g__GGB9101|s__GGB9101_SGB14033,s  GGB9101 SGB14033,Fecal,ppi_use,-0.9130146062255516,0.1352554034096737,140,0.5394846204181304
g__GGB9101|s__GGB9101_SGB14033,s  GGB9101 SGB14033,Fecal,age,0.038254581473375356,0.026774759439114337,140,0.16654578213140234
g__GGB9101|s__GGB9101_SGB14033,s  GGB9101 SGB14033,Fecal,bmi,-0.062324476103241586,0.24110935839665917,140,0.6724241697850074
g__GGB9101|s__GGB9101_SGB14033,s  GGB9101 SGB14033,Fecal,antibiotics_3m,0.21602500612076658,0.7769611444094422,140,0.9188697366846488
g__GGB9101|s__GGB9101_SGB14033,s  GGB9101 SGB14033,Fecal,smoking,-0.2723134670475287,0.6599941497778066,140,0.9188697366846488
g__GGB9109|s__GGB9109_SGB14042,s  GGB9109 SGB14042,Fecal,sex[T.1],-0.5084502110341358,0.42411414574148043,140,0.881767091962774
g__GGB9109|s__GGB9109_SGB14042,s  GGB9109 SGB14042,Fecal,disease,-2.5757576483668756,0.00043056684826358634,140,0.006150597361532742
g__GGB9109|s__GGB9109_SGB14042,s  GGB9109 SGB14042,Fecal,ppi_use,-0.05922300455718976,0.946547827725386,140,0.9747828566757464
g__GGB9109|s__GGB9109_SGB14042,s  GGB9109 SGB14042,Fecal,age,0.026471300059276035,0.2875018943309716,140,0.7300821318177225
g__GGB9109|s__GGB9109_SGB14042,s  GGB9109 SGB14042,Fecal,bmi,-0.1815172986763091,0.01958811566460505,140,0.1542740507782852
g__GGB9109|s__GGB9109_SGB14042,s  GGB9109 SGB14042,Fecal,antibiotics_3m,1.3713921654176537,0.2165660868393493,140,0.6724241697850074
g__GGB9109|s__GGB9109_SGB14042,s  GGB9109 SGB14042,Fecal,smoking,0.2174227254236699,0.8087184785174535,140,0.9188697366846488
g__GGB9110|s__GGB9110_SGB14043,s  GGB9110 SGB14043,Fecal,sex[T.1],-0.048140232072496174,0.924286007088001,140,0.9672007989955175
g__GGB9110|s__GGB9110_SGB14043,s  GGB9110 SGB14043,Fecal,disease,-0.9497038750922149,0.09720423223972256,140,0.4329476597403845
g__GGB9110|s__GGB9110_SGB14043,s  GGB9110 SGB14043,Fecal,ppi_use,-0.7136964978129248,0.3118165742194483,140,0.7593170121112528
g__GGB9110|s__GGB9110_SGB14043,s  GGB9110 SGB14043,Fecal,age,0.02592822236986661,0.19179352161499671,140,0.6722349252611226
g__GGB9110|s__GGB9110_SGB14043,s  GGB9110 SGB14043,Fecal,bmi,-0.03890196565996808,0.5263954933255481,140,0.9188697366846488
g__GGB9110|s__GGB9110_SGB14043,s  GGB9110 SGB14043,Fecal,antibiotics_3m,1.2937829831317587,0.1441421037888022,140,0.5621542047763286
g__GGB9110|s__GGB9110_SGB14043,s  GGB9110 SGB14043,Fecal,smoking,-0.9736580123792008,0.1753683571445781,140,0.6402378209572487
g__GGB9117|s__GGB9117_SGB14050,s  GGB9117 SGB14050,Fecal,sex[T.1],-0.30208916256359686,0.5597101394393085,140,0.9188697366846488
g__GGB9117|s__GGB9117_SGB14050,s  GGB9117 SGB14050,Fecal,disease,-1.5299769254038385,0.009457070463611866,140,0.1001552677978205
g__GGB9117|s__GGB9117_SGB14050,s  GGB9117 SGB14050,Fecal,ppi_use,0.03608548568518261,0.9600075259233676,140,0.9795425627880873
g__GGB9117|s__GGB9117_SGB14050,s  GGB9117 SGB14050,Fecal,age,-0.021164314825881495,0.29651410083441543,140,0.7464499444161462
g__GGB9117|s__GGB9117_SGB14050,s  GGB9117 SGB14050,Fecal,bmi,-0.0354527837519161,0.5719985070959321,140,0.9188697366846488
g__GGB9117|s__GGB9117_SGB14050,s  GGB9117 SGB14050,Fecal,antibiotics_3m,1.0573819056592433,0.24204653546066446,140,0.6726134050997563
g__GGB9117|s__GGB9117_SGB14050,s  GGB9117 SGB14050,Fecal,smoking,-0.7607383436318224,0.2994076482183265,140,0.7482118682363349
g__GGB9176|s__GGB9176_SGB14114,s  GGB9176 SGB14114,Fecal,sex[T.1],-0.37452736088846234,0.565705131879634,140,0.9188697366846488
g__GGB9176|s__GGB9176_SGB14114,s  GGB9176 SGB14114,Fecal,disease,-1.696137582170881,0.021929524765775654,140,0.1542740507782852
g__GGB9176|s__GGB9176_SGB14114,s  GGB9176 SGB14114,Fecal,ppi_use,-0.9696859793505025,0.28553692225468924,140,0.727009552310644
g__GGB9176|s__GGB9176_SGB14114,s  GGB9176 SGB14114,Fecal,age,0.03117927927914135,0.22222696710430306,140,0.6724241697850074
g__GGB9176|s__GGB9176_SGB14114,s  GGB9176 SGB14114,Fecal,bmi,-0.018258542901014994,0.8170939663018206,140,0.9230344253809531
g__GGB9176|s__GGB9176_SGB14114,s  GGB9176 SGB14114,Fecal,antibiotics_3m,-0.49024105834584186,0.6658919615478831,140,0.9188697366846488
g__GGB9176|s__GGB9176_SGB14114,s  GGB9176 SGB14114,Fecal,smoking,-0.7057628966101919,0.44404204935582126,140,0.8972132526868855
g__GGB9261|s__GGB9261_SGB14209,s  GGB9261 SGB14209,Fecal,sex[T.1],-1.0104323953013619,0.15425395217794532,140,0.5840414671243492
g__GGB9261|s__GGB9261_SGB14209,s  GGB9261 SGB14209,Fecal,disease,-2.9148081803094055,0.00034383176147093807,140,0.005089124324904186
g__GGB9261|s__GGB9261_SGB14209,s  GGB9261 SGB14209,Fecal,ppi_use,-0.4177425504488709,0.6707467786310998,140,0.9188697366846488
g__GGB9261|s__GGB9261_SGB14209,s  GGB9261 SGB14209,Fecal,age,0.022264997719152534,0.42068328106645403,140,0.8791166771511248
g__GGB9261|s__GGB9261_SGB14209,s  GGB9261 SGB14209,Fecal,bmi,0.08833268646855551,0.30298714877966665,140,0.7485915462604673
g__GGB9261|s__GGB9261_SGB14209,s  GGB9261 SGB14209,Fecal,antibiotics_3m,0.9735070438977804,0.4294167685413428,140,0.8851317116661739
g__GGB9261|s__GGB9261_SGB14209,s  GGB9261 SGB14209,Fecal,smoking,-0.44804444869009574,0.653802935001601,140,0.9188697366846488
g__GGB9293|s__GGB9293_SGB14250,s  GGB9293 SGB14250,Fecal,sex[T.1],-0.4486692044230806,0.3197756215702267,140,0.7695286015651783
g__GGB9293|s__GGB9293_SGB14250,s  GGB9293 SGB14250,Fecal,disease,-0.7717071076242508,0.12902864808341657,140,0.5231409048530602
g__GGB9293|s__GGB9293_SGB14250,s  GGB9293 SGB14250,Fecal,ppi_use,0.7023515636416501,0.2628753021376432,140,0.702048497121945
g__GGB9293|s__GGB9293_SGB14250,s  GGB9293 SGB14250,Fecal,age,0.01431729262765808,0.41637114485830784,140,0.8756900393381304
g__GGB9293|s__GGB9293_SGB14250,s  GGB9293 SGB14250,Fecal,bmi,0.012035406829714592,0.8253153908773381,140,0.9248998080310967
g__GGB9293|s__GGB9293_SGB14250,s  GGB9293 SGB14250,Fecal,antibiotics_3m,-0.023681257656468394,0.9759019335114787,140,0.9862578649779418
g__GGB9293|s__GGB9293_SGB14250,s  GGB9293 SGB14250,Fecal,smoking,-1.3480069664629448,0.035639665281904806,140,0.21049677307125025
g__GGB9296|s__GGB9296_SGB14253,s  GGB9296 SGB14253,Fecal,sex[T.1],-0.14972497732155887,0.7571168599047805,140,0.9188697366846488
g__GGB9296|s__GGB9296_SGB14253,s  GGB9296 SGB14253,Fecal,disease,-1.8167215206614606,0.0010752688031648665,140,0.01420395402890364
g__GGB9296|s__GGB9296_SGB14253,s  GGB9296 SGB14253,Fecal,ppi_use,0.27868038860167277,0.6789029560231866,140,0.9188697366846488
g__GGB9296|s__GGB9296_SGB14253,s  GGB9296 SGB14253,Fecal,age,0.025590819976614606,0.17769022314270153,140,0.6439304989109405
g__GGB9296|s__GGB9296_SGB14253,s  GGB9296 SGB14253,Fecal,bmi,-0.017303177074197866,0.7679507955373482,140,0.9188697366846488
g__GGB9296|s__GGB9296_SGB14253,s  GGB9296 SGB14253,Fecal,antibiotics_3m,-0.25151007466309416,0.7654871695432508,140,0.9188697366846488
g__GGB9296|s__GGB9296_SGB14253,s  GGB9296 SGB14253,Fecal,smoking,-0.13407608712331137,0.844647106627477,140,0.9324615356584517
g__GGB9302|s__GGB9302_SGB14263,s  GGB9302 SGB14263,Fecal,sex[T.1],-0.5380392036734157,0.21791052845230688,140,0.6724241697850074
g__GGB9302|s__GGB9302_SGB14263,s  GGB9302 SGB14263,Fecal,disease,-1.3355934016153919,0.007140133178481538,140,0.07831833580146937
g__GGB9302|s__GGB9302_SGB14263,s  GGB9302 SGB14263,Fecal,ppi_use,1.8719758632477155,0.0023808737186258,140,0.02984595268705913
g__GGB9302|s__GGB9302_SGB14263,s  GGB9302 SGB14263,Fecal,age,0.006266016593297309,0.7128274896704951,140,0.9188697366846488
g__GGB9302|s__GGB9302_SGB14263,s  GGB9302 SGB14263,Fecal,bmi,0.0287159196178695,0.5863584230079396,140,0.9188697366846488
g__GGB9302|s__GGB9302_SGB14263,s  GGB9302 SGB14263,Fecal,antibiotics_3m,1.5642240429992689,0.04073698564122903,140,0.23385694794509282
g__GGB9302|s__GGB9302_SGB14263,s  GGB9302 SGB14263,Fecal,smoking,-0.6716034981763723,0.27626015104283963,140,0.7190372787206112
g__GGB9342|s__GGB9342_SGB14306,s  GGB9342 SGB14306,Fecal,sex[T.1],-0.43504675050958935,0.4725859859480953,140,0.9188697366846488
g__GGB9342|s__GGB9342_SGB14306,s  GGB9342 SGB14306,Fecal,disease,-2.1867906112228503,0.001614489494888234,140,0.021203206501072002
g__GGB9342|s__GGB9342_SGB14306,s  GGB9342 SGB14306,Fecal,ppi_use,0.4959379934703603,0.5557876547294583,140,0.9188697366846488
g__GGB9342|s__GGB9342_SGB14306,s  GGB9342 SGB14306,Fecal,age,0.0030581465904863814,0.8971245474042099,140,0.9550411667990223
g__GGB9342|s__GGB9342_SGB14306,s  GGB9342 SGB14306,Fecal,bmi,0.005061975964185738,0.9449416293200736,140,0.9745222153601147
g__GGB9342|s__GGB9342_SGB14306,s  GGB9342 SGB14306,Fecal,antibiotics_3m,0.4105201353127648,0.6969662406052242,140,0.9188697366846488
g__GGB9342|s__GGB9342_SGB14306,s  GGB9342 SGB14306,Fecal,smoking,-1.8467966734735761,0.03231224256287277,140,0.1950643242677602
g__GGB9345|s__GGB9345_SGB14311,s  GGB9345 SGB14311,Fecal,sex[T.1],-0.999332816416704,0.07446873737550949,140,0.3587640935914252
g__GGB9345|s__GGB9345_SGB14311,s  GGB9345 SGB14311,Fecal,disease,-2.1161608921072212,0.0009355459958229745,140,0.012560855255393707
g__GGB9345|s__GGB9345_SGB14311,s  GGB9345 SGB14311,Fecal,ppi_use,-0.14879263955264949,0.8476138986786684,140,0.933477072637153
g__GGB9345|s__GGB9345_SGB14311,s  GGB9345 SGB14311,Fecal,age,0.048771745575248916,0.026440114618333777,140,0.16488162847016774
g__GGB9345|s__GGB9345_SGB14311,s  GGB9345 SGB14311,Fecal,bmi,-0.0016625142654590936,0.9803375067089464,140,0.9883829519835376
g__GGB9345|s__GGB9345_SGB14311,s  GGB9345 SGB14311,Fecal,antibiotics_3m,1.3317693267893682,0.17124349072815795,140,0.6325911592275387
g__GGB9345|s__GGB9345_SGB14311,s  GGB9345 SGB14311,Fecal,smoking,-1.5242981672670983,0.05448515807917042,140,0.2922926493461173
g__GGB9453|s__GGB9453_SGB14844,s  GGB9453 SGB14844,Fecal,sex[T.1],-0.3737383297302911,0.5063039720029485,140,0.9188697366846488
g__GGB9453|s__GGB9453_SGB14844,s  GGB9453 SGB14844,Fecal,disease,0.44673664967297455,0.47996259567851607,140,0.9188697366846488
g__GGB9453|s__GGB9453_SGB14844,s  GGB9453 SGB14844,Fecal,ppi_use,-0.4634932407803547,0.5532440591324683,140,0.9188697366846488
g__GGB9453|s__GGB9453_SGB14844,s  GGB9453 SGB14844,Fecal,age,-0.017062159313530317,0.4377611973014749,140,0.8955697433553071
g__GGB9453|s__GGB9453_SGB14844,s  GGB9453 SGB14844,Fecal,bmi,-0.038896244850719845,0.5679176893312219,140,0.9188697366846488
g__GGB9453|s__GGB9453_SGB14844,s  GGB9453 SGB14844,Fecal,antibiotics_3m,-0.0591999899986154,0.9517631470318675,140,0.9760200292451746
g__GGB9453|s__GGB9453_SGB14844,s  GGB9453 SGB14844,Fecal,smoking,-1.156356514549602,0.1470058678314015,140,0.5670226330639772
g__GGB9522|s__GGB9522_SGB14921,s  GGB9522 SGB14921,Fecal,sex[T.1],-0.26664240836235464,0.5355651268235818,140,0.9188697366846488
g__GGB9522|s__GGB9522_SGB14921,s  GGB9522 SGB14921,Fecal,disease,-1.0258015475312041,0.03544697589676721,140,0.21037009608298798
g__GGB9522|s__GGB9522_SGB14921,s  GGB9522 SGB14921,Fecal,ppi_use,1.8759208886509018,0.0020645683676857717,140,0.02642002333022886
g__GGB9522|s__GGB9522_SGB14921,s  GGB9522 SGB14921,Fecal,age,-0.0001284813551018636,0.9939020824285636,140,0.9959287995623902
g__GGB9522|s__GGB9522_SGB14921,s  GGB9522 SGB14921,Fecal,bmi,-0.023225885810153137,0.6558526609102409,140,0.9188697366846488
g__GGB9522|s__GGB9522_SGB14921,s  GGB9522 SGB14921,Fecal,antibiotics_3m,-0.3256715043748303,0.6638442708474983,140,0.9188697366846488
g__GGB9522|s__GGB9522_SGB14921,s  GGB9522 SGB14921,Fecal,smoking,-0.39792249048958467,0.5130821838598694,140,0.9188697366846488
g__GGB9524|s__GGB9524_SGB14924,s  GGB9524 SGB14924,Fecal,sex[T.1],-0.33713681520767785,0.5212599736999672,140,0.9188697366846488
g__GGB9524|s__GGB9524_SGB14924,s  GGB9524 SGB14924,Fecal,disease,-0.5550066227805106,0.3481752093361298,140,0.8017492871029717
g__GGB9524|s__GGB9524_SGB14924,s  GGB9524 SGB14924,Fecal,ppi_use,1.3578654568170732,0.06468199064251619,140,0.3345761073866574
g__GGB9524|s__GGB9524_SGB14924,s  GGB9524 SGB14924,Fecal,age,-0.035306925498988645,0.08721880979798234,140,0.4005544218198927
g__GGB9524|s__GGB9524_SGB14924,s  GGB9524 SGB14924,Fecal,bmi,0.11585325588378384,0.07034938459654758,140,0.34708208252230266
g__GGB9524|s__GGB9524_SGB14924,s  GGB9524 SGB14924,Fecal,antibiotics_3m,-0.5662506439482327,0.536204580322189,140,0.9188697366846488
g__GGB9524|s__GGB9524_SGB14924,s  GGB9524 SGB14924,Fecal,smoking,-1.3345238633842653,0.07397853843877862,140,0.3571026894775621
g__GGB9559|s__GGB9559_SGB14969,s  GGB9559 SGB14969,Fecal,sex[T.1],0.4161947077873021,0.33260892354947313,140,0.7820288279053162
g__GGB9559|s__GGB9559_SGB14969,s  GGB9559 SGB14969,Fecal,disease,-0.40515168629804565,0.4014175115747045,140,0.8590878436072109
g__GGB9559|s__GGB9559_SGB14969,s  GGB9559 SGB14969,Fecal,ppi_use,0.7485638684492841,0.21062445982638853,140,0.6724241697850074
g__GGB9559|s__GGB9559_SGB14969,s  GGB9559 SGB14969,Fecal,age,0.020229386734346252,0.22874145389368808,140,0.6724241697850074
g__GGB9559|s__GGB9559_SGB14969,s  GGB9559 SGB14969,Fecal,bmi,0.05402576180141395,0.2992824957825966,140,0.7482118682363349
g__GGB9559|s__GGB9559_SGB14969,s  GGB9559 SGB14969,Fecal,antibiotics_3m,0.9178125737331692,0.2204178653750094,140,0.6724241697850074
g__GGB9559|s__GGB9559_SGB14969,s  GGB9559 SGB14969,Fecal,smoking,-0.3161324689256919,0.602147124908998,140,0.9188697366846488
g__GGB9602|s__GGB9602_SGB15028,s  GGB9602 SGB15028,Fecal,sex[T.1],-0.022429422773369942,0.965684609109702,140,0.9808545202904249
g__GGB9602|s__GGB9602_SGB15028,s  GGB9602 SGB15028,Fecal,disease,-1.358114548012883,0.02182592307540765,140,0.1542740507782852
g__GGB9602|s__GGB9602_SGB15028,s  GGB9602 SGB15028,Fecal,ppi_use,0.6994954412292738,0.3354010477854752,140,0.7852353900685105
g__GGB9602|s__GGB9602_SGB15028,s  GGB9602 SGB15028,Fecal,age,0.02970025404409998,0.1466202515342952,140,0.5664244622952253
g__GGB9602|s__GGB9602_SGB15028,s  GGB9602 SGB15028,Fecal,bmi,-0.04999458738953921,0.42912828496058053,140,0.8851317116661739
g__GGB9602|s__GGB9602_SGB15028,s  GGB9602 SGB15028,Fecal,antibiotics_3m,1.4151134136173262,0.12083115279959723,140,0.5000424564080166
g__GGB9602|s__GGB9602_SGB15028,s  GGB9602 SGB15028,Fecal,smoking,0.6474652736831021,0.3803128451862544,140,0.840313543725384
g__GGB9602|s__GGB9602_SGB15031,s  GGB9602 SGB15031,Fecal,sex[T.1],-0.23185378687009528,0.7014505768281001,140,0.9188697366846488
g__GGB9602|s__GGB9602_SGB15031,s  GGB9602 SGB15031,Fecal,disease,-3.6839614377442063,2.6344596955413894e-07,140,1.4071451025967814e-05
g__GGB9602|s__GGB9602_SGB15031,s  GGB9602 SGB15031,Fecal,ppi_use,0.8716871131741735,0.30075092034155143,140,0.7482118682363349
g__GGB9602|s__GGB9602_SGB15031,s  GGB9602 SGB15031,Fecal,age,0.012887867592286488,0.5857446520191143,140,0.9188697366846488
g__GGB9602|s__GGB9602_SGB15031,s  GGB9602 SGB15031,Fecal,bmi,-0.05583176628680165,0.44637932257963775,140,0.8997161571601066
g__GGB9602|s__GGB9602_SGB15031,s  GGB9602 SGB15031,Fecal,antibiotics_3m,0.7514782718910628,0.47589639436605347,140,0.9188697366846488
g__GGB9602|s__GGB9602_SGB15031,s  GGB9602 SGB15031,Fecal,smoking,-1.050053232083374,0.2205076974559692,140,0.6724241697850074
g__GGB9608|s__GGB9608_SGB15041,s  GGB9608 SGB15041,Fecal,sex[T.1],0.22927496910761602,0.6399050349177693,140,0.9188697366846488
g__GGB9608|s__GGB9608_SGB15041,s  GGB9608 SGB15041,Fecal,disease,-0.3426754081817272,0.5342097547547939,140,0.9188697366846488
g__GGB9608|s__GGB9608_SGB15041,s  GGB9608 SGB15041,Fecal,ppi_use,-0.7990188084513161,0.24197182152274782,140,0.6726134050997563
g__GGB9608|s__GGB9608_SGB15041,s  GGB9608 SGB15041,Fecal,age,0.034722381608357,0.07152163702889405,140,0.3486679805158585
g__GGB9608|s__GGB9608_SGB15041,s  GGB9608 SGB15041,Fecal,bmi,-0.00239870798092041,0.9677565712976687,140,0.9821470035846228
g__GGB9608|s__GGB9608_SGB15041,s  GGB9608 SGB15041,Fecal,antibiotics_3m,0.08225733604988855,0.9231978072335836,140,0.9672007989955175
g__GGB9608|s__GGB9608_SGB15041,s  GGB9608 SGB15041,Fecal,smoking,-0.8939409510506403,0.19810831148698643,140,0.6724241697850074
g__GGB9614|s__GGB9614_SGB15049,s  GGB9614 SGB15049,Fecal,sex[T.1],0.5694696558010989,0.2299288383292477,140,0.6724241697850074
g__GGB9614|s__GGB9614_SGB15049,s  GGB9614 SGB15049,Fecal,disease,-4.024156386471705,5.456493484995936e-12,140,5.828958475058703e-10
g__GGB9614|s__GGB9614_SGB15049,s  GGB9614 SGB15049,Fecal,ppi_use,0.5980418774489653,0.36394963061344165,140,0.8176701861335831
g__GGB9614|s__GGB9614_SGB15049,s  GGB9614 SGB15049,Fecal,age,-0.010740090724933687,0.5615970376831292,140,0.9188697366846488
g__GGB9614|s__GGB9614_SGB15049,s  GGB9614 SGB15049,Fecal,bmi,0.06822565551102554,0.23505559406560017,140,0.6724241697850074
g__GGB9614|s__GGB9614_SGB15049,s  GGB9614 SGB15049,Fecal,antibiotics_3m,0.4860242508734198,0.5555169110143949,140,0.9188697366846488
g__GGB9614|s__GGB9614_SGB15049,s  GGB9614 SGB15049,Fecal,smoking,0.7407642798725952,0.2690308245088321,140,0.7105054412387265
g__GGB9616|s__GGB9616_SGB15051,s  GGB9616 SGB15051,Fecal,sex[T.1],0.7357980346613247,0.2305921014913788,140,0.6724241697850074
g__GGB9616|s__GGB9616_SGB15051,s  GGB9616 SGB15051,Fecal,disease,-1.946659926938391,0.005327147853551416,140,0.0600403774136506
g__GGB9616|s__GGB9616_SGB15051,s  GGB9616 SGB15051,Fecal,ppi_use,-0.5990743263960385,0.4818764161861102,140,0.9188697366846488
g__GGB9616|s__GGB9616_SGB15051,s  GGB9616 SGB15051,Fecal,age,-0.0049214571047828245,0.8370379350574029,140,0.929124562794728
g__GGB9616|s__GGB9616_SGB15051,s  GGB9616 SGB15051,Fecal,bmi,0.02975894733323821,0.6882447169545447,140,0.9188697366846488
g__GGB9616|s__GGB9616_SGB15051,s  GGB9616 SGB15051,Fecal,antibiotics_3m,-0.22578389019236908,0.8322847026104512,140,0.9278237360770774
g__GGB9616|s__GGB9616_SGB15051,s  GGB9616 SGB15051,Fecal,smoking,-0.12543301855398298,0.8847306498036172,140,0.9500800728004752
g__GGB9618|s__GGB9618_SGB15065,s  GGB9618 SGB15065,Fecal,sex[T.1],0.2491046219995476,0.6136686885690189,140,0.9188697366846488
g__GGB9618|s__GGB9618_SGB15065,s  GGB9618 SGB15065,Fecal,disease,-1.4057405880662537,0.012262121353878896,140,0.12099611311839538
g__GGB9618|s__GGB9618_SGB15065,s  GGB9618 SGB15065,Fecal,ppi_use,0.3990284323811592,0.5608734935482571,140,0.9188697366846488
g__GGB9618|s__GGB9618_SGB15065,s  GGB9618 SGB15065,Fecal,age,0.030152455698642267,0.11949613593802086,140,0.49678850422964005
g__GGB9618|s__GGB9618_SGB15065,s  GGB9618 SGB15065,Fecal,bmi,-0.036590882762630506,0.5405120421435082,140,0.9188697366846488
g__GGB9618|s__GGB9618_SGB15065,s  GGB9618 SGB15065,Fecal,antibiotics_3m,1.5720582032983894,0.0689676861582827,140,0.3435154680142702
g__GGB9618|s__GGB9618_SGB15065,s  GGB9618 SGB15065,Fecal,smoking,0.5861640835983916,0.4010667863272275,140,0.8590878436072109
g__GGB9619|s__GGB9619_SGB15066,s  GGB9619 SGB15066,Fecal,sex[T.1],-0.4768243557814568,0.34425049066872615,140,0.7979466562010001
g__GGB9619|s__GGB9619_SGB15066,s  GGB9619 SGB15066,Fecal,disease,-1.7509152739082294,0.0023695342949750066,140,0.02984595268705913
g__GGB9619|s__GGB9619_SGB15066,s  GGB9619 SGB15066,Fecal,ppi_use,-0.31833808839638744,0.6492909018382879,140,0.9188697366846488
g__GGB9619|s__GGB9619_SGB15066,s  GGB9619 SGB15066,Fecal,age,-0.005421606437242964,0.7828947359767668,140,0.9188697366846488
g__GGB9619|s__GGB9619_SGB15066,s  GGB9619 SGB15066,Fecal,bmi,-0.0034128039044161096,0.9553592561696784,140,0.9764216690552828
g__GGB9619|s__GGB9619_SGB15066,s  GGB9619 SGB15066,Fecal,antibiotics_3m,0.4119290800422396,0.6385502703230529,140,0.9188697366846488
g__GGB9619|s__GGB9619_SGB15066,s  GGB9619 SGB15066,Fecal,smoking,0.956084247073473,0.18044635640165219,140,0.6491313289587985
g__GGB9619|s__GGB9619_SGB15067,s  GGB9619 SGB15067,Fecal,sex[T.1],-0.17697848447381145,0.7545478648349513,140,0.9188697366846488
g__GGB9619|s__GGB9619_SGB15067,s  GGB9619 SGB15067,Fecal,disease,-0.2260278769162965,0.7225441383149873,140,0.9188697366846488
g__GGB9619|s__GGB9619_SGB15067,s  GGB9619 SGB15067,Fecal,ppi_use,-1.4934276382808398,0.05941622684606382,140,0.3139476760446856
g__GGB9619|s__GGB9619_SGB15067,s  GGB9619 SGB15067,Fecal,age,0.008542374864808445,0.6994715783094634,140,0.9188697366846488
g__GGB9619|s__GGB9619_SGB15067,s  GGB9619 SGB15067,Fecal,bmi,0.0202922804481249,0.7672753442012386,140,0.9188697366846488
g__GGB9619|s__GGB9619_SGB15067,s  GGB9619 SGB15067,Fecal,antibiotics_3m,-1.057272417019506,0.2845095145602493,140,0.7258441082332564
g__GGB9619|s__GGB9619_SGB15067,s  GGB9619 SGB15067,Fecal,smoking,-0.55118584823479,0.49120786873884026,140,0.9188697366846488
g__GGB9621|s__GGB9621_SGB15073,s  GGB9621 SGB15073,Fecal,sex[T.1],0.5523297922661272,0.29406772240493434,140,0.7433378538569174
g__GGB9621|s__GGB9621_SGB15073,s  GGB9621 SGB15073,Fecal,disease,-2.123025864708304,0.0004478846101286257,140,0.006324439580954214
g__GGB9621|s__GGB9621_SGB15073,s  GGB9621 SGB15073,Fecal,ppi_use,-0.06630674684424048,0.9276642544233346,140,0.9686659894254708
g__GGB9621|s__GGB9621_SGB15073,s  GGB9621 SGB15073,Fecal,age,0.00906003688689711,0.6591617854117033,140,0.9188697366846488
g__GGB9621|s__GGB9621_SGB15073,s  GGB9621 SGB15073,Fecal,bmi,-0.02441330275692515,0.701313073203221,140,0.9188697366846488
g__GGB9621|s__GGB9621_SGB15073,s  GGB9621 SGB15073,Fecal,antibiotics_3m,0.4928767069296198,0.5902968621318541,140,0.9188697366846488
g__GGB9621|s__GGB9621_SGB15073,s  GGB9621 SGB15073,Fecal,smoking,0.2052942521069706,0.7822058005107049,140,0.9188697366846488
g__GGB9627|s__GGB9627_SGB15081,s  GGB9627 SGB15081,Fecal,sex[T.1],0.3446875270109245,0.5325565324053134,140,0.9188697366846488
g__GGB9627|s__GGB9627_SGB15081,s  GGB9627 SGB15081,Fecal,disease,-1.6129858891624278,0.010270373680511024,140,0.10558287921763843
g__GGB9627|s__GGB9627_SGB15081,s  GGB9627 SGB15081,Fecal,ppi_use,0.8453168144552611,0.271709695094265,140,0.7142132928812431
g__GGB9627|s__GGB9627_SGB15081,s  GGB9627 SGB15081,Fecal,age,-0.0024523792367954333,0.9094910155338259,140,0.9615402001577497
g__GGB9627|s__GGB9627_SGB15081,s  GGB9627 SGB15081,Fecal,bmi,0.013413870899017312,0.840984034043402,140,0.9307647620020896
g__GGB9627|s__GGB9627_SGB15081,s  GGB9627 SGB15081,Fecal,antibiotics_3m,-0.9036127494430093,0.3479851917971759,140,0.8017492871029717
g__GGB9627|s__GGB9627_SGB15081,s  GGB9627 SGB15081,Fecal,smoking,-0.8365679026964169,0.2845767669021112,140,0.7258441082332564
g__GGB9634|s__GGB9634_SGB15093,s  GGB9634 SGB15093,Fecal,sex[T.1],0.10948702176124632,0.859939645804947,140,0.9366187725877289
g__GGB9634|s__GGB9634_SGB15093,s  GGB9634 SGB15093,Fecal,disease,-2.0334708938177015,0.004118065997504773,140,0.04795302443539918
g__GGB9634|s__GGB9634_SGB15093,s  GGB9634 SGB15093,Fecal,ppi_use,0.1925132378096343,0.8234257045562315,140,0.9242306477063245
g__GGB9634|s__GGB9634_SGB15093,s  GGB9634 SGB15093,Fecal,age,0.01366694616723764,0.5733095492031837,140,0.9188697366846488
g__GGB9634|s__GGB9634_SGB15093,s  GGB9634 SGB15093,Fecal,bmi,-0.03333575258446865,0.6574990399864327,140,0.9188697366846488
g__GGB9634|s__GGB9634_SGB15093,s  GGB9634 SGB15093,Fecal,antibiotics_3m,0.042382522451508385,0.9687156724179493,140,0.9827144538112722
g__GGB9634|s__GGB9634_SGB15093,s  GGB9634 SGB15093,Fecal,smoking,-1.9178143748796812,0.030212692451252774,140,0.18465817251922403
g__GGB9635|s__GGB9635_SGB15106,s  GGB9635 SGB15106,Fecal,sex[T.1],-0.5965124162528094,0.39734143411396095,140,0.8582688220408233
g__GGB9635|s__GGB9635_SGB15106,s  GGB9635 SGB15106,Fecal,disease,-4.313475137212061,2.2776782055265566e-07,140,1.3014547327857557e-05
g__GGB9635|s__GGB9635_SGB15106,s  GGB9635 SGB15106,Fecal,ppi_use,1.8788566353302936,0.0565514958716788,140,0.302058750775467
g__GGB9635|s__GGB9635_SGB15106,s  GGB9635 SGB15106,Fecal,age,0.028300267682069963,0.3045985971435836,140,0.750650705297678
g__GGB9635|s__GGB9635_SGB15106,s  GGB9635 SGB15106,Fecal,bmi,-0.12593183505828595,0.14128973978817633,140,0.5563283504159443
g__GGB9635|s__GGB9635_SGB15106,s  GGB9635 SGB15106,Fecal,antibiotics_3m,0.9293209821054624,0.4488842560676164,140,0.9018059011922596
g__GGB9635|s__GGB9635_SGB15106,s  GGB9635 SGB15106,Fecal,smoking,-1.1525042924903544,0.2478669536721843,140,0.6813470288786292
g__GGB9636|s__GGB9636_SGB15107,s  GGB9636 SGB15107,Fecal,sex[T.1],-0.12305959882194967,0.8281561162671602,140,0.9248998080310967
g__GGB9636|s__GGB9636_SGB15107,s  GGB9636 SGB15107,Fecal,disease,-1.8840588300188283,0.003635169822511739,140,0.04378241300936933
g__GGB9636|s__GGB9636_SGB15107,s  GGB9636 SGB15107,Fecal,ppi_use,0.910935384469679,0.2489640454960412,140,0.6827060935086754
g__GGB9636|s__GGB9636_SGB15107,s  GGB9636 SGB15107,Fecal,age,0.01269330837632368,0.5669836833074593,140,0.9188697366846488
g__GGB9636|s__GGB9636_SGB15107,s  GGB9636 SGB15107,Fecal,bmi,-0.010047747824449763,0.8836702494754642,140,0.9500800728004752
g__GGB9636|s__GGB9636_SGB15107,s  GGB9636 SGB15107,Fecal,antibiotics_3m,1.0711877622793418,0.2790163994656125,140,0.7216300576516709
g__GGB9636|s__GGB9636_SGB15107,s  GGB9636 SGB15107,Fecal,smoking,-1.0673087053012416,0.18431550419879134,140,0.6538159342291648
g__GGB9640|s__GGB9640_SGB15115,s  GGB9640 SGB15115,Fecal,sex[T.1],0.2933626639202082,0.5206353525068899,140,0.9188697366846488
g__GGB9640|s__GGB9640_SGB15115,s  GGB9640 SGB15115,Fecal,disease,-0.5736956848238236,0.26471146916727906,140,0.7054187415878576
g__GGB9640|s__GGB9640_SGB15115,s  GGB9640 SGB15115,Fecal,ppi_use,0.14392573220859128,0.8205612695661829,140,0.9239775615600877
g__GGB9640|s__GGB9640_SGB15115,s  GGB9640 SGB15115,Fecal,age,0.021733178138872628,0.22436637290046269,140,0.6724241697850074
g__GGB9640|s__GGB9640_SGB15115,s  GGB9640 SGB15115,Fecal,bmi,-0.0002458909367955744,0.9964508079288561,140,0.9968565289418565
g__GGB9640|s__GGB9640_SGB15115,s  GGB9640 SGB15115,Fecal,antibiotics_3m,-0.2842127064298952,0.7207139093201713,140,0.9188697366846488
g__GGB9640|s__GGB9640_SGB15115,s  GGB9640 SGB15115,Fecal,smoking,-0.02431469205219405,0.9699299604401721,140,0.9827290362068053
g__GGB9641|s__GGB9641_SGB15117,s  GGB9641 SGB15117,Fecal,sex[T.1],0.33468246643078653,0.42352606950262006,140,0.881767091962774
g__GGB9641|s__GGB9641_SGB15117,s  GGB9641 SGB15117,Fecal,disease,1.32222814178916,0.005536450028338032,140,0.061832080543757016
g__GGB9641|s__GGB9641_SGB15117,s  GGB9641 SGB15117,Fecal,ppi_use,0.6300281964892976,0.2790346470625695,140,0.7216300576516709
g__GGB9641|s__GGB9641_SGB15117,s  GGB9641 SGB15117,Fecal,age,-0.029153542441481595,0.07589759471249256,140,0.36373359987679066
g__GGB9641|s__GGB9641_SGB15117,s  GGB9641 SGB15117,Fecal,bmi,-0.017963168930181437,0.7226267467559608,140,0.9188697366846488
g__GGB9641|s__GGB9641_SGB15117,s  GGB9641 SGB15117,Fecal,antibiotics_3m,-0.020480833441313948,0.9775397866728648,140,0.9866843816944161
g__GGB9641|s__GGB9641_SGB15117,s  GGB9641 SGB15117,Fecal,smoking,-1.0099528205282118,0.08888880835253773,140,0.40594758758770483
g__GGB9642|s__GGB9642_SGB15119,s  GGB9642 SGB15119,Fecal,sex[T.1],-0.8965375714115585,0.0577570305697272,140,0.30716238984809463
g__GGB9642|s__GGB9642_SGB15119,s  GGB9642 SGB15119,Fecal,disease,0.3186473169273489,0.546212717714184,140,0.9188697366846488
g__GGB9642|s__GGB9642_SGB15119,s  GGB9642 SGB15119,Fecal,ppi_use,0.3897065139084835,0.5505608325548732,140,0.9188697366846488
g__GGB9642|s__GGB9642_SGB15119,s  GGB9642 SGB15119,Fecal,age,0.04281779142727402,0.02084559110570493,140,0.1542740507782852
g__GGB9642|s__GGB9642_SGB15119,s  GGB9642 SGB15119,Fecal,bmi,0.008492013659352862,0.8812458371977435,140,0.9494859824565409
g__GGB9642|s__GGB9642_SGB15119,s  GGB9642 SGB15119,Fecal,antibiotics_3m,0.692412891660371,0.39752133475069473,140,0.8582688220408233
g__GGB9642|s__GGB9642_SGB15119,s  GGB9642 SGB15119,Fecal,smoking,0.2646986466095851,0.6899217787373226,140,0.9188697366846488
g__GGB9646|s__GGB9646_SGB15123,s  GGB9646 SGB15123,Fecal,sex[T.1],-0.12091061862739208,0.7629160563793822,140,0.9188697366846488
g__GGB9646|s__GGB9646_SGB15123,s  GGB9646 SGB15123,Fecal,disease,-1.327418114589106,0.00374850669773923,140,0.04449314471664391
g__GGB9646|s__GGB9646_SGB15123,s  GGB9646 SGB15123,Fecal,ppi_use,-0.06631877281451096,0.9052601545983749,140,0.9597616925285446
g__GGB9646|s__GGB9646_SGB15123,s  GGB9646 SGB15123,Fecal,age,0.024803057555257715,0.1150513472041044,140,0.48659043416592435
g__GGB9646|s__GGB9646_SGB15123,s  GGB9646 SGB15123,Fecal,bmi,0.01592093243375226,0.7429943768840168,140,0.9188697366846488
g__GGB9646|s__GGB9646_SGB15123,s  GGB9646 SGB15123,Fecal,antibiotics_3m,1.0218841011650357,0.14481075039002514,140,0.5638668996961834
g__GGB9646|s__GGB9646_SGB15123,s  GGB9646 SGB15123,Fecal,smoking,-0.33436259345659103,0.5552739707325985,140,0.9188697366846488
g__GGB9677|s__GGB9677_SGB15180,s  GGB9677 SGB15180,Fecal,sex[T.1],-0.037346060658030714,0.9393448218481126,140,0.9740624924771146
g__GGB9677|s__GGB9677_SGB15180,s  GGB9677 SGB15180,Fecal,disease,-1.6902522198055285,0.0026123862148187916,140,0.03258189304471965
g__GGB9677|s__GGB9677_SGB15180,s  GGB9677 SGB15180,Fecal,ppi_use,0.15522994325756342,0.8200630619002658,140,0.9239775615600877
g__GGB9677|s__GGB9677_SGB15180,s  GGB9677 SGB15180,Fecal,age,0.026661880131715988,0.16613327477915998,140,0.6171841197509007
g__GGB9677|s__GGB9677_SGB15180,s  GGB9677 SGB15180,Fecal,bmi,0.024549033960351598,0.6797596118351203,140,0.9188697366846488
g__GGB9677|s__GGB9677_SGB15180,s  GGB9677 SGB15180,Fecal,antibiotics_3m,0.45043986564431193,0.598421535490276,140,0.9188697366846488
g__GGB9677|s__GGB9677_SGB15180,s  GGB9677 SGB15180,Fecal,smoking,-0.4472089501534853,0.5194796576925306,140,0.9188697366846488
g__GGB9699|s__GGB9699_SGB15216,s  GGB9699 SGB15216,Fecal,sex[T.1],0.4602562791532148,0.3634138236946971,140,0.8176701861335831
g__GGB9699|s__GGB9699_SGB15216,s  GGB9699 SGB15216,Fecal,disease,-2.182815027502006,0.00018571002283704918,140,0.0028340964354697505
g__GGB9699|s__GGB9699_SGB15216,s  GGB9699 SGB15216,Fecal,ppi_use,1.065306862333344,0.13132938517079765,140,0.5307175976392267
g__GGB9699|s__GGB9699_SGB15216,s  GGB9699 SGB15216,Fecal,age,-0.017082140256446422,0.3880736002807714,140,0.8498189268180529
g__GGB9699|s__GGB9699_SGB15216,s  GGB9699 SGB15216,Fecal,bmi,0.1270436147093041,0.03962517050469967,140,0.22908010336481668
g__GGB9699|s__GGB9699_SGB15216,s  GGB9699 SGB15216,Fecal,antibiotics_3m,-0.1303449234359556,0.8823351854130849,140,0.9494859824565409
g__GGB9699|s__GGB9699_SGB15216,s  GGB9699 SGB15216,Fecal,smoking,-1.0342478477380874,0.14945060388912426,140,0.573750208993091
g__GGB9707|s__GGB9707_SGB15229,s  GGB9707 SGB15229,Fecal,sex[T.1],0.5746228820095379,0.30111474317999865,140,0.7482118682363349
g__GGB9707|s__GGB9707_SGB15229,s  GGB9707 SGB15229,Fecal,disease,-2.4767485919055643,0.00011357071662058622,140,0.0017660965236505084
g__GGB9707|s__GGB9707_SGB15229,s  GGB9707 SGB15229,Fecal,ppi_use,0.8891133562237241,0.25005733144390224,140,0.6842699760738209
g__GGB9707|s__GGB9707_SGB15229,s  GGB9707 SGB15229,Fecal,age,0.025076043734592494,0.24855797893635212,140,0.6823541388230359
g__GGB9707|s__GGB9707_SGB15229,s  GGB9707 SGB15229,Fecal,bmi,-0.04312057144129991,0.5212766120290983,140,0.9188697366846488
g__GGB9707|s__GGB9707_SGB15229,s  GGB9707 SGB15229,Fecal,antibiotics_3m,-0.5499379410411573,0.5693567207928947,140,0.9188697366846488
g__GGB9707|s__GGB9707_SGB15229,s  GGB9707 SGB15229,Fecal,smoking,-1.2035528893830767,0.12637151884709796,140,0.5140642745154299
g__GGB9708|s__GGB9708_SGB15233,s  GGB9708 SGB15233,Fecal,sex[T.1],0.1278934777357056,0.8360254824810522,140,0.929124562794728
g__GGB9708|s__GGB9708_SGB15233,s  GGB9708 SGB15233,Fecal,disease,-2.5471203265699236,0.00034723264253963234,140,0.005108686243831597
g__GGB9708|s__GGB9708_SGB15233,s  GGB9708 SGB15233,Fecal,ppi_use,0.7698417295145467,0.37089106844137587,140,0.8267953673869145
g__GGB9708|s__GGB9708_SGB15233,s  GGB9708 SGB15233,Fecal,age,0.03305332681206267,0.17263365898892966,140,0.6327954823695114
g__GGB9708|s__GGB9708_SGB15233,s  GGB9708 SGB15233,Fecal,bmi,-0.018429849087387748,0.8055147322079255,140,0.9188697366846488
g__GGB9708|s__GGB9708_SGB15233,s  GGB9708 SGB15233,Fecal,antibiotics_3m,0.5967052082879418,0.5794589410953153,140,0.9188697366846488
g__GGB9708|s__GGB9708_SGB15233,s  GGB9708 SGB15233,Fecal,smoking,-0.49768046546710054,0.5690033575765496,140,0.9188697366846488
g__GGB9708|s__GGB9708_SGB15234,s  GGB9708 SGB15234,Fecal,sex[T.1],-0.5697781824626975,0.33035088227011733,140,0.7797042437441674
g__GGB9708|s__GGB9708_SGB15234,s  GGB9708 SGB15234,Fecal,disease,-3.564070040128432,2.56230718390911e-07,140,1.3990197224143741e-05
g__GGB9708|s__GGB9708_SGB15234,s  GGB9708 SGB15234,Fecal,ppi_use,0.22723706636977625,0.7797244129549584,140,0.9188697366846488
g__GGB9708|s__GGB9708_SGB15234,s  GGB9708 SGB15234,Fecal,age,0.04550930134190791,0.047947846023665384,140,0.26533301279312127
g__GGB9708|s__GGB9708_SGB15234,s  GGB9708 SGB15234,Fecal,bmi,-0.009307453942890488,0.8953817385691869,140,0.9544264345616018
g__GGB9708|s__GGB9708_SGB15234,s  GGB9708 SGB15234,Fecal,antibiotics_3m,0.43501192928885846,0.669150735653105,140,0.9188697366846488
g__GGB9708|s__GGB9708_SGB15234,s  GGB9708 SGB15234,Fecal,smoking,-1.2145547887573174,0.14302320304750568,140,0.5604593459134314
g__GGB9712|s__GGB9712_SGB15244,s  GGB9712 SGB15244,Fecal,sex[T.1],-0.6899781988318245,0.2018807710930222,140,0.6724241697850074
g__GGB9712|s__GGB9712_SGB15244,s  GGB9712 SGB15244,Fecal,disease,-2.468859848023962,7.715071094654497e-05,140,0.0012151236974080834
g__GGB9712|s__GGB9712_SGB15244,s  GGB9712 SGB15244,Fecal,ppi_use,0.5757537522547638,0.4428077773075204,140,0.8972132526868855
g__GGB9712|s__GGB9712_SGB15244,s  GGB9712 SGB15244,Fecal,age,0.02697772378208934,0.20175340178727647,140,0.6724241697850074
g__GGB9712|s__GGB9712_SGB15244,s  GGB9712 SGB15244,Fecal,bmi,-0.05031510407800377,0.4414250959809518,140,0.8970897111870956
g__GGB9712|s__GGB9712_SGB15244,s  GGB9712 SGB15244,Fecal,antibiotics_3m,0.7631559631070076,0.41682270994516735,140,0.8756900393381304
g__GGB9712|s__GGB9712_SGB15244,s  GGB9712 SGB15244,Fecal,smoking,-1.100867012227816,0.1500513686519568,140,0.5751176687100501
g__GGB9713|s__GGB9713_SGB15249,s  GGB9713 SGB15249,Fecal,sex[T.1],0.008000643426636896,0.9898452488619516,140,0.9933326925659499
g__GGB9713|s__GGB9713_SGB15249,s  GGB9713 SGB15249,Fecal,disease,-5.081071206523471,4.0668169354945685e-11,140,3.843142004042367e-09
g__GGB9713|s__GGB9713_SGB15249,s  GGB9713 SGB15249,Fecal,ppi_use,0.793267586932504,0.3648225815055083,140,0.8178550025173666
g__GGB9713|s__GGB9713_SGB15249,s  GGB9713 SGB15249,Fecal,age,0.042616221469266045,0.08460137332007797,140,0.39146059180307263
g__GGB9713|s__GGB9713_SGB15249,s  GGB9713 SGB15249,Fecal,bmi,-0.061232251677938436,0.42189108949633114,140,0.8807021299001577
g__GGB9713|s__GGB9713_SGB15249,s  GGB9713 SGB15249,Fecal,antibiotics_3m,0.37024135941498787,0.7352954553550093,140,0.9188697366846488
g__GGB9713|s__GGB9713_SGB15249,s  GGB9713 SGB15249,Fecal,smoking,-0.2854128759089218,0.7480925862639187,140,0.9188697366846488
g__GGB9724|s__GGB9724_SGB15278,s  GGB9724 SGB15278,Fecal,sex[T.1],-0.044399288235618464,0.9142769294445405,140,0.9632840547363791
g__GGB9724|s__GGB9724_SGB15278,s  GGB9724 SGB15278,Fecal,disease,0.3896018177642037,0.4015390004956235,140,0.8590878436072109
g__GGB9724|s__GGB9724_SGB15278,s  GGB9724 SGB15278,Fecal,ppi_use,-0.7845080588172082,0.17281472066338713,140,0.6327954823695114
g__GGB9724|s__GGB9724_SGB15278,s  GGB9724 SGB15278,Fecal,age,0.021457365357803446,0.1846757258262273,140,0.6538159342291648
g__GGB9724|s__GGB9724_SGB15278,s  GGB9724 SGB15278,Fecal,bmi,-0.0035469174436965683,0.9434045544434866,140,0.9741451783427046
g__GGB9724|s__GGB9724_SGB15278,s  GGB9724 SGB15278,Fecal,antibiotics_3m,0.045083774232202584,0.9499589099496062,140,0.9760200292451746
g__GGB9724|s__GGB9724_SGB15278,s  GGB9724 SGB15278,Fecal,smoking,-0.6017301784539365,0.3029783040306168,140,0.7485915462604673
g__GGB9747|s__GGB9747_SGB15356,s  GGB9747 SGB15356,Fecal,sex[T.1],0.29706744462306806,0.6324425730363863,140,0.9188697366846488
g__GGB9747|s__GGB9747_SGB15356,s  GGB9747 SGB15356,Fecal,disease,-2.3354537750520357,0.0010483871896668833,140,0.013923715270332607
g__GGB9747|s__GGB9747_SGB15356,s  GGB9747 SGB15356,Fecal,ppi_use,0.7898030355095655,0.3609566995836586,140,0.817109782949571
g__GGB9747|s__GGB9747_SGB15356,s  GGB9747 SGB15356,Fecal,age,0.06037813862333685,0.013912509536228768,140,0.13405112129613364
g__GGB9747|s__GGB9747_SGB15356,s  GGB9747 SGB15356,Fecal,bmi,-0.05045601965640812,0.5026376838367255,140,0.9188697366846488
g__GGB9747|s__GGB9747_SGB15356,s  GGB9747 SGB15356,Fecal,antibiotics_3m,-0.167199611275062,0.877120376228962,140,0.9481235215110249
g__GGB9747|s__GGB9747_SGB15356,s  GGB9747 SGB15356,Fecal,smoking,-1.409840452161643,0.1098645938485442,140,0.4735742229576721
g__GGB9758|s__GGB9758_SGB15368,s  GGB9758 SGB15368,Fecal,sex[T.1],0.28781665371975834,0.6848286204174239,140,0.9188697366846488
g__GGB9758|s__GGB9758_SGB15368,s  GGB9758 SGB15368,Fecal,disease,-4.821925669786406,1.3325364302636308e-08,140,9.921339421690124e-07
g__GGB9758|s__GGB9758_SGB15368,s  GGB9758 SGB15368,Fecal,ppi_use,0.9477289395254576,0.3371153992849325,140,0.7866025983315091
g__GGB9758|s__GGB9758_SGB15368,s  GGB9758 SGB15368,Fecal,age,0.002335813886199934,0.9328211383443359,140,0.9703393467028084
g__GGB9758|s__GGB9758_SGB15368,s  GGB9758 SGB15368,Fecal,bmi,0.04794841662776911,0.5768147701285906,140,0.9188697366846488
g__GGB9758|s__GGB9758_SGB15368,s  GGB9758 SGB15368,Fecal,antibiotics_3m,2.0112223009147083,0.1050560491625052,140,0.45929308326027635
g__GGB9758|s__GGB9758_SGB15368,s  GGB9758 SGB15368,Fecal,smoking,-0.19149134455188124,0.8484507536378048,140,0.9339800634803255
g__GGB9759|s__GGB9759_SGB15370,s  GGB9759 SGB15370,Fecal,sex[T.1],-0.6648253800891538,0.18267445095742976,140,0.6523708226779141
g__GGB9759|s__GGB9759_SGB15370,s  GGB9759 SGB15370,Fecal,disease,-1.3865253539292834,0.014227457148378775,140,0.13655024302174473
g__GGB9759|s__GGB9759_SGB15370,s  GGB9759 SGB15370,Fecal,ppi_use,-0.1817821373775242,0.7926163411694459,140,0.9188697366846488
g__GGB9759|s__GGB9759_SGB15370,s  GGB9759 SGB15370,Fecal,age,0.022322565933549376,0.25192961996384133,140,0.6859038893318593
g__GGB9759|s__GGB9759_SGB15370,s  GGB9759 SGB15370,Fecal,bmi,-0.09268347425104977,0.12553817881580406,140,0.5123709391203166
g__GGB9759|s__GGB9759_SGB15370,s  GGB9759 SGB15370,Fecal,antibiotics_3m,0.509340941825041,0.5566964377769696,140,0.9188697366846488
g__GGB9759|s__GGB9759_SGB15370,s  GGB9759 SGB15370,Fecal,smoking,-0.4536244384321563,0.5189734492097966,140,0.9188697366846488
g__GGB9760|s__GGB9760_SGB15373,s  GGB9760 SGB15373,Fecal,sex[T.1],0.5344133947715454,0.3135809350857994,140,0.7606412295574652
g__GGB9760|s__GGB9760_SGB15373,s  GGB9760 SGB15373,Fecal,disease,-3.001190151108353,1.4259430194244906e-06,140,2.4330152768930372e-05
g__GGB9760|s__GGB9760_SGB15373,s  GGB9760 SGB15373,Fecal,ppi_use,0.6154271961177856,0.40361438438955477,140,0.8600527491459788
g__GGB9760|s__GGB9760_SGB15373,s  GGB9760 SGB15373,Fecal,age,-0.020532472443609624,0.32188716231890774,140,0.7719242614605124
g__GGB9760|s__GGB9760_SGB15373,s  GGB9760 SGB15373,Fecal,bmi,0.03475950215932237,0.5879302485136562,140,0.9188697366846488
g__GGB9760|s__GGB9760_SGB15373,s  GGB9760 SGB15373,Fecal,antibiotics_3m,0.49605624033152995,0.5907108656758326,140,0.9188697366846488
g__GGB9760|s__GGB9760_SGB15373,s  GGB9760 SGB15373,Fecal,smoking,0.2879525972801046,0.7003970114745258,140,0.9188697366846488
g__GGB9760|s__GGB9760_SGB15374,s  GGB9760 SGB15374,Fecal,sex[T.1],0.6340044201368492,0.31054538261838943,140,0.7593170121112528
g__GGB9760|s__GGB9760_SGB15374,s  GGB9760 SGB15374,Fecal,disease,-2.0952351206375814,0.0033120041837754574,140,0.04028512019572425
g__GGB9760|s__GGB9760_SGB15374,s  GGB9760 SGB15374,Fecal,ppi_use,-0.6205056905711908,0.4748943893095784,140,0.9188697366846488
g__GGB9760|s__GGB9760_SGB15374,s  GGB9760 SGB15374,Fecal,age,0.028006832382843107,0.25203788199407895,140,0.6859038893318593
g__GGB9760|s__GGB9760_SGB15374,s  GGB9760 SGB15374,Fecal,bmi,0.025185763227273904,0.7390315517645831,140,0.9188697366846488
g__GGB9760|s__GGB9760_SGB15374,s  GGB9760 SGB15374,Fecal,antibiotics_3m,-0.8667846566224124,0.4256825435666398,140,0.881873532498511
g__GGB9760|s__GGB9760_SGB15374,s  GGB9760 SGB15374,Fecal,smoking,-1.1341911837765557,0.19986354557111252,140,0.6724241697850074
g__GGB9762|s__GGB9762_SGB15377,s  GGB9762 SGB15377,Fecal,sex[T.1],-0.41265586596830134,0.4667971821469745,140,0.9188697366846488
g__GGB9762|s__GGB9762_SGB15377,s  GGB9762 SGB15377,Fecal,disease,-1.2185207907710751,0.05747635956517959,140,0.306332788398365
g__GGB9762|s__GGB9762_SGB15377,s  GGB9762 SGB15377,Fecal,ppi_use,0.32512673672955705,0.6798597971089868,140,0.9188697366846488
g__GGB9762|s__GGB9762_SGB15377,s  GGB9762 SGB15377,Fecal,age,0.05172259910000851,0.02077135091218118,140,0.1542740507782852
g__GGB9762|s__GGB9762_SGB15377,s  GGB9762 SGB15377,Fecal,bmi,-0.04274323854632603,0.5336699402203557,140,0.9188697366846488
g__GGB9762|s__GGB9762_SGB15377,s  GGB9762 SGB15377,Fecal,antibiotics_3m,2.5169869497259874,0.011726716865521458,140,0.11808419401059927
g__GGB9762|s__GGB9762_SGB15377,s  GGB9762 SGB15377,Fecal,smoking,-1.156447387617926,0.15027494640287023,140,0.5751176687100501
g__GGB9767|s__GGB9767_SGB15385,s  GGB9767 SGB15385,Fecal,sex[T.1],-0.5378202755016939,0.22539532925454614,140,0.6724241697850074
g__GGB9767|s__GGB9767_SGB15385,s  GGB9767 SGB15385,Fecal,disease,-2.477373120931697,1.875142557647587e-06,140,3.177396733889738e-05
g__GGB9767|s__GGB9767_SGB15385,s  GGB9767 SGB15385,Fecal,ppi_use,1.0147823169370358,0.10071959053430354,140,0.44547767076663203
g__GGB9767|s__GGB9767_SGB15385,s  GGB9767 SGB15385,Fecal,age,0.034929580395964756,0.045013689680284755,140,0.25424973688381525
g__GGB9767|s__GGB9767_SGB15385,s  GGB9767 SGB15385,Fecal,bmi,-0.031020999554484983,0.562931152558781,140,0.9188697366846488
g__GGB9767|s__GGB9767_SGB15385,s  GGB9767 SGB15385,Fecal,antibiotics_3m,0.8960854734830433,0.24605482181167657,140,0.6792138702724722
g__GGB9767|s__GGB9767_SGB15385,s  GGB9767 SGB15385,Fecal,smoking,0.19871569244453557,0.7506952164061483,140,0.9188697366846488
g__GGB9770|s__GGB9770_SGB15390,s  GGB9770 SGB15390,Fecal,sex[T.1],-0.8140315474772362,0.08231300235485042,140,0.3837628971268833
g__GGB9770|s__GGB9770_SGB15390,s  GGB9770 SGB15390,Fecal,disease,-0.640844428338551,0.22251677656797933,140,0.6724241697850074
g__GGB9770|s__GGB9770_SGB15390,s  GGB9770 SGB15390,Fecal,ppi_use,-0.07912015459274403,0.9027772444507793,140,0.9581527816913886
g__GGB9770|s__GGB9770_SGB15390,s  GGB9770 SGB15390,Fecal,age,0.008206610173413623,0.6523393605746445,140,0.9188697366846488
g__GGB9770|s__GGB9770_SGB15390,s  GGB9770 SGB15390,Fecal,bmi,0.009997983846014297,0.8593795426188663,140,0.9366187725877289
g__GGB9770|s__GGB9770_SGB15390,s  GGB9770 SGB15390,Fecal,antibiotics_3m,-1.6613318045154173,0.04219965599957347,140,0.24112687160686513
g__GGB9770|s__GGB9770_SGB15390,s  GGB9770 SGB15390,Fecal,smoking,-1.146177332293928,0.08348863724945978,140,0.38704072023004277
g__GGB9775|s__GGB9775_SGB15395,s  GGB9775 SGB15395,Fecal,sex[T.1],-0.7123980174445197,0.18010555204925363,140,0.6488553392742172
g__GGB9775|s__GGB9775_SGB15395,s  GGB9775 SGB15395,Fecal,disease,-1.4704483431807291,0.014650888509048695,140,0.13898545585611058
g__GGB9775|s__GGB9775_SGB15395,s  GGB9775 SGB15395,Fecal,ppi_use,-0.8628445571361839,0.242545981651764,140,0.6726134050997563
g__GGB9775|s__GGB9775_SGB15395,s  GGB9775 SGB15395,Fecal,age,-0.008056268223167648,0.6972638083684364,140,0.9188697366846488
g__GGB9775|s__GGB9775_SGB15395,s  GGB9775 SGB15395,Fecal,bmi,-0.07849054493217887,0.22250319114982908,140,0.6724241697850074
g__GGB9775|s__GGB9775_SGB15395,s  GGB9775 SGB15395,Fecal,antibiotics_3m,-0.6372881090468607,0.4900696484817997,140,0.9188697366846488
g__GGB9775|s__GGB9775_SGB15395,s  GGB9775 SGB15395,Fecal,smoking,-0.05668515042806602,0.9396459757875796,140,0.9740624924771146
g__GGB9787|s__GGB9787_SGB15410,s  GGB9787 SGB15410,Fecal,sex[T.1],-0.2609882925088871,0.4751060874987647,140,0.9188697366846488
g__GGB9787|s__GGB9787_SGB15410,s  GGB9787 SGB15410,Fecal,disease,-0.8085260502274525,0.0505665207080764,140,0.2767081099771575
g__GGB9787|s__GGB9787_SGB15410,s  GGB9787 SGB15410,Fecal,ppi_use,1.23188576879927,0.01637586338598263,140,0.1533355452856292
g__GGB9787|s__GGB9787_SGB15410,s  GGB9787 SGB15410,Fecal,age,0.004622541214455808,0.7460396723267915,140,0.9188697366846488
g__GGB9787|s__GGB9787_SGB15410,s  GGB9787 SGB15410,Fecal,bmi,-0.0027447003951710904,0.9505119588623696,140,0.9760200292451746
g__GGB9787|s__GGB9787_SGB15410,s  GGB9787 SGB15410,Fecal,antibiotics_3m,0.7301157933738699,0.2520501788842604,140,0.6859038893318593
g__GGB9787|s__GGB9787_SGB15410,s  GGB9787 SGB15410,Fecal,smoking,-0.1803900673424852,0.7267184184770428,140,0.9188697366846488
g__GGB9818|s__GGB9818_SGB15459,s  GGB9818 SGB15459,Fecal,sex[T.1],-0.0786681187821952,0.8942666973820091,140,0.9544264345616018
g__GGB9818|s__GGB9818_SGB15459,s  GGB9818 SGB15459,Fecal,disease,-0.9586656367695866,0.1513741121532541,140,0.5775251452803499
g__GGB9818|s__GGB9818_SGB15459,s  GGB9818 SGB15459,Fecal,ppi_use,0.7145000657552923,0.3859418560532506,140,0.8476746607167921
g__GGB9818|s__GGB9818_SGB15459,s  GGB9818 SGB15459,Fecal,age,-0.010271785611349792,0.6571766841665181,140,0.9188697366846488
g__GGB9818|s__GGB9818_SGB15459,s  GGB9818 SGB15459,Fecal,bmi,-0.015093941333102212,0.8332742380434621,140,0.9280846794527591
g__GGB9818|s__GGB9818_SGB15459,s  GGB9818 SGB15459,Fecal,antibiotics_3m,0.06594727610033277,0.9489932743372305,140,0.9760200292451746
g__GGB9818|s__GGB9818_SGB15459,s  GGB9818 SGB15459,Fecal,smoking,-0.44807454148936193,0.5924493530386576,140,0.9188697366846488
g__Gordonibacter|s__Gordonibacter_pamelaeae,s  Gordonibacter pamelaeae,Fecal,sex[T.1],-0.2521555064790364,0.5658053573024376,140,0.9188697366846488
g__Gordonibacter|s__Gordonibacter_pamelaeae,s  Gordonibacter pamelaeae,Fecal,disease,1.7137579296396184,0.0006815061032286155,140,0.009354527908562615
g__Gordonibacter|s__Gordonibacter_pamelaeae,s  Gordonibacter pamelaeae,Fecal,ppi_use,-0.3830057034931926,0.5304860162460825,140,0.9188697366846488
g__Gordonibacter|s__Gordonibacter_pamelaeae,s  Gordonibacter pamelaeae,Fecal,age,-0.0458623052855665,0.008330288217561304,140,0.09016527819624724
g__Gordonibacter|s__Gordonibacter_pamelaeae,s  Gordonibacter pamelaeae,Fecal,bmi,0.018059724712426155,0.7341134283374484,140,0.9188697366846488
g__Gordonibacter|s__Gordonibacter_pamelaeae,s  Gordonibacter pamelaeae,Fecal,antibiotics_3m,-0.5550613164073726,0.46815385818906363,140,0.9188697366846488
g__Gordonibacter|s__Gordonibacter_pamelaeae,s  Gordonibacter pamelaeae,Fecal,smoking,0.3203229584801807,0.6057495301635707,140,0.9188697366846488
g__Granulicatella|s__Granulicatella_SGB8239,s  Granulicatella SGB8239,Fecal,sex[T.1],-0.04476732793073701,0.7317759848892824,140,0.9188697366846488
g__Granulicatella|s__Granulicatella_SGB8239,s  Granulicatella SGB8239,Fecal,disease,0.7492398288194284,1.093664761251317e-06,140,1.879114907968172e-05
g__Granulicatella|s__Granulicatella_SGB8239,s  Granulicatella SGB8239,Fecal,ppi_use,-0.41270323973302603,0.024362365365069052,140,0.1542740507782852
g__Granulicatella|s__Granulicatella_SGB8239,s  Granulicatella SGB8239,Fecal,age,-0.00600706620111464,0.2404590232047669,140,0.6724241697850074
g__Granulicatella|s__Granulicatella_SGB8239,s  Granulicatella SGB8239,Fecal,bmi,-0.0038101555421357356,0.8096674724958343,140,0.9188697366846488
g__Granulicatella|s__Granulicatella_SGB8239,s  Granulicatella SGB8239,Fecal,antibiotics_3m,-0.06918286390994874,0.7610185220111207,140,0.9188697366846488
g__Granulicatella|s__Granulicatella_SGB8239,s  Granulicatella SGB8239,Fecal,smoking,0.05480085219928851,0.7665709861515893,140,0.9188697366846488
g__Granulicatella|s__Granulicatella_SGB8255,s  Granulicatella SGB8255,Fecal,sex[T.1],-0.04476732793073701,0.7317759848892824,140,0.9188697366846488
g__Granulicatella|s__Granulicatella_SGB8255,s  Granulicatella SGB8255,Fecal,disease,0.7492398288194284,1.093664761251317e-06,140,1.879114907968172e-05
g__Granulicatella|s__Granulicatella_SGB8255,s  Granulicatella SGB8255,Fecal,ppi_use,-0.41270323973302603,0.024362365365069052,140,0.1542740507782852
g__Granulicatella|s__Granulicatella_SGB8255,s  Granulicatella SGB8255,Fecal,age,-0.00600706620111464,0.2404590232047669,140,0.6724241697850074
g__Granulicatella|s__Granulicatella_SGB8255,s  Granulicatella SGB8255,Fecal,bmi,-0.0038101555421357356,0.8096674724958343,140,0.9188697366846488
g__Granulicatella|s__Granulicatella_SGB8255,s  Granulicatella SGB8255,Fecal,antibiotics_3m,-0.06918286390994874,0.7610185220111207,140,0.9188697366846488
g__Granulicatella|s__Granulicatella_SGB8255,s  Granulicatella SGB8255,Fecal,smoking,0.05480085219928851,0.7665709861515893,140,0.9188697366846488
g__Granulicatella|s__Granulicatella_adiacens,s  Granulicatella adiacens,Fecal,sex[T.1],-0.04476732793073701,0.7317759848892824,140,0.9188697366846488
g__Granulicatella|s__Granulicatella_adiacens,s  Granulicatella adiacens,Fecal,disease,0.7492398288194284,1.093664761251317e-06,140,1.879114907968172e-05
g__Granulicatella|s__Granulicatella_adiacens,s  Granulicatella adiacens,Fecal,ppi_use,-0.41270323973302603,0.024362365365069052,140,0.1542740507782852
g__Granulicatella|s__Granulicatella_adiacens,s  Granulicatella adiacens,Fecal,age,-0.00600706620111464,0.2404590232047669,140,0.6724241697850074
g__Granulicatella|s__Granulicatella_adiacens,s  Granulicatella adiacens,Fecal,bmi,-0.0038101555421357356,0.8096674724958343,140,0.9188697366846488
g__Granulicatella|s__Granulicatella_adiacens,s  Granulicatella adiacens,Fecal,antibiotics_3m,-0.06918286390994874,0.7610185220111207,140,0.9188697366846488
g__Granulicatella|s__Granulicatella_adiacens,s  Granulicatella adiacens,Fecal,smoking,0.05480085219928851,0.7665709861515893,140,0.9188697366846488
g__Haemophilus|s__Haemophilus_haemolyticus,s  Haemophilus haemolyticus,Fecal,sex[T.1],-0.04476732793073701,0.7317759848892824,140,0.9188697366846488
g__Haemophilus|s__Haemophilus_haemolyticus,s  Haemophilus haemolyticus,Fecal,disease,0.7492398288194284,1.093664761251317e-06,140,1.879114907968172e-05
g__Haemophilus|s__Haemophilus_haemolyticus,s  Haemophilus haemolyticus,Fecal,ppi_use,-0.41270323973302603,0.024362365365069052,140,0.1542740507782852
g__Haemophilus|s__Haemophilus_haemolyticus,s  Haemophilus haemolyticus,Fecal,age,-0.00600706620111464,0.2404590232047669,140,0.6724241697850074
g__Haemophilus|s__Haemophilus_haemolyticus,s  Haemophilus haemolyticus,Fecal,bmi,-0.0038101555421357356,0.8096674724958343,140,0.9188697366846488
g__Haemophilus|s__Haemophilus_haemolyticus,s  Haemophilus haemolyticus,Fecal,antibiotics_3m,-0.06918286390994874,0.7610185220111207,140,0.9188697366846488
g__Haemophilus|s__Haemophilus_haemolyticus,s  Haemophilus haemolyticus,Fecal,smoking,0.05480085219928851,0.7665709861515893,140,0.9188697366846488
g__Haemophilus|s__Haemophilus_parahaemolyticus,s  Haemophilus parahaemolyticus,Fecal,sex[T.1],-0.04476732793073701,0.7317759848892824,140,0.9188697366846488
g__Haemophilus|s__Haemophilus_parahaemolyticus,s  Haemophilus parahaemolyticus,Fecal,disease,0.7492398288194284,1.093664761251317e-06,140,1.879114907968172e-05
g__Haemophilus|s__Haemophilus_parahaemolyticus,s  Haemophilus parahaemolyticus,Fecal,ppi_use,-0.41270323973302603,0.024362365365069052,140,0.1542740507782852
g__Haemophilus|s__Haemophilus_parahaemolyticus,s  Haemophilus parahaemolyticus,Fecal,age,-0.00600706620111464,0.2404590232047669,140,0.6724241697850074
g__Haemophilus|s__Haemophilus_parahaemolyticus,s  Haemophilus parahaemolyticus,Fecal,bmi,-0.0038101555421357356,0.8096674724958343,140,0.9188697366846488
g__Haemophilus|s__Haemophilus_parahaemolyticus,s  Haemophilus parahaemolyticus,Fecal,antibiotics_3m,-0.06918286390994874,0.7610185220111207,140,0.9188697366846488
g__Haemophilus|s__Haemophilus_parahaemolyticus,s  Haemophilus parahaemolyticus,Fecal,smoking,0.05480085219928851,0.7665709861515893,140,0.9188697366846488
g__Haemophilus|s__Haemophilus_parainfluenzae,s  Haemophilus parainfluenzae,Fecal,sex[T.1],0.4289788768527917,0.35629829086310505,140,0.8149762631442745
g__Haemophilus|s__Haemophilus_parainfluenzae,s  Haemophilus parainfluenzae,Fecal,disease,1.5978556748953359,0.0026305998680650144,140,0.032643352908261314
g__Haemophilus|s__Haemophilus_parainfluenzae,s  Haemophilus parainfluenzae,Fecal,ppi_use,-1.1412148123409662,0.07883483903747962,140,0.37393281759669383
g__Haemophilus|s__Haemophilus_parainfluenzae,s  Haemophilus parainfluenzae,Fecal,age,-0.024233604458638022,0.18325363768399286,140,0.652542301144305
g__Haemophilus|s__Haemophilus_parainfluenzae,s  Haemophilus parainfluenzae,Fecal,bmi,-0.05446995691003952,0.3336617734191418,140,0.7830057089692756
g__Haemophilus|s__Haemophilus_parainfluenzae,s  Haemophilus parainfluenzae,Fecal,antibiotics_3m,2.076831261785779,0.011184487753771058,140,0.11357013975459736
g__Haemophilus|s__Haemophilus_parainfluenzae,s  Haemophilus parainfluenzae,Fecal,smoking,-0.47500886316920204,0.46963080462595774,140,0.9188697366846488
g__Haemophilus|s__Haemophilus_sputorum,s  Haemophilus sputorum,Fecal,sex[T.1],-0.04476732793073701,0.7317759848892824,140,0.9188697366846488
g__Haemophilus|s__Haemophilus_sputorum,s  Haemophilus sputorum,Fecal,disease,0.7492398288194284,1.093664761251317e-06,140,1.879114907968172e-05
g__Haemophilus|s__Haemophilus_sputorum,s  Haemophilus sputorum,Fecal,ppi_use,-0.41270323973302603,0.024362365365069052,140,0.1542740507782852
g__Haemophilus|s__Haemophilus_sputorum,s  Haemophilus sputorum,Fecal,age,-0.00600706620111464,0.2404590232047669,140,0.6724241697850074
g__Haemophilus|s__Haemophilus_sputorum,s  Haemophilus sputorum,Fecal,bmi,-0.0038101555421357356,0.8096674724958343,140,0.9188697366846488
g__Haemophilus|s__Haemophilus_sputorum,s  Haemophilus sputorum,Fecal,antibiotics_3m,-0.06918286390994874,0.7610185220111207,140,0.9188697366846488
g__Haemophilus|s__Haemophilus_sputorum,s  Haemophilus sputorum,Fecal,smoking,0.05480085219928851,0.7665709861515893,140,0.9188697366846488
g__Holdemanella|s__Holdemanella_porci,s  Holdemanella porci,Fecal,sex[T.1],-0.4915824356730066,0.3585312463596072,140,0.817109782949571
g__Holdemanella|s__Holdemanella_porci,s  Holdemanella porci,Fecal,disease,0.24359404307527327,0.6853911336456804,140,0.9188697366846488
g__Holdemanella|s__Holdemanella_porci,s  Holdemanella porci,Fecal,ppi_use,0.8003227531974679,0.282598926413678,140,0.7247093657836909
g__Holdemanella|s__Holdemanella_porci,s  Holdemanella porci,Fecal,age,-0.02313864585970799,0.26922285950071406,140,0.7105054412387265
g__Holdemanella|s__Holdemanella_porci,s  Holdemanella porci,Fecal,bmi,0.038793445742305366,0.549368714146248,140,0.9188697366846488
g__Holdemanella|s__Holdemanella_porci,s  Holdemanella porci,Fecal,antibiotics_3m,-0.8016068864512256,0.38989863620657883,140,0.8507823704791866
g__Holdemanella|s__Holdemanella_porci,s  Holdemanella porci,Fecal,smoking,0.13905146521381315,0.8539928579459031,140,0.936385083118997
g__Holdemania|s__Holdemania_filiformis,s  Holdemania filiformis,Fecal,sex[T.1],-0.6567962398470066,0.15295258752366706,140,0.5818645646222974
g__Holdemania|s__Holdemania_filiformis,s  Holdemania filiformis,Fecal,disease,0.4800935598513002,0.3518174711213983,140,0.8078649780796968
g__Holdemania|s__Holdemania_filiformis,s  Holdemania filiformis,Fecal,ppi_use,0.5162994637260155,0.417842166383688,140,0.8760200519460373
g__Holdemania|s__Holdemania_filiformis,s  Holdemania filiformis,Fecal,age,-0.04210954892399938,0.019854253443672597,140,0.1542740507782852
g__Holdemania|s__Holdemania_filiformis,s  Holdemania filiformis,Fecal,bmi,0.11774288764284015,0.03525406766857357,140,0.20973182629948006
g__Holdemania|s__Holdemania_filiformis,s  Holdemania filiformis,Fecal,antibiotics_3m,0.29484762691106814,0.7116031655205084,140,0.9188697366846488
g__Holdemania|s__Holdemania_filiformis,s  Holdemania filiformis,Fecal,smoking,1.3355143827451614,0.040604115281920664,140,0.23364007317957627
g__Hungatella|s__Hungatella_hathewayi,s  Hungatella hathewayi,Fecal,sex[T.1],-0.43195747146893215,0.27429960280145355,140,0.7169724724289057
g__Hungatella|s__Hungatella_hathewayi,s  Hungatella hathewayi,Fecal,disease,4.255525454916182,6.416728023117241e-17,140,1.576590075279906e-14
g__Hungatella|s__Hungatella_hathewayi,s  Hungatella hathewayi,Fecal,ppi_use,-1.2347997961206152,0.025647327538525208,140,0.16034474239734461
g__Hungatella|s__Hungatella_hathewayi,s  Hungatella hathewayi,Fecal,age,0.0011796089927539413,0.9389825438654728,140,0.9740624924771146
g__Hungatella|s__Hungatella_hathewayi,s  Hungatella hathewayi,Fecal,bmi,-0.07704791461621951,0.10838268192762296,140,0.4696582883530328
g__Hungatella|s__Hungatella_hathewayi,s  Hungatella hathewayi,Fecal,antibiotics_3m,-0.09956833527821128,0.88470755592212,140,0.9500800728004752
g__Hungatella|s__Hungatella_hathewayi,s  Hungatella hathewayi,Fecal,smoking,-0.28367839871712824,0.610869859424628,140,0.9188697366846488
g__Hydrogenoanaerobacterium|s__Hydrogenoanaerobacterium_saccharovorans,s  Hydrogenoanaerobacterium saccharovorans,Fecal,sex[T.1],0.3800931214627956,0.4400000107336708,140,0.896417932315613
g__Hydrogenoanaerobacterium|s__Hydrogenoanaerobacterium_saccharovorans,s  Hydrogenoanaerobacterium saccharovorans,Fecal,disease,-1.1891647480232013,0.03298702626024067,140,0.19768078907661302
g__Hydrogenoanaerobacterium|s__Hydrogenoanaerobacterium_saccharovorans,s  Hydrogenoanaerobacterium saccharovorans,Fecal,ppi_use,0.06773953542097652,0.9210658509204688,140,0.9670536333560088
g__Hydrogenoanaerobacterium|s__Hydrogenoanaerobacterium_saccharovorans,s  Hydrogenoanaerobacterium saccharovorans,Fecal,age,-0.028027122944088215,0.14636181720945138,140,0.5663165116277513
g__Hydrogenoanaerobacterium|s__Hydrogenoanaerobacterium_saccharovorans,s  Hydrogenoanaerobacterium saccharovorans,Fecal,bmi,-0.006333086641559521,0.9153189153478603,140,0.9639685276509613
g__Hydrogenoanaerobacterium|s__Hydrogenoanaerobacterium_saccharovorans,s  Hydrogenoanaerobacterium saccharovorans,Fecal,antibiotics_3m,-1.0687312350583946,0.21337012532724678,140,0.6724241697850074
g__Hydrogenoanaerobacterium|s__Hydrogenoanaerobacterium_saccharovorans,s  Hydrogenoanaerobacterium saccharovorans,Fecal,smoking,0.45581995388756863,0.512238173678294,140,0.9188697366846488
g__Intestinibacter|s__Intestinibacter_bartlettii,s  Intestinibacter bartlettii,Fecal,sex[T.1],-0.2848788868590869,0.4598308492367328,140,0.9185401598167906
g__Intestinibacter|s__Intestinibacter_bartlettii,s  Intestinibacter bartlettii,Fecal,disease,5.2240640808848,4.124165367151584e-23,140,1.8841959497262456e-20
g__Intestinibacter|s__Intestinibacter_bartlettii,s  Intestinibacter bartlettii,Fecal,ppi_use,-1.631725300184156,0.002733157997499196,140,0.033745573868620725
g__Intestinibacter|s__Intestinibacter_bartlettii,s  Intestinibacter bartlettii,Fecal,age,-0.0066098151734859684,0.6606410158801472,140,0.9188697366846488
g__Intestinibacter|s__Intestinibacter_bartlettii,s  Intestinibacter bartlettii,Fecal,bmi,0.013741367183162425,0.7683179810253006,140,0.9188697366846488
g__Intestinibacter|s__Intestinibacter_bartlettii,s  Intestinibacter bartlettii,Fecal,antibiotics_3m,0.7897258739039732,0.24017507476762973,140,0.6724241697850074
g__Intestinibacter|s__Intestinibacter_bartlettii,s  Intestinibacter bartlettii,Fecal,smoking,-0.3354627646066687,0.5379226399749927,140,0.9188697366846488
g__Isoptericola|s__Isoptericola_variabilis,s  Isoptericola variabilis,Fecal,sex[T.1],-0.04476732793073701,0.7317759848892824,140,0.9188697366846488
g__Isoptericola|s__Isoptericola_variabilis,s  Isoptericola variabilis,Fecal,disease,0.7492398288194284,1.093664761251317e-06,140,1.879114907968172e-05
g__Isoptericola|s__Isoptericola_variabilis,s  Isoptericola variabilis,Fecal,ppi_use,-0.41270323973302603,0.024362365365069052,140,0.1542740507782852
g__Isoptericola|s__Isoptericola_variabilis,s  Isoptericola variabilis,Fecal,age,-0.00600706620111464,0.2404590232047669,140,0.6724241697850074
g__Isoptericola|s__Isoptericola_variabilis,s  Isoptericola variabilis,Fecal,bmi,-0.0038101555421357356,0.8096674724958343,140,0.9188697366846488
g__Isoptericola|s__Isoptericola_variabilis,s  Isoptericola variabilis,Fecal,antibiotics_3m,-0.06918286390994874,0.7610185220111207,140,0.9188697366846488
g__Isoptericola|s__Isoptericola_variabilis,s  Isoptericola variabilis,Fecal,smoking,0.05480085219928851,0.7665709861515893,140,0.9188697366846488
g__Lachnoanaerobaculum|s__Lachnoanaerobaculum_orale,s  Lachnoanaerobaculum orale,Fecal,sex[T.1],-0.04476732793073701,0.7317759848892824,140,0.9188697366846488
g__Lachnoanaerobaculum|s__Lachnoanaerobaculum_orale,s  Lachnoanaerobaculum orale,Fecal,disease,0.7492398288194284,1.093664761251317e-06,140,1.879114907968172e-05
g__Lachnoanaerobaculum|s__Lachnoanaerobaculum_orale,s  Lachnoanaerobaculum orale,Fecal,ppi_use,-0.41270323973302603,0.024362365365069052,140,0.1542740507782852
g__Lachnoanaerobaculum|s__Lachnoanaerobaculum_orale,s  Lachnoanaerobaculum orale,Fecal,age,-0.00600706620111464,0.2404590232047669,140,0.6724241697850074
g__Lachnoanaerobaculum|s__Lachnoanaerobaculum_orale,s  Lachnoanaerobaculum orale,Fecal,bmi,-0.0038101555421357356,0.8096674724958343,140,0.9188697366846488
g__Lachnoanaerobaculum|s__Lachnoanaerobaculum_orale,s  Lachnoanaerobaculum orale,Fecal,antibiotics_3m,-0.06918286390994874,0.7610185220111207,140,0.9188697366846488
g__Lachnoanaerobaculum|s__Lachnoanaerobaculum_orale,s  Lachnoanaerobaculum orale,Fecal,smoking,0.05480085219928851,0.7665709861515893,140,0.9188697366846488
g__Lachnoanaerobaculum|s__Lachnoanaerobaculum_sp_ICM7,s  Lachnoanaerobaculum sp ICM7,Fecal,sex[T.1],-0.04476732793073701,0.7317759848892824,140,0.9188697366846488
g__Lachnoanaerobaculum|s__Lachnoanaerobaculum_sp_ICM7,s  Lachnoanaerobaculum sp ICM7,Fecal,disease,0.7492398288194284,1.093664761251317e-06,140,1.879114907968172e-05
g__Lachnoanaerobaculum|s__Lachnoanaerobaculum_sp_ICM7,s  Lachnoanaerobaculum sp ICM7,Fecal,ppi_use,-0.41270323973302603,0.024362365365069052,140,0.1542740507782852
g__Lachnoanaerobaculum|s__Lachnoanaerobaculum_sp_ICM7,s  Lachnoanaerobaculum sp ICM7,Fecal,age,-0.00600706620111464,0.2404590232047669,140,0.6724241697850074
g__Lachnoanaerobaculum|s__Lachnoanaerobaculum_sp_ICM7,s  Lachnoanaerobaculum sp ICM7,Fecal,bmi,-0.0038101555421357356,0.8096674724958343,140,0.9188697366846488
g__Lachnoanaerobaculum|s__Lachnoanaerobaculum_sp_ICM7,s  Lachnoanaerobaculum sp ICM7,Fecal,antibiotics_3m,-0.06918286390994874,0.7610185220111207,140,0.9188697366846488
g__Lachnoanaerobaculum|s__Lachnoanaerobaculum_sp_ICM7,s  Lachnoanaerobaculum sp ICM7,Fecal,smoking,0.05480085219928851,0.7665709861515893,140,0.9188697366846488
g__Lachnoclostridium|s__Clostridium_symbiosum,s  Clostridium symbiosum,Fecal,sex[T.1],0.416335085898535,0.3447985095979461,140,0.7984636551198432
g__Lachnoclostridium|s__Clostridium_symbiosum,s  Clostridium symbiosum,Fecal,disease,4.178481513318161,4.364396591523294e-14,140,6.3078367208074904e-12
g__Lachnoclostridium|s__Clostridium_symbiosum,s  Clostridium symbiosum,Fecal,ppi_use,-1.1017866874975024,0.07340929788495293,140,0.35505245059710505
g__Lachnoclostridium|s__Clostridium_symbiosum,s  Clostridium symbiosum,Fecal,age,-0.0033088849432898197,0.8474290717702151,140,0.933477072637153
g__Lachnoclostridium|s__Clostridium_symbiosum,s  Clostridium symbiosum,Fecal,bmi,-0.05834192698179928,0.27471948078351244,140,0.7173068695909566
g__Lachnoclostridium|s__Clostridium_symbiosum,s  Clostridium symbiosum,Fecal,antibiotics_3m,0.522257700217951,0.49589099204190257,140,0.9188697366846488
g__Lachnoclostridium|s__Clostridium_symbiosum,s  Clostridium symbiosum,Fecal,smoking,-0.1946679845797627,0.7542916168980963,140,0.9188697366846488
g__Lachnospira|s__Lachnospira_eligens,s  Lachnospira eligens,Fecal,sex[T.1],0.9535742978719052,0.06725540129789044,140,0.3421253022544862
g__Lachnospira|s__Lachnospira_eligens,s  Lachnospira eligens,Fecal,disease,-1.1302112822093169,0.053929500580161986,140,0.2905806643102149
g__Lachnospira|s__Lachnospira_eligens,s  Lachnospira eligens,Fecal,ppi_use,0.7483914420127397,0.2995231958415704,140,0.7482118682363349
g__Lachnospira|s__Lachnospira_eligens,s  Lachnospira eligens,Fecal,age,-0.05777555067402262,0.004925181852544965,140,0.05602394357269898
g__Lachnospira|s__Lachnospira_eligens,s  Lachnospira eligens,Fecal,bmi,0.02623616436403889,0.6758299178337779,140,0.9188697366846488
g__Lachnospira|s__Lachnospira_eligens,s  Lachnospira eligens,Fecal,antibiotics_3m,-1.0299277933508415,0.2546008342602975,140,0.6874222525028032
g__Lachnospira|s__Lachnospira_eligens,s  Lachnospira eligens,Fecal,smoking,-0.363097826772008,0.6199696619883808,140,0.9188697366846488
g__Lachnospira|s__Lachnospira_pectinoschiza,s  Lachnospira pectinoschiza,Fecal,sex[T.1],0.3067488618159106,0.6074804297669965,140,0.9188697366846488
g__Lachnospira|s__Lachnospira_pectinoschiza,s  Lachnospira pectinoschiza,Fecal,disease,-0.3631157289672784,0.5887165171204518,140,0.9188697366846488
g__Lachnospira|s__Lachnospira_pectinoschiza,s  Lachnospira pectinoschiza,Fecal,ppi_use,-0.32836954301335225,0.6924188861293659,140,0.9188697366846488
g__Lachnospira|s__Lachnospira_pectinoschiza,s  Lachnospira pectinoschiza,Fecal,age,0.00921498906789759,0.6929473632427139,140,0.9188697366846488
g__Lachnospira|s__Lachnospira_pectinoschiza,s  Lachnospira pectinoschiza,Fecal,bmi,-0.05642814965911165,0.43565383145056513,140,0.893490370512553
g__Lachnospira|s__Lachnospira_pectinoschiza,s  Lachnospira pectinoschiza,Fecal,antibiotics_3m,-0.03954976931381035,0.9696523376934149,140,0.9827290362068053
g__Lachnospira|s__Lachnospira_pectinoschiza,s  Lachnospira pectinoschiza,Fecal,smoking,0.14664874357614002,0.8620112868533024,140,0.9379812806902409
g__Lachnospira|s__Lachnospira_sp_NSJ_43,s  Lachnospira sp NSJ 43,Fecal,sex[T.1],0.459400883421369,0.31038063844075453,140,0.7593170121112528
g__Lachnospira|s__Lachnospira_sp_NSJ_43,s  Lachnospira sp NSJ 43,Fecal,disease,-0.11540699806629084,0.8203955892310144,140,0.9239775615600877
g__Lachnospira|s__Lachnospira_sp_NSJ_43,s  Lachnospira sp NSJ 43,Fecal,ppi_use,-0.4056504153259321,0.5189282318268325,140,0.9188697366846488
g__Lachnospira|s__Lachnospira_sp_NSJ_43,s  Lachnospira sp NSJ 43,Fecal,age,0.007751232833710359,0.6609703484018749,140,0.9188697366846488
g__Lachnospira|s__Lachnospira_sp_NSJ_43,s  Lachnospira sp NSJ 43,Fecal,bmi,0.0615960487909385,0.2617230563996497,140,0.7004940627167096
g__Lachnospira|s__Lachnospira_sp_NSJ_43,s  Lachnospira sp NSJ 43,Fecal,antibiotics_3m,0.3273210877010303,0.6776617749785854,140,0.9188697366846488
g__Lachnospira|s__Lachnospira_sp_NSJ_43,s  Lachnospira sp NSJ 43,Fecal,smoking,-0.6810400159325577,0.28745678662080804,140,0.7300821318177225
g__Lacrimispora|s__Lacrimispora_amygdalina,s  Lacrimispora amygdalina,Fecal,sex[T.1],0.3700281247187344,0.4457191676375134,140,0.8997161571601066
g__Lacrimispora|s__Lacrimispora_amygdalina,s  Lacrimispora amygdalina,Fecal,disease,-1.2508115209235384,0.023066578638503303,140,0.1542740507782852
g__Lacrimispora|s__Lacrimispora_amygdalina,s  Lacrimispora amygdalina,Fecal,ppi_use,-0.4844089710168625,0.47269547671242085,140,0.9188697366846488
g__Lacrimispora|s__Lacrimispora_amygdalina,s  Lacrimispora amygdalina,Fecal,age,-0.024149481761926942,0.20382477777998345,140,0.6724241697850074
g__Lacrimispora|s__Lacrimispora_amygdalina,s  Lacrimispora amygdalina,Fecal,bmi,0.054378751139979295,0.3551462904204621,140,0.8139873466073464
g__Lacrimispora|s__Lacrimispora_amygdalina,s  Lacrimispora amygdalina,Fecal,antibiotics_3m,-1.1470097783485331,0.17575114768008485,140,0.640683338056333
g__Lacrimispora|s__Lacrimispora_amygdalina,s  Lacrimispora amygdalina,Fecal,smoking,0.38072830499470245,0.57862889940352,140,0.9188697366846488
g__Lacrimispora|s__Lacrimispora_celerecrescens,s  Lacrimispora celerecrescens,Fecal,sex[T.1],0.3242709006675119,0.5696128324677947,140,0.9188697366846488
g__Lacrimispora|s__Lacrimispora_celerecrescens,s  Lacrimispora celerecrescens,Fecal,disease,2.3010429993338977,0.00045354970808765104,140,0.006367837901550621
g__Lacrimispora|s__Lacrimispora_celerecrescens,s  Lacrimispora celerecrescens,Fecal,ppi_use,1.2226920878801109,0.12451129986557366,140,0.5098737729495241
g__Lacrimispora|s__Lacrimispora_celerecrescens,s  Lacrimispora celerecrescens,Fecal,age,-0.04388415741729799,0.050512097153266315,140,0.2767081099771575
g__Lacrimispora|s__Lacrimispora_celerecrescens,s  Lacrimispora celerecrescens,Fecal,bmi,0.13974203973918758,0.04457549865600089,140,0.2523548391654244
g__Lacrimispora|s__Lacrimispora_celerecrescens,s  Lacrimispora celerecrescens,Fecal,antibiotics_3m,0.2844318696072039,0.7744983950160207,140,0.9188697366846488
g__Lacrimispora|s__Lacrimispora_celerecrescens,s  Lacrimispora celerecrescens,Fecal,smoking,-0.9745503284886965,0.22765903495943854,140,0.6724241697850074
g__Lancefieldella|s__Lancefieldella_parvula,s  Lancefieldella parvula,Fecal,sex[T.1],-0.04476732793073701,0.7317759848892824,140,0.9188697366846488
g__Lancefieldella|s__Lancefieldella_parvula,s  Lancefieldella parvula,Fecal,disease,0.7492398288194284,1.093664761251317e-06,140,1.879114907968172e-05
g__Lancefieldella|s__Lancefieldella_parvula,s  Lancefieldella parvula,Fecal,ppi_use,-0.41270323973302603,0.024362365365069052,140,0.1542740507782852
g__Lancefieldella|s__Lancefieldella_parvula,s  Lancefieldella parvula,Fecal,age,-0.00600706620111464,0.2404590232047669,140,0.6724241697850074
g__Lancefieldella|s__Lancefieldella_parvula,s  Lancefieldella parvula,Fecal,bmi,-0.0038101555421357356,0.8096674724958343,140,0.9188697366846488
g__Lancefieldella|s__Lancefieldella_parvula,s  Lancefieldella parvula,Fecal,antibiotics_3m,-0.06918286390994874,0.7610185220111207,140,0.9188697366846488
g__Lancefieldella|s__Lancefieldella_parvula,s  Lancefieldella parvula,Fecal,smoking,0.05480085219928851,0.7665709861515893,140,0.9188697366846488
g__Lancefieldella|s__Lancefieldella_rimae,s  Lancefieldella rimae,Fecal,sex[T.1],-0.04476732793073701,0.7317759848892824,140,0.9188697366846488
g__Lancefieldella|s__Lancefieldella_rimae,s  Lancefieldella rimae,Fecal,disease,0.7492398288194284,1.093664761251317e-06,140,1.879114907968172e-05
g__Lancefieldella|s__Lancefieldella_rimae,s  Lancefieldella rimae,Fecal,ppi_use,-0.41270323973302603,0.024362365365069052,140,0.1542740507782852
g__Lancefieldella|s__Lancefieldella_rimae,s  Lancefieldella rimae,Fecal,age,-0.00600706620111464,0.2404590232047669,140,0.6724241697850074
g__Lancefieldella|s__Lancefieldella_rimae,s  Lancefieldella rimae,Fecal,bmi,-0.0038101555421357356,0.8096674724958343,140,0.9188697366846488
g__Lancefieldella|s__Lancefieldella_rimae,s  Lancefieldella rimae,Fecal,antibiotics_3m,-0.06918286390994874,0.7610185220111207,140,0.9188697366846488
g__Lancefieldella|s__Lancefieldella_rimae,s  Lancefieldella rimae,Fecal,smoking,0.05480085219928851,0.7665709861515893,140,0.9188697366846488
g__Lautropia|s__Lautropia_mirabilis,s  Lautropia mirabilis,Fecal,sex[T.1],-0.04476732793073701,0.7317759848892824,140,0.9188697366846488
g__Lautropia|s__Lautropia_mirabilis,s  Lautropia mirabilis,Fecal,disease,0.7492398288194284,1.093664761251317e-06,140,1.879114907968172e-05
g__Lautropia|s__Lautropia_mirabilis,s  Lautropia mirabilis,Fecal,ppi_use,-0.41270323973302603,0.024362365365069052,140,0.1542740507782852
g__Lautropia|s__Lautropia_mirabilis,s  Lautropia mirabilis,Fecal,age,-0.00600706620111464,0.2404590232047669,140,0.6724241697850074
g__Lautropia|s__Lautropia_mirabilis,s  Lautropia mirabilis,Fecal,bmi,-0.0038101555421357356,0.8096674724958343,140,0.9188697366846488
g__Lautropia|s__Lautropia_mirabilis,s  Lautropia mirabilis,Fecal,antibiotics_3m,-0.06918286390994874,0.7610185220111207,140,0.9188697366846488
g__Lautropia|s__Lautropia_mirabilis,s  Lautropia mirabilis,Fecal,smoking,0.05480085219928851,0.7665709861515893,140,0.9188697366846488
g__Leptotrichia|s__Leptotrichia_sp_oral_taxon_215,s  Leptotrichia sp oral taxon 215,Fecal,sex[T.1],-0.04476732793073701,0.7317759848892824,140,0.9188697366846488
g__Leptotrichia|s__Leptotrichia_sp_oral_taxon_215,s  Leptotrichia sp oral taxon 215,Fecal,disease,0.7492398288194284,1.093664761251317e-06,140,1.879114907968172e-05
g__Leptotrichia|s__Leptotrichia_sp_oral_taxon_215,s  Leptotrichia sp oral taxon 215,Fecal,ppi_use,-0.41270323973302603,0.024362365365069052,140,0.1542740507782852
g__Leptotrichia|s__Leptotrichia_sp_oral_taxon_215,s  Leptotrichia sp oral taxon 215,Fecal,age,-0.00600706620111464,0.2404590232047669,140,0.6724241697850074
g__Leptotrichia|s__Leptotrichia_sp_oral_taxon_215,s  Leptotrichia sp oral taxon 215,Fecal,bmi,-0.0038101555421357356,0.8096674724958343,140,0.9188697366846488
g__Leptotrichia|s__Leptotrichia_sp_oral_taxon_215,s  Leptotrichia sp oral taxon 215,Fecal,antibiotics_3m,-0.06918286390994874,0.7610185220111207,140,0.9188697366846488
g__Leptotrichia|s__Leptotrichia_sp_oral_taxon_215,s  Leptotrichia sp oral taxon 215,Fecal,smoking,0.05480085219928851,0.7665709861515893,140,0.9188697366846488
g__Leptotrichia|s__Leptotrichia_sp_oral_taxon_221,s  Leptotrichia sp oral taxon 221,Fecal,sex[T.1],-0.04476732793073701,0.7317759848892824,140,0.9188697366846488
g__Leptotrichia|s__Leptotrichia_sp_oral_taxon_221,s  Leptotrichia sp oral taxon 221,Fecal,disease,0.7492398288194284,1.093664761251317e-06,140,1.879114907968172e-05
g__Leptotrichia|s__Leptotrichia_sp_oral_taxon_221,s  Leptotrichia sp oral taxon 221,Fecal,ppi_use,-0.41270323973302603,0.024362365365069052,140,0.1542740507782852
g__Leptotrichia|s__Leptotrichia_sp_oral_taxon_221,s  Leptotrichia sp oral taxon 221,Fecal,age,-0.00600706620111464,0.2404590232047669,140,0.6724241697850074
g__Leptotrichia|s__Leptotrichia_sp_oral_taxon_221,s  Leptotrichia sp oral taxon 221,Fecal,bmi,-0.0038101555421357356,0.8096674724958343,140,0.9188697366846488
g__Leptotrichia|s__Leptotrichia_sp_oral_taxon_221,s  Leptotrichia sp oral taxon 221,Fecal,antibiotics_3m,-0.06918286390994874,0.7610185220111207,140,0.9188697366846488
g__Leptotrichia|s__Leptotrichia_sp_oral_taxon_221,s  Leptotrichia sp oral taxon 221,Fecal,smoking,0.05480085219928851,0.7665709861515893,140,0.9188697366846488
g__Leptotrichia|s__Leptotrichia_wadei,s  Leptotrichia wadei,Fecal,sex[T.1],-0.04476732793073701,0.7317759848892824,140,0.9188697366846488
g__Leptotrichia|s__Leptotrichia_wadei,s  Leptotrichia wadei,Fecal,disease,0.7492398288194284,1.093664761251317e-06,140,1.879114907968172e-05
g__Leptotrichia|s__Leptotrichia_wadei,s  Leptotrichia wadei,Fecal,ppi_use,-0.41270323973302603,0.024362365365069052,140,0.1542740507782852
g__Leptotrichia|s__Leptotrichia_wadei,s  Leptotrichia wadei,Fecal,age,-0.00600706620111464,0.2404590232047669,140,0.6724241697850074
g__Leptotrichia|s__Leptotrichia_wadei,s  Leptotrichia wadei,Fecal,bmi,-0.0038101555421357356,0.8096674724958343,140,0.9188697366846488
g__Leptotrichia|s__Leptotrichia_wadei,s  Leptotrichia wadei,Fecal,antibiotics_3m,-0.06918286390994874,0.7610185220111207,140,0.9188697366846488
g__Leptotrichia|s__Leptotrichia_wadei,s  Leptotrichia wadei,Fecal,smoking,0.05480085219928851,0.7665709861515893,140,0.9188697366846488
g__Mediterraneibacter|s__Ruminococcus_gnavus,s  Ruminococcus gnavus,Fecal,sex[T.1],-0.3739292983690667,0.5075315661914868,140,0.9188697366846488
g__Mediterraneibacter|s__Ruminococcus_gnavus,s  Ruminococcus gnavus,Fecal,disease,6.602379238063442,5.90150978925651e-19,140,1.8125011940254055e-16
g__Mediterraneibacter|s__Ruminococcus_gnavus,s  Ruminococcus gnavus,Fecal,ppi_use,-1.3988074589626223,0.07609241771944257,140,0.36373359987679066
g__Mediterraneibacter|s__Ruminococcus_gnavus,s  Ruminococcus gnavus,Fecal,age,0.008833728174816617,0.6886229845393923,140,0.9188697366846488
g__Mediterraneibacter|s__Ruminococcus_gnavus,s  Ruminococcus gnavus,Fecal,bmi,-0.05948131305366022,0.3844671925656352,140,0.8461166085899727
g__Mediterraneibacter|s__Ruminococcus_gnavus,s  Ruminococcus gnavus,Fecal,antibiotics_3m,-0.5616059224233393,0.5676142996677467,140,0.9188697366846488
g__Mediterraneibacter|s__Ruminococcus_gnavus,s  Ruminococcus gnavus,Fecal,smoking,0.6361495188681137,0.425272284890471,140,0.881767091962774
g__Mediterraneibacter|s__Ruminococcus_lactaris,s  Ruminococcus lactaris,Fecal,sex[T.1],-0.2945222025002735,0.640903460477706,140,0.9188697366846488
g__Mediterraneibacter|s__Ruminococcus_lactaris,s  Ruminococcus lactaris,Fecal,disease,-0.25221116542532934,0.7223974466092201,140,0.9188697366846488
g__Mediterraneibacter|s__Ruminococcus_lactaris,s  Ruminococcus lactaris,Fecal,ppi_use,-0.05056711406079578,0.9540493537321901,140,0.9760282453632925
g__Mediterraneibacter|s__Ruminococcus_lactaris,s  Ruminococcus lactaris,Fecal,age,-0.009999865419023167,0.6853330673888411,140,0.9188697366846488
g__Mediterraneibacter|s__Ruminococcus_lactaris,s  Ruminococcus lactaris,Fecal,bmi,-0.12430370870722939,0.10572198942165646,140,0.4609395478024241
g__Mediterraneibacter|s__Ruminococcus_lactaris,s  Ruminococcus lactaris,Fecal,antibiotics_3m,-0.842985124884459,0.44369121334896955,140,0.8972132526868855
g__Mediterraneibacter|s__Ruminococcus_lactaris,s  Ruminococcus lactaris,Fecal,smoking,0.9204906569454224,0.30315367868504883,140,0.7485915462604673
g__Mediterraneibacter|s__Ruminococcus_torques,s  Ruminococcus torques,Fecal,sex[T.1],0.6325830252904021,0.20236469456957779,140,0.6724241697850074
g__Mediterraneibacter|s__Ruminococcus_torques,s  Ruminococcus torques,Fecal,disease,4.9589498066755935,3.1502004466781423e-15,140,5.52860178392014e-13
g__Mediterraneibacter|s__Ruminococcus_torques,s  Ruminococcus torques,Fecal,ppi_use,0.2709749202702697,0.6936751969855628,140,0.9188697366846488
g__Mediterraneibacter|s__Ruminococcus_torques,s  Ruminococcus torques,Fecal,age,0.0014561087634358916,0.9399719760857311,140,0.9740624924771146
g__Mediterraneibacter|s__Ruminococcus_torques,s  Ruminococcus torques,Fecal,bmi,-0.002797875191589627,0.9627590822995122,140,0.9803145732324497
g__Mediterraneibacter|s__Ruminococcus_torques,s  Ruminococcus torques,Fecal,antibiotics_3m,-1.457568535852466,0.09244145065991448,140,0.4181402578179352
g__Mediterraneibacter|s__Ruminococcus_torques,s  Ruminococcus torques,Fecal,smoking,0.1794079768060059,0.7975226273910484,140,0.9188697366846488
g__Megasphaera|s__Megasphaera_micronuciformis,s  Megasphaera micronuciformis,Fecal,sex[T.1],-0.04476732793073701,0.7317759848892824,140,0.9188697366846488
g__Megasphaera|s__Megasphaera_micronuciformis,s  Megasphaera micronuciformis,Fecal,disease,0.7492398288194284,1.093664761251317e-06,140,1.879114907968172e-05
g__Megasphaera|s__Megasphaera_micronuciformis,s  Megasphaera micronuciformis,Fecal,ppi_use,-0.41270323973302603,0.024362365365069052,140,0.1542740507782852
g__Megasphaera|s__Megasphaera_micronuciformis,s  Megasphaera micronuciformis,Fecal,age,-0.00600706620111464,0.2404590232047669,140,0.6724241697850074
g__Megasphaera|s__Megasphaera_micronuciformis,s  Megasphaera micronuciformis,Fecal,bmi,-0.0038101555421357356,0.8096674724958343,140,0.9188697366846488
g__Megasphaera|s__Megasphaera_micronuciformis,s  Megasphaera micronuciformis,Fecal,antibiotics_3m,-0.06918286390994874,0.7610185220111207,140,0.9188697366846488
g__Megasphaera|s__Megasphaera_micronuciformis,s  Megasphaera micronuciformis,Fecal,smoking,0.05480085219928851,0.7665709861515893,140,0.9188697366846488
g__Methylobacterium|s__Methylobacterium_SGB15164,s  Methylobacterium SGB15164,Fecal,sex[T.1],-0.8515347539712194,0.09069188313113587,140,0.4126480682466682
g__Methylobacterium|s__Methylobacterium_SGB15164,s  Methylobacterium SGB15164,Fecal,disease,-1.6369483661846702,0.004201115232602881,140,0.048460751767630414
g__Methylobacterium|s__Methylobacterium_SGB15164,s  Methylobacterium SGB15164,Fecal,ppi_use,1.1133344715332492,0.11141499882997642,140,0.4777428483861293
g__Methylobacterium|s__Methylobacterium_SGB15164,s  Methylobacterium SGB15164,Fecal,age,-0.019261281127278363,0.32584124482971843,140,0.7753283523554652
g__Methylobacterium|s__Methylobacterium_SGB15164,s  Methylobacterium SGB15164,Fecal,bmi,0.010993139010449252,0.8561554722245385,140,0.9366187725877289
g__Methylobacterium|s__Methylobacterium_SGB15164,s  Methylobacterium SGB15164,Fecal,antibiotics_3m,0.15987020452245287,0.8545279484693103,140,0.9364742057935306
g__Methylobacterium|s__Methylobacterium_SGB15164,s  Methylobacterium SGB15164,Fecal,smoking,-0.9485035923705947,0.18157844563753975,140,0.6503472899875148
g__Mogibacterium|s__Mogibacterium_diversum,s  Mogibacterium diversum,Fecal,sex[T.1],-0.04476732793073701,0.7317759848892824,140,0.9188697366846488
g__Mogibacterium|s__Mogibacterium_diversum,s  Mogibacterium diversum,Fecal,disease,0.7492398288194284,1.093664761251317e-06,140,1.879114907968172e-05
g__Mogibacterium|s__Mogibacterium_diversum,s  Mogibacterium diversum,Fecal,ppi_use,-0.41270323973302603,0.024362365365069052,140,0.1542740507782852
g__Mogibacterium|s__Mogibacterium_diversum,s  Mogibacterium diversum,Fecal,age,-0.00600706620111464,0.2404590232047669,140,0.6724241697850074
g__Mogibacterium|s__Mogibacterium_diversum,s  Mogibacterium diversum,Fecal,bmi,-0.0038101555421357356,0.8096674724958343,140,0.9188697366846488
g__Mogibacterium|s__Mogibacterium_diversum,s  Mogibacterium diversum,Fecal,antibiotics_3m,-0.06918286390994874,0.7610185220111207,140,0.9188697366846488
g__Mogibacterium|s__Mogibacterium_diversum,s  Mogibacterium diversum,Fecal,smoking,0.05480085219928851,0.7665709861515893,140,0.9188697366846488
g__Neisseria|s__Neisseria_sicca,s  Neisseria sicca,Fecal,sex[T.1],-0.04476732793073701,0.7317759848892824,140,0.9188697366846488
g__Neisseria|s__Neisseria_sicca,s  Neisseria sicca,Fecal,disease,0.7492398288194284,1.093664761251317e-06,140,1.879114907968172e-05
g__Neisseria|s__Neisseria_sicca,s  Neisseria sicca,Fecal,ppi_use,-0.41270323973302603,0.024362365365069052,140,0.1542740507782852
g__Neisseria|s__Neisseria_sicca,s  Neisseria sicca,Fecal,age,-0.00600706620111464,0.2404590232047669,140,0.6724241697850074
g__Neisseria|s__Neisseria_sicca,s  Neisseria sicca,Fecal,bmi,-0.0038101555421357356,0.8096674724958343,140,0.9188697366846488
g__Neisseria|s__Neisseria_sicca,s  Neisseria sicca,Fecal,antibiotics_3m,-0.06918286390994874,0.7610185220111207,140,0.9188697366846488
g__Neisseria|s__Neisseria_sicca,s  Neisseria sicca,Fecal,smoking,0.05480085219928851,0.7665709861515893,140,0.9188697366846488
g__Neisseria|s__Neisseria_sp_oral_taxon_014,s  Neisseria sp oral taxon 014,Fecal,sex[T.1],-0.04476732793073701,0.7317759848892824,140,0.9188697366846488
g__Neisseria|s__Neisseria_sp_oral_taxon_014,s  Neisseria sp oral taxon 014,Fecal,disease,0.7492398288194284,1.093664761251317e-06,140,1.879114907968172e-05
g__Neisseria|s__Neisseria_sp_oral_taxon_014,s  Neisseria sp oral taxon 014,Fecal,ppi_use,-0.41270323973302603,0.024362365365069052,140,0.1542740507782852
g__Neisseria|s__Neisseria_sp_oral_taxon_014,s  Neisseria sp oral taxon 014,Fecal,age,-0.00600706620111464,0.2404590232047669,140,0.6724241697850074
g__Neisseria|s__Neisseria_sp_oral_taxon_014,s  Neisseria sp oral taxon 014,Fecal,bmi,-0.0038101555421357356,0.8096674724958343,140,0.9188697366846488
g__Neisseria|s__Neisseria_sp_oral_taxon_014,s  Neisseria sp oral taxon 014,Fecal,antibiotics_3m,-0.06918286390994874,0.7610185220111207,140,0.9188697366846488
g__Neisseria|s__Neisseria_sp_oral_taxon_014,s  Neisseria sp oral taxon 014,Fecal,smoking,0.05480085219928851,0.7665709861515893,140,0.9188697366846488
g__Neisseria|s__Neisseria_subflava,s  Neisseria subflava,Fecal,sex[T.1],-0.04476732793073701,0.7317759848892824,140,0.9188697366846488
g__Neisseria|s__Neisseria_subflava,s  Neisseria subflava,Fecal,disease,0.7492398288194284,1.093664761251317e-06,140,1.879114907968172e-05
g__Neisseria|s__Neisseria_subflava,s  Neisseria subflava,Fecal,ppi_use,-0.41270323973302603,0.024362365365069052,140,0.1542740507782852
g__Neisseria|s__Neisseria_subflava,s  Neisseria subflava,Fecal,age,-0.00600706620111464,0.2404590232047669,140,0.6724241697850074
g__Neisseria|s__Neisseria_subflava,s  Neisseria subflava,Fecal,bmi,-0.0038101555421357356,0.8096674724958343,140,0.9188697366846488
g__Neisseria|s__Neisseria_subflava,s  Neisseria subflava,Fecal,antibiotics_3m,-0.06918286390994874,0.7610185220111207,140,0.9188697366846488
g__Neisseria|s__Neisseria_subflava,s  Neisseria subflava,Fecal,smoking,0.05480085219928851,0.7665709861515893,140,0.9188697366846488
g__Odoribacter|s__Odoribacter_splanchnicus,s  Odoribacter splanchnicus,Fecal,sex[T.1],0.8170621609746255,0.037828102477975745,140,0.22024561087295355
g__Odoribacter|s__Odoribacter_splanchnicus,s  Odoribacter splanchnicus,Fecal,disease,-1.6761744720810312,0.00019937744175178916,140,0.0030238911999021355
g__Odoribacter|s__Odoribacter_splanchnicus,s  Odoribacter splanchnicus,Fecal,ppi_use,-0.5879101147711595,0.2796059482638953,140,0.7216300576516709
g__Odoribacter|s__Odoribacter_splanchnicus,s  Odoribacter splanchnicus,Fecal,age,0.0005539049320215171,0.9710317829212272,140,0.9834398559923557
g__Odoribacter|s__Odoribacter_splanchnicus,s  Odoribacter splanchnicus,Fecal,bmi,0.060012519957069695,0.20561294501989705,140,0.6724241697850074
g__Odoribacter|s__Odoribacter_splanchnicus,s  Odoribacter splanchnicus,Fecal,antibiotics_3m,-0.1528063994476821,0.82212743548666,140,0.9239831950102512
g__Odoribacter|s__Odoribacter_splanchnicus,s  Odoribacter splanchnicus,Fecal,smoking,-0.0028846609570006457,0.9958271474109892,140,0.9966384118895317
g__Oribacterium|s__Oribacterium_SGB5287,s  Oribacterium SGB5287,Fecal,sex[T.1],-0.04476732793073701,0.7317759848892824,140,0.9188697366846488
g__Oribacterium|s__Oribacterium_SGB5287,s  Oribacterium SGB5287,Fecal,disease,0.7492398288194284,1.093664761251317e-06,140,1.879114907968172e-05
g__Oribacterium|s__Oribacterium_SGB5287,s  Oribacterium SGB5287,Fecal,ppi_use,-0.41270323973302603,0.024362365365069052,140,0.1542740507782852
g__Oribacterium|s__Oribacterium_SGB5287,s  Oribacterium SGB5287,Fecal,age,-0.00600706620111464,0.2404590232047669,140,0.6724241697850074
g__Oribacterium|s__Oribacterium_SGB5287,s  Oribacterium SGB5287,Fecal,bmi,-0.0038101555421357356,0.8096674724958343,140,0.9188697366846488
g__Oribacterium|s__Oribacterium_SGB5287,s  Oribacterium SGB5287,Fecal,antibiotics_3m,-0.06918286390994874,0.7610185220111207,140,0.9188697366846488
g__Oribacterium|s__Oribacterium_SGB5287,s  Oribacterium SGB5287,Fecal,smoking,0.05480085219928851,0.7665709861515893,140,0.9188697366846488
g__Oribacterium|s__Oribacterium_asaccharolyticum,s  Oribacterium asaccharolyticum,Fecal,sex[T.1],-0.04476732793073701,0.7317759848892824,140,0.9188697366846488
g__Oribacterium|s__Oribacterium_asaccharolyticum,s  Oribacterium asaccharolyticum,Fecal,disease,0.7492398288194284,1.093664761251317e-06,140,1.879114907968172e-05
g__Oribacterium|s__Oribacterium_asaccharolyticum,s  Oribacterium asaccharolyticum,Fecal,ppi_use,-0.41270323973302603,0.024362365365069052,140,0.1542740507782852
g__Oribacterium|s__Oribacterium_asaccharolyticum,s  Oribacterium asaccharolyticum,Fecal,age,-0.00600706620111464,0.2404590232047669,140,0.6724241697850074
g__Oribacterium|s__Oribacterium_asaccharolyticum,s  Oribacterium asaccharolyticum,Fecal,bmi,-0.0038101555421357356,0.8096674724958343,140,0.9188697366846488
g__Oribacterium|s__Oribacterium_asaccharolyticum,s  Oribacterium asaccharolyticum,Fecal,antibiotics_3m,-0.06918286390994874,0.7610185220111207,140,0.9188697366846488
g__Oribacterium|s__Oribacterium_asaccharolyticum,s  Oribacterium asaccharolyticum,Fecal,smoking,0.05480085219928851,0.7665709861515893,140,0.9188697366846488
g__Oribacterium|s__Oribacterium_sinus,s  Oribacterium sinus,Fecal,sex[T.1],-0.04476732793073701,0.7317759848892824,140,0.9188697366846488
g__Oribacterium|s__Oribacterium_sinus,s  Oribacterium sinus,Fecal,disease,0.7492398288194284,1.093664761251317e-06,140,1.879114907968172e-05
g__Oribacterium|s__Oribacterium_sinus,s  Oribacterium sinus,Fecal,ppi_use,-0.41270323973302603,0.024362365365069052,140,0.1542740507782852
g__Oribacterium|s__Oribacterium_sinus,s  Oribacterium sinus,Fecal,age,-0.00600706620111464,0.2404590232047669,140,0.6724241697850074
g__Oribacterium|s__Oribacterium_sinus,s  Oribacterium sinus,Fecal,bmi,-0.0038101555421357356,0.8096674724958343,140,0.9188697366846488
g__Oribacterium|s__Oribacterium_sinus,s  Oribacterium sinus,Fecal,antibiotics_3m,-0.06918286390994874,0.7610185220111207,140,0.9188697366846488
g__Oribacterium|s__Oribacterium_sinus,s  Oribacterium sinus,Fecal,smoking,0.05480085219928851,0.7665709861515893,140,0.9188697366846488
g__Oscillibacter|s__Oscillibacter_SGB15077,s  Oscillibacter SGB15077,Fecal,sex[T.1],-0.7472390513374363,0.11648498475397645,140,0.490677459569529
g__Oscillibacter|s__Oscillibacter_SGB15077,s  Oscillibacter SGB15077,Fecal,disease,0.0492484415196583,0.9263574088852814,140,0.9678042363553601
g__Oscillibacter|s__Oscillibacter_SGB15077,s  Oscillibacter SGB15077,Fecal,ppi_use,-0.2713536366098885,0.6805030433402339,140,0.9188697366846488
g__Oscillibacter|s__Oscillibacter_SGB15077,s  Oscillibacter SGB15077,Fecal,age,-0.014008168835578925,0.4499255976008817,140,0.9024221986166254
g__Oscillibacter|s__Oscillibacter_SGB15077,s  Oscillibacter SGB15077,Fecal,bmi,0.011049186446272818,0.8473533015487351,140,0.933477072637153
g__Oscillibacter|s__Oscillibacter_SGB15077,s  Oscillibacter SGB15077,Fecal,antibiotics_3m,-0.7067408167078763,0.39243240149187375,140,0.8517724474077154
g__Oscillibacter|s__Oscillibacter_SGB15077,s  Oscillibacter SGB15077,Fecal,smoking,-0.9651688661710418,0.1511432320865866,140,0.5775251452803499
g__Oscillibacter|s__Oscillibacter_sp_ER4,s  Oscillibacter sp ER4,Fecal,sex[T.1],0.5041289173625165,0.40172518570042615,140,0.8590878436072109
g__Oscillibacter|s__Oscillibacter_sp_ER4,s  Oscillibacter sp ER4,Fecal,disease,-4.862152553309963,3.784867002515594e-11,140,3.7197672900723258e-09
g__Oscillibacter|s__Oscillibacter_sp_ER4,s  Oscillibacter sp ER4,Fecal,ppi_use,2.196678799080502,0.009381306487282108,140,0.09978298718290969
g__Oscillibacter|s__Oscillibacter_sp_ER4,s  Oscillibacter sp ER4,Fecal,age,0.011105845984508634,0.6361944596207134,140,0.9188697366846488
g__Oscillibacter|s__Oscillibacter_sp_ER4,s  Oscillibacter sp ER4,Fecal,bmi,0.15769576735990126,0.03161261466282297,140,0.19207555743039115
g__Oscillibacter|s__Oscillibacter_sp_ER4,s  Oscillibacter sp ER4,Fecal,antibiotics_3m,-0.8531190155107733,0.41518602742586863,140,0.8748817061624007
g__Oscillibacter|s__Oscillibacter_sp_ER4,s  Oscillibacter sp ER4,Fecal,smoking,-0.5777314607860934,0.49639470384957407,140,0.9188697366846488
g__Oscillibacter|s__Oscillibacter_valericigenes,s  Oscillibacter valericigenes,Fecal,sex[T.1],-0.8758098173581104,0.10765337447105228,140,0.46732215737698846
g__Oscillibacter|s__Oscillibacter_valericigenes,s  Oscillibacter valericigenes,Fecal,disease,-1.0705886207690323,0.08058589016848389,140,0.3785841914798564
g__Oscillibacter|s__Oscillibacter_valericigenes,s  Oscillibacter valericigenes,Fecal,ppi_use,-0.38034957087387145,0.6137271485049782,140,0.9188697366846488
g__Oscillibacter|s__Oscillibacter_valericigenes,s  Oscillibacter valericigenes,Fecal,age,-0.025859906595782068,0.2232794785155388,140,0.6724241697850074
g__Oscillibacter|s__Oscillibacter_valericigenes,s  Oscillibacter valericigenes,Fecal,bmi,-0.023675372143969836,0.7183157167841919,140,0.9188697366846488
g__Oscillibacter|s__Oscillibacter_valericigenes,s  Oscillibacter valericigenes,Fecal,antibiotics_3m,-0.17924042560212827,0.8493373400141955,140,0.9345373239654627
g__Oscillibacter|s__Oscillibacter_valericigenes,s  Oscillibacter valericigenes,Fecal,smoking,-1.6324232134593786,0.03452332395275637,140,0.2058830265823359
g__Parabacteroides|s__Parabacteroides_distasonis,s  Parabacteroides distasonis,Fecal,sex[T.1],-0.06155116454479749,0.9113768898124054,140,0.9620210605867462
g__Parabacteroides|s__Parabacteroides_distasonis,s  Parabacteroides distasonis,Fecal,disease,-0.8715986676994839,0.16259318819656865,140,0.6099106311434644
g__Parabacteroides|s__Parabacteroides_distasonis,s  Parabacteroides distasonis,Fecal,ppi_use,0.15573328262810113,0.8394995237825386,140,0.9295404821693093
g__Parabacteroides|s__Parabacteroides_distasonis,s  Parabacteroides distasonis,Fecal,age,0.006462355341741961,0.7650050613227278,140,0.9188697366846488
g__Parabacteroides|s__Parabacteroides_distasonis,s  Parabacteroides distasonis,Fecal,bmi,0.058146731974939796,0.3860593998136306,140,0.8476746607167921
g__Parabacteroides|s__Parabacteroides_distasonis,s  Parabacteroides distasonis,Fecal,antibiotics_3m,-1.5323978340848883,0.1133211860760971,140,0.48254792753721065
g__Parabacteroides|s__Parabacteroides_distasonis,s  Parabacteroides distasonis,Fecal,smoking,-0.34575343001499315,0.6583637035107136,140,0.9188697366846488
g__Parabacteroides|s__Parabacteroides_goldsteinii,s  Parabacteroides goldsteinii,Fecal,sex[T.1],-0.10304001739957586,0.8301807856729434,140,0.92631888755605
g__Parabacteroides|s__Parabacteroides_goldsteinii,s  Parabacteroides goldsteinii,Fecal,disease,0.024474490077654888,0.963864856467928,140,0.9806277235369354
g__Parabacteroides|s__Parabacteroides_goldsteinii,s  Parabacteroides goldsteinii,Fecal,ppi_use,-0.08846334858049229,0.8946361351884426,140,0.9544264345616018
g__Parabacteroides|s__Parabacteroides_goldsteinii,s  Parabacteroides goldsteinii,Fecal,age,0.029758616261844353,0.11473158256501348,140,0.48659043416592435
g__Parabacteroides|s__Parabacteroides_goldsteinii,s  Parabacteroides goldsteinii,Fecal,bmi,0.004991555443187945,0.9316457562322363,140,0.9698506996357328
g__Parabacteroides|s__Parabacteroides_goldsteinii,s  Parabacteroides goldsteinii,Fecal,antibiotics_3m,-0.26156532765046564,0.7546206819796449,140,0.9188697366846488
g__Parabacteroides|s__Parabacteroides_goldsteinii,s  Parabacteroides goldsteinii,Fecal,smoking,0.3071615833835966,0.6511426898431473,140,0.9188697366846488
g__Parabacteroides|s__Parabacteroides_merdae,s  Parabacteroides merdae,Fecal,sex[T.1],-0.5667249242040255,0.4422690917508034,140,0.8972132526868855
g__Parabacteroides|s__Parabacteroides_merdae,s  Parabacteroides merdae,Fecal,disease,-1.0062699625722447,0.22581964041231434,140,0.6724241697850074
g__Parabacteroides|s__Parabacteroides_merdae,s  Parabacteroides merdae,Fecal,ppi_use,-0.08467310065522234,0.9341217258499418,140,0.9712750177591655
g__Parabacteroides|s__Parabacteroides_merdae,s  Parabacteroides merdae,Fecal,age,0.011587072956007017,0.6875126828758825,140,0.9188697366846488
g__Parabacteroides|s__Parabacteroides_merdae,s  Parabacteroides merdae,Fecal,bmi,0.01856589696370305,0.8352175349831819,140,0.929124562794728
g__Parabacteroides|s__Parabacteroides_merdae,s  Parabacteroides merdae,Fecal,antibiotics_3m,-0.7770986600440332,0.5450607661630616,140,0.9188697366846488
g__Parabacteroides|s__Parabacteroides_merdae,s  Parabacteroides merdae,Fecal,smoking,-0.8081431456856711,0.43824991516220857,140,0.8958236618581917
g__Paraprevotella|s__Paraprevotella_clara,s  Paraprevotella clara,Fecal,sex[T.1],0.10135883346310981,0.878483626720014,140,0.9487623168576151
g__Paraprevotella|s__Paraprevotella_clara,s  Paraprevotella clara,Fecal,disease,0.11468614003734717,0.8777380612499946,140,0.948373973830799
g__Paraprevotella|s__Paraprevotella_clara,s  Paraprevotella clara,Fecal,ppi_use,-0.3256742311883795,0.7238931565823564,140,0.9188697366846488
g__Paraprevotella|s__Paraprevotella_clara,s  Paraprevotella clara,Fecal,age,0.10424051591433052,9.354202726506749e-05,140,0.001463902936243763
g__Paraprevotella|s__Paraprevotella_clara,s  Paraprevotella clara,Fecal,bmi,-0.1693519057164204,0.036489840590283235,140,0.21448693380460745
g__Paraprevotella|s__Paraprevotella_clara,s  Paraprevotella clara,Fecal,antibiotics_3m,0.6220737992543405,0.5902455181736146,140,0.9188697366846488
g__Paraprevotella|s__Paraprevotella_clara,s  Paraprevotella clara,Fecal,smoking,0.3018565410382325,0.7473900053996734,140,0.9188697366846488
g__Parasutterella|s__Parasutterella_SGB9260,s  Parasutterella SGB9260,Fecal,sex[T.1],0.6349611793890336,0.3324955576069162,140,0.7820288279053162
g__Parasutterella|s__Parasutterella_SGB9260,s  Parasutterella SGB9260,Fecal,disease,1.474245703504994,0.04665763702154846,140,0.26054869652791246
g__Parasutterella|s__Parasutterella_SGB9260,s  Parasutterella SGB9260,Fecal,ppi_use,-0.1870057996741017,0.8370787792678129,140,0.929124562794728
g__Parasutterella|s__Parasutterella_SGB9260,s  Parasutterella SGB9260,Fecal,age,-0.02582434133076989,0.3133658301056336,140,0.7606412295574652
g__Parasutterella|s__Parasutterella_SGB9260,s  Parasutterella SGB9260,Fecal,bmi,0.11876964182865798,0.13549943857337063,140,0.5395820430709426
g__Parasutterella|s__Parasutterella_SGB9260,s  Parasutterella SGB9260,Fecal,antibiotics_3m,0.24320706348687163,0.8309513038954837,140,0.9267577638089892
g__Parasutterella|s__Parasutterella_SGB9260,s  Parasutterella SGB9260,Fecal,smoking,-0.430175618102312,0.6418382446933697,140,0.9188697366846488
g__Parasutterella|s__Parasutterella_excrementihominis,s  Parasutterella excrementihominis,Fecal,sex[T.1],0.049765834946213575,0.931956655205521,140,0.9698506996357328
g__Parasutterella|s__Parasutterella_excrementihominis,s  Parasutterella excrementihominis,Fecal,disease,-1.6690111255383806,0.011873231259887486,140,0.11906620682654465
g__Parasutterella|s__Parasutterella_excrementihominis,s  Parasutterella excrementihominis,Fecal,ppi_use,-0.6325253267124922,0.43559997264454087,140,0.893490370512553
g__Parasutterella|s__Parasutterella_excrementihominis,s  Parasutterella excrementihominis,Fecal,age,0.014973115033896983,0.5113831167234281,140,0.9188697366846488
g__Parasutterella|s__Parasutterella_excrementihominis,s  Parasutterella excrementihominis,Fecal,bmi,-0.029098835340907372,0.6803283501374979,140,0.9188697366846488
g__Parasutterella|s__Parasutterella_excrementihominis,s  Parasutterella excrementihominis,Fecal,antibiotics_3m,-0.37276027750424356,0.7135399020284433,140,0.9188697366846488
g__Parasutterella|s__Parasutterella_excrementihominis,s  Parasutterella excrementihominis,Fecal,smoking,-0.10069308804523548,0.9027240100890899,140,0.9581527816913886
g__Phascolarctobacterium|s__Phascolarctobacterium_faecium,s  Phascolarctobacterium faecium,Fecal,sex[T.1],-0.19877539445312223,0.7726398804990257,140,0.9188697366846488
g__Phascolarctobacterium|s__Phascolarctobacterium_faecium,s  Phascolarctobacterium faecium,Fecal,disease,0.6570499577084666,0.3963008532819844,140,0.8571401377762637
g__Phascolarctobacterium|s__Phascolarctobacterium_faecium,s  Phascolarctobacterium faecium,Fecal,ppi_use,0.23122133417934904,0.808984550418885,140,0.9188697366846488
g__Phascolarctobacterium|s__Phascolarctobacterium_faecium,s  Phascolarctobacterium faecium,Fecal,age,-0.02246856770631977,0.4039810740968903,140,0.8600527491459788
g__Phascolarctobacterium|s__Phascolarctobacterium_faecium,s  Phascolarctobacterium faecium,Fecal,bmi,0.07028563663375055,0.39958412138866073,140,0.8589485444023967
g__Phascolarctobacterium|s__Phascolarctobacterium_faecium,s  Phascolarctobacterium faecium,Fecal,antibiotics_3m,-1.3644563779736574,0.25592362675667873,140,0.690235291922239
g__Phascolarctobacterium|s__Phascolarctobacterium_faecium,s  Phascolarctobacterium faecium,Fecal,smoking,0.21025385364300928,0.8288126118110886,140,0.9252124430803474
g__Phocaeicola|s__Phocaeicola_dorei,s  Phocaeicola dorei,Fecal,sex[T.1],-0.5301008336892298,0.5134968319498937,140,0.9188697366846488
g__Phocaeicola|s__Phocaeicola_dorei,s  Phocaeicola dorei,Fecal,disease,0.5486527065299911,0.5475380695658643,140,0.9188697366846488
g__Phocaeicola|s__Phocaeicola_dorei,s  Phocaeicola dorei,Fecal,ppi_use,1.5686408927018793,0.16553329722191482,140,0.6162353201124919
g__Phocaeicola|s__Phocaeicola_dorei,s  Phocaeicola dorei,Fecal,age,-0.016753556396672198,0.5971863681930933,140,0.9188697366846488
g__Phocaeicola|s__Phocaeicola_dorei,s  Phocaeicola dorei,Fecal,bmi,0.06297033923985404,0.5216725754657237,140,0.9188697366846488
g__Phocaeicola|s__Phocaeicola_dorei,s  Phocaeicola dorei,Fecal,antibiotics_3m,-0.9247074726703985,0.5128466762511152,140,0.9188697366846488
g__Phocaeicola|s__Phocaeicola_dorei,s  Phocaeicola dorei,Fecal,smoking,0.5842307082214129,0.6103103635222671,140,0.9188697366846488
g__Phocaeicola|s__Phocaeicola_massiliensis,s  Phocaeicola massiliensis,Fecal,sex[T.1],0.6022692323611794,0.4058103522702241,140,0.862099186265819
g__Phocaeicola|s__Phocaeicola_massiliensis,s  Phocaeicola massiliensis,Fecal,disease,0.1848489381264843,0.820298245907145,140,0.9239775615600877
g__Phocaeicola|s__Phocaeicola_massiliensis,s  Phocaeicola massiliensis,Fecal,ppi_use,-1.2860574504541111,0.2025032523713568,140,0.6724241697850074
g__Phocaeicola|s__Phocaeicola_massiliensis,s  Phocaeicola massiliensis,Fecal,age,0.03501896755905881,0.21697574174779,140,0.6724241697850074
g__Phocaeicola|s__Phocaeicola_massiliensis,s  Phocaeicola massiliensis,Fecal,bmi,-0.08516908573235524,0.3320518895079869,140,0.7820288279053162
g__Phocaeicola|s__Phocaeicola_massiliensis,s  Phocaeicola massiliensis,Fecal,antibiotics_3m,-1.307689172766217,0.3004063073801404,140,0.7482118682363349
g__Phocaeicola|s__Phocaeicola_massiliensis,s  Phocaeicola massiliensis,Fecal,smoking,1.7458595863924222,0.0895582731779605,140,0.4082461543566771
g__Phocaeicola|s__Phocaeicola_vulgatus,s  Phocaeicola vulgatus,Fecal,sex[T.1],0.8569374483903653,0.19101919572030485,140,0.67047737697827
g__Phocaeicola|s__Phocaeicola_vulgatus,s  Phocaeicola vulgatus,Fecal,disease,-1.7699309724138332,0.017150595105229625,140,0.1542740507782852
g__Phocaeicola|s__Phocaeicola_vulgatus,s  Phocaeicola vulgatus,Fecal,ppi_use,1.0923513600988397,0.2303604848742595,140,0.6724241697850074
g__Phocaeicola|s__Phocaeicola_vulgatus,s  Phocaeicola vulgatus,Fecal,age,0.0050540109604413795,0.843109167726188,140,0.9322510532774547
g__Phocaeicola|s__Phocaeicola_vulgatus,s  Phocaeicola vulgatus,Fecal,bmi,-0.0863693319775496,0.2761424513224498,140,0.7190372787206112
g__Phocaeicola|s__Phocaeicola_vulgatus,s  Phocaeicola vulgatus,Fecal,antibiotics_3m,-0.36928477497990525,0.7455519977211236,140,0.9188697366846488
g__Phocaeicola|s__Phocaeicola_vulgatus,s  Phocaeicola vulgatus,Fecal,smoking,-1.1734611441264664,0.20515012842927186,140,0.6724241697850074
g__Porphyromonas|s__Porphyromonas_endodontalis,s  Porphyromonas endodontalis,Fecal,sex[T.1],-0.04476732793073701,0.7317759848892824,140,0.9188697366846488
g__Porphyromonas|s__Porphyromonas_endodontalis,s  Porphyromonas endodontalis,Fecal,disease,0.7492398288194284,1.093664761251317e-06,140,1.879114907968172e-05
g__Porphyromonas|s__Porphyromonas_endodontalis,s  Porphyromonas endodontalis,Fecal,ppi_use,-0.41270323973302603,0.024362365365069052,140,0.1542740507782852
g__Porphyromonas|s__Porphyromonas_endodontalis,s  Porphyromonas endodontalis,Fecal,age,-0.00600706620111464,0.2404590232047669,140,0.6724241697850074
g__Porphyromonas|s__Porphyromonas_endodontalis,s  Porphyromonas endodontalis,Fecal,bmi,-0.0038101555421357356,0.8096674724958343,140,0.9188697366846488
g__Porphyromonas|s__Porphyromonas_endodontalis,s  Porphyromonas endodontalis,Fecal,antibiotics_3m,-0.06918286390994874,0.7610185220111207,140,0.9188697366846488
g__Porphyromonas|s__Porphyromonas_endodontalis,s  Porphyromonas endodontalis,Fecal,smoking,0.05480085219928851,0.7665709861515893,140,0.9188697366846488
g__Porphyromonas|s__Porphyromonas_pasteri,s  Porphyromonas pasteri,Fecal,sex[T.1],-0.04476732793073701,0.7317759848892824,140,0.9188697366846488
g__Porphyromonas|s__Porphyromonas_pasteri,s  Porphyromonas pasteri,Fecal,disease,0.7492398288194284,1.093664761251317e-06,140,1.879114907968172e-05
g__Porphyromonas|s__Porphyromonas_pasteri,s  Porphyromonas pasteri,Fecal,ppi_use,-0.41270323973302603,0.024362365365069052,140,0.1542740507782852
g__Porphyromonas|s__Porphyromonas_pasteri,s  Porphyromonas pasteri,Fecal,age,-0.00600706620111464,0.2404590232047669,140,0.6724241697850074
g__Porphyromonas|s__Porphyromonas_pasteri,s  Porphyromonas pasteri,Fecal,bmi,-0.0038101555421357356,0.8096674724958343,140,0.9188697366846488
g__Porphyromonas|s__Porphyromonas_pasteri,s  Porphyromonas pasteri,Fecal,antibiotics_3m,-0.06918286390994874,0.7610185220111207,140,0.9188697366846488
g__Porphyromonas|s__Porphyromonas_pasteri,s  Porphyromonas pasteri,Fecal,smoking,0.05480085219928851,0.7665709861515893,140,0.9188697366846488
g__Prevotella|s__Prevotella_copri_clade_A,s  Prevotella copri clade A,Fecal,sex[T.1],-1.43224712929057,0.1242721180258882,140,0.5098737729495241
g__Prevotella|s__Prevotella_copri_clade_A,s  Prevotella copri clade A,Fecal,disease,1.292909625132491,0.21651221420246658,140,0.6724241697850074
g__Prevotella|s__Prevotella_copri_clade_A,s  Prevotella copri clade A,Fecal,ppi_use,-0.9811066320409196,0.4473261200732114,140,0.9001476470269291
g__Prevotella|s__Prevotella_copri_clade_A,s  Prevotella copri clade A,Fecal,age,0.002098674746345865,0.9538442062405803,140,0.9760282453632925
g__Prevotella|s__Prevotella_copri_clade_A,s  Prevotella copri clade A,Fecal,bmi,0.029977048709207487,0.7896671654211451,140,0.9188697366846488
g__Prevotella|s__Prevotella_copri_clade_A,s  Prevotella copri clade A,Fecal,antibiotics_3m,-1.060103778461905,0.5120690802234947,140,0.9188697366846488
g__Prevotella|s__Prevotella_copri_clade_A,s  Prevotella copri clade A,Fecal,smoking,0.308015165251239,0.8142918146955307,140,0.9216644691062884
g__Prevotella|s__Prevotella_histicola,s  Prevotella histicola,Fecal,sex[T.1],-0.04476732793073701,0.7317759848892824,140,0.9188697366846488
g__Prevotella|s__Prevotella_histicola,s  Prevotella histicola,Fecal,disease,0.7492398288194284,1.093664761251317e-06,140,1.879114907968172e-05
g__Prevotella|s__Prevotella_histicola,s  Prevotella histicola,Fecal,ppi_use,-0.41270323973302603,0.024362365365069052,140,0.1542740507782852
g__Prevotella|s__Prevotella_histicola,s  Prevotella histicola,Fecal,age,-0.00600706620111464,0.2404590232047669,140,0.6724241697850074
g__Prevotella|s__Prevotella_histicola,s  Prevotella histicola,Fecal,bmi,-0.0038101555421357356,0.8096674724958343,140,0.9188697366846488
g__Prevotella|s__Prevotella_histicola,s  Prevotella histicola,Fecal,antibiotics_3m,-0.06918286390994874,0.7610185220111207,140,0.9188697366846488
g__Prevotella|s__Prevotella_histicola,s  Prevotella histicola,Fecal,smoking,0.05480085219928851,0.7665709861515893,140,0.9188697366846488
g__Prevotella|s__Prevotella_jejuni,s  Prevotella jejuni,Fecal,sex[T.1],-0.04476732793073701,0.7317759848892824,140,0.9188697366846488
g__Prevotella|s__Prevotella_jejuni,s  Prevotella jejuni,Fecal,disease,0.7492398288194284,1.093664761251317e-06,140,1.879114907968172e-05
g__Prevotella|s__Prevotella_jejuni,s  Prevotella jejuni,Fecal,ppi_use,-0.41270323973302603,0.024362365365069052,140,0.1542740507782852
g__Prevotella|s__Prevotella_jejuni,s  Prevotella jejuni,Fecal,age,-0.00600706620111464,0.2404590232047669,140,0.6724241697850074
g__Prevotella|s__Prevotella_jejuni,s  Prevotella jejuni,Fecal,bmi,-0.0038101555421357356,0.8096674724958343,140,0.9188697366846488
g__Prevotella|s__Prevotella_jejuni,s  Prevotella jejuni,Fecal,antibiotics_3m,-0.06918286390994874,0.7610185220111207,140,0.9188697366846488
g__Prevotella|s__Prevotella_jejuni,s  Prevotella jejuni,Fecal,smoking,0.05480085219928851,0.7665709861515893,140,0.9188697366846488
g__Prevotella|s__Prevotella_melaninogenica,s  Prevotella melaninogenica,Fecal,sex[T.1],-0.04476732793073701,0.7317759848892824,140,0.9188697366846488
g__Prevotella|s__Prevotella_melaninogenica,s  Prevotella melaninogenica,Fecal,disease,0.7492398288194284,1.093664761251317e-06,140,1.879114907968172e-05
g__Prevotella|s__Prevotella_melaninogenica,s  Prevotella melaninogenica,Fecal,ppi_use,-0.41270323973302603,0.024362365365069052,140,0.1542740507782852
g__Prevotella|s__Prevotella_melaninogenica,s  Prevotella melaninogenica,Fecal,age,-0.00600706620111464,0.2404590232047669,140,0.6724241697850074
g__Prevotella|s__Prevotella_melaninogenica,s  Prevotella melaninogenica,Fecal,bmi,-0.0038101555421357356,0.8096674724958343,140,0.9188697366846488
g__Prevotella|s__Prevotella_melaninogenica,s  Prevotella melaninogenica,Fecal,antibiotics_3m,-0.06918286390994874,0.7610185220111207,140,0.9188697366846488
g__Prevotella|s__Prevotella_melaninogenica,s  Prevotella melaninogenica,Fecal,smoking,0.05480085219928851,0.7665709861515893,140,0.9188697366846488
g__Prevotella|s__Prevotella_nanceiensis,s  Prevotella nanceiensis,Fecal,sex[T.1],-0.04476732793073701,0.7317759848892824,140,0.9188697366846488
g__Prevotella|s__Prevotella_nanceiensis,s  Prevotella nanceiensis,Fecal,disease,0.7492398288194284,1.093664761251317e-06,140,1.879114907968172e-05
g__Prevotella|s__Prevotella_nanceiensis,s  Prevotella nanceiensis,Fecal,ppi_use,-0.41270323973302603,0.024362365365069052,140,0.1542740507782852
g__Prevotella|s__Prevotella_nanceiensis,s  Prevotella nanceiensis,Fecal,age,-0.00600706620111464,0.2404590232047669,140,0.6724241697850074
g__Prevotella|s__Prevotella_nanceiensis,s  Prevotella nanceiensis,Fecal,bmi,-0.0038101555421357356,0.8096674724958343,140,0.9188697366846488
g__Prevotella|s__Prevotella_nanceiensis,s  Prevotella nanceiensis,Fecal,antibiotics_3m,-0.06918286390994874,0.7610185220111207,140,0.9188697366846488
g__Prevotella|s__Prevotella_nanceiensis,s  Prevotella nanceiensis,Fecal,smoking,0.05480085219928851,0.7665709861515893,140,0.9188697366846488
g__Prevotella|s__Prevotella_nigrescens,s  Prevotella nigrescens,Fecal,sex[T.1],-0.04476732793073701,0.7317759848892824,140,0.9188697366846488
g__Prevotella|s__Prevotella_nigrescens,s  Prevotella nigrescens,Fecal,disease,0.7492398288194284,1.093664761251317e-06,140,1.879114907968172e-05
g__Prevotella|s__Prevotella_nigrescens,s  Prevotella nigrescens,Fecal,ppi_use,-0.41270323973302603,0.024362365365069052,140,0.1542740507782852
g__Prevotella|s__Prevotella_nigrescens,s  Prevotella nigrescens,Fecal,age,-0.00600706620111464,0.2404590232047669,140,0.6724241697850074
g__Prevotella|s__Prevotella_nigrescens,s  Prevotella nigrescens,Fecal,bmi,-0.0038101555421357356,0.8096674724958343,140,0.9188697366846488
g__Prevotella|s__Prevotella_nigrescens,s  Prevotella nigrescens,Fecal,antibiotics_3m,-0.06918286390994874,0.7610185220111207,140,0.9188697366846488
g__Prevotella|s__Prevotella_nigrescens,s  Prevotella nigrescens,Fecal,smoking,0.05480085219928851,0.7665709861515893,140,0.9188697366846488
g__Prevotella|s__Prevotella_oris,s  Prevotella oris,Fecal,sex[T.1],-0.04476732793073701,0.7317759848892824,140,0.9188697366846488
g__Prevotella|s__Prevotella_oris,s  Prevotella oris,Fecal,disease,0.7492398288194284,1.093664761251317e-06,140,1.879114907968172e-05
g__Prevotella|s__Prevotella_oris,s  Prevotella oris,Fecal,ppi_use,-0.41270323973302603,0.024362365365069052,140,0.1542740507782852
g__Prevotella|s__Prevotella_oris,s  Prevotella oris,Fecal,age,-0.00600706620111464,0.2404590232047669,140,0.6724241697850074
g__Prevotella|s__Prevotella_oris,s  Prevotella oris,Fecal,bmi,-0.0038101555421357356,0.8096674724958343,140,0.9188697366846488
g__Prevotella|s__Prevotella_oris,s  Prevotella oris,Fecal,antibiotics_3m,-0.06918286390994874,0.7610185220111207,140,0.9188697366846488
g__Prevotella|s__Prevotella_oris,s  Prevotella oris,Fecal,smoking,0.05480085219928851,0.7665709861515893,140,0.9188697366846488
g__Prevotella|s__Prevotella_oulorum,s  Prevotella oulorum,Fecal,sex[T.1],-0.04476732793073701,0.7317759848892824,140,0.9188697366846488
g__Prevotella|s__Prevotella_oulorum,s  Prevotella oulorum,Fecal,disease,0.7492398288194284,1.093664761251317e-06,140,1.879114907968172e-05
g__Prevotella|s__Prevotella_oulorum,s  Prevotella oulorum,Fecal,ppi_use,-0.41270323973302603,0.024362365365069052,140,0.1542740507782852
g__Prevotella|s__Prevotella_oulorum,s  Prevotella oulorum,Fecal,age,-0.00600706620111464,0.2404590232047669,140,0.6724241697850074
g__Prevotella|s__Prevotella_oulorum,s  Prevotella oulorum,Fecal,bmi,-0.0038101555421357356,0.8096674724958343,140,0.9188697366846488
g__Prevotella|s__Prevotella_oulorum,s  Prevotella oulorum,Fecal,antibiotics_3m,-0.06918286390994874,0.7610185220111207,140,0.9188697366846488
g__Prevotella|s__Prevotella_oulorum,s  Prevotella oulorum,Fecal,smoking,0.05480085219928851,0.7665709861515893,140,0.9188697366846488
g__Prevotella|s__Prevotella_pallens,s  Prevotella pallens,Fecal,sex[T.1],-0.04476732793073701,0.7317759848892824,140,0.9188697366846488
g__Prevotella|s__Prevotella_pallens,s  Prevotella pallens,Fecal,disease,0.7492398288194284,1.093664761251317e-06,140,1.879114907968172e-05
g__Prevotella|s__Prevotella_pallens,s  Prevotella pallens,Fecal,ppi_use,-0.41270323973302603,0.024362365365069052,140,0.1542740507782852
g__Prevotella|s__Prevotella_pallens,s  Prevotella pallens,Fecal,age,-0.00600706620111464,0.2404590232047669,140,0.6724241697850074
g__Prevotella|s__Prevotella_pallens,s  Prevotella pallens,Fecal,bmi,-0.0038101555421357356,0.8096674724958343,140,0.9188697366846488
g__Prevotella|s__Prevotella_pallens,s  Prevotella pallens,Fecal,antibiotics_3m,-0.06918286390994874,0.7610185220111207,140,0.9188697366846488
g__Prevotella|s__Prevotella_pallens,s  Prevotella pallens,Fecal,smoking,0.05480085219928851,0.7665709861515893,140,0.9188697366846488
g__Prevotella|s__Prevotella_salivae,s  Prevotella salivae,Fecal,sex[T.1],-0.04476732793073701,0.7317759848892824,140,0.9188697366846488
g__Prevotella|s__Prevotella_salivae,s  Prevotella salivae,Fecal,disease,0.7492398288194284,1.093664761251317e-06,140,1.879114907968172e-05
g__Prevotella|s__Prevotella_salivae,s  Prevotella salivae,Fecal,ppi_use,-0.41270323973302603,0.024362365365069052,140,0.1542740507782852
g__Prevotella|s__Prevotella_salivae,s  Prevotella salivae,Fecal,age,-0.00600706620111464,0.2404590232047669,140,0.6724241697850074
g__Prevotella|s__Prevotella_salivae,s  Prevotella salivae,Fecal,bmi,-0.0038101555421357356,0.8096674724958343,140,0.9188697366846488
g__Prevotella|s__Prevotella_salivae,s  Prevotella salivae,Fecal,antibiotics_3m,-0.06918286390994874,0.7610185220111207,140,0.9188697366846488
g__Prevotella|s__Prevotella_salivae,s  Prevotella salivae,Fecal,smoking,0.05480085219928851,0.7665709861515893,140,0.9188697366846488
g__Prevotella|s__Prevotella_sp_HJM029,s  Prevotella sp HJM029,Fecal,sex[T.1],-0.04476732793073701,0.7317759848892824,140,0.9188697366846488
g__Prevotella|s__Prevotella_sp_HJM029,s  Prevotella sp HJM029,Fecal,disease,0.7492398288194284,1.093664761251317e-06,140,1.879114907968172e-05
g__Prevotella|s__Prevotella_sp_HJM029,s  Prevotella sp HJM029,Fecal,ppi_use,-0.41270323973302603,0.024362365365069052,140,0.1542740507782852
g__Prevotella|s__Prevotella_sp_HJM029,s  Prevotella sp HJM029,Fecal,age,-0.00600706620111464,0.2404590232047669,140,0.6724241697850074
g__Prevotella|s__Prevotella_sp_HJM029,s  Prevotella sp HJM029,Fecal,bmi,-0.0038101555421357356,0.8096674724958343,140,0.9188697366846488
g__Prevotella|s__Prevotella_sp_HJM029,s  Prevotella sp HJM029,Fecal,antibiotics_3m,-0.06918286390994874,0.7610185220111207,140,0.9188697366846488
g__Prevotella|s__Prevotella_sp_HJM029,s  Prevotella sp HJM029,Fecal,smoking,0.05480085219928851,0.7665709861515893,140,0.9188697366846488
g__Prevotella|s__Prevotella_vespertina,s  Prevotella vespertina,Fecal,sex[T.1],-0.04476732793073701,0.7317759848892824,140,0.9188697366846488
g__Prevotella|s__Prevotella_vespertina,s  Prevotella vespertina,Fecal,disease,0.7492398288194284,1.093664761251317e-06,140,1.879114907968172e-05
g__Prevotella|s__Prevotella_vespertina,s  Prevotella vespertina,Fecal,ppi_use,-0.41270323973302603,0.024362365365069052,140,0.1542740507782852
g__Prevotella|s__Prevotella_vespertina,s  Prevotella vespertina,Fecal,age,-0.00600706620111464,0.2404590232047669,140,0.6724241697850074
g__Prevotella|s__Prevotella_vespertina,s  Prevotella vespertina,Fecal,bmi,-0.0038101555421357356,0.8096674724958343,140,0.9188697366846488
g__Prevotella|s__Prevotella_vespertina,s  Prevotella vespertina,Fecal,antibiotics_3m,-0.06918286390994874,0.7610185220111207,140,0.9188697366846488
g__Prevotella|s__Prevotella_vespertina,s  Prevotella vespertina,Fecal,smoking,0.05480085219928851,0.7665709861515893,140,0.9188697366846488
g__Pseudoflavonifractor|s__Pseudoflavonifractor_sp_An184,s  Pseudoflavonifractor sp An184,Fecal,sex[T.1],-0.8122081551395627,0.1068106936561746,140,0.46448473329773626
g__Pseudoflavonifractor|s__Pseudoflavonifractor_sp_An184,s  Pseudoflavonifractor sp An184,Fecal,disease,0.6413816356864322,0.2562449240297066,140,0.690344055198453
g__Pseudoflavonifractor|s__Pseudoflavonifractor_sp_An184,s  Pseudoflavonifractor sp An184,Fecal,ppi_use,-0.043735684565054035,0.9499510446873168,140,0.9760200292451746
g__Pseudoflavonifractor|s__Pseudoflavonifractor_sp_An184,s  Pseudoflavonifractor sp An184,Fecal,age,-0.032212654168908866,0.10182473919117332,140,0.449162269645804
g__Pseudoflavonifractor|s__Pseudoflavonifractor_sp_An184,s  Pseudoflavonifractor sp An184,Fecal,bmi,0.03263677479745363,0.5910462989247284,140,0.9188697366846488
g__Pseudoflavonifractor|s__Pseudoflavonifractor_sp_An184,s  Pseudoflavonifractor sp An184,Fecal,antibiotics_3m,-1.0189198889783995,0.24428564716317977,140,0.6759119764413656
g__Pseudoflavonifractor|s__Pseudoflavonifractor_sp_An184,s  Pseudoflavonifractor sp An184,Fecal,smoking,-0.8033174638342176,0.25793131313109335,140,0.6941262172651658
g__Rheinheimera|s__Rheinheimera_SGB14999,s  Rheinheimera SGB14999,Fecal,sex[T.1],-0.7250625479120102,0.21021899554395218,140,0.6724241697850074
g__Rheinheimera|s__Rheinheimera_SGB14999,s  Rheinheimera SGB14999,Fecal,disease,0.3135547232731598,0.6290471229769701,140,0.9188697366846488
g__Rheinheimera|s__Rheinheimera_SGB14999,s  Rheinheimera SGB14999,Fecal,ppi_use,-0.3543497438265492,0.658797359635815,140,0.9188697366846488
g__Rheinheimera|s__Rheinheimera_SGB14999,s  Rheinheimera SGB14999,Fecal,age,-0.022026536153328485,0.3295937429573774,140,0.7786652177368042
g__Rheinheimera|s__Rheinheimera_SGB14999,s  Rheinheimera SGB14999,Fecal,bmi,0.031018585954437676,0.657289330228946,140,0.9188697366846488
g__Rheinheimera|s__Rheinheimera_SGB14999,s  Rheinheimera SGB14999,Fecal,antibiotics_3m,-0.23413864885094693,0.8157791512699963,140,0.9227679042701029
g__Rheinheimera|s__Rheinheimera_SGB14999,s  Rheinheimera SGB14999,Fecal,smoking,1.9746178326938533,0.016620918441039488,140,0.1542740507782852
g__Romboutsia|s__Romboutsia_timonensis,s  Romboutsia timonensis,Fecal,sex[T.1],-0.24063296903127018,0.5328457949069596,140,0.9188697366846488
g__Romboutsia|s__Romboutsia_timonensis,s  Romboutsia timonensis,Fecal,disease,2.765101607847478,2.627374913679099e-09,140,2.1518200543031822e-07
g__Romboutsia|s__Romboutsia_timonensis,s  Romboutsia timonensis,Fecal,ppi_use,0.1756705960623315,0.7431806610038814,140,0.9188697366846488
g__Romboutsia|s__Romboutsia_timonensis,s  Romboutsia timonensis,Fecal,age,-0.018213822573322602,0.22811006866317793,140,0.6724241697850074
g__Romboutsia|s__Romboutsia_timonensis,s  Romboutsia timonensis,Fecal,bmi,0.009327453417254035,0.8417147893599413,140,0.9311540916062025
g__Romboutsia|s__Romboutsia_timonensis,s  Romboutsia timonensis,Fecal,antibiotics_3m,0.24020971947174732,0.7206228853292587,140,0.9188697366846488
g__Romboutsia|s__Romboutsia_timonensis,s  Romboutsia timonensis,Fecal,smoking,0.5260420744878934,0.33526095722557925,140,0.7852353900685105
g__Roseburia|s__Roseburia_faecis,s  Roseburia faecis,Fecal,sex[T.1],0.15199505467902402,0.8164117919300812,140,0.9227679042701029
g__Roseburia|s__Roseburia_faecis,s  Roseburia faecis,Fecal,disease,0.50620518138866,0.4920670802346838,140,0.9188697366846488
g__Roseburia|s__Roseburia_faecis,s  Roseburia faecis,Fecal,ppi_use,0.8312144155769275,0.36186617734552107,140,0.817109782949571
g__Roseburia|s__Roseburia_faecis,s  Roseburia faecis,Fecal,age,0.004948673328903236,0.846658946636354,140,0.933477072637153
g__Roseburia|s__Roseburia_faecis,s  Roseburia faecis,Fecal,bmi,0.08128939615778646,0.3062732773822014,140,0.754021485499067
g__Roseburia|s__Roseburia_faecis,s  Roseburia faecis,Fecal,antibiotics_3m,0.37440741926586874,0.7426750539656743,140,0.9188697366846488
g__Roseburia|s__Roseburia_faecis,s  Roseburia faecis,Fecal,smoking,-0.094827621155632,0.9183747739407985,140,0.965118400159342
g__Roseburia|s__Roseburia_hominis,s  Roseburia hominis,Fecal,sex[T.1],0.5619503662057507,0.25305551433657886,140,0.6860336064182696
g__Roseburia|s__Roseburia_hominis,s  Roseburia hominis,Fecal,disease,0.1635556974905044,0.7668439256547255,140,0.9188697366846488
g__Roseburia|s__Roseburia_hominis,s  Roseburia hominis,Fecal,ppi_use,0.7319968831464008,0.2841064221188096,140,0.7258441082332564
g__Roseburia|s__Roseburia_hominis,s  Roseburia hominis,Fecal,age,0.0016915454968200695,0.9296896680808211,140,0.9695447854306357
g__Roseburia|s__Roseburia_hominis,s  Roseburia hominis,Fecal,bmi,0.02522133985434295,0.6712843755986204,140,0.9188697366846488
g__Roseburia|s__Roseburia_hominis,s  Roseburia hominis,Fecal,antibiotics_3m,0.8661688998177535,0.31152311633987206,140,0.7593170121112528
g__Roseburia|s__Roseburia_hominis,s  Roseburia hominis,Fecal,smoking,0.055150951808266076,0.9365908109235962,140,0.9730247875007509
g__Roseburia|s__Roseburia_intestinalis,s  Roseburia intestinalis,Fecal,sex[T.1],0.567168814509331,0.3917559827033231,140,0.8517724474077154
g__Roseburia|s__Roseburia_intestinalis,s  Roseburia intestinalis,Fecal,disease,1.2314934438917997,0.09947055504239091,140,0.4419514534161926
g__Roseburia|s__Roseburia_intestinalis,s  Roseburia intestinalis,Fecal,ppi_use,-0.6145934113778675,0.504226997328063,140,0.9188697366846488
g__Roseburia|s__Roseburia_intestinalis,s  Roseburia intestinalis,Fecal,age,-0.01292887288217983,0.6171345845928607,140,0.9188697366846488
g__Roseburia|s__Roseburia_intestinalis,s  Roseburia intestinalis,Fecal,bmi,-0.01808201502121294,0.8214380745464315,140,0.9239831950102512
g__Roseburia|s__Roseburia_intestinalis,s  Roseburia intestinalis,Fecal,antibiotics_3m,0.05398342191134786,0.9626187537803078,140,0.9803145732324497
g__Roseburia|s__Roseburia_intestinalis,s  Roseburia intestinalis,Fecal,smoking,0.6820529303420375,0.4660515925620352,140,0.9188697366846488
g__Roseburia|s__Roseburia_inulinivorans,s  Roseburia inulinivorans,Fecal,sex[T.1],1.0130193974432347,0.06906660203461518,140,0.3435154680142702
g__Roseburia|s__Roseburia_inulinivorans,s  Roseburia inulinivorans,Fecal,disease,0.4110474416431703,0.5095245965547333,140,0.9188697366846488
g__Roseburia|s__Roseburia_inulinivorans,s  Roseburia inulinivorans,Fecal,ppi_use,-0.9036682559360236,0.2417091671850787,140,0.6726134050997563
g__Roseburia|s__Roseburia_inulinivorans,s  Roseburia inulinivorans,Fecal,age,0.002067797298102738,0.923890510814277,140,0.9672007989955175
g__Roseburia|s__Roseburia_inulinivorans,s  Roseburia inulinivorans,Fecal,bmi,-0.05230278147205995,0.4360626408423256,140,0.893582909549286
g__Roseburia|s__Roseburia_inulinivorans,s  Roseburia inulinivorans,Fecal,antibiotics_3m,0.8309310416328177,0.38958610300526875,140,0.8507823704791866
g__Roseburia|s__Roseburia_inulinivorans,s  Roseburia inulinivorans,Fecal,smoking,-0.31891524609316313,0.6837603317909773,140,0.9188697366846488
g__Roseburia|s__Roseburia_sp_AF02_12,s  Roseburia sp AF02 12,Fecal,sex[T.1],0.7045747693346062,0.22223784235945648,140,0.6724241697850074
g__Roseburia|s__Roseburia_sp_AF02_12,s  Roseburia sp AF02 12,Fecal,disease,0.6511036934511506,0.3153909000695801,140,0.763463489133949
g__Roseburia|s__Roseburia_sp_AF02_12,s  Roseburia sp AF02 12,Fecal,ppi_use,0.7981397528997727,0.31952782343162184,140,0.7695286015651783
g__Roseburia|s__Roseburia_sp_AF02_12,s  Roseburia sp AF02 12,Fecal,age,-0.0021583019106394563,0.9235796614984477,140,0.9672007989955175
g__Roseburia|s__Roseburia_sp_AF02_12,s  Roseburia sp AF02 12,Fecal,bmi,0.025849353757315143,0.7109118117420055,140,0.9188697366846488
g__Roseburia|s__Roseburia_sp_AF02_12,s  Roseburia sp AF02 12,Fecal,antibiotics_3m,0.30531564411992707,0.7607538844604802,140,0.9188697366846488
g__Roseburia|s__Roseburia_sp_AF02_12,s  Roseburia sp AF02 12,Fecal,smoking,0.22693302284840045,0.7803353007665297,140,0.9188697366846488
g__Roseburia|s__Roseburia_sp_AM16_25,s  Roseburia sp AM16 25,Fecal,sex[T.1],0.7020981205969276,0.12210724660319792,140,0.5042311006790879
g__Roseburia|s__Roseburia_sp_AM16_25,s  Roseburia sp AM16 25,Fecal,disease,-0.10420063782359458,0.8376112765935378,140,0.929124562794728
g__Roseburia|s__Roseburia_sp_AM16_25,s  Roseburia sp AM16 25,Fecal,ppi_use,-0.06518707424679854,0.9174016687153499,140,0.964921190082883
g__Roseburia|s__Roseburia_sp_AM16_25,s  Roseburia sp AM16 25,Fecal,age,-0.005458663514706961,0.7574371745546625,140,0.9188697366846488
g__Roseburia|s__Roseburia_sp_AM16_25,s  Roseburia sp AM16 25,Fecal,bmi,-0.005055704756278247,0.9264450809555583,140,0.9678042363553601
g__Roseburia|s__Roseburia_sp_AM16_25,s  Roseburia sp AM16 25,Fecal,antibiotics_3m,1.2150450924410934,0.12448627140730585,140,0.5098737729495241
g__Roseburia|s__Roseburia_sp_AM16_25,s  Roseburia sp AM16 25,Fecal,smoking,-0.298870811497108,0.6401299815372579,140,0.9188697366846488
g__Rothia|s__Rothia_aeria,s  Rothia aeria,Fecal,sex[T.1],-0.04476732793073701,0.7317759848892824,140,0.9188697366846488
g__Rothia|s__Rothia_aeria,s  Rothia aeria,Fecal,disease,0.7492398288194284,1.093664761251317e-06,140,1.879114907968172e-05
g__Rothia|s__Rothia_aeria,s  Rothia aeria,Fecal,ppi_use,-0.41270323973302603,0.024362365365069052,140,0.1542740507782852
g__Rothia|s__Rothia_aeria,s  Rothia aeria,Fecal,age,-0.00600706620111464,0.2404590232047669,140,0.6724241697850074
g__Rothia|s__Rothia_aeria,s  Rothia aeria,Fecal,bmi,-0.0038101555421357356,0.8096674724958343,140,0.9188697366846488
g__Rothia|s__Rothia_aeria,s  Rothia aeria,Fecal,antibiotics_3m,-0.06918286390994874,0.7610185220111207,140,0.9188697366846488
g__Rothia|s__Rothia_aeria,s  Rothia aeria,Fecal,smoking,0.05480085219928851,0.7665709861515893,140,0.9188697366846488
g__Rothia|s__Rothia_mucilaginosa,s  Rothia mucilaginosa,Fecal,sex[T.1],-0.04476732793073701,0.7317759848892824,140,0.9188697366846488
g__Rothia|s__Rothia_mucilaginosa,s  Rothia mucilaginosa,Fecal,disease,0.7492398288194284,1.093664761251317e-06,140,1.879114907968172e-05
g__Rothia|s__Rothia_mucilaginosa,s  Rothia mucilaginosa,Fecal,ppi_use,-0.41270323973302603,0.024362365365069052,140,0.1542740507782852
g__Rothia|s__Rothia_mucilaginosa,s  Rothia mucilaginosa,Fecal,age,-0.00600706620111464,0.2404590232047669,140,0.6724241697850074
g__Rothia|s__Rothia_mucilaginosa,s  Rothia mucilaginosa,Fecal,bmi,-0.0038101555421357356,0.8096674724958343,140,0.9188697366846488
g__Rothia|s__Rothia_mucilaginosa,s  Rothia mucilaginosa,Fecal,antibiotics_3m,-0.06918286390994874,0.7610185220111207,140,0.9188697366846488
g__Rothia|s__Rothia_mucilaginosa,s  Rothia mucilaginosa,Fecal,smoking,0.05480085219928851,0.7665709861515893,140,0.9188697366846488
g__Ruminococcus|s__Ruminococcus_bicirculans,s  Ruminococcus bicirculans,Fecal,sex[T.1],0.17720189172399506,0.7716584970373233,140,0.9188697366846488
g__Ruminococcus|s__Ruminococcus_bicirculans,s  Ruminococcus bicirculans,Fecal,disease,-1.257142048671485,0.06881559233141049,140,0.3435154680142702
g__Ruminococcus|s__Ruminococcus_bicirculans,s  Ruminococcus bicirculans,Fecal,ppi_use,0.5680319673743283,0.5037328867327235,140,0.9188697366846488
g__Ruminococcus|s__Ruminococcus_bicirculans,s  Ruminococcus bicirculans,Fecal,age,-0.049876840438494593,0.038169886903442724,140,0.2217101941412737
g__Ruminococcus|s__Ruminococcus_bicirculans,s  Ruminococcus bicirculans,Fecal,bmi,0.22971266731261333,0.002277999120627565,140,0.028850741440113025
g__Ruminococcus|s__Ruminococcus_bicirculans,s  Ruminococcus bicirculans,Fecal,antibiotics_3m,-2.4829288583053386,0.02081099645373141,140,0.1542740507782852
g__Ruminococcus|s__Ruminococcus_bicirculans,s  Ruminococcus bicirculans,Fecal,smoking,-0.530257742699326,0.5391910604326018,140,0.9188697366846488
g__Ruminococcus|s__Ruminococcus_bromii,s  Ruminococcus bromii,Fecal,sex[T.1],-0.3970005150830245,0.6161847631784091,140,0.9188697366846488
g__Ruminococcus|s__Ruminococcus_bromii,s  Ruminococcus bromii,Fecal,disease,-2.3940596203679534,0.007967287683040147,140,0.08661781343906921
g__Ruminococcus|s__Ruminococcus_bromii,s  Ruminococcus bromii,Fecal,ppi_use,1.115352998288208,0.3118237139683574,140,0.7593170121112528
g__Ruminococcus|s__Ruminococcus_bromii,s  Ruminococcus bromii,Fecal,age,-0.03707196909850377,0.23215612517456954,140,0.6724241697850074
g__Ruminococcus|s__Ruminococcus_bromii,s  Ruminococcus bromii,Fecal,bmi,0.040796638655846935,0.6706229030812352,140,0.9188697366846488
g__Ruminococcus|s__Ruminococcus_bromii,s  Ruminococcus bromii,Fecal,antibiotics_3m,-1.2642716629046642,0.3599302749264214,140,0.817109782949571
g__Ruminococcus|s__Ruminococcus_bromii,s  Ruminococcus bromii,Fecal,smoking,0.15947018870671947,0.8866741727205579,140,0.9501985757406197
g__Ruminococcus|s__Ruminococcus_callidus,s  Ruminococcus callidus,Fecal,sex[T.1],0.3560169060322886,0.5430277585415368,140,0.9188697366846488
g__Ruminococcus|s__Ruminococcus_callidus,s  Ruminococcus callidus,Fecal,disease,-0.07102807642616234,0.9140084604598606,140,0.9632840547363791
g__Ruminococcus|s__Ruminococcus_callidus,s  Ruminococcus callidus,Fecal,ppi_use,0.7392733286168798,0.36407455581202275,140,0.8176701861335831
g__Ruminococcus|s__Ruminococcus_callidus,s  Ruminococcus callidus,Fecal,age,0.01769829127912084,0.439393746981495,140,0.8959256733058367
g__Ruminococcus|s__Ruminococcus_callidus,s  Ruminococcus callidus,Fecal,bmi,0.04381637103420214,0.5366007480895901,140,0.9188697366846488
g__Ruminococcus|s__Ruminococcus_callidus,s  Ruminococcus callidus,Fecal,antibiotics_3m,1.3680927045370181,0.1807804947179862,140,0.6493825665527663
g__Ruminococcus|s__Ruminococcus_callidus,s  Ruminococcus callidus,Fecal,smoking,-0.06116487342113492,0.9410257293499296,140,0.9741451783427046
g__Ruminococcus|s__Ruminococcus_sp_BSD2780120874_150323_B10,s  Ruminococcus sp BSD2780120874 150323 B10,Fecal,sex[T.1],-0.16032932168305794,0.8092986167219238,140,0.9188697366846488
g__Ruminococcus|s__Ruminococcus_sp_BSD2780120874_150323_B10,s  Ruminococcus sp BSD2780120874 150323 B10,Fecal,disease,0.8109855795075903,0.2787063484101105,140,0.7216300576516709
g__Ruminococcus|s__Ruminococcus_sp_BSD2780120874_150323_B10,s  Ruminococcus sp BSD2780120874 150323 B10,Fecal,ppi_use,0.25178289286275657,0.7851799785634219,140,0.9188697366846488
g__Ruminococcus|s__Ruminococcus_sp_BSD2780120874_150323_B10,s  Ruminococcus sp BSD2780120874 150323 B10,Fecal,age,0.03427123645254232,0.1883307245004364,140,0.6642312280583632
g__Ruminococcus|s__Ruminococcus_sp_BSD2780120874_150323_B10,s  Ruminococcus sp BSD2780120874 150323 B10,Fecal,bmi,0.05727998049752886,0.4769890248610904,140,0.9188697366846488
g__Ruminococcus|s__Ruminococcus_sp_BSD2780120874_150323_B10,s  Ruminococcus sp BSD2780120874 150323 B10,Fecal,antibiotics_3m,0.5620794738697875,0.627252388878621,140,0.9188697366846488
g__Ruminococcus|s__Ruminococcus_sp_BSD2780120874_150323_B10,s  Ruminococcus sp BSD2780120874 150323 B10,Fecal,smoking,-0.20433107645341742,0.8277426223443829,140,0.9248998080310967
g__Ruthenibacterium|s__Ruthenibacterium_lactatiformans,s  Ruthenibacterium lactatiformans,Fecal,sex[T.1],0.07196125753658926,0.8580798451346923,140,0.9366187725877289
g__Ruthenibacterium|s__Ruthenibacterium_lactatiformans,s  Ruthenibacterium lactatiformans,Fecal,disease,1.285019098257134,0.005148014906009349,140,0.05828881393578328
g__Ruthenibacterium|s__Ruthenibacterium_lactatiformans,s  Ruthenibacterium lactatiformans,Fecal,ppi_use,-0.8717664060457031,0.12088938506567434,140,0.5000424564080166
g__Ruthenibacterium|s__Ruthenibacterium_lactatiformans,s  Ruthenibacterium lactatiformans,Fecal,age,0.013506191012290572,0.39118331620768454,140,0.8517724474077154
g__Ruthenibacterium|s__Ruthenibacterium_lactatiformans,s  Ruthenibacterium lactatiformans,Fecal,bmi,0.03374722485354888,0.4891292371768202,140,0.9188697366846488
g__Ruthenibacterium|s__Ruthenibacterium_lactatiformans,s  Ruthenibacterium lactatiformans,Fecal,antibiotics_3m,-0.20149402889048956,0.7737686288725394,140,0.9188697366846488
g__Ruthenibacterium|s__Ruthenibacterium_lactatiformans,s  Ruthenibacterium lactatiformans,Fecal,smoking,0.21055387778484527,0.7113187333819062,140,0.9188697366846488
g__Sanguibacter|s__Sanguibacter_SGB15121,s  Sanguibacter SGB15121,Fecal,sex[T.1],0.07408559752857738,0.8963394426512733,140,0.9546638798729973
g__Sanguibacter|s__Sanguibacter_SGB15121,s  Sanguibacter SGB15121,Fecal,disease,0.5239785393520641,0.41312422931464987,140,0.872032844867779
g__Sanguibacter|s__Sanguibacter_SGB15121,s  Sanguibacter SGB15121,Fecal,ppi_use,-0.3733079896601101,0.6369304485893914,140,0.9188697366846488
g__Sanguibacter|s__Sanguibacter_SGB15121,s  Sanguibacter SGB15121,Fecal,age,-0.032664200813683486,0.14329031337393464,140,0.5606119426110787
g__Sanguibacter|s__Sanguibacter_SGB15121,s  Sanguibacter SGB15121,Fecal,bmi,0.02972373307795374,0.6661916359779889,140,0.9188697366846488
g__Sanguibacter|s__Sanguibacter_SGB15121,s  Sanguibacter SGB15121,Fecal,antibiotics_3m,0.9997423086090463,0.3136820115750956,140,0.7606412295574652
g__Sanguibacter|s__Sanguibacter_SGB15121,s  Sanguibacter SGB15121,Fecal,smoking,-0.5183207782054396,0.5193237447235532,140,0.9188697366846488
g__Selenomonas|s__Selenomonas_SGB5880,s  Selenomonas SGB5880,Fecal,sex[T.1],-0.04476732793073701,0.7317759848892824,140,0.9188697366846488
g__Selenomonas|s__Selenomonas_SGB5880,s  Selenomonas SGB5880,Fecal,disease,0.7492398288194284,1.093664761251317e-06,140,1.879114907968172e-05
g__Selenomonas|s__Selenomonas_SGB5880,s  Selenomonas SGB5880,Fecal,ppi_use,-0.41270323973302603,0.024362365365069052,140,0.1542740507782852
g__Selenomonas|s__Selenomonas_SGB5880,s  Selenomonas SGB5880,Fecal,age,-0.00600706620111464,0.2404590232047669,140,0.6724241697850074
g__Selenomonas|s__Selenomonas_SGB5880,s  Selenomonas SGB5880,Fecal,bmi,-0.0038101555421357356,0.8096674724958343,140,0.9188697366846488
g__Selenomonas|s__Selenomonas_SGB5880,s  Selenomonas SGB5880,Fecal,antibiotics_3m,-0.06918286390994874,0.7610185220111207,140,0.9188697366846488
g__Selenomonas|s__Selenomonas_SGB5880,s  Selenomonas SGB5880,Fecal,smoking,0.05480085219928851,0.7665709861515893,140,0.9188697366846488
g__Selenomonas|s__Selenomonas_noxia,s  Selenomonas noxia,Fecal,sex[T.1],-0.04476732793073701,0.7317759848892824,140,0.9188697366846488
g__Selenomonas|s__Selenomonas_noxia,s  Selenomonas noxia,Fecal,disease,0.7492398288194284,1.093664761251317e-06,140,1.879114907968172e-05
g__Selenomonas|s__Selenomonas_noxia,s  Selenomonas noxia,Fecal,ppi_use,-0.41270323973302603,0.024362365365069052,140,0.1542740507782852
g__Selenomonas|s__Selenomonas_noxia,s  Selenomonas noxia,Fecal,age,-0.00600706620111464,0.2404590232047669,140,0.6724241697850074
g__Selenomonas|s__Selenomonas_noxia,s  Selenomonas noxia,Fecal,bmi,-0.0038101555421357356,0.8096674724958343,140,0.9188697366846488
g__Selenomonas|s__Selenomonas_noxia,s  Selenomonas noxia,Fecal,antibiotics_3m,-0.06918286390994874,0.7610185220111207,140,0.9188697366846488
g__Selenomonas|s__Selenomonas_noxia,s  Selenomonas noxia,Fecal,smoking,0.05480085219928851,0.7665709861515893,140,0.9188697366846488
g__Selenomonas|s__Selenomonas_sputigena,s  Selenomonas sputigena,Fecal,sex[T.1],-0.04476732793073701,0.7317759848892824,140,0.9188697366846488
g__Selenomonas|s__Selenomonas_sputigena,s  Selenomonas sputigena,Fecal,disease,0.7492398288194284,1.093664761251317e-06,140,1.879114907968172e-05
g__Selenomonas|s__Selenomonas_sputigena,s  Selenomonas sputigena,Fecal,ppi_use,-0.41270323973302603,0.024362365365069052,140,0.1542740507782852
g__Selenomonas|s__Selenomonas_sputigena,s  Selenomonas sputigena,Fecal,age,-0.00600706620111464,0.2404590232047669,140,0.6724241697850074
g__Selenomonas|s__Selenomonas_sputigena,s  Selenomonas sputigena,Fecal,bmi,-0.0038101555421357356,0.8096674724958343,140,0.9188697366846488
g__Selenomonas|s__Selenomonas_sputigena,s  Selenomonas sputigena,Fecal,antibiotics_3m,-0.06918286390994874,0.7610185220111207,140,0.9188697366846488
g__Selenomonas|s__Selenomonas_sputigena,s  Selenomonas sputigena,Fecal,smoking,0.05480085219928851,0.7665709861515893,140,0.9188697366846488
g__Senegalimassilia|s__Senegalimassilia_anaerobia,s  Senegalimassilia anaerobia,Fecal,sex[T.1],0.8882192093146413,0.06808469734713932,140,0.3435154680142702
g__Senegalimassilia|s__Senegalimassilia_anaerobia,s  Senegalimassilia anaerobia,Fecal,disease,1.4478907755407913,0.008621890175635596,140,0.09291221123480992
g__Senegalimassilia|s__Senegalimassilia_anaerobia,s  Senegalimassilia anaerobia,Fecal,ppi_use,-0.9829673252622747,0.14551940108575198,140,0.563945060674594
g__Senegalimassilia|s__Senegalimassilia_anaerobia,s  Senegalimassilia anaerobia,Fecal,age,0.016500096949068864,0.38358090881260987,140,0.846012830298548
g__Senegalimassilia|s__Senegalimassilia_anaerobia,s  Senegalimassilia anaerobia,Fecal,bmi,-0.0335494797197629,0.567221517810512,140,0.9188697366846488
g__Senegalimassilia|s__Senegalimassilia_anaerobia,s  Senegalimassilia anaerobia,Fecal,antibiotics_3m,0.8354196072195667,0.322341999291203,140,0.7719242614605124
g__Senegalimassilia|s__Senegalimassilia_anaerobia,s  Senegalimassilia anaerobia,Fecal,smoking,0.4306305409314258,0.5291583158509601,140,0.9188697366846488
g__Slackia|s__Slackia_isoflavoniconvertens,s  Slackia isoflavoniconvertens,Fecal,sex[T.1],-0.8052934415054476,0.14286904213905913,140,0.5604593459134314
g__Slackia|s__Slackia_isoflavoniconvertens,s  Slackia isoflavoniconvertens,Fecal,disease,-0.7525572702938977,0.22279069062792178,140,0.6724241697850074
g__Slackia|s__Slackia_isoflavoniconvertens,s  Slackia isoflavoniconvertens,Fecal,ppi_use,1.7596212945005079,0.022072654767860196,140,0.1542740507782852
g__Slackia|s__Slackia_isoflavoniconvertens,s  Slackia isoflavoniconvertens,Fecal,age,-0.01278630144785839,0.5503758041625468,140,0.9188697366846488
g__Slackia|s__Slackia_isoflavoniconvertens,s  Slackia isoflavoniconvertens,Fecal,bmi,-0.07218640832957023,0.27737413649194315,140,0.720410415814698
g__Slackia|s__Slackia_isoflavoniconvertens,s  Slackia isoflavoniconvertens,Fecal,antibiotics_3m,-1.0946215965329473,0.25208433539546965,140,0.6859038893318593
g__Slackia|s__Slackia_isoflavoniconvertens,s  Slackia isoflavoniconvertens,Fecal,smoking,-0.2503908138158349,0.7462703508494071,140,0.9188697366846488
g__Solobacterium|s__Solobacterium_SGB6829,s  Solobacterium SGB6829,Fecal,sex[T.1],-0.04476732793073701,0.7317759848892824,140,0.9188697366846488
g__Solobacterium|s__Solobacterium_SGB6829,s  Solobacterium SGB6829,Fecal,disease,0.7492398288194284,1.093664761251317e-06,140,1.879114907968172e-05
g__Solobacterium|s__Solobacterium_SGB6829,s  Solobacterium SGB6829,Fecal,ppi_use,-0.41270323973302603,0.024362365365069052,140,0.1542740507782852
g__Solobacterium|s__Solobacterium_SGB6829,s  Solobacterium SGB6829,Fecal,age,-0.00600706620111464,0.2404590232047669,140,0.6724241697850074
g__Solobacterium|s__Solobacterium_SGB6829,s  Solobacterium SGB6829,Fecal,bmi,-0.0038101555421357356,0.8096674724958343,140,0.9188697366846488
g__Solobacterium|s__Solobacterium_SGB6829,s  Solobacterium SGB6829,Fecal,antibiotics_3m,-0.06918286390994874,0.7610185220111207,140,0.9188697366846488
g__Solobacterium|s__Solobacterium_SGB6829,s  Solobacterium SGB6829,Fecal,smoking,0.05480085219928851,0.7665709861515893,140,0.9188697366846488
g__Staphylococcus|s__Staphylococcus_SGB6340,s  Staphylococcus SGB6340,Fecal,sex[T.1],-0.13807736383940636,0.7735527025304577,140,0.9188697366846488
g__Staphylococcus|s__Staphylococcus_SGB6340,s  Staphylococcus SGB6340,Fecal,disease,-0.9793356669388539,0.07125387029991957,140,0.3482956493217038
g__Staphylococcus|s__Staphylococcus_SGB6340,s  Staphylococcus SGB6340,Fecal,ppi_use,0.27562295743334053,0.6795858330161103,140,0.9188697366846488
g__Staphylococcus|s__Staphylococcus_SGB6340,s  Staphylococcus SGB6340,Fecal,age,-0.020882231185756734,0.2666456655419655,140,0.7067404533296756
g__Staphylococcus|s__Staphylococcus_SGB6340,s  Staphylococcus SGB6340,Fecal,bmi,-0.010869007081757412,0.8516668171852033,140,0.9359790420652044
g__Staphylococcus|s__Staphylococcus_SGB6340,s  Staphylococcus SGB6340,Fecal,antibiotics_3m,0.5328002934606925,0.5240791295116045,140,0.9188697366846488
g__Staphylococcus|s__Staphylococcus_SGB6340,s  Staphylococcus SGB6340,Fecal,smoking,-0.2615076300364285,0.6998798657585625,140,0.9188697366846488
g__Stomatobaculum|s__Stomatobaculum_SGB5266,s  Stomatobaculum SGB5266,Fecal,sex[T.1],-0.04476732793073701,0.7317759848892824,140,0.9188697366846488
g__Stomatobaculum|s__Stomatobaculum_SGB5266,s  Stomatobaculum SGB5266,Fecal,disease,0.7492398288194284,1.093664761251317e-06,140,1.879114907968172e-05
g__Stomatobaculum|s__Stomatobaculum_SGB5266,s  Stomatobaculum SGB5266,Fecal,ppi_use,-0.41270323973302603,0.024362365365069052,140,0.1542740507782852
g__Stomatobaculum|s__Stomatobaculum_SGB5266,s  Stomatobaculum SGB5266,Fecal,age,-0.00600706620111464,0.2404590232047669,140,0.6724241697850074
g__Stomatobaculum|s__Stomatobaculum_SGB5266,s  Stomatobaculum SGB5266,Fecal,bmi,-0.0038101555421357356,0.8096674724958343,140,0.9188697366846488
g__Stomatobaculum|s__Stomatobaculum_SGB5266,s  Stomatobaculum SGB5266,Fecal,antibiotics_3m,-0.06918286390994874,0.7610185220111207,140,0.9188697366846488
g__Stomatobaculum|s__Stomatobaculum_SGB5266,s  Stomatobaculum SGB5266,Fecal,smoking,0.05480085219928851,0.7665709861515893,140,0.9188697366846488
g__Stomatobaculum|s__Stomatobaculum_longum,s  Stomatobaculum longum,Fecal,sex[T.1],-0.04476732793073701,0.7317759848892824,140,0.9188697366846488
g__Stomatobaculum|s__Stomatobaculum_longum,s  Stomatobaculum longum,Fecal,disease,0.7492398288194284,1.093664761251317e-06,140,1.879114907968172e-05
g__Stomatobaculum|s__Stomatobaculum_longum,s  Stomatobaculum longum,Fecal,ppi_use,-0.41270323973302603,0.024362365365069052,140,0.1542740507782852
g__Stomatobaculum|s__Stomatobaculum_longum,s  Stomatobaculum longum,Fecal,age,-0.00600706620111464,0.2404590232047669,140,0.6724241697850074
g__Stomatobaculum|s__Stomatobaculum_longum,s  Stomatobaculum longum,Fecal,bmi,-0.0038101555421357356,0.8096674724958343,140,0.9188697366846488
g__Stomatobaculum|s__Stomatobaculum_longum,s  Stomatobaculum longum,Fecal,antibiotics_3m,-0.06918286390994874,0.7610185220111207,140,0.9188697366846488
g__Stomatobaculum|s__Stomatobaculum_longum,s  Stomatobaculum longum,Fecal,smoking,0.05480085219928851,0.7665709861515893,140,0.9188697366846488
g__Streptococcus|s__Streptococcus_SGB15012,s  Streptococcus SGB15012,Fecal,sex[T.1],0.056273312308047385,0.8874601093072876,140,0.9501985757406197
g__Streptococcus|s__Streptococcus_SGB15012,s  Streptococcus SGB15012,Fecal,disease,-0.8962626510246092,0.046659107233325794,140,0.26054869652791246
g__Streptococcus|s__Streptococcus_SGB15012,s  Streptococcus SGB15012,Fecal,ppi_use,0.27411219343184035,0.6201803456732979,140,0.9188697366846488
g__Streptococcus|s__Streptococcus_SGB15012,s  Streptococcus SGB15012,Fecal,age,0.021034136208988523,0.177444870840712,140,0.6439304989109405
g__Streptococcus|s__Streptococcus_SGB15012,s  Streptococcus SGB15012,Fecal,bmi,-0.14984912831384264,0.002242731082796417,140,0.028551244924511898
g__Streptococcus|s__Streptococcus_SGB15012,s  Streptococcus SGB15012,Fecal,antibiotics_3m,0.8291019506670506,0.2324995717350317,140,0.6724241697850074
g__Streptococcus|s__Streptococcus_SGB15012,s  Streptococcus SGB15012,Fecal,smoking,-0.7829397075921816,0.16515042829119228,140,0.6158888751584324
g__Streptococcus|s__Streptococcus_australis,s  Streptococcus australis,Fecal,sex[T.1],-0.04476732793073701,0.7317759848892824,140,0.9188697366846488
g__Streptococcus|s__Streptococcus_australis,s  Streptococcus australis,Fecal,disease,0.7492398288194284,1.093664761251317e-06,140,1.879114907968172e-05
g__Streptococcus|s__Streptococcus_australis,s  Streptococcus australis,Fecal,ppi_use,-0.41270323973302603,0.024362365365069052,140,0.1542740507782852
g__Streptococcus|s__Streptococcus_australis,s  Streptococcus australis,Fecal,age,-0.00600706620111464,0.2404590232047669,140,0.6724241697850074
g__Streptococcus|s__Streptococcus_australis,s  Streptococcus australis,Fecal,bmi,-0.0038101555421357356,0.8096674724958343,140,0.9188697366846488
g__Streptococcus|s__Streptococcus_australis,s  Streptococcus australis,Fecal,antibiotics_3m,-0.06918286390994874,0.7610185220111207,140,0.9188697366846488
g__Streptococcus|s__Streptococcus_australis,s  Streptococcus australis,Fecal,smoking,0.05480085219928851,0.7665709861515893,140,0.9188697366846488
g__Streptococcus|s__Streptococcus_cristatus,s  Streptococcus cristatus,Fecal,sex[T.1],-0.04476732793073701,0.7317759848892824,140,0.9188697366846488
g__Streptococcus|s__Streptococcus_cristatus,s  Streptococcus cristatus,Fecal,disease,0.7492398288194284,1.093664761251317e-06,140,1.879114907968172e-05
g__Streptococcus|s__Streptococcus_cristatus,s  Streptococcus cristatus,Fecal,ppi_use,-0.41270323973302603,0.024362365365069052,140,0.1542740507782852
g__Streptococcus|s__Streptococcus_cristatus,s  Streptococcus cristatus,Fecal,age,-0.00600706620111464,0.2404590232047669,140,0.6724241697850074
g__Streptococcus|s__Streptococcus_cristatus,s  Streptococcus cristatus,Fecal,bmi,-0.0038101555421357356,0.8096674724958343,140,0.9188697366846488
g__Streptococcus|s__Streptococcus_cristatus,s  Streptococcus cristatus,Fecal,antibiotics_3m,-0.06918286390994874,0.7610185220111207,140,0.9188697366846488
g__Streptococcus|s__Streptococcus_cristatus,s  Streptococcus cristatus,Fecal,smoking,0.05480085219928851,0.7665709861515893,140,0.9188697366846488
g__Streptococcus|s__Streptococcus_gordonii,s  Streptococcus gordonii,Fecal,sex[T.1],-0.04476732793073701,0.7317759848892824,140,0.9188697366846488
g__Streptococcus|s__Streptococcus_gordonii,s  Streptococcus gordonii,Fecal,disease,0.7492398288194284,1.093664761251317e-06,140,1.879114907968172e-05
g__Streptococcus|s__Streptococcus_gordonii,s  Streptococcus gordonii,Fecal,ppi_use,-0.41270323973302603,0.024362365365069052,140,0.1542740507782852
g__Streptococcus|s__Streptococcus_gordonii,s  Streptococcus gordonii,Fecal,age,-0.00600706620111464,0.2404590232047669,140,0.6724241697850074
g__Streptococcus|s__Streptococcus_gordonii,s  Streptococcus gordonii,Fecal,bmi,-0.0038101555421357356,0.8096674724958343,140,0.9188697366846488
g__Streptococcus|s__Streptococcus_gordonii,s  Streptococcus gordonii,Fecal,antibiotics_3m,-0.06918286390994874,0.7610185220111207,140,0.9188697366846488
g__Streptococcus|s__Streptococcus_gordonii,s  Streptococcus gordonii,Fecal,smoking,0.05480085219928851,0.7665709861515893,140,0.9188697366846488
g__Streptococcus|s__Streptococcus_infantis,s  Streptococcus infantis,Fecal,sex[T.1],-0.04476732793073701,0.7317759848892824,140,0.9188697366846488
g__Streptococcus|s__Streptococcus_infantis,s  Streptococcus infantis,Fecal,disease,0.7492398288194284,1.093664761251317e-06,140,1.879114907968172e-05
g__Streptococcus|s__Streptococcus_infantis,s  Streptococcus infantis,Fecal,ppi_use,-0.41270323973302603,0.024362365365069052,140,0.1542740507782852
g__Streptococcus|s__Streptococcus_infantis,s  Streptococcus infantis,Fecal,age,-0.00600706620111464,0.2404590232047669,140,0.6724241697850074
g__Streptococcus|s__Streptococcus_infantis,s  Streptococcus infantis,Fecal,bmi,-0.0038101555421357356,0.8096674724958343,140,0.9188697366846488
g__Streptococcus|s__Streptococcus_infantis,s  Streptococcus infantis,Fecal,antibiotics_3m,-0.06918286390994874,0.7610185220111207,140,0.9188697366846488
g__Streptococcus|s__Streptococcus_infantis,s  Streptococcus infantis,Fecal,smoking,0.05480085219928851,0.7665709861515893,140,0.9188697366846488
g__Streptococcus|s__Streptococcus_mitis,s  Streptococcus mitis,Fecal,sex[T.1],-0.04476732793073701,0.7317759848892824,140,0.9188697366846488
g__Streptococcus|s__Streptococcus_mitis,s  Streptococcus mitis,Fecal,disease,0.7492398288194284,1.093664761251317e-06,140,1.879114907968172e-05
g__Streptococcus|s__Streptococcus_mitis,s  Streptococcus mitis,Fecal,ppi_use,-0.41270323973302603,0.024362365365069052,140,0.1542740507782852
g__Streptococcus|s__Streptococcus_mitis,s  Streptococcus mitis,Fecal,age,-0.00600706620111464,0.2404590232047669,140,0.6724241697850074
g__Streptococcus|s__Streptococcus_mitis,s  Streptococcus mitis,Fecal,bmi,-0.0038101555421357356,0.8096674724958343,140,0.9188697366846488
g__Streptococcus|s__Streptococcus_mitis,s  Streptococcus mitis,Fecal,antibiotics_3m,-0.06918286390994874,0.7610185220111207,140,0.9188697366846488
g__Streptococcus|s__Streptococcus_mitis,s  Streptococcus mitis,Fecal,smoking,0.05480085219928851,0.7665709861515893,140,0.9188697366846488
g__Streptococcus|s__Streptococcus_oralis,s  Streptococcus oralis,Fecal,sex[T.1],-0.04476732793073701,0.7317759848892824,140,0.9188697366846488
g__Streptococcus|s__Streptococcus_oralis,s  Streptococcus oralis,Fecal,disease,0.7492398288194284,1.093664761251317e-06,140,1.879114907968172e-05
g__Streptococcus|s__Streptococcus_oralis,s  Streptococcus oralis,Fecal,ppi_use,-0.41270323973302603,0.024362365365069052,140,0.1542740507782852
g__Streptococcus|s__Streptococcus_oralis,s  Streptococcus oralis,Fecal,age,-0.00600706620111464,0.2404590232047669,140,0.6724241697850074
g__Streptococcus|s__Streptococcus_oralis,s  Streptococcus oralis,Fecal,bmi,-0.0038101555421357356,0.8096674724958343,140,0.9188697366846488
g__Streptococcus|s__Streptococcus_oralis,s  Streptococcus oralis,Fecal,antibiotics_3m,-0.06918286390994874,0.7610185220111207,140,0.9188697366846488
g__Streptococcus|s__Streptococcus_oralis,s  Streptococcus oralis,Fecal,smoking,0.05480085219928851,0.7665709861515893,140,0.9188697366846488
g__Streptococcus|s__Streptococcus_parasanguinis,s  Streptococcus parasanguinis,Fecal,sex[T.1],0.261678857631863,0.4899533256394991,140,0.9188697366846488
g__Streptococcus|s__Streptococcus_parasanguinis,s  Streptococcus parasanguinis,Fecal,disease,5.197905068062167,1.8304309638443654e-23,140,1.1243422195414015e-20
g__Streptococcus|s__Streptococcus_parasanguinis,s  Streptococcus parasanguinis,Fecal,ppi_use,0.573329241969954,0.27727177585813784,140,0.720410415814698
g__Streptococcus|s__Streptococcus_parasanguinis,s  Streptococcus parasanguinis,Fecal,age,-0.011354164905825855,0.44356061421479354,140,0.8972132526868855
g__Streptococcus|s__Streptococcus_parasanguinis,s  Streptococcus parasanguinis,Fecal,bmi,-0.02770325937044476,0.5461781779477916,140,0.9188697366846488
g__Streptococcus|s__Streptococcus_parasanguinis,s  Streptococcus parasanguinis,Fecal,antibiotics_3m,-0.10993963224909509,0.8676254210376195,140,0.9420042684442913
g__Streptococcus|s__Streptococcus_parasanguinis,s  Streptococcus parasanguinis,Fecal,smoking,0.14292125049866586,0.7894917343157751,140,0.9188697366846488
g__Streptococcus|s__Streptococcus_salivarius,s  Streptococcus salivarius,Fecal,sex[T.1],-0.10920415638154465,0.764571628772483,140,0.9188697366846488
g__Streptococcus|s__Streptococcus_salivarius,s  Streptococcus salivarius,Fecal,disease,6.507300844441064,1.8057247119513865e-32,140,4.4366656172645565e-29
g__Streptococcus|s__Streptococcus_salivarius,s  Streptococcus salivarius,Fecal,ppi_use,0.26324953944263785,0.6037127157277697,140,0.9188697366846488
g__Streptococcus|s__Streptococcus_salivarius,s  Streptococcus salivarius,Fecal,age,0.0012472971929588128,0.9302555218967652,140,0.9695889091733016
g__Streptococcus|s__Streptococcus_salivarius,s  Streptococcus salivarius,Fecal,bmi,-0.04433712081776869,0.31633523090759447,140,0.7642435224581707
g__Streptococcus|s__Streptococcus_salivarius,s  Streptococcus salivarius,Fecal,antibiotics_3m,0.2722920258986331,0.6681688241484476,140,0.9188697366846488
g__Streptococcus|s__Streptococcus_salivarius,s  Streptococcus salivarius,Fecal,smoking,0.39727272314521034,0.4412724432575318,140,0.8970897111870956
g__Streptococcus|s__Streptococcus_sanguinis,s  Streptococcus sanguinis,Fecal,sex[T.1],-0.04476732793073701,0.7317759848892824,140,0.9188697366846488
g__Streptococcus|s__Streptococcus_sanguinis,s  Streptococcus sanguinis,Fecal,disease,0.7492398288194284,1.093664761251317e-06,140,1.879114907968172e-05
g__Streptococcus|s__Streptococcus_sanguinis,s  Streptococcus sanguinis,Fecal,ppi_use,-0.41270323973302603,0.024362365365069052,140,0.1542740507782852
g__Streptococcus|s__Streptococcus_sanguinis,s  Streptococcus sanguinis,Fecal,age,-0.00600706620111464,0.2404590232047669,140,0.6724241697850074
g__Streptococcus|s__Streptococcus_sanguinis,s  Streptococcus sanguinis,Fecal,bmi,-0.0038101555421357356,0.8096674724958343,140,0.9188697366846488
g__Streptococcus|s__Streptococcus_sanguinis,s  Streptococcus sanguinis,Fecal,antibiotics_3m,-0.06918286390994874,0.7610185220111207,140,0.9188697366846488
g__Streptococcus|s__Streptococcus_sanguinis,s  Streptococcus sanguinis,Fecal,smoking,0.05480085219928851,0.7665709861515893,140,0.9188697366846488
g__Streptococcus|s__Streptococcus_thermophilus,s  Streptococcus thermophilus,Fecal,sex[T.1],-0.32327271710691746,0.5751093382286558,140,0.9188697366846488
g__Streptococcus|s__Streptococcus_thermophilus,s  Streptococcus thermophilus,Fecal,disease,3.8840421967118024,1.751561144138544e-08,140,1.2657605091612948e-06
g__Streptococcus|s__Streptococcus_thermophilus,s  Streptococcus thermophilus,Fecal,ppi_use,-1.4456662219091923,0.07297193748167141,140,0.3536332354880999
g__Streptococcus|s__Streptococcus_thermophilus,s  Streptococcus thermophilus,Fecal,age,0.004624324046486439,0.8373831713163353,140,0.929124562794728
g__Streptococcus|s__Streptococcus_thermophilus,s  Streptococcus thermophilus,Fecal,bmi,-0.015634994899617026,0.8228226417103905,140,0.9239831950102512
g__Streptococcus|s__Streptococcus_thermophilus,s  Streptococcus thermophilus,Fecal,antibiotics_3m,0.3624322963785934,0.7181388900521282,140,0.9188697366846488
g__Streptococcus|s__Streptococcus_thermophilus,s  Streptococcus thermophilus,Fecal,smoking,1.0869702242345205,0.1836040313617782,140,0.652843856810259
g__Streptococcus|s__Streptococcus_vestibularis,s  Streptococcus vestibularis,Fecal,sex[T.1],-0.04476732793073701,0.7317759848892824,140,0.9188697366846488
g__Streptococcus|s__Streptococcus_vestibularis,s  Streptococcus vestibularis,Fecal,disease,0.7492398288194284,1.093664761251317e-06,140,1.879114907968172e-05
g__Streptococcus|s__Streptococcus_vestibularis,s  Streptococcus vestibularis,Fecal,ppi_use,-0.41270323973302603,0.024362365365069052,140,0.1542740507782852
g__Streptococcus|s__Streptococcus_vestibularis,s  Streptococcus vestibularis,Fecal,age,-0.00600706620111464,0.2404590232047669,140,0.6724241697850074
g__Streptococcus|s__Streptococcus_vestibularis,s  Streptococcus vestibularis,Fecal,bmi,-0.0038101555421357356,0.8096674724958343,140,0.9188697366846488
g__Streptococcus|s__Streptococcus_vestibularis,s  Streptococcus vestibularis,Fecal,antibiotics_3m,-0.06918286390994874,0.7610185220111207,140,0.9188697366846488
g__Streptococcus|s__Streptococcus_vestibularis,s  Streptococcus vestibularis,Fecal,smoking,0.05480085219928851,0.7665709861515893,140,0.9188697366846488
g__Sutterella|s__Sutterella_wadsworthensis,s  Sutterella wadsworthensis,Fecal,sex[T.1],-0.8964902086250781,0.30965253978492335,140,0.759297694861833
g__Sutterella|s__Sutterella_wadsworthensis,s  Sutterella wadsworthensis,Fecal,disease,-1.0019695836731128,0.31260759933562693,140,0.7604721500669658
g__Sutterella|s__Sutterella_wadsworthensis,s  Sutterella wadsworthensis,Fecal,ppi_use,-0.26592214374130474,0.8280882480653973,140,0.9248998080310967
g__Sutterella|s__Sutterella_wadsworthensis,s  Sutterella wadsworthensis,Fecal,age,0.05756997870171494,0.09619796458739685,140,0.4305253169239236
g__Sutterella|s__Sutterella_wadsworthensis,s  Sutterella wadsworthensis,Fecal,bmi,-0.10462841969211505,0.327596491022079,140,0.7754379368412795
g__Sutterella|s__Sutterella_wadsworthensis,s  Sutterella wadsworthensis,Fecal,antibiotics_3m,0.38276242767891,0.8029685454727394,140,0.9188697366846488
g__Sutterella|s__Sutterella_wadsworthensis,s  Sutterella wadsworthensis,Fecal,smoking,1.3663422413187252,0.2734665452451788,140,0.7163190849332669
g__Tannerella|s__Tannerella_serpentiformis,s  Tannerella serpentiformis,Fecal,sex[T.1],-0.04476732793073701,0.7317759848892824,140,0.9188697366846488
g__Tannerella|s__Tannerella_serpentiformis,s  Tannerella serpentiformis,Fecal,disease,0.7492398288194284,1.093664761251317e-06,140,1.879114907968172e-05
g__Tannerella|s__Tannerella_serpentiformis,s  Tannerella serpentiformis,Fecal,ppi_use,-0.41270323973302603,0.024362365365069052,140,0.1542740507782852
g__Tannerella|s__Tannerella_serpentiformis,s  Tannerella serpentiformis,Fecal,age,-0.00600706620111464,0.2404590232047669,140,0.6724241697850074
g__Tannerella|s__Tannerella_serpentiformis,s  Tannerella serpentiformis,Fecal,bmi,-0.0038101555421357356,0.8096674724958343,140,0.9188697366846488
g__Tannerella|s__Tannerella_serpentiformis,s  Tannerella serpentiformis,Fecal,antibiotics_3m,-0.06918286390994874,0.7610185220111207,140,0.9188697366846488
g__Tannerella|s__Tannerella_serpentiformis,s  Tannerella serpentiformis,Fecal,smoking,0.05480085219928851,0.7665709861515893,140,0.9188697366846488
g__Veillonella|s__Veillonella_atypica,s  Veillonella atypica,Fecal,sex[T.1],-0.04476732793073701,0.7317759848892824,140,0.9188697366846488
g__Veillonella|s__Veillonella_atypica,s  Veillonella atypica,Fecal,disease,0.7492398288194284,1.093664761251317e-06,140,1.879114907968172e-05
g__Veillonella|s__Veillonella_atypica,s  Veillonella atypica,Fecal,ppi_use,-0.41270323973302603,0.024362365365069052,140,0.1542740507782852
g__Veillonella|s__Veillonella_atypica,s  Veillonella atypica,Fecal,age,-0.00600706620111464,0.2404590232047669,140,0.6724241697850074
g__Veillonella|s__Veillonella_atypica,s  Veillonella atypica,Fecal,bmi,-0.0038101555421357356,0.8096674724958343,140,0.9188697366846488
g__Veillonella|s__Veillonella_atypica,s  Veillonella atypica,Fecal,antibiotics_3m,-0.06918286390994874,0.7610185220111207,140,0.9188697366846488
g__Veillonella|s__Veillonella_atypica,s  Veillonella atypica,Fecal,smoking,0.05480085219928851,0.7665709861515893,140,0.9188697366846488
g__Veillonella|s__Veillonella_dispar,s  Veillonella dispar,Fecal,sex[T.1],-0.22563159329623658,0.5840741882546935,140,0.9188697366846488
g__Veillonella|s__Veillonella_dispar,s  Veillonella dispar,Fecal,disease,1.6648828385290213,0.0004474994395072355,140,0.006324439580954214
g__Veillonella|s__Veillonella_dispar,s  Veillonella dispar,Fecal,ppi_use,-0.1381749222568136,0.809372832644138,140,0.9188697366846488
g__Veillonella|s__Veillonella_dispar,s  Veillonella dispar,Fecal,age,-0.015834271656457264,0.32628795943652866,140,0.7753283523554652
g__Veillonella|s__Veillonella_dispar,s  Veillonella dispar,Fecal,bmi,-0.061306212003835084,0.2205271566787291,140,0.6724241697850074
g__Veillonella|s__Veillonella_dispar,s  Veillonella dispar,Fecal,antibiotics_3m,0.1386375374149989,0.8467832110872466,140,0.933477072637153
g__Veillonella|s__Veillonella_dispar,s  Veillonella dispar,Fecal,smoking,0.1949987547737682,0.7377462090789262,140,0.9188697366846488
g__Veillonella|s__Veillonella_parvula,s  Veillonella parvula,Fecal,sex[T.1],-0.04476732793073701,0.7317759848892824,140,0.9188697366846488
g__Veillonella|s__Veillonella_parvula,s  Veillonella parvula,Fecal,disease,0.7492398288194284,1.093664761251317e-06,140,1.879114907968172e-05
g__Veillonella|s__Veillonella_parvula,s  Veillonella parvula,Fecal,ppi_use,-0.41270323973302603,0.024362365365069052,140,0.1542740507782852
g__Veillonella|s__Veillonella_parvula,s  Veillonella parvula,Fecal,age,-0.00600706620111464,0.2404590232047669,140,0.6724241697850074
g__Veillonella|s__Veillonella_parvula,s  Veillonella parvula,Fecal,bmi,-0.0038101555421357356,0.8096674724958343,140,0.9188697366846488
g__Veillonella|s__Veillonella_parvula,s  Veillonella parvula,Fecal,antibiotics_3m,-0.06918286390994874,0.7610185220111207,140,0.9188697366846488
g__Veillonella|s__Veillonella_parvula,s  Veillonella parvula,Fecal,smoking,0.05480085219928851,0.7665709861515893,140,0.9188697366846488
g__Veillonella|s__Veillonella_rogosae,s  Veillonella rogosae,Fecal,sex[T.1],-0.04476732793073701,0.7317759848892824,140,0.9188697366846488
g__Veillonella|s__Veillonella_rogosae,s  Veillonella rogosae,Fecal,disease,0.7492398288194284,1.093664761251317e-06,140,1.879114907968172e-05
g__Veillonella|s__Veillonella_rogosae,s  Veillonella rogosae,Fecal,ppi_use,-0.41270323973302603,0.024362365365069052,140,0.1542740507782852
g__Veillonella|s__Veillonella_rogosae,s  Veillonella rogosae,Fecal,age,-0.00600706620111464,0.2404590232047669,140,0.6724241697850074
g__Veillonella|s__Veillonella_rogosae,s  Veillonella rogosae,Fecal,bmi,-0.0038101555421357356,0.8096674724958343,140,0.9188697366846488
g__Veillonella|s__Veillonella_rogosae,s  Veillonella rogosae,Fecal,antibiotics_3m,-0.06918286390994874,0.7610185220111207,140,0.9188697366846488
g__Veillonella|s__Veillonella_rogosae,s  Veillonella rogosae,Fecal,smoking,0.05480085219928851,0.7665709861515893,140,0.9188697366846488
g__Vescimonas|s__Vescimonas_SGB15087,s  Vescimonas SGB15087,Fecal,sex[T.1],0.1376764486507772,0.788385298323248,140,0.9188697366846488
g__Vescimonas|s__Vescimonas_SGB15087,s  Vescimonas SGB15087,Fecal,disease,-0.3085924328839775,0.5928040178988401,140,0.9188697366846488
g__Vescimonas|s__Vescimonas_SGB15087,s  Vescimonas SGB15087,Fecal,ppi_use,0.4715343803115688,0.5087883068381127,140,0.9188697366846488
g__Vescimonas|s__Vescimonas_SGB15087,s  Vescimonas SGB15087,Fecal,age,0.03899122067563122,0.0534563223855815,140,0.28867079868096784
g__Vescimonas|s__Vescimonas_SGB15087,s  Vescimonas SGB15087,Fecal,bmi,-0.011071776332868969,0.858563174933074,140,0.9366187725877289
g__Vescimonas|s__Vescimonas_SGB15087,s  Vescimonas SGB15087,Fecal,antibiotics_3m,2.328984125518527,0.010038110711119751,140,0.10433896995304076
g__Vescimonas|s__Vescimonas_SGB15087,s  Vescimonas SGB15087,Fecal,smoking,0.15770429656989424,0.8277987558713081,140,0.9248998080310967
g__Vescimonas|s__Vescimonas_coprocola,s  Vescimonas coprocola,Fecal,sex[T.1],0.9954288246047619,0.08288141702557698,140,0.3856811394542474
g__Vescimonas|s__Vescimonas_coprocola,s  Vescimonas coprocola,Fecal,disease,-2.3779742777189465,0.0003018931934047338,140,0.004522875464606287
g__Vescimonas|s__Vescimonas_coprocola,s  Vescimonas coprocola,Fecal,ppi_use,1.3256718693937524,0.09653432916484823,140,0.43124517592369477
g__Vescimonas|s__Vescimonas_coprocola,s  Vescimonas coprocola,Fecal,age,0.007357887843277868,0.7415836979175923,140,0.9188697366846488
g__Vescimonas|s__Vescimonas_coprocola,s  Vescimonas coprocola,Fecal,bmi,0.07604574502826761,0.27244207203060855,140,0.7148551559062387
g__Vescimonas|s__Vescimonas_coprocola,s  Vescimonas coprocola,Fecal,antibiotics_3m,0.09246873525841612,0.9258853341500579,140,0.9678042363553601
g__Vescimonas|s__Vescimonas_coprocola,s  Vescimonas coprocola,Fecal,smoking,0.10636280449123649,0.8951070460652781,140,0.9544264345616018
g__Victivallis|s__Victivallis_lenta,s  Victivallis lenta,Fecal,sex[T.1],-0.3559324978578353,0.5707419258649382,140,0.9188697366846488
g__Victivallis|s__Victivallis_lenta,s  Victivallis lenta,Fecal,disease,-3.054602413042724,2.8374585863667502e-05,140,0.00046169773156974213
g__Victivallis|s__Victivallis_lenta,s  Victivallis lenta,Fecal,ppi_use,0.02026455871275477,0.9814663910225859,140,0.9887052293699747
g__Victivallis|s__Victivallis_lenta,s  Victivallis lenta,Fecal,age,0.014235442667869799,0.5618532200227384,140,0.9188697366846488
g__Victivallis|s__Victivallis_lenta,s  Victivallis lenta,Fecal,bmi,-0.056889181833736396,0.45462024855925065,140,0.9096107090472954
g__Victivallis|s__Victivallis_lenta,s  Victivallis lenta,Fecal,antibiotics_3m,-0.4284407303577897,0.6950897400242795,140,0.9188697366846488
g__Victivallis|s__Victivallis_lenta,s  Victivallis lenta,Fecal,smoking,0.48790202366920665,0.5824231404660384,140,0.9188697366846488
g__Victivallis|s__Victivallis_vadensis,s  Victivallis vadensis,Fecal,sex[T.1],-1.0257137807450516,0.06581690952790561,140,0.33760364657633424
g__Victivallis|s__Victivallis_vadensis,s  Victivallis vadensis,Fecal,disease,-2.279797623638547,0.0003551967214686158,140,0.005194752051478506
g__Victivallis|s__Victivallis_vadensis,s  Victivallis vadensis,Fecal,ppi_use,0.20252943738621443,0.7926158473526954,140,0.9188697366846488
g__Victivallis|s__Victivallis_vadensis,s  Victivallis vadensis,Fecal,age,0.05120102244020825,0.01928524305332699,140,0.1542740507782852
g__Victivallis|s__Victivallis_vadensis,s  Victivallis vadensis,Fecal,bmi,-0.09968080367824665,0.13907015839709577,140,0.551121579325265
g__Victivallis|s__Victivallis_vadensis,s  Victivallis vadensis,Fecal,antibiotics_3m,0.20357944827322547,0.8329054465050155,140,0.9280846794527591
g__Victivallis|s__Victivallis_vadensis,s  Victivallis vadensis,Fecal,smoking,-0.04983481400404876,0.9492543226218901,140,0.9760200292451746
g__Waltera|s__Waltera_intestinalis,s  Waltera intestinalis,Fecal,sex[T.1],-0.18032058842501547,0.7399532949943777,140,0.9188697366846488
g__Waltera|s__Waltera_intestinalis,s  Waltera intestinalis,Fecal,disease,-2.2456627949430046,0.0003343893864881246,140,0.004979361955159529
g__Waltera|s__Waltera_intestinalis,s  Waltera intestinalis,Fecal,ppi_use,-0.20036672394717026,0.7907897174504239,140,0.9188697366846488
g__Waltera|s__Waltera_intestinalis,s  Waltera intestinalis,Fecal,age,-0.0211124650923577,0.3209299884245476,140,0.7715508625823029
g__Waltera|s__Waltera_intestinalis,s  Waltera intestinalis,Fecal,bmi,0.1048368732057406,0.11279292834377729,140,0.48113233496642493
g__Waltera|s__Waltera_intestinalis,s  Waltera intestinalis,Fecal,antibiotics_3m,-0.11075274125558965,0.906805504588331,140,0.9598137870178731
g__Waltera|s__Waltera_intestinalis,s  Waltera intestinalis,Fecal,smoking,-0.24412752830830803,0.7505462224893018,140,0.9188697366846488
