clade_name,010083,010084,010085,010086,010087,010088,010089,010090,010091,010092,010093,010094,010095,010096,010097,010098,010099,010100,010101,010102,010103,010104,010105,010106,010107,010108,010109,010110,010111,010112,010113,010114,010115,010116,010117,010118,010119,010120,010121,010122,010123,010124,010125,010126,010127,010128,010129,010130,010131,010132,010133,010134,010135,010136,010137,010138,010139,010140,010141,010142,010143,010144,010145,010146,010147,010148,010149,010150,010151,010152,010153,010154,010155,010156,010157,010158,010159,010160,010161,010162,010163,010164,010165,010166,010167,010168,010169,010170,010171,010172,010173,010174,010175,010176,010177,010178
s__Abiotrophia_defectiva,0.0,0.0,0.0,0.0,0.0,0.0,0.0,0.0,0.0,0.0,0.0,0.0,0.0,0.0,0.0,0.0,0.0,0.0,0.0,0.0,0.0,0.0,0.0,0.0,0.0,0.0,0.0,0.0,0.0,0.0,0.0,0.0,0.0,0.0,0.0,0.0,0.0,0.0,0.0,0.0,0.0,0.0,0.0,0.0,0.0,0.0,0.0,0.0,0.0,0.0,0.0,0.0,0.0,0.0,0.0,0.0,0.0,0.0,0.0,0.0,0.0,0.0,0.0,0.0,0.0,0.0,0.0,0.0,0.0,0.0,0.0,0.0,0.0,0.0,0.0,0.0,0.0,0.0,0.0,0.0,0.0,0.0,0.0,0.0,0.0,0.0,0.0,0.0,0.0,0.0,0.0,0.0,0.0,0.0,0.0,0.0
s__Actinomyces_SGB17132,0.0,0.0,0.0,0.0,0.0,0.0,0.0,0.0,0.0,0.0,0.0,0.0,0.0,0.0,0.0,0.0,0.0,0.0,0.0,0.0,0.0,0.0,0.0,0.0,0.0,0.0,0.0,0.0,0.0,0.0,0.0,0.0,0.0,0.0,0.0,0.0,0.0,0.0,0.0,0.0,0.0,0.0,0.0,0.0,0.0,0.0,0.0,0.0,0.0,0.0,0.0,0.0,0.0,0.0,0.0,0.0,0.0,0.0,0.0,0.0,0.0,0.0,0.0,0.0,0.0,0.0,0.0,0.0,0.0,0.0,0.0,0.0,0.0,0.0,0.0,0.0,0.0,0.0,0.0,0.0,0.0,0.0,0.0,0.0,0.0,0.0,0.0,0.0,0.0,0.0,0.0,0.0,0.0,0.0,0.0,0.0
s__Actinomyces_SGB17154,0.0,0.0,0.0,0.0,0.0,0.0,0.0,0.0,0.0,0.0,0.0,0.0,0.0,0.0,0.0,0.0,0.0,0.0,0.0,0.0,0.0,0.0,0.0,0.0,0.0,0.0,0.0,0.0,0.0,0.0,0.0,0.0,0.0,0.0,0.0,0.0,0.0,0.0,0.0,0.0,0.0,0.0,0.0,0.0,0.0,0.0,0.0,0.0,0.0,0.0,0.0,0.0,0.0,0.0,0.0,0.0,0.0,0.0,0.0,0.0,0.0,0.0,0.0,0.0,0.0,0.0,0.0,0.0,0.0,0.0,0.0,0.0,0.0,0.0,0.0,0.0,0.0,0.0,0.0,0.0,0.0,0.0,0.0,0.0,0.0,0.0,0.0,0.0,0.0,0.0,0.0,0.0,0.0,0.0,0.0,0.0
s__Actinomyces_SGB17157,0.0,0.0,0.0,0.0,0.0,0.0,0.0,0.0,0.0,0.0,0.0,0.0,0.0,0.0,0.0,0.0,0.0,0.0,0.0,0.0,0.0,0.0,0.0,0.0,0.0,0.0,0.0,0.0,0.0,0.0,0.0,0.0,0.0,0.0,0.0,0.0,0.0,0.0,0.0,0.0,0.0,0.0,0.0,0.0,0.0,0.0,0.0,0.0,0.0,0.0,0.0,0.0,0.0,0.0,0.0,0.0,0.0,0.0,0.0,0.0,0.0,0.0,0.0,0.0,0.0,0.0,0.0,0.0,0.0,0.0,0.0,0.0,0.0,0.0,0.0,0.0,0.0,0.0,0.0,0.0,0.0,0.0,0.0,0.0,0.0,0.0,0.0,0.0,0.0,0.0,0.0,0.0,0.0,0.0,0.0,0.0
s__Actinomyces_SGB17163,0.0,0.0,0.0,0.0,0.0,0.0,0.0,0.0,0.0,0.0,0.0,0.0,0.0,0.0,0.0,0.0,0.0,0.0,0.0,0.0,0.0,0.0,0.0,0.0,0.0,0.0,0.0,0.0,0.0,0.0,0.0,0.0,0.0,0.0,0.0,0.0,0.0,0.0,0.0,0.0,0.0,0.0,0.0,0.0,0.0,0.0,0.0,0.0,0.0,0.0,0.0,0.0,0.0,0.0,0.0,0.0,0.0,0.0,0.0,0.0,0.0,0.0,0.0,0.0,0.0,0.0,0.0,0.0,0.0,0.0,0.0,0.0,0.0,0.0,0.0,0.0,0.0,0.0,0.0,0.0,0.0,0.0,0.0,0.0,0.0,0.0,0.0,0.0,0.0,0.0,0.0,0.0,0.0,0.0,0.0,0.0
s__Actinomyces_SGB17168,0.0,0.0,0.0,0.0,0.0,0.0,0.0,0.0,0.0,0.0,0.0,0.0,0.0,0.0,0.0,0.0,0.0,0.0,0.0,0.0,0.0,0.0,0.0,0.0,0.0,0.0,0.0,0.0,0.0,0.0,0.0,0.0,0.0,0.0,0.0,0.0,0.0,0.0,0.0,0.0,0.0,0.0,0.0,0.0,0.0,0.0,0.0,0.0,0.0,0.0,0.0,0.0,0.0,0.0,0.0,0.0,0.0,0.0,0.0,0.0,0.0,0.0,0.0,0.0,0.0,0.0,0.0,0.0,0.0,0.0,0.0,0.0,0.0,0.0,0.0,0.0,0.0,0.0,0.0,0.0,0.0,0.0,0.0,0.0,0.0,0.0,0.0,0.0,0.0,0.0,0.0,0.0,0.0,0.0,0.0,0.0
s__Actinomyces_dentalis,0.0,0.0,0.0,0.0,0.0,0.0,0.0,0.0,0.0,0.0,0.0,0.0,0.0,0.0,0.0,0.0,0.0,0.0,0.0,0.0,0.0,0.0,0.0,0.0,0.0,0.0,0.0,0.0,0.0,0.0,0.0,0.0,0.0,0.0,0.0,0.0,0.0,0.0,0.0,0.0,0.0,0.0,0.0,0.0,0.0,0.0,0.0,0.0,0.0,0.0,0.0,0.0,0.0,0.0,0.0,0.0,0.0,0.0,0.0,0.0,0.0,0.0,0.0,0.0,0.0,0.0,0.0,0.0,0.0,0.0,0.0,0.0,0.0,0.0,0.0,0.0,0.0,0.0,0.0,0.0,0.0,0.0,0.0,0.0,0.0,0.0,0.0,0.0,0.0,0.0,0.0,0.0,0.0,0.0,0.0,0.0
s__Actinomyces_graevenitzii,0.0,0.0,0.0,0.0,0.0,0.0,0.0,0.0,0.0,0.0,0.0,0.0,0.0,0.0,0.0,0.0,0.0,0.0,0.0,0.0,0.0,0.0,0.0,0.0,0.0,0.0,0.0,0.0,0.0,0.0,0.0,0.0,0.0,0.0,0.0,0.0,0.0,0.0,0.0,0.0,0.0,0.0,0.0,0.0,0.0,0.0,0.0,0.0,0.0,0.0,0.0,0.0,0.0,0.0,0.0,0.0,0.0,0.0,0.0,0.0,0.0,0.0,0.0,0.0,0.0,0.0,0.0,0.0,0.0,0.0,0.0,0.0,0.0,0.0,0.0,0.0,0.0,0.0,0.0,0.0,0.0,0.0,0.0,0.0,0.0,0.0,0.0,0.0,0.0,0.0,0.0,0.0,0.0,0.0,0.0,0.0
s__Actinomyces_naeslundii,0.0,0.0,0.0,0.0,0.0,0.0,0.0,0.0,0.0,0.0,0.0,0.0,0.0,0.0,0.0,0.0,0.0,0.0,0.0,0.0,0.0,0.0,0.0,0.0,0.0,0.0,0.0,0.0,0.0,0.0,0.0,0.0,0.0,0.0,0.0,0.0,0.0,0.0,0.0,0.0,0.0,0.0,0.0,0.0,0.0,0.0,0.0,0.0,0.0,0.0,0.0,0.0,0.0,0.0,0.0,0.0,0.0,0.0,0.0,0.0,0.0,0.0,0.0,0.0,0.0,0.0,0.0,0.0,0.0,0.0,0.0,0.0,0.0,0.0,0.0,0.0,0.0,0.0,0.0,0.0,0.0,0.0,0.0,0.0,0.0,0.0,0.0,0.0,0.0,0.0,0.0,0.0,0.0,0.0,0.0,0.0
s__Actinomyces_oris,0.0,0.0,0.0,0.0,0.0,0.0,0.0,0.0,0.0,0.0,0.0,0.0,0.0,0.0,0.0,0.0,0.0,0.0,0.0,0.0,0.0,0.0,0.0,0.0,0.0,0.0,0.0,0.0,0.0,0.0,0.0,0.0,0.0,0.0,0.0,0.0,0.0,0.0,0.0,0.0,0.0,0.0,0.0,0.0,0.0,0.0,0.0,0.0,0.0,0.0,0.0,0.0,0.0,0.0,0.0,0.0,0.0,0.0,0.0,0.0,0.0,0.0,0.0,0.0,0.0,0.0,0.0,0.0,0.0,0.0,0.0,0.0,0.0,0.0,0.0,0.0,0.0,0.0,0.0,0.0,0.0,0.0,0.0,0.0,0.0,0.0,0.0,0.0,0.0,0.0,0.0,0.0,0.0,0.0,0.0,0.0
s__Actinomyces_sp_HMSC035G02,0.0,0.0,0.0,0.0,0.0,0.0,0.0,0.0,0.0,0.0,0.0,0.0,0.0,0.0,0.0,0.0,0.0,0.0,0.0,0.0,0.0,0.0,0.0,0.0,0.0,0.0,0.0,0.0,0.0,0.0,0.0,0.0,0.0,0.0,0.0,0.0,0.0,0.0,0.0,0.0,0.0,0.0,0.0,0.0,0.0,0.0,0.0,0.0,0.0,0.0,0.0,0.0,0.0,0.0,0.0,0.0,0.0,0.0,0.0,0.0,0.0,0.0,0.0,0.0,0.0,0.0,0.0,0.0,0.0,0.0,0.0,0.0,0.0,0.0,0.0,0.0,0.0,0.0,0.0,0.0,0.0,0.0,0.0,0.0,0.0,0.0,0.0,0.0,0.0,0.0,0.0,0.0,0.0,0.0,0.0,0.0
s__Actinomyces_sp_ICM47,0.0,0.0,0.009614315716101302,0.0,0.0,0.0,0.0,0.0,0.0,0.0,0.0,0.0,0.0,0.0,0.0,0.0,0.0,0.0,0.0,0.0,0.0,0.0,0.0,0.0,0.0,0.0,0.0,0.0,0.0,0.0,0.0,0.0,0.0,0.0,0.0,0.0,0.0,0.0,0.0,0.0,0.0,0.0,0.0,0.0,0.0,0.0,0.0,0.0,0.0,0.0,0.0,0.0,0.0,0.0,0.0,0.0,0.0,0.0,0.0,0.0,0.0,0.0,0.0,0.0,0.0,0.0,0.0,0.0,0.0,0.0,0.0,0.0,0.0,0.0,0.0,0.0,0.0,0.0,0.0,0.0,0.0,0.0,0.0,0.0,0.0,0.0,0.0,0.0,0.0,0.0,0.0,0.0,0.0,0.0,0.0,0.0
s__Actinomyces_sp_ICM58,0.0,0.0,0.0,0.0,0.0,0.0,0.0,0.0,0.0,0.0,0.0,0.0,0.0,0.0,0.0,0.0,0.0,0.0,0.0,0.0,0.0,0.0,0.0,0.0,0.0,0.0,0.0,0.0,0.0,0.0,0.0,0.0,0.0,0.0,0.0,0.0,0.0,0.0,0.0,0.0,0.0,0.0,0.0,0.0,0.0,0.0,0.0,0.0,0.0,0.0,0.0,0.0,0.0,0.0,0.0,0.0,0.0,0.0,0.0,0.0,0.0,0.0,0.0,0.0,0.0,0.0,0.0,0.0,0.0,0.0,0.0,0.0,0.0,0.0,0.0,0.0,0.0,0.0,0.0,0.0,0.0,0.0,0.0,0.0,0.0,0.0,0.0,0.0,0.0,0.0,0.0,0.0,0.0,0.0,0.0,0.0
s__Actinomyces_sp_ph3,0.0,0.0,0.0,0.0,0.0,0.0,0.0,0.0,0.0,0.0,0.0,0.0,0.0,0.0,0.0,0.0,0.0,0.0,0.0,0.0,0.0,0.0,0.0,0.0,0.0,0.0,0.0,0.0,0.0,0.0,0.0,0.0,0.0,0.0,0.0,0.0,0.0,0.0,0.0,0.0,0.0,0.0,0.0,0.0,0.0,0.0,0.0,0.0,0.0,0.0,0.0,0.0,0.0,0.0,0.0,0.0,0.0,0.0,0.0,0.0,0.0,0.0,0.0,0.0,0.0,0.0,0.0,0.0,0.0,0.0,0.0,0.0,0.0,0.0,0.0,0.0,0.0,0.0,0.0,0.0,0.0,0.0,0.0,0.0,0.0,0.0,0.0,0.0,0.0,0.0,0.0,0.0,0.0,0.0,0.0,0.0
s__Adlercreutzia_equolifaciens,0.0168058838283806,0.0,0.0,0.0,0.010982801883243198,0.005159017975092401,0.0,0.0,0.0,0.0,0.0,0.0,0.0,0.0,0.0896190051185972,0.0035385667347667,0.0,0.0,0.0338116716813596,0.059964964947874295,0.0,0.060393709360837995,0.0,0.0031028132299415,0.787174532280259,0.007075892794105401,0.0,0.008522150314211701,0.0269595406390399,0.010554289480080898,0.0,0.06790646296071241,0.0,0.030917863352755,0.08387664686373203,0.0,0.0,0.0014649765204758,0.0,0.03905796533731639,0.0,0.14064551308511167,0.022801400498230106,0.028937016675570203,0.0,1.3201900186841131,0.5629821605210567,0.0082950707691007,0.0176407803136945,0.0016520664537375998,0.0,0.0790129274298996,0.029942190998757903,0.0,0.012235309348396502,0.0,0.06960628140664293,0.0029797122693934006,0.1119824504554985,0.005499870518123698,0.035889849643909,0.055955894662598815,0.0404243713841,0.0,0.0,0.0,0.0,0.0157330129552894,0.0,0.0,0.2657928233570935,0.0,0.0624752568924274,0.004902628491195899,0.0788376556575559,0.0129165261003053,0.10667178906480539,0.025334268073994904,0.033507025117813095,0.0,0.0986640742345762,0.08245376686723331,0.0663420335021326,0.0660884694589466,0.0058558869493217005,0.0278021486429864,0.0,0.0,0.0,0.27529674098067425,0.0065431902605298,0.0,0.0,0.0,0.0,0.0025735646481974
s__Agathobaculum_butyriciproducens,0.0889785202692906,0.030360302534378703,0.17249145516133593,0.0,0.12602968116704638,0.0729148988470561,0.08589466372552942,0.08096834873638242,0.010582965436034902,0.0,0.0033977171847693,0.174478598351659,0.1226429980276113,0.3150217542383644,0.1036557167636798,0.022292970429024204,0.0484223491664976,0.0418806828583745,0.0238297276525622,0.2177373366238071,0.04788306399280501,0.4468777133476444,0.0279429898969998,0.0459367714774147,0.2277473082527598,0.014355747021300201,0.0344936026206034,0.031099293146614002,0.1368335495134635,0.07396388564133169,0.0744039295947934,0.09876531677137391,0.04126946099934971,0.1265432142862048,0.02567652455012961,0.010015689876399801,0.0241100869722802,0.0653879764017091,0.032081122430693,0.06130327795258409,0.6057041488014702,0.1378753056261302,0.13056239816862683,0.051019666348638505,0.0,0.0379077079203696,0.0395624884477686,0.0,0.0,0.0450233495084404,0.059033947633842,0.1415751536844288,0.0015669284716339005,0.04573837064014801,0.029416164008177804,0.0738516425133431,0.4623554799582129,0.0673688969413367,0.1526159484955672,0.023022071063302094,0.0018656192147583999,0.07550623400571921,0.0358605391693156,0.0270500010543686,0.0,0.3159782916752382,0.07721941449721141,0.0252247178198088,0.043110282493409605,0.022851568875996504,0.20777562929959287,0.0003841885289949,0.0,0.03719932545897149,0.0104872298684403,0.0790287452189674,0.07270630767908348,0.11232932972141701,0.08750883799177028,0.0482758187248807,0.0758183361480731,0.05229822436437961,0.012797039345539602,1.3331733812369284,0.03214194931677831,0.0281681757859679,0.0024036349478743,0.0,0.0471875909598446,0.21949350267086715,0.010421060012837002,0.21658591065515953,0.0201623227390652,0.3183087490946107,0.035730995550061706,0.0177867546868036
s__Aggregatibacter_sp_2125159857,0.0,0.0,0.0,0.0,0.0,0.0,0.0,0.0,0.0,0.0,0.0,0.0,0.0,0.0,0.0,0.0,0.0,0.0,0.0,0.0,0.0,0.0,0.0,0.0,0.0,0.0,0.0,0.0,0.0,0.0,0.0,0.0,0.0,0.0,0.0,0.0,0.0,0.0,0.0,0.0,0.0,0.0,0.0,0.0,0.0,0.0,0.0,0.0,0.0,0.0,0.0,0.0,0.0,0.0,0.0,0.0,0.0,0.0,0.0,0.0,0.0,0.0,0.0,0.0,0.0,0.0,0.0,0.0,0.0,0.0,0.0,0.0,0.0,0.0,0.0,0.0,0.0,0.0,0.0,0.0,0.0,0.0,0.0,0.0,0.0,0.0,0.0,0.0,0.0,0.0,0.0,0.0,0.0,0.0,0.0,0.0
s__Akkermansia_muciniphila,3.6280912664792537,0.0,0.0,2.141953335523938,0.858931650556243,0.07108239698712801,0.8199297531747174,0.0,1.1903608122815965,0.0,2.710286190065192,0.1287978597004421,4.047179487179559,8.74499782620261,3.99456101963462,0.0,3.363329942801801,0.0,0.0,0.0,0.1955605796550164,0.0,2.0180805698274336,0.0,0.044577584465144,1.1543432645816063,0.0,1.1652795009638672,0.5321578891358207,2.0218352795275534,18.643900637811075,0.21371905874444222,0.0,0.10921263746231828,0.4705287963519736,1.3764889598099406,0.2437929001309046,1.863557327449283,0.0,0.4295947292905493,1.0135150967871158,0.0,0.0,0.0,0.0,0.0,0.0,0.0,0.0,1.1774513625281908,0.3886865913614718,0.0,0.34783680194802263,0.47222237265476835,0.025877149932146404,0.9731926325791016,1.3297855634195828,0.25168293806477426,0.0,0.16331022558588718,0.2437314902881019,0.0,0.0,0.026504638129885398,0.0,0.6231298121305987,1.9219449663575683,0.0434842996958601,0.7200268546432632,0.0,0.0,0.30558995910470954,0.0,2.736525921637362,1.455270762817573,0.40005823767029064,0.0,0.05463757147956311,2.8260092218322477,0.0,0.0,0.0,1.125749902610048,0.0,0.0,1.829594631304836,0.1810330931644747,0.0,0.487986692526978,0.0,1.887378654992324,2.7065007381964437,0.0159546409434585,0.0046516591824988,2.699611185295801,0.1031581061200995
s__Alistipes_communis,0.0966233020107683,0.9760371447889153,1.0065333435331292,1.1524594161064927,10.740635160831467,0.9132278854959396,2.243970699949759,0.8602741006437887,1.2911774830143312,6.064827641019453,2.746551620425093,1.6073261612822694,2.4334911242604065,1.1411732435336477,0.0,1.6989491497552693,0.267124614938468,1.020626082334643,0.9501310538855816,0.2346036263376423,3.1893733651806677,1.18603060446756,2.646492216058126,2.0703710472713617,2.7097131613325565,1.9046859982359048,0.43266328806251164,0.909562547535559,1.8944321145502894,0.0,0.0,2.526540790426146,0.36250497436267753,1.531048592765737,5.199833387885262,1.4031426232181823,0.0,1.373552457295628,0.0,1.4347511813176104,0.04944246803380021,0.29446319839612956,2.9495770943910777,1.5410191230280141,0.017762649555753,4.340506653262161,2.107976833497469,0.7624023619283684,3.6100559016727445,3.8446128019174886,0.20057119687471914,6.528030908256096,0.05379787752608741,1.5196867633372104,2.0957617886600834,1.0334489360419596,0.5271742073754546,1.299377171636571,0.0,1.8281956527807584,1.7072398035456324,1.4869665830370484,4.015457218623864,4.170699322513864,0.1040893915536969,3.3357399487343407,0.17574795449140454,0.7727750043941763,1.8684586863294113,0.7575894970952868,1.1241112382369614,3.016104062585614,4.688247886941538,0.9368569248743105,0.5206675596203438,10.433437260382297,5.0099017785537105,3.1315407274397544,0.0,0.19726701516385223,2.297562884599524,3.5153027752399852,1.8474483833268538,3.1226317633875844,0.4996151144694868,1.3450065224445524,0.377452165967058,0.849762968561407,0.0,1.055600734889959,2.7064327910836083,3.5086884600340253,2.1513593218352174,1.490889758481582,0.3197006280458814,2.4950265546232404
s__Alistipes_dispar,3.836374713926239,0.0,0.0,0.0,0.0,0.0,0.0,0.0,0.0,0.0,2.701757226519759,0.7275509681730246,0.0,0.0,0.0,0.0,0.0,0.8831435024661025,0.0,0.0,0.0,2.692802282632079,0.0,0.6920976266127533,1.0864329930536898,0.1350538473872695,0.0,0.0,0.0,0.0,0.0,0.44622730608363004,0.0,0.2181252402063503,1.5781725680311318,0.0,0.3411787416267796,0.0,0.0,0.0,0.9334501173719175,0.0,0.0,0.0,0.0,0.0,0.0,0.0,0.0,0.4762853122396373,0.0,0.0,0.0,0.0,1.1827112810308338,0.0,0.029166729623556306,0.0,0.0,0.0,0.0,0.0,0.0,0.0,0.0,0.6896197924878908,0.020032252554583505,0.0,0.0,0.0,0.0,0.0,0.0,0.6721402576305995,0.0,0.0,0.0,0.0,0.11090208620288149,0.0,0.0720594395707939,0.0,0.0,0.0,0.0,0.0,0.2514446592928805,0.0,0.801465155339438,1.1412628958172655,0.0,0.9599023025670289,0.0,0.2034523558756714,0.0,0.0
s__Alistipes_finegoldii,0.4556753238028327,1.2497045830219264,4.151223479453255,0.0,0.0,3.0379962841064407,0.22307687777827415,0.18357499211345668,2.5182166255045084,0.131984385088873,10.972944983504734,0.0,0.5871005917159644,0.0,0.0,9.939854773058212,0.0,0.1218081184163843,0.0,0.739141060720104,0.015988707404370705,1.116557737246057,0.0635266410939724,0.6957491080357889,0.7494184832645584,0.025699140569278703,7.584880260557039,0.5740258231643218,0.3025236782807431,2.1861515502526263,0.544534138524102,0.26165802806296556,0.35118181391203435,0.0285318729738639,0.20375229986443433,0.41235027109202976,1.4512144996697312,2.34890523972078,4.807220172281284,0.015325819488152098,0.3068664229527414,0.697172526987621,0.0011493577644224005,3.0890893891447306,0.0841094350260273,1.492360366854116,1.6853690225014109,0.31973229902480804,0.4111838097262172,0.10215580148551752,0.0107513241665184,0.0,3.5269534614782607,0.0,0.28121550311998944,0.1487868487866288,0.27618414290814813,0.0,0.0,0.09001546873128297,0.1529807756101993,3.6353649239818555,6.4431299047381945,0.1657721502787227,0.0383541937778922,0.23413576479446077,0.0,2.322599694653919,6.330776495906947,0.009598216963788401,7.115276957849588,0.0,11.230935748004994,0.12355129223427148,0.0418097644332682,0.0759695679846841,0.0,0.21874733022556872,0.0159620889595072,0.3863047512204209,0.8112534124168039,0.2508311554330173,0.0104791585508377,2.6011583083721654,0.018712666676045004,4.351569389118222,0.109385759915972,0.0033245096577004,0.0,0.0,0.0,0.1297276509548858,1.279406729206061,0.3344905847613856,0.21884701157392997,0.0812511124645072
s__Alistipes_ihumii,0.0210600047974694,0.0,0.0,0.05571242681301212,0.8458381095571064,0.08235753581957052,0.23378632086394585,0.23453948521422532,0.16746150307071772,0.1328580805699264,1.2491464535719972,0.2898457012148168,0.2813806706114435,0.1307531097230928,1.1701022459106816,0.0,0.096569831639547,0.12077649865479691,0.0,0.0,0.0,0.5422256220982015,2.034220557221074,0.9511446921271328,1.2947580868919597,0.6535551889828157,0.5262326882034112,0.06260502730824512,0.5397614666730259,0.4093171494505268,0.0,2.247388647784564,0.030073731614883404,0.10885545327387969,0.26605029175275,1.6953868801866459,0.0,0.2005112172537476,0.0,0.6697611859896875,0.03139948206886841,0.8088567802743754,0.7670627964965585,0.9891168612727536,0.0,0.0,0.7701240548230407,0.5009872556852727,1.3477132357132449,0.05382831906957649,0.0,0.4048435591692217,0.17314026642686853,0.19132440898705885,0.040123950186993405,0.0904098512199201,0.4998749633505848,0.0,0.1718424161198366,0.06580498343542207,0.4885357116247011,0.40607951383966323,2.8930275435726047,0.474538459357013,0.071333157920675,0.4282870103876702,0.018566988522377804,0.42313883714731915,0.9019767927586221,0.0339564826887517,1.3654807516746867,0.0,1.2631276496773374,0.03838707566044689,0.0271984851835234,1.9270692147347133,1.9615906229982223,0.0,0.37730349234676985,0.0007463308020934,0.1304197893931997,0.5000883560972436,0.3453447604207019,0.5223051147758808,0.04504780072186801,0.4510090970476328,0.0233980961310034,0.3022762114457179,0.4286444670066426,2.0261706970663806,0.0,0.44772502479312426,0.4498147571174313,0.1213225293875034,0.6299882518877068,0.0677367286468827
s__Alistipes_indistinctus,0.0014742003358228,0.304397654200795,0.0,0.0,0.0,0.21646865919924102,0.0,0.14205096449308047,0.0,0.0433888449379194,1.6617263974368663,0.490620024086444,0.4025641025641026,0.15805297127223636,0.0,0.0,0.0362824035381955,0.8000288237640945,0.0,0.0,0.10222390461259313,0.0,0.0,0.0,0.2302766416216513,0.40229039275753736,0.0,0.03970010946373351,0.0,0.0,0.4572301069292193,0.0,0.027452292539493904,0.0794377635126319,0.10545530183919874,2.324730054535166,0.0,0.931748887779104,0.0,0.18522510941089879,0.03645595797154121,0.27902449279470815,0.09350431752180413,0.0,0.0,0.0,0.5938348221681379,0.03772177960564041,0.2814896404649927,0.0865973294981032,0.027632214245046503,0.1874960565019565,0.36770588134342763,0.07840200407096233,0.45868042264296544,0.0236183038299241,0.14522247101278835,0.0034934557641164,0.1425337764486657,0.13424935196876556,0.0828334931352618,0.25589412072384027,0.0,0.0,0.6171416963987,0.1433533029601715,0.15247118872262583,1.27945450147858,0.034408617368427305,0.003989956470411701,0.0,0.0,0.0,0.010841379498572598,0.1195215293088216,0.7426577621948631,0.0,0.018142150859655204,0.017164641701466195,0.0943519256120048,0.025616184082337096,0.0,0.1082781456953522,0.0082710272068946,0.062157459238580716,0.05859617132424111,0.8478856228273105,0.099735289731007,0.4977171340449094,0.0,0.0,0.0,0.2729687292739098,0.2523112725372357,1.3316732863636644,0.1018523073084644
s__Alistipes_onderdonkii,1.7096301294537752,0.9258659228209808,0.18116976177527594,49.371298892350275,7.761976356938581,0.5833308627628899,0.4657512147069251,0.11781887859420835,4.341759044814979,2.389754426747285,0.3399624066862952,2.452345734892804,1.5659763313609754,0.4950837481257145,15.802331198420006,41.18421258043747,0.9101752443144931,0.5727491327080368,0.0,2.8433052171592808,0.38981299234056316,1.580443516303125,0.006476370054254399,10.450710109079138,5.576260320829916,0.29776800296966077,0.1417462187027593,11.43763038070556,10.584287893346414,2.4657383923481144,34.55573003134524,4.27165302716654,0.9915775347040258,3.3258991397576425,1.2795468067481024,0.34804008168031186,0.0,0.6166121905817723,0.0,7.6943905785097915,1.0205201658425553,4.492050161558967,0.6298016162059865,35.23319551354921,0.0,14.855968493033872,9.274644454932684,0.889706528494285,17.07589392137927,2.0806596937359543,0.4598485571099835,0.0,1.5528900716534086,0.7206423796331097,2.451583943220922,1.0134537985343517,1.1988578458078434,0.0738078154085355,1.748975487191666,3.7497370978980205,1.571970750355552,6.3941587978096095,3.3112488062198535,0.5071693410052357,0.8677432172620384,1.2787376158010795,2.079293391073139,0.3338621829036421,1.082776828494044,0.0,8.183358945859705,0.8762219796498353,0.3785593752055728,2.4027428437419096,1.7492927128806586,1.5478303776865847,1.0853753649775824,0.30460234980964396,3.405999381456227,0.20194140281906103,0.9044462038555334,5.183820031150054,0.1902999610439973,0.0,2.614015591053682,1.1677061572290366,0.3353138651577043,13.488491350734066,11.889471611773743,0.9283243507836809,57.220599198368035,2.850320631437835,19.796476529217948,5.917817718631813,0.07818556553157432,0.2635558397604761
s__Alistipes_putredinis,3.965261943286736,21.822782694353837,3.2425319762665312,0.002808890253998401,17.200459445279375,14.133993469757252,3.6447850284725103,7.223054364462839,1.1458705825866697,13.034268309627684,8.894114131053845,7.124713400850961,1.4198224852071135,0.10074277740852139,19.4841336692494,0.0,8.467970929487812,13.037980082348108,22.929852513411397,20.29150021927411,18.34452923535189,4.913923888068439,12.535079731392369,14.936261783595588,15.60712125378925,11.869959210851448,20.296433190151507,12.757042803352322,13.38703135049109,6.953695420935924,0.0,13.032213055386496,20.35807765503573,9.944193542395771,17.49663222554299,5.924311411038036,10.57961384465289,18.357120542198658,14.083294502342778,7.228168284360405,13.464112710574645,9.059158710988614,15.257039351920282,0.013643141976242001,0.0195718083068017,9.37834915636831,17.64630784596413,0.05951001958094331,0.055253254856389204,7.239155499938134,0.6914281462455634,8.958407556876592,4.111535034548675,12.431104258264176,14.602214061652552,25.143335168619895,4.891114554452843,1.246067721667492,7.405027111664205,7.307586753548123,22.988789610739957,0.15976805397547164,14.494575085767067,19.629320455981876,8.253486920373689,14.033836962242969,3.1356231642335595,14.542671222503067,13.549288685867342,0.09031810555747072,11.53735151213311,11.430889366029824,0.0856521242865819,2.719164551671126,8.117748441084144,9.229452738686057,15.447218449027304,9.633031719488972,9.061039624318463,10.58513120495518,7.50548624877306,16.238849067038498,20.105570705103705,22.733601834117575,1.7129450760333258,17.727888101364865,14.143802824800817,20.35333945978452,2.405893751995977,24.19222487889999,0.0,23.49958776898752,9.817002859619608,7.723486243707817,3.3346154371561973,9.686808592207012
s__Alistipes_senegalensis,0.2828569244347942,0.1573091126804037,0.0,0.0,0.0,0.21342227075692743,0.0,0.8991576020283162,0.5192337041827177,0.0832265405012561,0.22014087004786578,0.0,1.3169625246548469,0.33833180282083164,1.2826536059809162,0.0,0.1110003330468098,0.1475524205263928,0.0,0.0,0.19539446321444504,0.0,0.369924436042771,0.2331839820672334,0.0,0.0,0.0,0.23787288177036173,0.0,0.0,0.295347681352897,0.0,0.0,1.1229299390358098,0.0,0.007876815652281502,0.0,0.0518696971274118,0.0,0.8950879032963732,0.3137234975915054,0.0,0.0,0.0,1.5045622049631886,0.0,0.0,0.0,0.0,0.0,0.2597690366452749,1.065502193395072,0.0,0.32951432380011736,0.6492880910210127,0.0,0.13523991163057122,0.08199346175776631,0.0,0.10619724857229079,0.5396420179889979,0.0,0.0,0.0810772881065055,0.4226385665895801,0.0,0.08151054487723151,0.1530144766936249,0.0,0.2097656835283379,0.0,0.0,0.0,0.0,0.0,0.2187736608239136,0.0,0.09055593377115022,0.0,1.384188314187972,0.4055849406908587,0.0,0.3366186209583013,0.0,0.7010216396287294,0.943379261252186,0.0,0.0903310957451497,0.0,0.6183701367609862,0.0,0.0,0.3780250424932485,0.4125790761441969,0.07474907193326423,0.1696270689304494
s__Alistipes_shahii,0.6208910614389781,5.66670388635171,4.4689234577979216,4.3069428952611535,3.678531185358648,2.2676685277260034,1.2732596572950818,2.475434927385574,2.6487491491852877,7.317608317806519,5.487711965113131,8.263377545714565,0.7629783037475367,3.2159193537370983,0.0,0.0,2.818437263738745,2.3739264418156827,0.6960819234879145,1.5554670437821123,4.051289281606699,2.133780776865469,4.665053056024436,3.516111736088354,1.1810607196367455,2.8151070781834555,1.9962265259968737,0.5953443099503384,2.736316259471722,4.56356216015281,0.0,5.8980006074109905,1.934713059827458,2.66480835639556,1.8080423024632641,6.699344825806292,0.0,7.25627882385973,1.665929057499727,0.5739891106621278,3.54217236564393,1.4514244669540515,7.022622379319249,0.0,3.2803337536064623,1.5357512068818036,4.9976050899059095,1.8150774839496544,7.947134448598006,2.7978017712694347,0.7245343578558698,2.2818628446141145,6.514776934940865,3.035613572660369,1.5257687865310698,3.8858628113468763,1.2088913366154765,0.8591674957915731,1.0178773323229355,2.749534514727656,3.34518351338311,0.0,0.0,5.783410205267403,0.7593625512205857,10.833918641311087,0.8862544837079477,2.741532135976421,4.453494520162357,0.12706476759616914,0.0,0.0,5.5936683680858925,1.8425038178587902,5.128951180869741,2.367534085041193,3.8102006209831756,6.897057438837885,0.4839606701528375,4.151072280959827,1.1656199067821529,0.6668381323452519,0.5210362290611611,0.0,0.31137615633319116,5.183135315301381,1.0313359307981151,0.5361203907630574,0.0,3.046436651557762,18.945429907618724,5.78753244837566,4.128155375745403,2.073914204600136,3.7539103455106826,4.038151130872523
s__Alistipes_sp_AF17_16,0.0,0.315974574616671,0.0744647241280589,0.3394768250764274,0.0,0.29306023375252593,0.0,0.3204150066013197,0.0,0.883644336043579,0.1098017380016789,0.0789545294115835,1.7508284023668996,0.08237662750217029,0.0,0.0,0.3435070149797576,0.1136629414928232,0.0,0.0,0.3597666811534019,0.0,0.0,0.0,0.0,0.0,0.0,0.0,0.0,0.0,0.0,0.0,0.0,0.0,0.0,2.0039606192123323,0.0,0.21144494445534961,0.0,0.24233952065638187,0.021989503742655604,0.0,0.0,0.0,0.0,0.0,0.0,0.0,0.0,0.0,0.11524895051668968,0.0,0.20990445893480006,0.8540975375395884,0.6981083364803902,0.2969641929583177,0.0,0.0,0.0167879888036309,0.13927938430193276,0.1100598735506567,0.0,0.0,0.0,0.0,0.0,0.57492774155087,0.2730606432535242,0.0,0.0,0.0,0.0,0.0,0.059867664410490386,0.1182564834863339,2.7558513137891696,0.0,0.0,0.0,0.0,0.0356677519668358,0.0,0.0,0.7605699398516191,0.08767473197866281,0.0,0.0366927775658554,0.0,0.0,0.0,0.0,0.0,0.445076487881318,0.3455094086405054,0.0,0.8421134569286803
s__Alloprevotella_SGB1483,0.0,0.0,0.0,0.0,0.0,0.0,0.0,0.0,0.0,0.0,0.0,0.0,0.0,0.0,0.0,0.0,0.0,0.0,0.0,0.0,0.0,0.0,0.0,0.0,0.0,0.0,0.0,0.0,0.0,0.0,0.0,0.0,0.0,0.0,0.0,0.0,0.0,0.0,0.0,0.0,0.0,0.0,0.0,0.0,0.0,0.0,0.0,0.0,0.0,0.0,0.0,0.0,0.0,0.0,0.0,0.0,0.0,0.0,0.0,0.0,0.0,0.0,0.0,0.0,0.0,0.0,0.0,0.0,0.0,0.0,0.0,0.0,0.0,0.0,0.0,0.0,0.0,0.0,0.0,0.0,0.0,0.0,0.0,0.0,0.0,0.0,0.0,0.0,0.0,0.0,0.0,0.0,0.0,0.0,0.0,0.0
s__Alloprevotella_SGB1484,0.0,0.0,0.0,0.0,0.0,0.0,0.0,0.0,0.0,0.0,0.0,0.0,0.0,0.0,0.0,0.0,0.0,0.0,0.0,0.0,0.0,0.0,0.0,0.0,0.0,0.0,0.0,0.0,0.0,0.0,0.0,0.0,0.0,0.0,0.0,0.0,0.0,0.0,0.0,0.0,0.0,0.0,0.0,0.0,0.0,0.0,0.0,0.0,0.0,0.0,0.0,0.0,0.0,0.0,0.0,0.0,0.0,0.0,0.0,0.0,0.0,0.0,0.0,0.0,0.0,0.0,0.0,0.0,0.0,0.0,0.0,0.0,0.0,0.0,0.0,0.0,0.0,0.0,0.0,0.0,0.0,0.0,0.0,0.0,0.0,0.0,0.0,0.0,0.0,0.0,0.0,0.0,0.0,0.0,0.0,0.0
s__Alloprevotella_tannerae,0.0,0.0,0.0,0.0,0.0,0.0,0.0,0.0,0.0,0.0,0.0,0.0,0.0,0.0,0.0,0.0,0.0,0.0,0.0,0.0,0.0,0.0,0.0,0.0,0.0,0.0,0.0,0.0,0.0,0.0,0.0,0.0,0.0,0.0,0.0,0.0,0.0,0.0,0.0,0.0,0.0,0.0,0.0,0.0,0.0,0.0,0.0,0.0,0.0,0.0,0.0,0.0,0.0,0.0,0.0,0.0,0.0,0.0,0.0,0.0,0.0,0.0,0.0,0.0,0.0,0.0,0.0,0.0,0.0,0.0,0.0,0.0,0.0,0.0,0.0,0.0,0.0,0.0,0.0,0.0,0.0,0.0,0.0,0.0,0.0,0.0,0.0,0.0,0.0,0.0,0.0,0.0,0.0,0.0,0.0,0.0
s__Anaerobutyricum_hallii,0.0017690404029873,0.000945334329816,0.00046222671712020007,0.0,0.009788262713259999,0.0,0.006053163483209302,0.0066129993340264025,0.0,0.0256612817901854,0.0,0.0078402211427324,0.0,0.020469475220334397,0.0035459874697807998,0.0,0.025669495095844104,0.010516362644217,0.0077316791899354,0.0181346151876122,0.019352565325809604,0.014551221023890101,0.0058505635096861,0.0145870060992984,0.0049666909789255,0.010919781340792302,0.0115652920825224,0.0,0.0153459627779432,0.0,0.0,0.0,0.005352104778919701,0.0179163588929579,0.0,0.011311354069856002,0.005121423703262,0.0,0.009639735667976698,0.027420635987197597,0.0,0.027581630787172292,0.0,0.0020989449194217,0.0,0.0,0.0,0.0016962215952646001,0.0023521040418258,0.0015976027244935002,0.1558614219871269,0.0234465381758253,0.0,0.0018567674143507005,0.0006200836628976001,0.0144588039216882,0.0,0.030790360117065308,0.0814076775505388,0.0,0.0,0.0088411454359868,0.0064101688942978,0.0018178764149439997,0.013096553972948101,0.00037721244529469996,0.006279702995167001,0.0,0.0008955970459007002,0.009681922344286501,0.0067566424244016,0.0,0.0104609732471069,0.005155341300020299,0.0142697168776848,0.0109195631834818,0.004277632903229399,0.010541870437456701,0.0080684094225454,0.0,0.0008631540288617,0.015149314650013401,0.0098558628749514,0.0429273147597507,0.0,0.0,0.0,0.0,0.0,0.015704346843816604,0.006051307076608901,0.006239439049735002,0.0,0.000148457207952,0.0032657361524248015,0.0025355316731009
s__Anaerobutyricum_soehngenii,0.0017269203933924,0.0,0.0,0.0,0.0,0.0,0.0,0.0,0.0,0.0,0.0,0.0,0.0,0.0,0.0,0.005141329314631601,0.0,0.0,0.0,0.007756298089657899,0.0,0.0,0.0,0.0,0.0,0.0,0.0,0.0,0.0,0.0,0.0,0.0,0.0,0.0,0.0,0.0,0.0,0.0,0.0,0.0013438684998937998,0.0,0.0038542016820522994,0.0,0.0,0.0,0.0,0.0199449188214916,0.0,0.0,0.0,0.0,0.0,0.0,0.0,0.0,0.0,0.0,0.0,0.0164831789510511,0.0,0.0,0.0,0.0,0.0,0.0,0.0,0.0,0.0,0.0,0.0,0.0,0.0,0.0,0.0,0.0,0.0,0.0,0.0,0.0,0.0,0.0,0.0,0.0,0.0,0.0,0.0,0.0,0.0,0.0,0.0,0.0,0.0,0.0,0.0,0.0,0.0
s__Anaeromassilibacillus_sp_An250,0.0,0.0276887055153263,0.0,0.0,0.017500578713636798,0.008018654635494402,0.013749719767290204,0.0,0.0,0.0,0.1061613267322604,0.0111676002187719,0.0,0.0,0.0113986932852127,0.0,0.0059401746533511,0.0160132022693788,0.0077316791899354,0.0368546113631194,0.013268550690120501,0.0109217913748,0.0093143299656694,0.0041433908375437,0.0159884527500599,0.0019454782848537004,0.0,0.0,0.0,0.0026235974984535997,0.0204328584583652,0.0035879919463380006,0.0,0.0,0.04709956422528831,0.0,0.0024819207177347,0.0,0.0019813301213199,0.026534254636203694,0.022606147145422206,0.14712757955037986,0.0005572643706289001,0.017403751623539302,0.0,0.0020154215313407,0.2539294471294173,0.0,0.0062193021286118,0.11885801178703849,0.0,0.0417653375148125,0.0,0.017298883077035105,0.011085885973269002,0.0,0.0,0.040260365203099405,0.0221807785031212,0.009673139102227698,0.0103192062816332,0.0,0.0397612504640136,0.05388185693894399,0.0037418725636993006,0.22571135351619284,0.012266353183893302,0.0,0.0,0.0080357165278226,0.1062248319506966,0.012149962229465202,0.1421530031245719,0.007935182197090298,0.0019608210248591,0.0041922058395726,0.012698381951725096,0.0066572826661108,0.006876134909150199,0.0,0.0128220138803522,0.024092239472925603,0.0809894818854405,0.006322892699485499,0.020348389287587504,0.0,0.0,0.0,0.0780792175782155,0.04689492460304191,0.06722784818379361,0.0024035833806367005,0.0,0.0040248398600345,0.0043756595506347015,0.0
s__Anaerostipes_hadrus,0.0818812986525307,0.0256199303877723,0.057119666568129106,0.05552959963673162,0.0174193964399486,0.0,0.006477706623434403,0.03699073479068631,0.0031748896308103004,0.312261583299665,0.0254828788857708,0.0059677284643135,0.0385207100591503,0.040028232263472296,0.0334353489797466,0.04128674775535011,0.05318670518668169,0.0071905437113461,0.0,0.0387327086992787,0.008824935905009702,0.012541075372086399,0.0273608442741474,0.0200547684374272,0.0127233133102107,0.012990774353701204,0.0314951935621602,0.024202906892347005,0.0231037710968432,0.06666812821411548,0.0023911883580119,0.0035030690600341002,0.027962016804153104,0.0677649842338864,0.0,0.14653345045038932,0.0011293395858474,0.0,0.005738671180403599,0.05016632517155269,0.012900179985876503,0.07515693280001959,0.00016253544143340006,0.0006449882825306001,0.0,0.0,0.0145904212715248,0.010177329571588001,0.023298544089967,0.0025961044273019,0.24691989312922402,0.0084826906408472,0.003826716471541401,0.0,0.0011040513997934,0.0230257298987075,0.10994397033889734,0.012826462584917701,0.1422055196843665,0.0013956957847499995,0.0052936945218773,0.021789145526109503,0.0200756607967465,0.0,0.0016036596701568,0.0,0.0,0.0014886270938598,0.011222604957892401,0.16121656283941643,0.0802040671674082,0.011173483051603102,0.0023014141143635,0.005559681794139599,0.0050854842064089,0.0579827388756968,0.04435017510045909,0.025179447546876003,0.017668274901090096,0.030403160043177502,0.0007100137979347,0.014076163671263901,0.0020841449162445,0.0656669432789704,0.0,0.0,0.0015616837231951,0.0099735289731016,0.0576587581296683,0.009356025349203602,0.0016701149965687003,0.0,0.06117796581412639,0.0003628953972161,0.021558127542151907,0.0167218313841012
s__Anaerotignum_faecicola,0.2144961488621917,0.0,0.13745467000363512,0.0,0.0,0.0277326396127004,0.09342688072951073,0.0,0.0079093741679839,0.3020027073286336,0.0,0.2741922012700427,0.8173767258382502,0.0,0.0490794113464287,0.0,0.2323234374706309,0.0827143486452889,0.21629468699006876,0.0,0.0,0.0357359226987141,0.3595185830342629,0.215683358666652,0.0,0.0143400576802933,1.079962691224415,0.0,0.1109844705025889,0.10439282466448388,0.0,0.0,0.13968265295457902,0.1511317738195434,0.0,2.104734500925613,0.0453574294129743,0.0369698139801308,0.0,0.28681584941353333,0.21607184832939338,0.035432376827034595,0.0,0.0,0.1267726877552925,0.0,0.3763463550894526,0.4472443895281955,0.185350036521174,0.1358688498876059,0.3722973776930415,0.011037028946181,0.0,0.025546025009110206,0.11689333245208501,0.8253539020824147,0.4734924849832906,0.0668037790971348,0.0,0.05148873756412808,0.0205101512422518,0.1512691464273121,0.0,0.0,0.20569905009891779,0.0,0.0,0.3429441738891089,0.0,0.22700899191095844,0.0,0.005810851501048601,0.0032312784029951995,0.3235987516997991,0.0321827657241363,0.0,0.006268480921084598,0.0,0.21637726772410526,3.2457337374518698,0.1100660605190686,0.4870138000061573,0.0,0.0,0.233548474476021,0.0,0.0105787097423397,0.0,0.0,0.0,0.18732741906719122,0.6037603897361095,0.189900946728394,0.0,0.0,0.0
s__Bacteroides_caccae,0.0,0.0681736757270322,0.0,0.0,0.0,0.28498321918519526,0.0,0.0,0.0,0.3972073310378569,0.3039570057027816,0.2735051715822795,1.0665680473372912,0.12791253636095706,0.9102022231255548,9.514800055368184,0.0,0.2904394561608333,0.0,0.0,0.38765347861321503,0.0,0.8285678650085898,1.324447178956256,0.0,0.5588543266652624,0.6744397645201705,0.0,2.501098894319534,1.1725084838637303,0.0,1.2010325349131235,0.19464185134764864,0.2604729975897166,0.0,0.08076306805874021,0.0,0.2972592194962274,0.9221295171888454,0.8386883157210397,4.202178132493045,0.6929350950246869,0.6570263026461066,0.40323792863433516,0.0,0.2772982918709412,1.0520769312696403,0.0,0.0,0.09812548552142299,0.4332324741123727,0.4832274331358791,2.1947338198912782,0.010893035497524704,0.29966677308914297,0.7935750086854386,0.0,0.20979571846170783,0.0,0.0,0.1372046331253848,0.34233770722860796,0.5313158854516965,0.8384773176288305,0.8049629109155099,0.6395134060045721,0.35643594200565665,0.1815851911922916,0.896083543061518,0.0,0.0,0.0,0.0,0.0,0.49634072845386606,0.48425642590092494,0.10579743013804856,0.24817730497150312,3.327463437000585,0.6021121947310627,0.0,0.0,0.2635956369302419,0.5507524356238331,0.40824364938873414,1.205613837863009,0.2182826449273052,1.1784115899523266,0.1059742722412296,0.3524753402723234,0.0,1.5833358576446477,0.2857151670887703,0.0,0.8274265486846483,0.3132015499197882
s__Bacteroides_cellulosilyticus,0.7308032264769805,0.0,0.23625563078809123,0.0,0.8289637940976303,0.0,0.0,0.04407108390096942,0.0,0.0,0.1451657331900747,0.0803555311278267,0.2332149901380533,0.0,0.0,0.0,0.0,0.015104760986789098,0.0,0.0,0.0011420505288834,0.0,0.0,0.0,0.0,0.0,0.0,2.0128794602148883,4.348166735813504,0.0,0.0,0.0,0.23070484307227265,0.4287496124551394,0.0,0.0,0.0,0.0386134461738354,0.0,0.8353000515245006,0.0,0.0,0.5150283752051555,0.0,0.0,12.563159754166122,3.520956252469027,3.891099509441805,0.0,0.713493007674123,0.0,0.8752421141000191,0.0,0.0,0.027873516846841508,0.0168629610140533,0.0,0.3924486556189043,0.0393908117180169,0.0,0.0,4.200185778133497,0.0,0.0,0.0322365291102752,0.036086657266523096,0.0,0.0102155327174969,2.190276558156441,0.19743309080164292,0.6177772113715637,4.9921137300496605,1.257757683410499,0.0,1.3658446736257746,0.0118401489252799,0.0,0.2165798428458931,0.11695596282692787,5.058099888914624,0.0,0.0,0.0,0.0,0.7216481017602744,0.0,0.0050517073480748,0.5249878584230548,0.0,0.0,0.0,0.0,10.02203171802369,0.0,0.14670199069028322,0.491271939321683
s__Bacteroides_eggerthii,0.0,0.09345109367645,0.0,0.0,0.0,0.0,0.0,0.0,2.8161271025289034,0.0,0.0,0.1903072235109541,0.0,0.0,0.0,0.0,2.862660260643913,0.0,0.0,0.0,0.5308666149352202,0.0,0.0,0.0,0.0,0.0,0.0,0.0,0.0,0.0,0.0,0.0,0.0,0.596497594721667,0.0,0.0,0.0,0.0,31.149332645924826,0.03960123132664099,0.3837125238055211,0.0,16.07485964484165,0.0,0.0,0.0,0.0,0.0,0.0,0.0,0.1824119481300992,0.0,0.0,0.0,0.23307583729064502,0.0,0.0,0.0,0.0,0.0,0.0749162715926427,0.0,0.0,0.0,0.0,0.0,0.016955198086951603,0.0361094498730644,0.0,0.18024558600598511,0.0,0.0,0.0,0.35463188462344647,0.0,0.0,0.0,0.10481349685946262,0.0,2.2822599525176575,0.0,0.0,1.8894624074795787,1.0132464032424262,0.40884886675501786,0.0,0.0,0.0,0.0,0.0,0.0,0.27945772524868795,0.0,1.699472135654275,0.0,0.7369015701533488
s__Bacteroides_finegoldii,0.0,0.0,0.0,0.0,0.0,0.0,0.0,0.4361308112023465,0.0,0.0,0.0,0.1735490875976205,0.0406706114398163,0.10787673646307679,0.0,0.0,0.6523655562103207,0.3126731716194876,0.0,0.0,0.29763913238213957,0.0,0.0,0.0,0.0,0.07035100507485201,0.0,0.0,0.0,0.0,0.0,0.0,0.49057319585827186,0.0,0.37946790979082123,0.0,0.0,0.3023925925070104,0.16818720921028488,0.9594649230306415,0.07259126137367801,0.0,0.0,0.0,0.0,0.0,0.0,0.0,0.1641811001447393,0.0,0.355875385597197,0.0,0.0,0.0,0.0,0.0,0.0,0.0,0.023657933942547,0.0,0.0,0.0,0.0,0.0,0.0,0.0,0.033156831814483305,0.0,0.0,0.18217080975744881,0.0,0.0,0.0,0.0,0.0,0.138909307008546,0.0,0.0,0.0,0.0,0.0,0.0,0.0,0.0,0.0,0.0,0.0,1.2754018717090894,0.0059594745628919,0.0,0.0,0.0,0.0,0.176070248631166,0.0,0.5946455656339965
s__Bacteroides_fragilis,0.6123828195007991,0.0,4.508235840089,1.573643368334763,0.0,0.18671676594467373,0.03545619967878891,0.0,0.0,0.0,0.0,0.3294778843796234,0.0,0.13400567464157467,0.22506591058197156,0.0,0.0117887270755451,0.0,0.2209490809302695,0.01728093458026,0.18897821569762482,0.2240083979418332,0.1111315994028945,0.0,0.3128862023791618,0.0,0.4151487716577045,1.8119664888072236,0.1504058583020011,0.06760256019987738,0.7997550109507219,0.20411215723132606,0.0,0.1889790104283378,0.4400541333757913,0.23402163265614945,0.0394612262264058,0.0,0.0,0.593389425070181,0.47266950108861494,0.0,0.10904967152746163,0.0,0.0093418379145071,0.0,0.0002688939817667,3.715535102649331,0.8374126092695265,0.0134343865468781,0.0,0.0,0.0,0.0,0.0,0.0,0.009337427993575304,0.0,0.0,0.8166340405503437,0.0,0.0,0.4705948129641267,0.0,0.7136434019204615,0.0,0.0,0.0934830500685204,0.0,0.0,0.0,0.4187815044598535,0.6550196515194145,0.028303834588347995,0.0,0.0,0.0,0.0026741727411437005,2.205615345724159,0.0,0.7792331823138573,0.0,0.0,0.0,0.0,0.0,0.0173957986905487,0.0,0.0,0.012903279131907804,1.588542462044644,0.0,0.0,0.0,0.10796139515659874,0.0
s__Bacteroides_nordii,0.0,0.0,0.0,0.0,0.42408460027934725,0.0004785514411284001,0.0,0.009931182745446403,0.0,0.0260558539429175,0.0,0.0,0.0090729783037475,0.032460597886483894,0.0,0.0,0.0,0.0,0.0673540809033498,0.0211590836250888,0.0,0.0,0.0,0.0,0.0,0.0,0.0,0.0,0.0,0.0,0.0,0.0,0.0,0.221182736859542,0.0,0.09096385281991962,0.0,0.0,0.0,0.0,0.0051181402429623015,0.0,0.04703079094620451,0.0,0.0,0.0,0.0,0.19884094442553513,0.0402506452923267,0.0176462482750885,0.0,0.0049943032537123,0.0,0.0,0.0,0.0,0.018318336009214103,0.0,0.0018054122037421997,0.10308802528944268,0.0,0.0,0.0,0.0,0.0,0.0,0.0,0.0,0.0,0.0,0.0,0.0,0.0,0.0,0.0,0.0063166344744914,0.0,0.0,0.2563904115227832,0.012707263919855098,0.0,0.0,0.0,0.0,0.0,0.0,0.0,0.0,0.0,0.0,0.0,0.0058114036531833006,0.0,0.0,0.0,0.0142116550277312
s__Bacteroides_ovatus,0.025061405708988602,0.0420057254378946,0.2776364776382669,0.0,0.23849032516051366,0.21196327246080843,0.3300617491149944,0.8243816378272845,0.0,1.3671925092167745,0.12093099531094761,0.1306434100381732,0.0,0.014810012262169797,0.924852427412461,0.0,0.0,0.0814209746158365,2.506429602868655,1.2268122053887305,0.19724250861571183,0.2277383348735098,0.0439811018066369,4.1587346273578225,0.442081485003802,0.15767787711918682,0.0,0.49066608209086304,0.0,0.07453892070947499,0.5627502730111076,1.7511099155855854,0.700160890823264,0.6458461621987756,0.07736674013433742,0.037348034528834305,0.2463142164155901,0.1302518961619764,0.0,0.005246805738947499,0.0,0.31712853215136566,2.819537131569903,0.19838309089971704,0.0,0.093479992791876,0.340758821154738,0.38316004332259584,0.7947568846191158,0.0089865153252764,0.0281894475097745,0.3544239709781463,0.08025445212877322,0.0,0.0365093161520624,0.2827762799766269,0.13748089434902344,0.057813267939481515,0.0627908296314155,0.2423674095913755,0.071709738567262,0.4160329324111493,1.5249440735518105,0.9903608920973944,0.037923581459067,0.6960826990506129,0.10286153506080112,0.152714019848982,6.402977097261658,0.06534600037551411,0.6806459350157704,2.3028740663618614,1.453842815275718,0.2758865733937179,0.1090975517315184,0.3890112087687182,0.6506710099437318,0.08026740601443841,3.9610648368130894,0.0026317980915927,0.0093972414432549,0.0,0.0,0.5969949968260257,0.05816629606642441,1.4737207629851807,0.042532116704738,0.0377286096015923,0.4730880061197414,0.06948714286958772,0.0,0.045042494037120004,0.0819819291789149,0.0856103232523753,0.4426459890783268,0.0220464478976133
s__Bacteroides_stercoris,0.0,0.0,0.0,0.014177416489116605,0.0,0.36683885959090357,8.811790028632116,0.11188353643574005,0.1061638532688532,0.0,0.0,0.43804204621687864,0.0,0.37937917209209765,3.701851410364411,0.0,1.440667962714042,0.0,5.112101655040976,1.1079554739707806,1.2556741742299857,0.0,1.002192797024895,0.0,0.0,0.9147042700424388,0.0,0.0,0.0,0.0,0.0,0.0,0.0,0.2949912775621091,0.0,2.493084135291245,0.0,0.6406830649547772,0.006601011751340799,0.41709961153622005,0.08656440088034693,2.680312584515991,0.0,12.925444929861996,0.0,1.3259695363107529,0.0,9.302484132941387,1.7790170705540165,0.0,0.0795860215740883,2.320368541455686,0.0,7.130868835628997,0.23401352478088672,0.0,0.0,0.0,0.1120762381024474,4.73920249666489,0.0,0.0,1.4850007898940474,1.4131444099209438,0.3171979432767646,2.301624603706921,0.019383349911749604,0.0,0.0,0.0,0.0,0.0,0.0,0.0,0.8108690712995119,1.343432017292292,2.2402017320915837,2.8843064202243083,6.4469058060993945,0.0,1.5225062540382022,2.3557989144004696,1.0888391118036744,0.0,2.9577954123215404,0.0,0.2691120551526734,0.0,0.4473141203689161,0.40249276658702776,0.0,1.7458576051353771,0.0,2.654134459012913,0.0,5.58189691238172
s__Bacteroides_thetaiotaomicron,0.1888661230236738,0.0,0.6621051052709814,0.0,1.1730258674557839,0.21482290912120616,0.26475058022035336,0.3839278411945167,0.7118158252095106,0.4690758302854988,0.0352946540213569,0.0,0.21071005917157934,0.12758727986910887,0.1133366306517742,0.0,0.2599169994207891,0.0,0.0,0.3489358505366196,0.6566790541080716,0.0199004419528567,0.1681818704425992,0.3513368395122718,0.3079348406933854,0.10595011981947523,2.1591043894923914,0.5271933294376066,0.0,0.36678851420163283,0.0,0.17860344525779154,0.5015140631104226,0.0,0.0,0.06480377577111492,0.1989476130882538,0.7550703373340613,0.23558323121269847,0.07132510580819859,0.19080180168401986,1.817584576185647,0.3701744678647605,0.0,0.0,0.0,0.012649708185729098,6.930794268346902,0.6991152486481138,0.3131119794243296,0.3899977284549387,0.2744198077879203,0.6486124528602306,0.12622923805225944,0.4447209782318835,0.0649968949125989,0.11836463267489612,0.043222952689356206,0.0,0.5099126183888656,0.0015741162124524,0.5347466997572664,0.0,0.05097325467502489,0.1289461164411296,0.4013791892899752,0.0,0.5109132071678604,0.40029870925669503,0.16989402061771663,0.6126771888060314,1.489642997611791,0.0,0.43999827144437204,0.7372434044305838,0.0876539254767346,0.0,0.11287823886300281,0.8592496297011211,0.46604430533885843,0.11188982145100068,3.7462448658669003,0.0441566030385387,0.0,0.0,0.8275873702811746,0.0,2.0032559861253083,0.0221712655348268,0.018367657127271005,0.0,0.0737537914058286,0.5013434350601023,0.0,0.05985048478038151,0.6480818956446034
s__Bacteroides_uniformis,2.2922551621757803,0.4144263498928926,2.9023446681339538,1.6477216160393227,3.1633832689364794,1.2522990895150474,1.485668176807717,0.7981633153792889,6.0441961346554605,7.518121430707423,0.1207403071015994,2.367329178824439,1.0874358974359,0.8314856957616014,3.4890062732076865,0.0,2.957626703238215,0.7686183116202916,17.808922896310257,1.6474572269429455,3.6658368458309156,4.429824977734875,3.560257092971454,6.434742729484312,3.3180408304920923,1.1282362011461564,12.0712617126842,4.371967999194502,8.172997583203726,16.326814951439044,15.27554751286141,14.505030672554348,1.5857339829162278,2.869232011132762,0.8835836751250371,1.8531082881170884,0.0,8.638847437464324,24.408529328459547,10.328258466514674,0.4728791598455544,25.450344852505886,8.517124153625804,1.1610007725647717,0.0509195953931591,4.48214929294272,7.33667876416799,10.935157606891865,3.81589679052228,2.574246317298817,0.4992482267690066,3.4973275712036465,1.355499721736963,2.431699971142762,2.949858976338688,2.4854751664117254,2.2413731927196165,1.4639120882131833,0.3885153274806523,0.4833391233980127,0.513045284058586,3.116803224337253,7.789369391508627,0.5405819095119313,2.3044440973148443,0.9906604713294573,1.2237466550115563,1.5136059833522246,6.046971743139267,4.073940868845244,30.65625930739349,5.6092485704585435,8.028541254475325,2.8301560173068543,3.842386928939385,3.832115185954125,4.1291129507623205,2.259084833344878,25.801416607130186,2.0104580585657694,1.7347029267464995,1.1165241641405734,3.4150175301909447,4.129862874115908,3.733602289749994,3.4630623708660484,0.2532643603268709,10.592355437459236,5.526554088713084,4.85546720202269,0.0,10.494275520458185,6.152371139745049,2.3422423603508844,1.8904556833201223,6.339171479528437
s__Bacteroides_xylanisolvens,0.1640363773674605,0.0012056437829538,0.0,0.11606201564301893,0.5026110538711661,0.0357629662345636,0.0,0.09741906086062294,0.005709231353650301,0.4591128834290049,0.0,0.006385334745112,0.8694082840236594,0.017910790817792697,0.0,0.0,0.0858347602223228,0.055045382800989105,2.0535878453387397,0.0,0.2712681474424503,0.0,0.0094016518090976,0.0,1.3912713165318098,0.11128449576183401,6.790896782504843,0.0076043802803735005,0.0,0.0,2.1778799888219633,2.5138766650060913,0.30308568865383706,0.3028207549730579,0.06574746437831301,0.5247851305463817,0.1173856576498838,0.0174844352199888,0.5495778586256171,0.20679848777622306,0.035456995659069006,0.0,0.0,0.14133988991251184,0.0,0.0,0.1601322116635175,2.9567331078489567,0.0,0.0,0.0,0.030023006200752,2.2756065159068504,0.031518626858595605,0.061705886454210906,0.0,0.03096630665503071,0.25043282889430546,0.0,0.0056380582195841985,0.0206617328034509,0.20435879877921553,0.0599669349705847,0.0,0.0,0.0,0.09543055318321521,0.012796730155474199,0.7366893823984857,0.008956475713302502,0.0034315697076645,0.0,0.0,0.0,0.0140293581714118,0.0,0.13926519951927044,0.10143559444959663,0.32554233329970794,0.4656514996535518,0.0,0.7609534731815966,0.40095442150369615,0.0,0.7739912253296332,0.0802872581017917,0.0,8.871591271972653,0.0,0.0,0.5475231794230684,0.011738047605438302,0.8229287809753617,0.0,0.27504755594867397,0.1967826131493564
s__Barnesiella_intestinihominis,0.3360544965531946,0.8927244192872883,0.5302664898803542,0.0,2.508033565854838,1.1128071804192732,0.13507319329160414,0.12398789564079296,0.07096156823950221,2.526797790508706,0.1218844363577229,0.3811667650062131,3.2850690335306116,0.024047296630668298,0.8475400846889688,0.0,0.2353775118425334,1.0293255624136797,0.8851041699522949,0.0,0.8732325989394684,0.9341593542965512,3.8555795674454734,0.8297944234878316,1.2483716458356873,0.5704016816463086,1.487936698349469,0.7392113182547132,0.9204184589568726,2.324567283116262,1.7176429368760138,1.0265903110842016,0.37557576086358285,1.443152707670482,0.8886930441516672,0.509216594126614,0.0,0.0898876243904965,0.31282430806663686,0.7461758363294002,0.17432508996209126,1.7266604546863167,0.0,0.38826108207388205,0.0,0.0,1.825731680983711,1.8565090643346258,0.2028848662023493,0.0668633049353173,0.029435027748578504,0.9094969345080967,1.4813869683355743,0.376846419804272,0.21686291810463976,0.5400718809109324,0.5377339895791021,0.18508465636552562,1.1249359313136804,0.8983858847343102,0.4175722207433341,0.8330212789258636,1.3623754291595145,2.8028018565608717,0.5471746189377829,0.6459134438264087,0.18761659315225201,0.6078241966910689,0.38998275809833954,0.27011726286753684,3.2407507659204597,2.776322396926644,0.6088053963744012,0.14225204008732598,0.10597288854995611,1.6134610596480172,0.21474255241241696,0.11339899881786751,1.8983271463536597,0.2662633337889656,0.024168312808134,0.9205310237216225,0.1134982469809116,0.0,0.5899724315311113,0.5574752529844393,0.2774636681071671,0.5280887007643325,0.9413781301761235,1.9159073553742276,0.0,0.5053287114290703,0.12183768343054278,1.1850844053455796,2.7214467936874853,1.8591405663262264
s__Bifidobacterium_adolescentis,0.25139327726737,0.1682832112048025,0.32403248436921417,0.0,0.4994913350679885,0.13590860928048074,0.8105624142097496,0.1967308883150778,0.0,2.5804596032802687,0.4570276319350083,0.6430867300889395,0.0,0.19554420289931623,0.2825379012686471,0.0,0.0365114591160916,2.4854799518557136,1.4448238908117674,0.588734733141875,1.3038479419938107,0.0927123844515063,0.2356816554125629,0.4393697051154437,0.3222830590769364,4.1565614236131925,0.1188298066133052,0.0,0.0,0.004180984141371299,0.0,0.8907667698019631,0.17610973343966532,0.0,0.18466348969381555,0.36297106905250326,0.0,0.0,0.0,0.17827702333696838,0.055386910436480315,0.7457442277307686,0.942276002361876,0.37784288151028356,0.0,0.0,1.6052152338495107,0.0,7.9059938179925595,0.5618296763057126,0.3897682794636088,1.0635197218744932,0.06161120112953972,0.23989434993411238,0.004476701566285901,0.4838620108640771,0.0,1.6876987545145403,0.2963220705311168,0.07513265328401508,1.5941716190111737,0.5644786162637749,1.403241881157029,1.1201027318319494,1.3817903850505882,0.38343645064213266,0.17239877956065403,0.05275749049154219,0.6576225370251889,0.06322546406957222,0.3548243077724992,0.12875118077940573,0.675127966761064,0.9649080466538184,0.672801970232973,0.0,3.4720389431395056,2.725981319355229,0.20572902293206358,0.0,0.0,1.5026975438435861,0.5168289832489383,0.0,0.0014885075765035001,0.013176977147334,0.3752522288961026,0.0,0.6397681124677247,0.6307338659647658,0.0,0.074066586503314,0.0,0.1864127674518244,0.3951113850819515,0.12317612867924402
s__Bifidobacterium_bifidum,0.0,0.0184819711727832,0.0,0.0,0.04075350139145059,0.04465701984772551,0.0,0.0,0.0,0.0,0.0,0.0,0.0,0.0,0.0,0.0,0.0,0.2806621643905913,0.0,0.2684459647005398,0.0,0.2231149998743577,0.0,0.0026487430011694,0.1021697388102909,0.47209227089718037,0.0,0.21289642584948124,0.0,0.0,0.0,0.0,0.0,0.0,0.03306825131456101,0.0,0.1507274391436949,0.0,0.0,0.0,0.0,0.34529048307818117,0.0,0.0,0.0,0.0,0.0,0.0,0.0,0.0,0.0,0.0,0.08229039320416472,0.0,0.0,0.1547125880988129,0.0,0.38590698845276256,0.0,0.0014509708653339995,0.0,0.0,0.0,0.4638129885088456,0.2495027170152305,0.07398393427047989,0.0,0.0,0.0,0.0,0.0,0.0,0.0,0.0,0.0,0.0,1.993511449662895,0.0,0.0,0.0,0.0,0.12942200803717252,0.2624074795480937,0.0,0.0,0.0,0.0433469082125052,0.0,0.0386524112892366,0.08984080292375612,0.0,0.0,0.0,0.0,0.13107768439241294,0.1304784598977668
s__Bifidobacterium_longum,0.1486625738653364,0.0159062776364725,0.25409758206892685,0.0,0.16702672937957416,0.0034082200197443004,0.5424017939275841,0.04449169869959992,0.0,0.2850079210359557,0.10099540978809068,0.0376788634642836,0.0582051282051072,0.09295830537030879,0.44489259400271725,0.0,0.0628833913174617,0.10938248934774661,0.3797177667833083,0.0959537002663916,1.3679896526069113,0.0726220954093147,0.0789389464590335,0.2271107927574228,0.2605060077032728,0.5606899795630453,0.0568983814183147,0.10061381770961832,0.1095655473110584,0.0,0.2827965081260795,0.43650363560182837,0.05233775931764081,0.0,0.14176553857674987,0.09077875793514072,0.3969366007141066,0.0,0.0,0.12931160193127236,0.03057317990914871,0.6469036635719897,0.08754855456068833,0.21254003710103436,0.0,0.0,0.1267659758390507,0.018001835640067104,0.8049705255935452,0.044133775264112,0.0181592487446687,0.0,0.1094611460898493,0.4707679048468535,0.017710194372030003,0.1973101884114171,0.0036331083465910015,0.12781938148706362,0.2017137816726571,0.049982491618203284,0.2816851811883386,0.18773174139478513,0.8673881682324642,0.1778973859664254,0.4539693249602299,0.21184250927753168,0.0005861056128822001,0.0102291898467985,0.07364903608326,0.03423550062374581,0.5022161432161956,0.0668167883343497,0.0,0.23828290744064023,0.1234811227332244,0.1533979102986668,1.6036818850855525,0.49007734129804376,0.0700975188047718,0.0,0.012766326523651398,0.07302792410389601,1.694312426957547,0.0201193306437685,0.021967754673014404,0.3047732963147243,0.0427222347232206,0.0687573664068107,0.24432162240464583,0.6540263511592858,0.08366589784180511,0.078939604864059,0.0,0.0372957496866119,0.32610403226632334,0.12069130763960811
s__Bilophila_wadsworthia,0.3210597731374104,0.3446086144618344,0.0,0.8578749731368571,0.12829118736265407,0.03586801411189411,0.0,0.05411910409047312,1.1551863771612882,0.4842668581656742,0.6716558792035102,0.0340955321516384,0.0927613412228508,1.239075447580033,0.5971982772635809,0.0,0.4282423084282064,0.730371393892282,0.0,0.718530771771164,0.8428540548711642,0.8601078219792717,0.4777960199576973,0.9264357038447916,0.4101505673831158,0.23697180656797276,0.9332548194368774,0.32007885480130277,0.2410318656217836,0.0,0.0,0.0,0.5070482122695502,0.10456924301239108,0.20504909403362176,0.026304039736992905,0.2844228615101188,2.4833495890145487,2.2756038411523525,0.8536281304272885,0.21840276039185258,0.0,2.268274962599452,0.3403679690947842,0.1602585715473982,0.0,0.0,0.7226341730432698,1.04439776495022,0.6158940048686794,0.0244199283660256,0.6422445237560048,0.36782313449437404,1.4587228998993547,0.27879566443550885,0.0769838190069043,0.5282267901674546,0.16278818869455033,0.0168817764505786,0.3883765349544462,0.2010671108705837,0.7426276967989114,0.5184565405501725,0.531310739795689,0.5879639996222333,0.0,0.09501190631684592,2.778228842409451,0.8497225749940783,0.047739968677448306,2.13434169417544,0.015479596147421401,0.9475084635085184,0.44500198505908256,1.0699504557454231,0.4196737953993944,0.0,0.06104151146494511,0.5238093622944923,0.9845478099511634,1.2446820314580738,0.9374331516369585,0.0387417218542997,0.2428788278564525,0.025795345584023605,0.3190483548909908,0.3364953128439374,0.0,0.0,0.5398024833990861,0.0,0.036695803804353104,0.0163988536843437,0.07116048834503,0.4373738529368687,0.5684028128174227
s__Bittarella_massiliensis,0.0,0.0,0.0,0.0,0.0,0.0,0.0,0.0,0.0,0.0,0.0,0.0,0.0,0.0039030779021821996,0.0,0.0020815098439803,0.0039092151960355,0.0,0.0,0.004304989348505,0.0,0.0,0.0,0.0,0.0,0.0,0.0052829111981891,0.0012193230449564002,0.0,0.0,0.0,0.0,0.0,0.0,0.0,0.0,0.0,0.0,0.0,0.0,0.0,0.0,0.0,0.0,0.0,0.0,0.0016250549332867002,0.0,0.0,0.0013434386546876,0.0,0.0,0.000415715716964,0.0,0.0,0.0,0.00016977141806500003,0.0,0.0,0.0,0.0,0.0,0.0,0.0003635752829887,0.0,0.0,0.0,0.0,0.0,0.0,0.0081056043094834,0.0,0.0,0.0,0.0,0.0,0.0,0.0027023219278927003,0.0,0.0,0.0,0.0,0.0,0.0,0.0,0.0,0.0,0.0,0.0,0.005177383352749502,0.00045756575248450006,0.0,0.0,0.0,0.0,0.0
s__Blautia_SGB4815,0.0,0.0,0.0,0.0,0.0,0.0,0.0,0.004626762784937102,0.0,0.0,0.0,0.0,0.0,0.042803754327253994,0.0,0.015184614311837203,0.0251197617089015,0.0131185080129911,0.0,0.0,0.0,0.0096486991286577,0.014262567759931302,0.0,0.0028205899386489,0.0,0.0,0.0,0.0066010774562408,0.0,0.0,0.0,0.003895749737036801,0.0,0.0,0.0,0.0,0.0,0.0,0.03402560669941979,0.0,0.004916297031936099,0.0,0.0,0.0,0.0,0.0,0.0,0.0,0.0,0.004130081844455,0.012676380395873,0.0,0.0,0.0,0.0,0.025805255545880902,0.005497055393536101,0.024900620264603397,0.0,0.0,0.0,0.0,0.0,0.0,0.0009933261059427998,0.0,0.0,0.0,0.0718471182609096,0.0,0.0,0.0458888026439596,0.0,0.0,0.0,0.009765916628127598,0.0,0.0,0.0,0.0,0.0,0.0059407869107907,0.0065621372881147,0.0,0.0,0.0,0.0,0.0044275192374027,0.0,0.0,0.0,0.0,0.0,0.0039060765744689013,0.0
s__Blautia_faecis,0.0201965446007733,0.0026852975165792,0.05223161903458801,0.18778013070811775,0.04817588070007849,0.0048555463294987005,0.009750797285169904,0.004556660318498702,0.0,0.0709102525909949,0.0096904280932964,0.004432015044603,0.0974950690334961,0.05518518478362959,0.0284169791695746,0.021096102268738703,0.0375193036588072,0.0118405312934156,0.0128861319832257,0.0236347573863973,0.011025978742494502,0.0180578084387032,0.0403863525855189,0.012297735362573102,0.0295548771832124,0.012833880943632402,0.009494962018367,0.07831200588736212,0.0172584244708727,0.058366059417636895,0.0159994105156253,0.007855366983107001,0.03336873489714351,0.0032575197987194,0.0,0.021347610044565004,0.0174128405910911,0.0398759462646455,0.11377762556780398,0.04812192947490039,0.020978208562118506,0.03012190007762299,0.019364936879361406,0.05345750341651011,0.0,0.0016004818042999998,0.12232337961855519,0.0165573114428095,0.0338300369619376,0.0968365105960044,0.2736343114088242,0.0453299738065674,0.0024836349244265004,0.006545105135586502,0.023820287050339402,0.0754092654182566,0.20635715865798776,0.0053771819114339005,0.0292851927594064,0.004574012918338998,0.019017655870445,0.013261718153980301,0.0180602932944824,0.049300808373264504,0.0137944429034795,0.016320725133086897,0.020409034734293605,0.007074392978159601,0.0037371827347463006,0.03451451855873951,0.0623480716885572,0.0022731154632199004,0.0364158102035259,0.04745946549724759,0.0222015541846959,0.0085826916850714,0.026768834834652793,0.007220266401088401,0.017688831358217597,0.012648343067058402,0.0027843678350383,0.059094847229779604,0.042793143747545,0.12063623566639481,0.0355115378965617,0.0015914223607889002,0.0014258851385694,0.0,0.0223732816217046,0.040305527608645704,0.015751701029282604,0.011458178307692801,0.05676051689087991,0.0,0.013340425459252203,0.0090138150978741
s__Blautia_glucerasea,0.1518426345897423,0.0,0.0,0.0,0.0,0.026203609398368705,0.0003423735001815001,0.0,0.0,0.0378507429370882,0.0,0.2041151731179971,0.0,0.033219529700796994,0.0036441462924736994,0.0,0.0010536556583063,0.0,0.0,0.0,0.03170747559282341,0.0,0.0,0.0,0.0092435637663338,0.004863695712134401,0.0,0.0,0.0,0.0007187938351926998,0.0,0.0,0.0,0.1044263693370106,0.0,0.0,0.0,0.0,0.0,0.0513529324640257,0.0,0.12003867341004168,0.0,0.0,0.0,0.0,0.0376334664046587,0.0079339397197863,0.0140702439979496,0.0098942441460115,0.0464142531091172,0.002668711662289,0.0,0.0,0.0,0.0001862375212395,0.0,0.011353731233378302,0.0401880067170718,0.0,0.0020055406558653,0.0030373612546212006,0.0027825073902225,0.0,0.0028212531234241,0.0,0.0029514604077286004,0.0,0.0,0.0,0.0,0.0,0.0,0.0,0.0154588599508252,0.0,0.0,0.0,0.0,0.0,0.0236392829194766,0.0040064303206646,0.0635177249707715,0.0067899892772854,0.039306414355340304,0.0,0.0,0.0,0.0059089705411725,0.0,0.0,0.0,0.0004812304692921,0.0696099352841796,0.0,0.0
s__Blautia_luti,0.0,0.0,0.00035822570576810004,0.0,0.0,0.0053574417433651005,0.028567644855146707,0.0004907172650690002,0.0017963191332216002,0.0435438554264942,0.0,0.0067490563445171,0.0,0.015894200568331796,0.0,0.0,0.0,0.0026945292280204,0.0,0.0,0.023650828225426305,0.0284212260213324,0.025017708142165505,0.0,0.0,0.0,0.1079903198981209,0.006896386254269702,0.0,0.0029350748270370996,0.0,0.0031527621540307004,0.0,0.0025288640542691,0.0,0.0009871727188237001,0.0,0.0,0.0,0.012180595339464199,0.0,0.0,0.0,0.0,0.0,0.0,0.0180042057356957,0.0,0.024686497375903,0.0,0.2961203125619291,0.047179009744012,0.0,0.013275887012608305,0.0003327278191157001,0.0043173243560075,0.06597317306004531,0.0019693500631046005,0.0674098712436181,0.002349190924826599,0.0,0.0,0.0,0.0,0.0,0.0,0.006112244248629401,0.0007511421115806,0.0,0.023632819093979303,0.0,0.005314607984430001,0.0,0.003992862379427599,0.0097661537496212,0.0147718604414677,0.0030266270541716993,0.0,0.0,0.0092112933205751,0.007169747175224,0.03596844363774201,0.039949357226316,0.0,0.048433746527740504,0.0,0.0045356727264974,0.0,0.0,0.0,0.0,0.0,0.0,0.0074888413789167,0.0,0.0100407054254799
s__Blautia_massiliensis,0.0219024049893682,0.0024249880634414,0.0062400606811233005,0.16087129448785423,0.0025862352903516994,0.0,0.032388533117149405,0.013459673556181405,0.007700499850167502,0.0,0.0,0.007597740076462399,0.0,0.030704212830501895,0.0168710476503417,0.15719562341739463,0.1779456432789167,0.0269144976604562,0.0814326609208556,0.0710018356572054,0.0008513467578950001,0.0323856799457115,0.007247713004536401,0.1656410355374291,0.0213537053507513,0.0047381809840794,0.0073770381596335,0.0171360776318072,0.0767606600460345,0.0350292195683914,0.0090516228831183,0.020508877042381902,0.0,0.0,0.0,0.0006992473425001001,0.05894890001009101,0.0015721699244131003,0.0,0.021959383147203096,0.004131510798535902,0.021307603617253295,0.024775045144210205,0.06790961374711711,0.0111838904610294,0.015441685556303498,0.0463082200773147,0.05308626424920201,0.0,0.0741069809247991,0.2957597498612589,0.0019824715205574,0.0,0.008618495414944903,0.0,0.0,0.12709088356344883,0.08046935605677251,0.0,0.0,0.0018656192147583999,0.06050480658852251,0.0,0.0595899888818647,0.0,0.0,0.0024281518247978003,0.013329358198231299,0.04239159350595131,0.0,0.0189801303830827,0.0,0.0834204499938738,0.027242440791284895,0.0049969309988345,0.068222484896001,0.07803317129444509,0.006488387545617401,0.09005783867559619,0.11361904447658298,0.0,0.13682674979053644,0.0332684067004292,0.0,0.0024208694650827006,0.0,0.0,0.0,0.0,0.014625246987589503,0.023049874781391904,0.0037864669694962004,0.0068976367265222,0.0,0.0,0.0569353637194834
s__Blautia_obeum,0.0238609854355329,0.0,0.0040329281068741,0.0,0.005276847789731299,0.0,0.007874590504175102,0.03128906752035941,0.0,0.0924989860904694,0.0,0.004634082599828,0.0869428007889411,0.004358436990770199,0.0013742235177004,0.0,0.0112695344323218,0.0014781417479426,0.0150402316580337,0.052440380165915304,0.0,0.0175999419291257,0.0193708956004783,0.0,0.0683533181327816,0.0,0.0006068208808729,0.030483076123890604,0.0032851156499516,0.1339831708799213,0.0,0.05788556237686171,0.006954095324991202,0.056349377570825594,0.0,0.0,0.0030728542219572,0.0,0.0012627129788721997,0.026033878067094198,0.0009126322360943002,0.06072557536550988,0.0025657380397714003,0.0,0.013321987166814502,0.0,0.0316359615069939,0.036813480299797405,0.0075860652880511,0.0036853790121841004,0.2619651912768366,0.0118376424448678,0.0,0.006019021034853902,0.010299438400813302,0.0,0.06799345293500861,0.03128697882862841,0.0599303063995388,0.0032612297544652993,0.0,0.010609374523184202,0.0,0.0010361895565181,0.000519704522736,0.0,0.04824905134618561,0.0,0.013433955688511802,0.029771213663844005,0.0,0.0,0.0032429017066031,0.011953315857400297,0.0,0.0010338886023269,0.009281656299460097,0.003715692650852501,0.004501864110923299,0.012648343067058402,0.0390229152080485,0.004095859568893701,0.000175301908843,0.001287363738814,0.008064112474903901,0.0,0.0,0.0,0.0047473780416257,0.0016990082842725004,0.0,0.0,0.0,0.0,0.005122723376352701,0.0041836272606166
s__Blautia_sp_MSK_20_85,0.0808493584174517,0.0103164746427767,0.0,0.0,0.0,0.013516160215287603,0.05775156201062001,0.02072696257696701,0.0,0.0,0.0,0.0263630803716721,0.0131360946745563,0.020014116131746397,0.0,0.0,0.0,0.0703195141963966,0.0260030603601808,0.0,0.07431634259767851,0.0,0.0,0.0,0.0249101013603524,0.13990185375837944,0.0,0.0,0.0,0.0,0.0085282297232101,0.0,0.12098669510439472,0.004700543920082,0.002386101271325001,0.0,0.0331973310816498,0.0,0.0093933526477088,0.14072018770695227,0.012579525416437804,0.0994975303545578,0.0,0.0,0.0,0.0,0.0446013278452379,0.0,0.0,0.0,0.6280674462032142,0.0190622261592076,0.0,0.039007588763128216,0.040955769734779005,0.0417510661251311,0.016773416104822605,0.044199065329330406,0.0177493121848445,0.011939417406178297,0.0022270829376179,0.006730678460944801,0.1505154464916618,0.0055263443014301,0.0800196478006896,0.009757228584957998,0.020178778957804004,0.0,0.0,0.28842083940310115,0.0,0.015607658990419902,0.0510146795350417,0.011877502014752999,0.0527018089649117,0.0,0.0,0.03373680031851071,0.0,0.0097023004272154,0.0,0.0033088821844774003,0.12140631086868889,0.0824938126792253,0.0,0.0,0.007563981163649999,0.0,0.0576250887818494,0.01747223384231651,0.0,0.0,0.0,0.0033155443109301,0.05065092738365301,0.0
s__Blautia_wexlerae,0.0139627831807221,0.0058775134419005,0.06159171005626061,0.06824439871546711,0.046633417500012694,0.004108539201883501,0.017255624409149104,0.07559382630943823,0.014593352338111203,0.1491764574579359,0.0072288166635144,0.0054288816503801,0.0450690335305362,0.31990060161608735,0.0444904863855467,0.12362086963399331,0.1668593533089095,0.2328997091602047,0.0488134372737667,0.0895389002740029,0.020764555070611302,0.056384585533083,0.0056613661822583,0.0392959943816292,0.0683379888396541,0.0254481111131684,0.0474510131945404,0.050202020850943906,0.0764984677171715,0.006169647085404798,0.0333534856804093,0.021050260442554203,0.028198674498459003,0.1026690231298186,0.0,0.10429068452404043,0.0211291557398686,0.0164720530716925,0.010122235749334399,0.1586765583012953,0.011740890388675403,0.07111659069582299,0.0059905919842628014,0.017491207661848602,0.0228611878541637,0.0058980718343654,0.0453378635344211,0.0156927855974809,0.0346882370853049,0.050723886502655705,0.5962395932590238,0.0735611307483813,0.005777382528065301,0.05036481611426261,0.0291741801397443,0.0280202816046769,0.08789066313223073,0.04113372914413051,0.085299864898854,0.011704498313695497,0.0006296464849809,0.012634282026265101,0.0368487193639541,0.06186233440053441,0.0117453222138345,0.007493953913189299,0.0811965597274749,0.0030728540928297997,0.012361450584161401,0.28772329456563234,0.1203297667490859,0.030222830947602905,0.0676360036943448,0.10353643777538009,0.0545234749492932,0.0560424273891312,0.07581364478803007,0.024433494098030608,0.025993640037715395,0.0728654546254335,0.0014061057566943,0.08105867059487382,0.0889754577327571,0.5381977910205364,0.03996070339995301,0.0074319424248851,0.0098182376684361,0.0,0.0276425345544311,0.014051257702362303,0.022237695570752104,0.03822685349203281,0.0824014634341914,0.0299718607609954,0.021195267969660307,0.0207152937692353
s__Butyricicoccus_sp_AM29_23AC,0.2937449469150744,0.096136391193025,0.0,0.0,0.23968486433049804,0.32187836809755893,0.16718782760862647,0.07358422227154843,0.037903726206427506,0.081605976302553,0.0,0.0,0.442406311637055,1.1464423987015724,0.0,0.0,0.0191337759399717,0.2400748555616691,0.0436397514476477,0.0,0.06590669779408162,0.364495244051224,0.0349287373712566,0.0,0.0,0.09523429991177991,0.0,0.0,0.0,0.0,0.0,0.020710568897352503,0.24637886421054084,0.2399849125398596,0.0,0.008185307126914001,0.0471564936369541,0.0,0.0,0.21669164737119148,0.7188582132091391,0.0,0.5616644372221955,0.0,0.1234175206170004,0.0,0.0,0.011085628877439501,0.2118906699660978,0.1288974925443599,0.1520591244160668,0.0217500000476557,0.0,0.14482785831934092,0.015986059309338902,0.0092780146944791,0.6594091649062749,0.0,0.1460039193857327,0.05195857574910349,0.0838945640636699,0.0171404142162196,0.0,0.0,0.0524010645924343,0.013680238016023496,0.029326212987431207,0.1568931014152381,0.0,0.15485495392153642,0.0,0.016824255998903904,0.0,0.29719026317761194,0.05361264195711439,0.10354465166591778,0.0,0.12441940543005381,0.0,0.10191343505428609,0.0,0.10490050817274121,0.0438644331904855,0.0,0.06860220632808102,0.0368891703230732,0.0055270023942648,0.0,0.0,0.6232375658997125,0.03444326201826601,0.30797146781897794,0.0755038267076595,0.5372171498426453,0.34550634705423583,0.1321772661187514
s__Butyricimonas_SGB15260,0.0,0.9988621736798299,0.0529249591102486,0.0,0.0,0.023787508219993002,0.002725293061444901,0.0,0.20262201323649223,0.1828419172035298,0.0,0.0469335574936055,0.0,0.7166484703729258,0.0,0.0,0.0,0.024481722700300496,0.0,0.0,0.5320709591293428,0.0,0.7695382988511539,0.0,0.0,0.03597565892878141,0.0,0.0,0.0,0.0,0.0,0.0,0.0,0.0513630862999854,0.13657836189994965,0.24327637689513446,0.1490728253318764,0.0,0.0,2.9982135126835785,0.0,0.0,0.0,0.0,1.437294393219695,0.0,0.0,0.05922549208755531,0.8236284319793822,0.0738346622785633,0.24459262478825872,0.0,0.0,0.0,0.21408010361749433,0.3736432596577521,0.0,0.15722263416838264,0.0,0.06849964361390018,0.0,0.46755399444376244,0.0,0.0,0.0,0.0,0.0,0.0,0.0,0.15237169430011951,0.0,0.07297981265363741,0.0,0.287814617970226,0.0,0.0,0.0,0.5660238471465319,0.0,0.2627673631896772,0.0,0.0,0.0533502142578716,0.0,0.5812213155593463,0.0185718989504092,0.0081207553606152,0.0,0.0,1.4780109296743724,0.0,0.0,0.0,0.0872598477851578,0.5352178694252063,0.0
s__Butyricimonas_paravirosa,0.0,0.0,0.023966455282677605,0.0,0.0,0.0,0.08207377546349981,0.0,0.0,0.0,0.0559409865063704,0.0274407739995399,0.0,0.0,0.0,0.0,0.0452155710760068,0.0,0.0,0.0,0.0,0.0,0.0,0.0,0.0166016244758533,0.0,0.0,0.0,0.0,0.0,0.0,0.07981689776483092,0.0,0.022316868094737,0.18206990135544066,0.03751256331530501,0.0,0.0,0.0,0.0416170340764984,0.10792492835219575,0.0,0.058071591289296814,0.0,0.0,0.0,0.089635224269844,0.28720861785625784,0.0,0.0,0.0,0.0953492552483505,0.042594871922784106,0.0,0.0,0.0,0.0,0.0,0.0659327158041832,0.0,0.0387232588263314,0.22703205884893066,0.0,0.0,0.0,0.07024953106204519,0.019488011628335602,0.0,0.0,0.0004743304894893001,0.0,0.20618117722728974,0.0,0.0,0.0419489194737535,0.0,0.0,0.0,0.0,0.0,0.0,0.0,0.0,0.0,0.0,0.0,0.0,0.0423341229806071,0.0369689438986007,0.16730639685801327,0.0,0.0,0.0,0.0,0.0,0.0
s__Butyricimonas_virosa,0.1610458566862447,0.006329629860508399,0.0,0.0,0.0,0.039976553313772305,0.0,0.07615464604096243,0.0,0.5160862839110089,0.04949225797199949,0.0412352524362371,0.0,0.047162191318027694,0.0,0.0,0.1417701323437303,0.0229419917128602,0.0,0.0,0.15646092245703402,0.0569317918494164,0.2773632820089299,0.051328855444084595,0.0,0.08125509707464182,0.0801717469670939,0.0,0.0,0.7954172580243325,0.0,0.0,0.04882430277912201,0.0,0.0,0.10573031140567182,0.0,0.0380655687759261,0.0,0.0,0.020114907798245308,0.0,0.014918431588716603,0.0,0.0165455791232292,0.015589878315960998,0.0,0.0,0.0,0.0364906985935401,0.033433995883686,0.0,0.0,0.016246714875569605,0.12363863278508011,0.0,0.0,0.07305432494959961,0.0,0.0,0.027774406059710804,0.0,0.1351206392485589,0.0,0.0453924778858025,0.015214235293555596,0.0,0.1162631417433676,0.0,0.07000559988994441,0.0,0.0,0.1469882974254584,0.09370590951209339,0.0194311038334432,0.10960635470422102,0.0,0.0417170947618338,0.0,0.0130411487523707,0.0156481472329162,0.0,0.0479937670432365,0.0,0.12272826754402041,0.0070977437291194,0.0469727304220132,0.0,0.0256897123812801,0.0,0.0,0.04313279765249281,0.0,0.0740141657867579,0.005272136141496402,0.1053766963340678
s__Campylobacter_concisus,0.0,0.0,0.0,0.0,0.0,0.0,0.0,0.0,0.0,0.0,0.0,0.0,0.0,0.0,0.0,0.0,0.0,0.0,0.0,0.0,0.0,0.0,0.0,0.0,0.0,0.0,0.0,0.0,0.0,0.0,0.0,0.0,0.0,0.0,0.0,0.0,0.0,0.0,0.0,0.0,0.0,0.0,0.0,0.0,0.0,0.0,0.0,0.0,0.0,0.0,0.0,0.0,0.0,0.0,0.0,0.0,0.0,0.0,0.0,0.0,0.0,0.0,0.0,0.0,0.0,0.0,0.0,0.0,0.0,0.0,0.0,0.0,0.0,0.0,0.0,0.0,0.0,0.0,0.0,0.0,0.0,0.0,0.0,0.0,0.0,0.0,0.0,0.0,0.0,0.0,0.0,0.0,0.0,0.0,0.0,0.0
s__Candidatus_Borkfalkia_ceftriaxoniphila,0.12219014783488939,0.0,0.018743293379226304,0.07072087592164893,0.0,0.07179438815562851,0.16570877408785906,0.004556660318498702,0.040897591428463505,0.3390783978228476,0.0232292909570973,0.0341763591737134,0.0,0.0,0.0,0.0,0.0480253194981625,0.0,0.0,0.0,0.019290271660597904,0.3156487047123813,1.063783803922887,0.23539757443249518,0.5419365005492431,0.8523705182220614,0.2372669644213714,0.014802319545761602,0.1124496629286107,0.1010025137418396,0.0,0.034478691839359005,0.0,0.0,0.0,0.17952147213775332,0.0,0.2658872832772697,0.0,0.007963135685541698,0.013529156256698304,0.36723315401805234,1.095976481586006,0.7658853234884088,0.0,0.0,0.3394611154166542,0.0,0.0,0.0086415783733972,0.0,0.0,0.48543870426313124,0.0,0.037840227428519405,0.1355131927273797,0.07537850962086051,0.0,0.0,0.06539042033105208,0.0099460824386814,0.15755776761645893,0.0656359687188946,0.23779641383882122,0.0756541298097091,0.057474602914735294,0.0,0.3319911561893429,0.0,0.019782371591064003,0.2711413389014523,0.13494622080945742,0.7850611722845618,0.0035632506044256996,0.0796852363586115,0.0447263041938207,0.0,0.18966922031395742,0.13558011298445327,0.0,0.0,0.0,0.3806194000778964,0.0,0.09642584795039681,0.0218661432372428,0.127881527141978,0.0,0.1235496717996053,0.15454087515456466,0.0,0.010437478515915602,0.10828919483355082,0.067102657994325,0.0,0.0180149525373827
s__Candidatus_Cibionibacter_quicibialis,2.5941082109378817,1.0181113727145032,1.5667521246828888,0.0,4.536279894212573,1.7909846044165618,0.8027152135856084,0.7151152601385817,0.21422150035257442,1.5864618912350743,0.63022453189944,0.8470671915034783,0.6266863905325532,2.5040629956773577,1.7480859336321315,0.0,0.9642629014409085,1.0984440864398894,0.2946115965955997,0.5818077247850792,1.0108185408373473,11.898878506238558,0.6798442120098516,0.5259457620679505,1.9377299585588024,0.5019490868332911,0.5800731683200773,2.851734382143473,1.907526307915592,0.5257018512654901,0.569462020591091,1.298513393029162,3.0114145467295512,0.05572073339912661,2.815054846612629,2.003693259934313,2.1244716069583136,0.0,0.0,2.401435823416858,1.1471170564305257,6.67900303189905,0.6788873195188916,0.38940894257668474,0.1400617811266367,15.831047213027835,0.2533332039524436,0.03346481056979231,1.0092327500185934,7.784174038483858,0.2697336785557114,2.6483722669771814,0.580840131617724,0.9666331159110361,0.5729573045174913,0.2578881748655111,2.117406103248547,0.8470431493161114,2.685890633287059,3.9298509479814947,0.2655359148605873,1.2014974048386213,2.412433907323013,0.7898673022932058,3.23801160455658,1.2191129019481637,2.4839155873950793,1.0645322576613996,2.16560894075637,0.36431371772147075,0.0,2.301737508630258,3.9119390622737225,5.649748639204854,0.4718494413304488,2.020133351801721,1.1644577669841507,2.550949676150655,0.05781503567108819,0.0057546032898261,1.412983145246969,0.5824705795659111,2.276431632255579,2.666734110855468,0.48957177763461635,1.0731120121037132,0.4246964935583092,0.0167852154277174,0.7419714177539486,0.30139029388709015,0.11552391335853542,0.26933304183025036,1.541060372830216,0.8650766459821726,2.949557396700326,1.4409426498232971
s__Candidatus_Nanosynsacchari_sp_TM7_ANC_38_39_G1_1,0.0,0.0,0.0,0.0,0.0,0.0,0.0,0.0,0.0,0.0,0.0,0.0,0.0,0.0,0.0,0.0,0.0,0.0,0.0,0.0,0.0,0.0,0.0,0.0,0.0,0.0,0.0,0.0,0.0,0.0,0.0,0.0,0.0,0.0,0.0,0.0,0.0,0.0,0.0,0.0,0.0,0.0,0.0,0.0,0.0,0.0,0.0,0.0,0.0,0.0,0.0,0.0,0.0,0.0,0.0,0.0,0.0,0.0,0.0,0.0,0.0,0.0,0.0,0.0,0.0,0.0,0.0,0.0,0.0,0.0,0.0,0.0,0.0,0.0,0.0,0.0,0.0,0.0,0.0,0.0,0.0,0.0,0.0,0.0,0.0,0.0,0.0,0.0,0.0,0.0,0.0,0.0,0.0,0.0,0.0,0.0
s__Capnocytophaga_gingivalis,0.0,0.0,0.0,0.0,0.0,0.0,0.0,0.0,0.0,0.0,0.0,0.0,0.0,0.0,0.0,0.0,0.0,0.0,0.0,0.0,0.0,0.0,0.0,0.0,0.0,0.0,0.0,0.0,0.0,0.0,0.0,0.0,0.0,0.0,0.0,0.0,0.0,0.0,0.0,0.0,0.0,0.0,0.0,0.0,0.0,0.0,0.0,0.0,0.0,0.0,0.0,0.0,0.0,0.0,0.0,0.0,0.0,0.0,0.0,0.0,0.0,0.0,0.0,0.0,0.0,0.0,0.0,0.0,0.0,0.0,0.0,0.0,0.0,0.0,0.0,0.0,0.0,0.0,0.0,0.0,0.0,0.0,0.0,0.0,0.0,0.0,0.0,0.0,0.0,0.0,0.0,0.0,0.0,0.0,0.0,0.0
s__Capnocytophaga_leadbetteri,0.0,0.0,0.0,0.0,0.0,0.0,0.0,0.0,0.0,0.0,0.0,0.0,0.0,0.0,0.0,0.0,0.0,0.0,0.0,0.0,0.0,0.0,0.0,0.0,0.0,0.0,0.0,0.0,0.0,0.0,0.0,0.0,0.0,0.0,0.0,0.0,0.0,0.0,0.0,0.0,0.0,0.0,0.0,0.0,0.0,0.0,0.0,0.0,0.0,0.0,0.0,0.0,0.0,0.0,0.0,0.0,0.0,0.0,0.0,0.0,0.0,0.0,0.0,0.0,0.0,0.0,0.0,0.0,0.0,0.0,0.0,0.0,0.0,0.0,0.0,0.0,0.0,0.0,0.0,0.0,0.0,0.0,0.0,0.0,0.0,0.0,0.0,0.0,0.0,0.0,0.0,0.0,0.0,0.0,0.0,0.0
s__Catonella_massiliensis,0.0,0.0,0.0,0.0,0.0,0.0,0.0,0.0,0.0,0.0,0.0,0.0,0.0,0.0,0.0,0.0,0.0,0.0,0.0,0.0,0.0,0.0,0.0,0.0,0.0,0.0,0.0,0.0,0.0,0.0,0.0,0.0,0.0,0.0,0.0,0.0,0.0,0.0,0.0,0.0,0.0,0.0,0.0,0.0,0.0,0.0,0.0,0.0,0.0,0.0,0.0,0.0,0.0,0.0,0.0,0.0,0.0,0.0,0.0,0.0,0.0,0.0,0.0,0.0,0.0,0.0,0.0,0.0,0.0,0.0,0.0,0.0,0.0,0.0,0.0,0.0,0.0,0.0,0.0,0.0,0.0,0.0,0.0,0.0,0.0,0.0,0.0,0.0,0.0,0.0,0.0,0.0,0.0,0.0,0.0,0.0
s__Clostridium_SGB4648,0.0315268271818118,0.0,0.0,0.0,0.1425444751287513,0.0025211490557012005,0.0,0.0,0.039950694521016905,0.0,0.0,0.6165215821620041,0.0204536489151878,0.16906832446286527,0.0,0.0,0.0025196113568198,0.0,0.0,0.0,0.07608132977869961,0.607823375202057,0.0407210863186413,0.0,0.0,0.26789549769256754,0.0,0.0,0.0,0.0,0.0,0.0,0.2853363615809047,0.0,0.051301177333452824,0.04549220945912961,0.0563881881584731,0.0,0.0,0.0,0.0,0.0,0.0,0.0,0.2886101614854848,0.0,0.0,0.0,0.0383011536540497,0.0142513424855395,0.0,0.0082920683792551,0.0,0.0,0.002102234857141,0.0,0.13130121473144832,0.5402355342675572,0.0,0.0,0.0,0.33589222700751414,0.0,0.0,0.1275354898793967,0.0031057157995933995,0.004898168336230301,0.0007511421115806,0.0685187023882233,0.8481029152072901,0.0,0.014695211234056803,0.0,1.7948674533953588,0.0456049019007554,0.0242751378683372,0.0,0.0,0.0,0.0,0.1092307501685565,0.0,0.09869497467859249,0.1735092897534501,0.058329868327593105,0.0,0.012045334456297,0.0,0.0802340558382543,0.0,0.0,0.0,0.1776110608972315,0.0222190954568303,0.0,0.0
s__Clostridium_SGB4750,0.0,0.0024934905511093,0.0014906811627127003,0.012748040383531504,0.0013569037173593998,0.022363525882980104,0.012777379026774505,0.0,0.0,0.004016180840309,0.0,0.0005927314953267,0.0037869822485205006,0.04659841339882939,0.0,0.0088360092876968,0.0352592886236021,0.028916147944128504,0.0,0.0108051574016304,0.003945265463416001,0.0,0.0104058530085213,0.0367229297519058,0.0030811879221112,0.022937816552066802,0.0174788210588739,0.017122966631323903,0.0,0.0,0.0,0.0,0.0047149494480961006,0.0012715757109036,0.0,0.0,0.0,0.003275354009194,0.0036341495489495995,0.017713330546474396,0.0,0.0,0.005944153286710402,0.0015304806704116002,0.0,0.0057795176266396,0.0,0.008087146831616703,0.0,0.0,0.024518263648036602,0.0,0.0,0.0,0.0,0.0008465341874523,0.03303751795543872,0.005051811031442701,0.0026260541145341,0.0,0.0,0.0029232819586730006,0.0,0.0989470132654004,0.0,0.00011316373358839999,0.014464249232201801,0.0060774225391526,0.0,0.0351841616027247,0.0,0.0,0.0,0.0,0.0,0.0,0.007115936496252797,0.0,0.011912466905388799,0.0,0.0,0.0,0.0,0.0039532320121107,0.007557038465325701,0.0181103864657804,0.0,0.0,0.0,0.011445346347430703,0.0,0.0,0.0,0.0029196584230577,0.018377770112666107,0.0053753271469741
s__Clostridium_SGB4909,0.0249561056850014,0.0056309044862963,0.0,0.0,0.0,0.06149969617818791,0.0,1.558167521527301,0.0,0.0,0.0052699286947443,0.0,0.2171005917159523,0.0,0.0353371761694403,0.0,0.0,0.0090844128258975,0.022502648388618,0.0,0.11707056148807161,0.0,0.009867368307381,0.0,0.0035104081301665,0.018701694480207604,0.0,0.0,0.0175051937215733,0.0035101098951914,0.0,0.020753030340505203,0.006462575498355601,0.176563288037614,0.0,0.04991392059552341,0.0,0.0,0.0,0.020601218173905998,0.02268014435375411,0.012843689127975899,0.0,0.0,0.5699179003758863,0.0,0.0,0.0,0.0,0.0,0.0,0.0,0.0,0.007875788449204602,0.011040513997935101,0.016761376911559,0.24372384777411119,0.020224368908928803,0.0052052144055949,0.06827854329157598,0.0,0.11484933119584792,0.0212588765561401,0.0,0.0,0.0,0.015782986861187103,0.1085741779466355,0.029554702514717503,0.0,0.0,0.004306113095818301,0.0,0.05397945596491109,0.0604312389403238,0.0368942439597424,0.0019101379630771995,0.021505978676146703,0.0,0.4547118613175934,0.0340249749441654,0.011429057923681802,0.0,0.0,0.0,0.0210226893860245,0.0,0.0,0.0,0.0,0.0,0.0085607079310349,0.0,0.0087424800238455,0.0,0.0051090963212985
s__Clostridium_butyricum,0.0,0.0,0.0,0.0,0.0,0.0,0.0,0.0,0.0,0.0,0.0,0.0,0.0,0.0,0.0,0.0,0.0,0.0,0.0,0.0,0.0,0.0,0.0,0.0,0.0,0.0,0.0,0.0,0.0,0.0,0.0,0.0,0.0,0.0,0.0,0.0,0.0,0.0,0.0,0.0,0.0,0.0,0.0,0.0,0.0,0.0,0.0,0.0,0.0,0.0,0.0,0.0,0.0,0.0,0.0,0.0,0.0,0.0,0.0,0.0,0.0,0.0,0.0,0.0074169357729718,0.0,0.0,0.0,0.0,0.0,0.0,0.0,0.0,0.0,0.0,0.0,0.0,0.002488560022318799,0.0,0.0,0.0,0.0,0.0,0.0,0.0,0.0,0.0,0.0,0.0,0.0,0.0,0.0,0.0,0.0,0.0,0.0,0.0
s__Clostridium_fessum,0.2335554532039355,0.0565008518284175,0.0191130747529226,0.0,0.25044731432802414,0.12057161919162762,0.17148803877091895,0.017665821542488108,0.032807192851691806,0.1476263525721874,0.0,0.279270832491377,0.062485207100576506,0.512257290895315,0.0,0.0,0.0,0.2322838167652385,0.1850025426069275,0.2796779624058539,0.028841966993079105,0.2254378348497777,0.2510357462153442,0.3846353229555464,0.2175226697251583,0.11600698740490131,0.5041848628650253,0.49189851613628577,0.046361772975358,0.6843516305897991,0.1041860266546656,0.03339592503897341,0.24803546807068733,0.2327269298304325,0.21511221678664136,0.051147886494036204,0.1279174058807032,0.0116007083816547,0.28749818677494415,0.12986916439398077,0.22620946587086369,0.4935349051614428,0.258141110019545,0.40503077741967225,0.4029489945517746,0.0,0.2856472459352141,0.059871150630269404,0.0437893964183098,0.250751009439818,0.12023127147187641,0.0746286154132715,0.0048819948299888005,0.06065440220210242,0.055701661718320715,0.1000772716406053,0.7003919852271715,0.39222603343783596,0.0201877910054836,0.019636472377522394,0.0263635315285441,0.14017493489636793,0.0451962415346219,0.3755732673274253,0.0697591956518243,0.0382116207083401,0.22676007515545615,0.2334822825378646,0.058954610478303505,0.9251676688525832,0.040137532580676,0.028686076831622904,0.0,0.3154866705365325,0.083885188489292,0.0185250176964906,0.45290447238625153,0.06703728824245452,1.02122423363729,0.0596868238832072,0.0207296185318615,0.21266275228883583,0.0679781846513453,0.1314136347541612,0.37862071289371796,0.0744785664849125,0.0129823446902143,0.0,0.1203847531051849,0.07412497629423671,0.16662256876726492,0.0,0.1642106432138777,0.0851814468738234,0.2372034370058637,0.0849403110488708
s__Clostridium_sp_1001270H_150608_G6,0.0,0.0243046826245498,0.0,0.0,0.0,0.09210364443765862,0.0010819002605734003,0.11459416513802374,0.8237585346046292,0.0,0.1602647723121877,1.0890228821299597,0.0,0.1540414745394551,0.0,0.0,0.0,0.22375370709480147,0.0,0.0991367093880827,1.546253357888121,0.0,0.0215976026078962,0.0,0.1358022079700419,0.07934099747179421,0.0,0.0,0.0,0.0,0.0,0.0,0.0023301680670127006,0.0040004629107083,0.0,0.4640328761421027,0.0,0.0,0.0,0.0,0.0,0.0,0.0,0.0,0.5143931736163829,0.0,0.0,0.0,1.210093959139924,0.2606815627386729,5.074690563451468,0.3171763810630224,0.0,0.0,0.0,0.0,0.6984056596357997,1.0332751661532231,0.0902471632753558,0.0,0.0,0.19068354317744693,0.0,0.0,1.397040000617713,0.07529160408082879,0.0,1.3128871540085765,0.0,0.23814180751724842,0.0,0.0,0.0,0.0,0.0,0.0,0.0,0.024377195724532803,0.0,0.0,0.0,0.0,0.0,0.0,0.0,0.0,0.0,0.0,0.0,0.0,0.0,0.0,0.0,0.0,0.09293473991931123,0.0
s__Clostridium_sp_AF20_17LB,0.1937309841318978,0.012988071661822498,0.015577040366952604,0.0,0.104098869803577,0.056072222516593606,0.09153697900852563,0.229912722429253,0.011933686024581402,0.3649792412771934,0.0,0.061374652107003304,0.05581854043390331,0.015612311608729699,0.09905452194995769,0.0,0.05619496844300491,0.022095139669768,0.0093472539460413,0.0,0.43784140821887824,0.0017644611832498,0.1903325113922144,0.0,0.0551701260282335,0.03301037347846271,0.11697364862475841,0.0,0.0758198522777387,0.0983789162433864,0.0,0.0,0.098231147574998,0.1864644337416169,0.0,0.09295876435588771,0.0319629366505954,0.0,0.0,0.030794603710321895,0.06694280780432572,0.013577301379957498,0.021977113616685407,0.0,0.0344069100654034,0.0,0.0019407130857957001,0.16792593793119992,0.0380892523890222,0.1291335020377504,0.20414404545444953,0.0370760298796338,0.0,0.022729927764011306,0.013883824452197704,0.0016422763236576,0.039845351819831815,0.16564802748183394,0.0318174592269932,0.002722297718769799,0.0,0.17273031397758842,0.0455863126641086,0.0035993953015892,0.0324444109193681,0.059146911422216196,0.21842900251522931,0.3032019276218474,0.08288142538359161,0.21171880907328305,0.417503703432848,0.0,0.0,0.0,0.0408609800664202,0.0100697917295143,0.012321735029428195,0.022012664037626604,0.028922935178385595,0.027123232570819097,0.022943190960717,0.05870135853758181,0.0521036229060856,0.0594807617729797,0.21982476176518082,0.0156277675829493,0.0,0.0,0.1120684241954,0.014981120344430306,0.0,0.0,0.0793783489476056,0.2285581192649149,0.3879822617165219,0.0620824930158669
s__Clostridium_sp_AF27_2AA,0.0,0.0,0.009660538387813302,0.0,0.0,0.030510572368512703,0.026143640473861512,0.018343478718059806,0.0,0.0407254829069757,0.0,0.0,0.0295660749506907,0.0050306337405905,0.0,0.18729425576134573,0.10304446930798561,0.0,0.0552949693309914,0.0,0.019331800770739004,0.0,0.0297913022495605,0.1045496701747156,0.080754716286971,0.011767005755164203,0.0,0.0,0.0199111939159041,0.0,0.0376945701243621,0.015615195719122203,0.0,0.0130443665624167,0.0,0.0,0.0030203267993596,0.012386793343861299,0.0,0.004274645547534899,0.0,0.0,0.049770674101797516,0.0,0.0,0.0,0.0232184107734235,0.024053516557350805,0.0155323627266522,0.0194980150693879,0.0570344635662885,0.0093786152703299,0.0,0.11768810794624575,0.016016307292894803,0.000778811452456,0.044836631510954614,0.040243240419947306,0.0,0.0,0.0,0.019707198375054604,0.0060331001358096,0.0,0.0,0.0,0.00041864686634430007,0.0,0.020775640114148803,0.06350448200454882,0.0969832597379885,0.0,0.0,0.0,0.0131438260956689,0.0,0.0,0.0021534127862894003,0.16001146228048047,0.0,0.005151080494821,0.023162175291342704,0.0078496299181925,0.0106520804937279,0.0,0.11189290618708318,0.0,0.0,0.0115485862998415,0.0,0.0,0.0,0.0208533203359976,0.0234397436111032,0.017011710545638502,0.0017495168544396
s__Clostridium_sp_AF34_10BH,1.2027158139786789,0.1968487485622992,0.20498599337488893,0.0,0.7750007770303269,0.07633479085315611,0.025184994673353306,1.1955741976188345,1.170545601998064,0.1607881522383308,0.0109038985164283,0.24844879473437928,0.0,0.10230400856940838,1.3390581194708204,0.07268632375178892,0.1017159469562155,0.0333043812583194,0.0884719509296085,0.4399138124058737,0.15050149515176522,0.7890826756155404,0.2585454247501737,0.5633308775701784,1.9737384681560273,0.9441531631123653,2.266464091612358,0.39399867552671997,0.024522694288371505,0.017622428859476798,0.2773573243074343,0.21032214329228155,5.160557682036265,0.5336903270235447,0.0,0.2521814974628614,0.435281619210331,0.0326106155533471,0.0,0.05035217932578889,1.350190061829598,1.391355857784341,0.0,0.10408361759276931,2.0310931891094217,0.057261682331629496,0.2714777022003663,5.007136715570038,0.66474486346035,0.0821494582764959,0.771997520639736,0.0,0.0033896819998611005,0.8990003628432996,0.014987875851991302,0.1348359653774076,2.027444228815908,3.822902342499157,0.099016308264972,0.21426003111434394,0.0,0.043150493692403306,0.0536997921570988,0.0017996976507945,0.3200488938014801,0.20830928603993537,0.09396528915100431,0.4152313592817844,0.17772625821984803,1.6896210071487405,0.2639113765173751,0.09212520768189511,0.19586428909664821,0.6483094397584175,0.3241426910965389,0.0883620683550282,0.022760235447371793,0.3113018562558799,0.07686059319972859,1.2218024438798651,0.0417933612039077,0.0742620477294395,1.899220880405184,0.998811979728462,0.16365404728480354,0.590767808772131,0.0580538949274657,0.0,0.0751163149706777,0.0021696794981588005,0.23626407629542362,0.6874248468620996,0.0,0.9735658745045114,0.08781201654295763,0.0868799927787961
s__Clostridium_sp_AF34_13,0.0180063041018365,0.0,0.0,0.0,0.0,0.013971367683678104,0.0,0.0,0.0,0.061200959261255,0.0,0.0176202908156257,0.0,0.0,0.0388218143750308,0.0,0.05343103113642841,0.0,0.0024618281997802,0.0,0.0,0.0,0.0,0.0069813297673684,0.0845717102800281,0.0,0.0,0.06261813830871321,0.0,0.0,0.0,0.00013799969024370004,0.0,0.0898532544480044,0.0,0.021265345651329703,0.0,0.0,0.0,0.0034454500901535995,0.0,0.011836340961075798,0.0,0.0,0.0,0.0,0.0476526899861488,0.010242989762372501,0.0,0.0062451742866568,0.0,0.0249905784947212,0.0,0.0,0.0,0.0,0.0,0.0,0.0,0.0006633009670097998,0.0,0.0,0.0,0.0,0.0,0.0031937320368288996,0.040839001811873304,0.0042610243420575,0.1363076590353567,0.0,0.0,0.0,0.0,0.0,0.0,0.0,0.0019773963420588996,0.0,0.0,0.0,0.0,0.0,0.042793143747545,0.0,0.11924417838142821,0.0,0.0,0.0,0.0,0.0,0.0,0.039609737080898606,0.0,0.0,0.0,0.012487493490022499
s__Clostridium_sp_AF36_4,0.006381181453633199,0.0,0.010411656803133702,0.680017371905864,0.060770730589416184,0.006396248530205001,0.13737394321283375,0.006706469289277804,0.04514470255738891,0.279314808546523,0.0,0.014441094613417898,0.09988165680470001,0.19914370807579054,0.2255567046954394,0.12226788823540441,0.0,0.1516019130233496,0.006154570499451,0.0,0.0,0.0003350242753005,0.0014990249788498,0.0115409516479532,0.1993574573485217,0.15952921935801323,0.0,0.06286724731789621,0.0,0.08814808398912198,0.1067722046212719,0.025370712283262303,0.0,0.0,0.4414546710785058,0.0,0.0478393501307273,0.0,0.0,0.22815741904048878,0.0,0.20287116126438817,0.0,0.05854088564323181,0.2546308707612641,0.0,0.0,0.0162837273145409,0.2089664325087024,0.0398492952302392,1.0019709668357542,0.011037028946181,0.0,0.04897224055348712,0.010601918236373202,0.0023872264086158,0.07150772128897813,0.2615468131634587,0.086495657397442,0.014108964319106495,0.0,0.0,0.0353404443300081,0.0416657274305111,0.20462994365214587,0.05624237559343119,0.15452255836772122,0.0046570810918001,0.0,0.08097100473518322,0.0,0.20472446238817224,0.0955900488713421,0.030805691395710898,0.4598315060168028,0.1046635174136355,0.0,0.029556646086327104,0.025839466609260096,0.0265929448956475,0.0640543820450573,0.0,0.6080833657966522,0.0119622294314591,0.0015375792548498002,0.0,0.0,0.0,0.0,0.02353356069429441,0.0,0.027657671777189904,0.0,0.0082971083999892,0.13506913968982381,0.39246227002094036
s__Clostridium_sp_AM22_11AC,0.008845202014937,0.0122071433024091,0.016293491778488902,0.0,0.017976074888096195,0.016866020303186905,0.011024426705845204,0.0,0.0004316735901539001,0.0215464579116932,0.0,0.0368032373916537,0.113313609467434,0.09111518524982258,0.0,0.17884332579479723,0.0760922629759364,0.0202012705552164,0.0189445373186228,0.0,0.009572459887551602,0.0208608448753836,0.0480270138854642,0.0716674177745037,0.0263510549159666,0.016222778601119703,0.0754956566497897,0.043371189599089706,0.0148370011983732,0.14078775251975628,0.0099034195943415,0.0,0.0,0.0720940565979766,0.0,0.0033317079260303003,0.0013263174205883,0.0,0.06247862755622539,0.053211474006414496,0.002848892520781401,0.023015715726327896,0.02467055807470621,0.03127646570033131,0.0,0.0,0.0265971221095455,0.012311285772082303,0.0023309139153229,0.000181545764147,0.1869681495299138,0.0116851446355941,0.0011405533773117002,0.021136202400026907,0.0014670272024653003,0.0,0.5333538869930013,0.0023460952925681003,0.0,0.0,0.0,0.009055044115889801,0.0,0.0395388120250305,0.0,0.0004652286825301999,0.006970470324635501,0.0295676849376508,0.0,0.0327567055682781,0.0483851328780554,0.0,0.0,0.03520289426925789,0.0218346908961739,0.0016428914776703,0.047309543775638084,0.004714988780437801,0.35321132459333615,0.0042030208328423,0.0,0.036451361578190004,0.0,0.0016861047198627,0.035675110157730304,0.019638151932138,0.0,0.0036803440247327006,0.0117842717345321,0.0,0.0743887522101691,0.014437963183687702,0.0083289888915966,0.001847467476737,0.002305225519358801,0.0022946561641564
s__Clostridium_sp_AM33_3,0.0331695075560146,0.0122893462876105,0.017518392578857702,0.0,0.0,0.030405524491204903,0.03022473259601031,0.03402306371145871,0.0,0.033256795730265,0.0,0.0169736746389056,0.0237278106508879,0.12205791950768947,0.004932480840318,0.008825601738477002,0.0,0.0864251003250173,0.0097896137006894,0.0,0.012853259588708303,0.0198669395253265,0.0965634051909449,0.0477152132067588,0.0983527448172337,0.046958197633605404,0.0,0.0,0.0,0.12973030735503877,0.010016308315106,0.0,0.052301350441616004,0.1936652669808917,0.024924383931994608,0.010447577940885302,0.0194088826497984,0.0,0.0,0.04191726001794199,0.014219796867797006,0.05960873283264869,0.006408540262234602,0.0,0.0034538485247297,0.0,0.0,0.009903745443319602,0.0068338157971969,0.0217310279683961,0.208339684153594,0.0138201139654254,0.005073863622433701,0.016710906729157402,0.007199020086324701,0.0077034611058174,0.07298473262613141,0.044969680571418404,0.010668344840296,0.0019760841308835994,0.0001049410808301,0.0321846213693831,0.0032765974875518,0.027831687912794605,0.0203278711893039,0.010750554690900898,0.020262508331073105,0.0886757405544174,0.006855187264919502,0.14023441412790272,0.0,0.0029774610997108006,0.0,0.06562951645170209,0.029437616289336995,0.0,0.003672307492394899,0.0031386343225004,0.019292235014162898,0.0238629453827266,0.0055130483133761,0.019155744970678103,0.00673938449552,0.0236510364759019,0.0649545449043202,0.0025621900008704,0.0,0.0,0.0170535246672586,0.0027092294262724003,0.023152827075707604,0.0,0.0162754612563201,0.0649087903657101,0.03863387212999511,0.0193334290073953
s__Clostridium_sp_AM49_4BH,0.0,0.0278257104906595,0.0,0.0,0.0,0.008310454294719001,0.014735755447812903,0.2307539520265166,0.0,0.2571060330927491,0.0,0.45154015890591714,0.048639053254429,0.18463726853932969,0.0089079131593804,0.0,0.0385271482015499,0.0715051070567109,0.0018271381170244,0.0,0.0,0.0,0.1805961258499784,0.0019297984722806002,0.0,0.0005491269352409,0.0,0.03490148328679571,0.0,0.0,0.0,0.0,0.0,0.0,0.0,0.010550408432429501,0.4545723151592783,0.0361241771268462,0.0,0.02927917752958289,0.0,0.0068433978729624985,0.020282101156021907,0.0,0.7738594323122845,0.0,0.0104284100754808,0.010877704939955402,1.2836448882316196,0.0884854054452265,0.0,0.0,0.0,0.0,0.0142619242466476,0.0186745441752016,0.012325404951519304,0.09615565742896721,0.0,0.0,0.0,0.05090788581688801,0.0051099317960629,0.0096165662350544,0.10904885757064908,0.028165195915339995,0.023025577648946704,0.0724100995563704,0.0,0.0,0.0,0.08538590056910692,0.0,0.05910952598403849,0.076535272260619,0.0099564888689854,0.008286232290532498,0.08080224056265022,0.13547733069881637,0.0,0.0,0.018798027977761603,0.8103428126217397,0.0,0.014263501172649603,0.0043764114921699,0.0019283399016845,0.0,0.0,0.10923016097873703,0.0,0.23243968322744632,0.0918656626636111,0.0,0.21515438180681046,0.0112831159452995
s__Clostridium_symbiosum,0.0,0.0,0.0,0.0,0.0,0.0,0.0,0.0,0.0,0.0,0.0009707763385054,0.0,0.0,0.0,0.0,0.0,0.0,0.0,0.0,0.0,0.0,0.0,0.0,0.0,0.0,0.0,0.0,0.0,0.0,0.0,0.0061575665871553,0.0,0.0,0.0,0.0,0.0,0.0,0.0,0.05375256225507819,0.0,0.0,0.0,0.0,0.000251436110139,0.0,0.0,0.0,0.0,0.0,0.0,0.0,0.0,0.0,0.0,0.0,0.0,0.0,0.0,0.0,0.0,0.0,0.0,0.0,0.0,0.0,0.0,0.0,0.0,0.0,0.0,0.0773996464063049,0.0,0.0,0.0,0.0,0.0,0.0,0.0,0.0,0.0,0.0,0.0,0.0,0.0,0.0,0.0,0.0,0.0,0.0,0.0,0.0,0.0,0.0,0.0,0.0,0.0
s__Collinsella_SGB14861,0.43640541941312677,0.3901901697559971,0.046684898429126306,0.08292043477630753,0.029387983075098698,0.04122545585525281,0.08496340780504323,0.08571194896536764,0.0003063489994640001,0.0215464579116932,0.1652573363388118,0.0226854508666007,0.1596844181459465,0.1350898629477223,0.0867846691133505,0.0,0.0717402069959924,0.2905164427102261,0.1379393113189281,0.1636261815549294,0.10731122060488212,0.1766136304626228,0.0,0.0357012717371935,0.0862579325259653,0.2690094409040598,0.0743415071312708,0.043607187607780505,0.0968260847436307,0.22062178781516117,0.0203918080144556,0.05689833382357501,0.04354501575227521,0.05793527536756111,0.07254266582493181,0.029574049368096808,0.1141946167270945,0.0653879764017091,0.010358352810424298,0.054969940235007,0.16505077318447975,0.07529927547576208,0.0,0.0,0.025492691492053,0.0712807173951802,0.1737639674348192,0.0126395867260045,0.2296374009123206,0.4952568445930187,0.0293694708939045,0.0565195005620506,0.010264980395806002,0.033638436323314314,0.0418027132743691,0.05023333868340489,0.04643248284076451,0.34628024022644344,0.0921698100377871,0.11414304140628458,0.2659206988236347,0.07611941022144432,0.055689154917382,0.6887933736223247,0.1263624425280927,0.16929294544828646,0.19454519879025192,0.028871171343283496,0.012748436962019803,0.15987727675144173,0.0,0.010148980307616502,0.0995303487944109,0.12221191434750199,0.2919599253724026,0.1597428704883147,0.13403249763450398,0.26966920905429004,0.0037412751972056998,0.0,0.051413352073961,0.07574657325004912,0.2034865601869717,0.1399239065496915,0.1446633077647906,0.0712161506453118,0.0209944611831289,0.0115290334918422,0.2877382464094536,0.10754263248015893,0.05379829334835641,0.0,0.0455935021547398,0.0347884723967572,0.13097096098874925,0.0408854482287454
s__Collinsella_aerofaciens,0.592059914871242,0.2430194252504164,0.9680645250007989,0.0,0.11431623882061298,0.15555256233947784,0.28777177437256174,0.3104838238558379,0.0004873734082383001,0.4062402149629015,0.0,0.4197886103948811,0.025581854043393,0.19912202430964648,0.3580220359194863,0.0,0.0961728019712119,0.9906783146289508,0.3370589000089714,1.4285491283433265,0.8043773343253044,0.2129079269535347,0.0843092398298761,0.3090704690507477,0.5464586420269645,0.23419479320977912,0.1327390930788071,0.16577549011213033,0.3541447209116833,0.11620500335615398,0.0018883204200608999,0.46298896076785634,0.28178649616632534,0.0490199580236958,0.23267080983756144,0.08450609795095791,0.0807871759550374,0.3524042706328381,0.06833022428759299,0.4675518661758601,0.19442766489227906,0.13122899761191736,0.29490894880666196,1.0066299329441677,0.1652255346639242,0.0,0.2927437088453256,0.027599166859708004,0.2934514668759088,0.7507825076299132,0.2334807379210466,0.0198056529794166,0.33098432634492536,0.527987287332443,0.19163609981894061,0.4428897561913868,0.18474525713832757,0.36643611000273646,1.0171739249708405,0.07064155298654348,1.6419431310290884,0.30531897569340455,0.1913038842632843,2.7574821975363086,0.3772757861050561,0.13172258589691688,0.22158978635610943,0.7676672380354305,0.09996410977764092,0.7351285533282826,0.46684730922926015,0.10795697664757213,0.7812952219156013,0.5400220011771113,0.0,0.0746382593734646,2.3519313512558147,2.3439687059861205,0.09440552935804698,0.0,0.0,0.5671424064194353,0.2921308920919397,0.0326397974486902,0.04084399361018331,0.0838361299663519,0.1416515036230248,0.0111121989476045,0.7165173908073409,0.99486118872722,0.22817660162025097,0.12335650870624051,0.1619895795094473,0.12199883444596478,0.25082134331465805,0.1718710144611445
s__Collinsella_bouchesdurhonensis,0.0,0.0158514756463381,0.0,0.0,0.0,0.0,0.016899555968960204,0.0,0.0,0.0,0.0,0.0170814440016922,0.0,0.014636542133183899,0.0,0.0,0.0,0.028854558704630898,0.0,0.0,0.08152164320719281,0.0,0.0,0.0,0.0,0.06562851343178482,0.0,0.09480564449548051,0.0,0.0,0.0,0.0,0.0,0.0,0.016365542415284505,0.0,0.0,0.0032277124963330005,0.0,0.0,0.0,0.0,0.0,0.0,0.0100326076194529,0.0,0.0,0.0,0.0,0.0,0.0002950058460325,0.0,0.0,0.03156504604395011,0.0,0.0,0.0,0.022416341153080402,0.0,0.0,0.0,0.0,0.0,0.0192513112342582,0.0,0.0084495587746027,0.022209216259574904,0.0195570091597001,0.0,0.019084826753579403,0.0,0.0,0.0,0.0,0.0,0.0,0.0,0.10648837347102161,0.0,0.0,0.0,0.0,0.0,0.0,0.0,0.0,0.0,0.0,0.0097136068440356,0.0,0.0,0.0052022763580904,0.0,0.0005113526051682,0.0,0.0018382604629981
s__Coprobacter_fastidiosus,0.0536819522287214,0.0017262626892295,0.0,0.0,0.08302627104765509,0.006711392162167802,0.0,0.0,0.19439236511453303,0.0113439493910483,0.2229318520210843,0.0117333893734021,0.0097633136094675,0.0,0.0014110330762102,0.0,0.2919389692101991,0.0,0.2138905578887117,0.0,0.0007682885376125,0.0226699759620021,0.10116235561151211,0.0150221567352047,0.0257838710696078,0.0,1.4497069828544575,0.12692759567981093,0.0,0.5724234505530277,0.0,0.10589883922089721,0.0,0.0045433828771614,0.039370670976865405,0.45103510201093977,0.0357055155106911,0.0810739445111996,0.0,0.013352906158520497,0.012234205110888503,0.0,0.07749457654060861,0.23716984388986326,0.0,0.0,0.0933179027157811,0.21339562004940865,0.0,0.266599954649856,0.0,0.0,0.0,0.0012223718811141002,0.022277639888984003,0.0273261235709659,0.0,0.011250982534433802,0.0,0.04180177969174609,0.0,0.0,0.026966917417376095,0.0,0.0033112602448609,0.07271398570465339,0.0,0.0,0.0,0.0,0.0,0.014166952006688802,0.2384985667304133,0.004397202873546599,0.0540427575367616,0.0,0.08208212570912027,0.0,0.0,0.0,0.0,0.0,0.015290222049084699,0.0,0.07198815213395351,0.0,0.0181834304813775,0.0,0.0,0.0,0.0,0.0,0.4302200395472676,0.0,0.028644561546106808,0.0085447417383504
s__Coprococcus_SGB4669,0.0,0.0,0.0,0.0,0.0,0.006466280448419001,0.0,0.0,0.0,0.0339332051349601,0.0,0.0,0.0,0.0,0.0,0.0,0.0,0.022741826684493,0.0,0.0,0.0046512603358168005,0.0,0.0044825212959783,0.0,0.0007664646572415,0.025463800454175307,0.0,0.0,0.0,0.0,0.0,0.0,0.0037683186708720004,0.0300891960355233,0.0035013442568356014,0.026715361703169502,0.0,0.0,0.0,0.0,0.0,0.0,0.0,0.0,0.0,0.0,0.0,0.0,0.0001483308855205,0.0,0.09830250358348379,0.0,0.0,0.0,0.0,0.0,0.011221890734096804,0.022844460732016302,0.030058940846724697,0.0,0.0,0.0,0.0,0.0,0.0,0.0,0.0011512788824471001,0.0,0.0,0.0051618317973860005,0.0,0.0,0.0,0.0069496022426744995,0.007122207980617499,0.0,0.0,0.0050105552413011005,0.0,0.008072156833169,0.0,0.0,0.0004869497467859001,0.0,0.007049964455747602,0.0,0.0,0.0,0.0,0.0,0.0,0.0,0.0,0.0,0.0,0.0074924960940135005
s__Coprococcus_catus,0.1754087799581021,0.006110421899971301,0.008204524228884501,0.0,0.0,0.0,0.024733061653113605,0.017782658986552107,0.0,0.0115271436048168,0.0,0.0114639659664354,0.0306508875739649,0.05813417697636829,0.0024785102729955,0.0,0.12387325652437918,0.0486401018932177,0.015194095920520002,0.013975971086081701,0.019664033651868702,0.0157908108425023,0.034128287139814,0.0107463287476025,0.0037863354067734995,0.0,0.025248508023759997,0.0,0.0,0.06385285235961459,0.0088771584964823,0.006167524617817802,0.0026032346373657004,0.0047862681253116,0.0,0.0,0.0237292631584479,0.0,0.0,0.0,0.020398563763517907,0.014332812505132598,0.0,0.00037168816281420007,0.002467034660521,0.0,0.0,0.013679206413424802,0.0004873729095674,0.0217310279683961,0.1726111983563539,0.009473926401126,0.0007994533018539002,0.017004894903096302,0.007849351732778303,0.031067804679505897,0.02616177552381751,0.05168259556911191,0.0020633282328483,0.0028328478799378993,0.0031715526650894,0.0122350044904462,0.0035756520201458003,0.0110345098387109,0.04929768615665069,0.0057839241611863995,0.00037678217970980003,0.0026494830844845,0.0019902156575571004,0.07879466484222432,0.0,0.010869333799482102,0.007020475379169499,0.0033863516382484993,0.0061607731555252,0.0,0.0,0.009021814353016902,0.004830767424963399,0.0,0.0017123862185484998,0.006152732278163501,0.0059018309310479,0.0100140949240501,0.0021755110733512003,0.0,0.0,0.0,0.0107741913001437,0.0032717389257950007,0.0,0.018553688150531503,0.0,0.000346400151888,0.03208105514441031,0.0062374079158284
s__Coprococcus_comes,0.11686196662115661,0.0171530229120271,0.07504250752446111,0.0,0.04978792870616949,0.015150238306945802,0.09607000415091282,0.009417097991564403,0.0018241690422638004,0.0437552333654648,0.0,0.036156621214928,0.0013214990138065,0.5479704537002629,0.0,0.0,0.1568114486253464,0.24480182969311223,0.0281763930677997,0.0889413238488397,0.07471086914404551,0.0282983837870488,0.0268660204947281,0.0328254936216379,0.0250327357055111,0.05976069989519921,0.0314119044216634,0.0,0.0,0.08563230556595439,0.0109399433031793,0.0193305719949161,0.004132407431342901,0.0218453849659749,0.024198179197243305,0.0156713669113279,0.006316422567356601,0.0018937501362247997,0.007288831016254999,0.12326419368175509,0.06281129700579921,0.5270401811474835,0.06802108223989513,0.12807936810388393,0.0263150363788935,0.0,0.0449403680831262,0.013613546222640403,0.0251314900324728,0.0242363595136248,0.43044630778874793,0.0022684049129455,0.0,0.023503580853324206,0.009603734779025602,0.0353004756167417,0.2764218228934329,0.03717790423477751,0.0175148430674751,0.011828867245009896,0.0015974364526369,0.05022341004118241,0.0,0.3810450753364267,0.0357408224635768,0.007858592610307599,0.009545148552654002,0.007074392978159601,0.016817322306359204,0.10036275121728133,0.0872802005645996,0.022427005380080304,0.0,0.012761996845638996,0.0198485689548649,0.0004248857269835,0.020661774023146097,0.017241376883690904,0.04636508905106709,0.0477651713339626,0.0,0.03891960882931131,0.0070510323334632,0.0999700602486057,0.027594640456720304,0.0109967285130529,0.006531911920494699,0.0,0.0694766992120007,0.10955159497845883,0.011061652066315401,0.010717347813661102,0.0115125135346069,0.0008247622664004,0.07327628896254812,0.0109027861943343
s__Coprococcus_eutactus,0.0,0.0171256219169601,0.005558276273371001,0.0,0.0,0.12278929660173753,0.13340241061072083,0.14286882660153247,0.0,0.0,0.0,0.0,0.0,0.2780943005304829,0.0032147014431921994,0.0,0.0,0.8918121879253939,0.0,0.0,0.15959637027270912,0.4320138030001375,0.3766045570650453,0.0,0.2696422664175945,0.5869853150905895,0.0,0.0,0.0,0.0,0.0,0.053437726206695305,0.3992233258561409,2.7349450436407867,0.05641054636013301,0.0,0.0,0.0,0.0,0.3760830293426363,0.0,0.4034867385898518,0.0,0.004176025829266201,0.4132447525349885,0.0,0.0,0.0,0.0,0.2249170472016919,0.4131392981548718,0.199962752410065,0.04254157503599221,0.03521668862550752,0.04036593405545601,0.0916796525010979,0.021985398639418306,0.24613450832178882,0.1110914678094614,0.07155359181619157,0.0193441392330277,0.0,0.2964410560265509,0.0181424066211424,0.0944971309340569,0.03912950432523849,0.8472575281079442,0.0055311373670939,0.31848978897743363,0.8899277036628566,0.0,0.1070125131804586,0.0,2.401605636102206,0.9450524816909864,0.43743401878730026,0.0,0.19956365945619733,0.0,0.1659800423287316,0.5556484451602567,0.4913064039211358,0.8105181145305852,0.0,0.0,0.0,0.0908492531145751,0.0,0.0049998981502229,0.009872615705908003,0.0,0.008247912833554702,0.0,0.0162478166480905,1.011012147684727,0.0967812439622614
s__Corynebacterium_matruchotii,0.0,0.0,0.0,0.0,0.0,0.0,0.0,0.0,0.0,0.0,0.0,0.0,0.0,0.0,0.0,0.0,0.0,0.0,0.0,0.0,0.0,0.0,0.0,0.0,0.0,0.0,0.0,0.0,0.0,0.0,0.0,0.0,0.0,0.0,0.0,0.0,0.0,0.0,0.0,0.0,0.0,0.0,0.0,0.0,0.0,0.0,0.0,0.0,0.0,0.0,0.0,0.0,0.0,0.0,0.0,0.0,0.0,0.0,0.0,0.0,0.0,0.0,0.0,0.0,0.0,0.0,0.0,0.0,0.0,0.0,0.0,0.0,0.0,0.0,0.0,0.0,0.0,0.0,0.0,0.0,0.0,0.0,0.0,0.0,0.0,0.0,0.0,0.0,0.0,0.0,0.0,0.0,0.0,0.0,0.0,0.0
s__Cutibacterium_acnes,0.0,0.0,0.0,0.0,0.0,0.0,0.0,0.0,0.0,0.0,0.0,0.0,0.0,0.0,0.0,0.0,0.0,0.0,0.0,0.0,0.0,0.0,0.0,0.0,0.0,0.0,0.0,0.0,0.0,0.0,0.0,0.0,0.0,0.0,0.0,0.0,0.0,0.0,0.0,0.0,0.0,0.0,0.0,0.0,0.0,0.0,0.0,0.0,0.0,0.0,0.0,0.0,0.0,0.0,0.0,0.0,0.0,0.0,0.0,0.0,0.0,0.0,0.0,0.0,0.0,0.0,0.0,0.0,0.0,0.0,0.0,0.0,0.0,0.0,0.0,0.0,0.0,0.0,0.0,0.0,0.0,0.0,0.0,0.0,0.0,0.0,0.0,0.0,0.0,0.0,0.0,0.0,0.0,0.0,0.0,0.0
s__Desulfovibrio_SGB5077,0.1878973628029915,0.0,0.18430134778375404,0.0,0.06859902126650598,0.0,0.0067242155435651004,0.0,0.0,0.0,0.0,0.0,0.0,0.0,0.0,0.0,0.0,0.0100852379677338,0.0,0.0055489239477899,0.0,0.0,0.0,0.0,0.0932021023205715,0.009444983286145002,0.0,0.0,0.0,0.0,0.0,0.0,0.31233354316981626,0.0,0.0,0.0,0.0,0.0,0.0,0.0,0.03549399426323191,0.0,0.0,0.0,0.0940104674635749,0.0,0.0,0.013919960446301104,0.0,0.0261607446135829,0.0,0.0,0.0,0.0,0.0,0.0,0.0,0.0,0.0,0.0,0.0,0.0,0.0010661944205525,0.1069274907269907,0.0,0.0,0.0041027392901757,0.0,0.0,0.0,0.0,0.0,0.0086709844914908,0.0,0.0,0.0,0.0,0.20104149176052044,0.0,0.0,0.0,0.0,0.0,0.0,0.0,0.0071454863999432005,0.0376569475166874,0.0,0.0,0.0,0.0,0.0,0.0,0.1065592848189184,0.06514396560258051,0.0
s__Desulfovibrio_piger,0.0,0.0,0.0,0.0,0.0,0.0,0.0,0.0,0.0,0.0,0.024824137798927698,1.9565123678815168,1.712859960552276,1.0863133152418658,0.0,0.0,0.0,0.0,0.0,0.0,0.11395587822749793,0.0,0.0,0.0,0.0,0.03734063159635881,0.0,0.0,0.0,0.0,0.0,0.0,0.0,1.0067307788472746,0.0,0.2871849967844934,0.0,4.452504329720262,0.0,0.0,0.6156321075860246,0.0,0.0,0.0,3.1885929580305006,0.0,0.0,0.0,0.0,0.0,1.2292565819902002,0.0,0.7958291135523112,0.07544664926977843,0.017846310298031902,0.0,2.456694282251471,1.096653988618872,0.0,0.0,0.748299867039642,0.0,0.0,0.0,0.0,1.0894649845003377,0.828188163345969,0.0,0.0,1.3434155534083558,0.7508274520369964,0.0,0.0,0.1269376438725447,0.0,0.0,0.0,2.7272198835721673,0.0,2.323151024358693,0.0,0.0,1.19474094273473,0.6284385713315602,1.4375711743801407,0.0,0.0,0.0,0.0,0.9991087094378974,0.0,1.8067374088449266,0.0,0.2525587012171451,0.0,0.1595863635049745
s__Dialister_invisus,0.0,0.0,0.0025769139479453005,0.08285395216674822,1.0248682179748594,0.19809695265444682,0.28326613911018744,0.0,0.0,0.20667125685603344,0.5633103057095782,0.0,0.0,0.0,0.2355566347572633,0.0,0.0,0.0,0.0249837096212094,0.7339945862014976,0.1537615302978488,0.0315927891608316,0.0,0.0,0.0,0.4599957889808641,0.0,0.0,0.0,0.0,0.5255277829917461,0.0,0.7088262033224537,0.0,0.0,0.1056274809141324,0.12083933568568211,0.0,0.0,0.0,0.0,2.838104915311599,0.12310898721146074,0.1282761441900632,0.0,0.0845884272124579,0.41798984913528037,0.0,0.0,0.0,0.0,0.0700727433612272,0.0,0.0,0.0,0.8285538013109762,0.0,0.0,0.0,0.0,0.0,0.0,0.1165272487437906,0.0412294370909095,0.0,0.6129827973521683,0.0,0.45523309100578174,0.07882359679290582,0.0,0.0,0.0,0.0,0.0,0.0,0.05180773297686671,0.0,0.0,0.9360588317580312,0.0,0.0,0.3378636998095956,0.0,0.0,0.0,0.0,0.146404454084929,0.0,0.0,0.0,0.0,0.0,0.0,0.0,0.12119509721217883,0.0
s__Dorea_formicigenerans,0.0067181415303925,0.0,0.024983354060345603,0.0,0.0046157921325562,0.004038507283669501,0.0009312559204936004,0.0,0.0007937224077025,0.006411797481896801,0.0,0.0025729935365323,0.0,0.009931164884441799,0.0,0.0071291712156329005,0.0232109652264622,0.0133340703512328,0.005000588530804,0.0025244555103131,0.008471938468809202,0.0234516992710381,0.0011351839645658,0.0084570580108772,0.0051659717898084,0.007154339499139702,0.0,0.015890532585884003,0.0012646924098404,0.014172218450551296,0.0,0.0,0.013198217567064302,0.013887321247173002,0.0,0.0010283049154412001,0.0011424714414968,0.0021081369440994,0.0,0.051595972511879286,0.0002589902291619001,0.0074675157589765995,0.016857247211530403,0.009751348271480501,0.006085352162619,0.0017190360120257998,0.0114455307891208,0.0036660273187977006,0.0,0.0025416406980579,0.0569361282842775,0.0,0.0,0.004084888311571601,0.0,0.0462376973186364,0.022104238632063802,0.0,0.0006565135286335,0.0,0.0013758941708843,0.0,0.0041087492304221,0.0175606861683603,0.0,0.0,0.004542318499837401,0.012236787854114,0.0,0.012639512455221201,0.0,0.0,0.0081014426147039,0.005306968985315199,0.0060216181150514,0.0003115828664547,0.014312583047283497,0.007515832861951702,0.0,0.002101510416421,0.0,0.006367362473913502,0.0232177639267632,0.0618959928581874,0.023865192902403604,0.0,0.0,0.0,0.0,0.006623836351522001,0.0002516611638664,0.0038687814688330006,0.0037511298119188995,0.0,0.017588016925478404,0.0017875498295359998
s__Dorea_longicatena,0.0902210605523318,0.0206055482904862,0.05282095809889621,0.0,0.005995890785255199,0.010072924236436201,0.03192290515690631,0.06587295096330643,0.0,0.0668658880254899,0.0,0.0360353806817903,0.0406508875739536,0.19428654446417257,0.007374181554803701,0.04493979753153211,0.05010209007105071,0.2028903522149923,0.0294073071676897,0.0725506561876836,0.06495152826085601,0.0695845419799224,0.0,0.0387851653742555,0.0320228933795369,0.18833484944665302,0.0498069060261611,0.18919173697550012,0.0126315010202367,0.046266363191895095,0.0,0.0009766131924943003,0.07816985687304422,0.0325180485170411,0.0,0.006457754868972302,0.0092710900884693,0.014340095371162502,0.0,0.09072542021622439,0.020484893839905108,0.24808138497232024,0.026806738162126906,0.019174736399301603,0.0266439743336295,0.0009187951098756,0.05632744365880481,0.025366720373037905,0.0010489112618952,0.0373802728378338,0.4528995305145651,0.0057186678477621,0.0,0.028919152478490806,0.03504228894959881,0.0734960981546069,0.07751762948848052,0.04366819705143281,0.10258023884898791,0.013155469179029695,0.006436386290917,0.006730678460944801,0.0184243596819881,0.0193240262908559,0.0122798754372202,0.0,0.0682185068708018,0.0024173118863595,0.0,0.31403468583556376,0.0,0.0083240847948905,0.077155489349218,0.029643212475117895,0.0153197049103514,0.0364551953751867,0.03960173354434389,0.0318226556195938,0.018675541300337797,0.06192581628947521,0.000515108049482,0.023662979081425804,0.0945266848461057,0.2317368655859919,0.020103030895856102,0.0038671563367174994,0.0049973879142246,0.0,0.1308895896228276,0.022155986409770605,0.0,0.012791673196950203,0.0060585682159613,0.012486900713304102,0.019679795637489006,0.0278401377706271
s__Dorea_sp_AF24_7LB,0.0,0.0,0.0,0.0,0.0,0.0,0.007230928323833701,0.0,0.0,0.0,0.0,0.0,0.0,0.0,0.0,0.0,0.0,0.0017091013960587,0.0,0.0,0.0,0.0,0.0,0.0,0.0,0.0,0.0,0.0007604380280372001,0.0,0.006301425955189999,0.0,0.0,0.0,0.0,0.004850010192802102,0.0,0.0,0.0,0.0,0.004989469217691299,0.0,0.0,0.0,0.0,0.0,0.0,0.0,0.0,0.0,0.0,0.0393668912316738,0.0,0.0,0.0,0.0,0.0,0.0,0.0,0.0,0.0,0.0,0.0,0.0,0.0,0.0,0.0,0.0,0.0,0.0,0.0,0.0,0.0,0.0,0.024285700928037696,0.0,0.0,0.011662602915408597,0.0,0.0,0.0,0.0,0.0,0.0,0.0342803317707181,0.0,0.0,0.0,0.0,0.0,0.0,0.0,0.0,0.0,0.0,0.0,0.0
s__Dorea_sp_AF36_15AT,0.0006107401391264,0.0,0.0,0.0,0.0,0.0,0.003957837662098401,0.0,0.0005709231353650001,0.0018601258628798002,0.0,0.0,0.0,0.0,0.0,0.0,0.0246158394375376,0.0,0.0,0.001987856271406,0.0,0.0084872816409489,0.0,0.0,0.0,0.0,0.0,0.0,0.0048274234668302,0.0032106124638610995,0.0,0.0,0.0,0.0074865805900396,0.0,0.0,0.0,0.0,0.0029976600799244994,0.0,0.0,0.0006131684494173,0.0010913093924819002,0.0,0.0,0.0,0.0,0.0,0.0,0.0,0.0248132694940691,0.0,0.04548356318680391,0.0,0.0,0.0,0.0032596112268480004,0.0028084644378190003,0.0,0.0,0.0,0.0,0.0,0.0,0.0,0.0,0.0,0.0,0.0,0.003125000871930901,0.0152290697026355,0.0,0.0,0.0,0.0025553925614292,0.0,0.0020984614242256995,0.0,0.0,0.0,0.0,0.0,0.0,0.0,0.0,0.0,0.0,0.0,0.0,0.0,0.0001258305819332,0.0,0.0,0.0,0.0,0.0
s__Dysosmobacter_sp_BX15,1.1961029724722805,0.6268388636533359,1.4833317579106167,0.0,0.0,2.4937082157478114,1.2027718010777144,1.4512612602086628,0.8925060350752869,3.1124133244761483,0.0,2.2275253729493896,0.0,1.3405337892706835,6.021859724416707,0.0,0.6385611400493162,0.7164984176954358,0.9266475208236126,0.0,1.254116832599699,0.7140037355206577,2.2470675505771935,2.273491796275366,5.686554585006999,0.6352614173687945,0.0,0.0,0.0,1.3432579594137808,0.0,0.0,3.6574172344327915,0.1898934019507978,1.002707187507594,1.8438946760747028,0.4011781900888566,0.8266874415423718,0.0,1.4038279093466421,0.6112046079541464,0.0,0.9481621072766412,0.798899977950143,5.055217169771891,0.0,0.0,0.6219442704753225,1.5557261125293236,2.703452437642258,3.5261393207721183,0.6435598173609859,0.17485642618150873,1.9236574604528212,3.874933057431436,3.716572904540104,0.8589415125580735,5.6801364502722755,0.226661295760724,0.6480312259985234,1.139963300938014,2.91766355334763,1.3748577053025577,1.1903636552695571,2.527471581071845,0.17363088856916917,2.1779265927839044,1.928427628754991,1.3531476255732058,2.8440298113923124,0.0,0.5725369553347195,0.0,3.3987598371620735,1.445922074189388,0.8696277802751728,0.7123738468214588,1.2527232578855547,0.0,5.812168963008792,2.8228617203578836,9.128526284687025,1.5398519672769826,4.413903163816051,2.7346174192026957,0.5335720891253609,1.4395328963244454,0.0,0.6040786037860258,0.17233454299661166,0.49045329094442686,5.18983040579074,0.7990400069099753,4.148999571618552,0.4902446271169664,0.8322755940370441
s__Dysosmobacter_welbionis,0.3593889818687799,0.0345937562722412,0.09118577561989631,0.8998753617277144,0.05700155359676649,0.28106143176521026,0.05430043712877562,0.39605556788838114,1.8527012740776405,0.1480350165875162,0.3224710973014283,0.20084167872335637,0.2518343195266085,0.21083125801622077,0.4179234574678437,1.7173392892268295,0.544556730882151,0.2110663237582988,0.2940346056112666,0.7461778280121267,0.09294214849605631,0.4194727276280506,0.0640942330762412,0.395249214553083,0.0729214474899425,0.29390842508197007,0.11956751042927029,0.38365409614531953,1.1675115942990009,0.37941532590651755,0.23214026033574342,0.6292361260684355,0.25897633532283804,0.0629215666384014,0.09707801150616813,0.26336945494283526,0.0201442665661643,1.885925017737532,0.0,0.20053663242564726,1.061736610883466,1.043021431332243,0.9341608399645787,0.38129739502351206,0.1954220389087468,6.296354695220884,1.0902364945951684,0.15982784773444553,0.2781521955407796,0.3460806901934014,0.0635901490336158,0.4912526303489367,0.36992303183389896,0.29974415292334783,0.14234701061447153,0.0347586937367704,0.9540983923835282,0.30872559076219797,0.632128740427211,0.08606330046953137,0.0932343202575448,0.41946957120158646,0.7118278017996569,0.3973332480143258,0.1793723038471666,0.18205529984741478,0.27611854069746744,0.5084276096349818,0.49187074301163725,0.027539070183893302,1.4418509271687143,0.14120529226100562,2.0852671604711137,0.09517164380327969,0.3971990873453343,0.3679793652830273,1.052311145870241,0.39453900147233856,0.8785110300295831,0.1848543555079644,1.1221837685555494,0.30568705629676846,0.0794701986754693,0.6938093070246302,0.38179401476009267,0.4482877648106859,0.1029489070046966,0.0,0.9602834689730989,0.375882623323882,0.27408188573826836,1.4329472673561596,0.457329355984059,0.1082417998423976,0.14031993115058225,0.22193508734653303
s__Eggerthella_lenta,0.0,0.0,0.0,0.06595074868559613,0.0,0.0,0.0,0.0,0.05152233172805651,0.0,0.0,0.0,0.0025641025641025,0.0,0.064183600188305,0.03671783364779631,0.0,0.0,0.0,0.0345618691605014,0.0,0.0,0.0,0.0,0.0052119596692428,0.0,0.0020108378209323,0.0,0.0,0.022198749610204196,0.021438594334271,0.007462598633951702,0.0,0.0,0.0,0.0,0.0111752091576309,0.0,0.039893517365018394,0.0,0.0,0.0,0.032576746333018505,0.019262192437610803,0.0,0.1301725200830622,0.0,0.0,0.0,0.0,0.0,0.0155547765459134,0.003975947754554101,0.0,0.0,0.0,0.0,0.0,0.0,0.0,0.0,0.0,0.0,0.0,0.0,0.0,0.0,0.0,0.0,0.0,0.1381029312349948,0.0,0.0495733898876682,0.0,0.0,0.0,0.0062819325968808985,0.0,0.0,0.0,0.0,0.0195134619635945,0.0,0.0,0.0,0.0,0.0,0.0347701010071402,0.0,0.0,0.044429634566247406,0.0,0.0017028155067263,0.0,0.0,0.0
s__Ellagibacter_isourolithinifaciens,0.0,0.0,0.027271376310076402,0.0,0.0,0.0,0.25657470103603286,0.03895360385096292,0.0,0.0,0.0057206462804791,0.6014608137125724,0.0,0.6194184630763415,0.0,0.0,0.0476130194579495,0.0,0.032619223647091,0.0,0.06314501196971202,0.0,0.0,0.0,0.0,0.07444592307764542,0.0,0.022026480812116504,0.0,0.0,0.0,0.0,0.0,0.0388902144390842,0.0,0.0,0.0,0.0,0.0,0.0,0.10564334776196183,0.0,0.0,0.0,0.1446340186974319,0.0,0.0,0.0,0.0,0.0734534161738611,0.1451100978206483,0.0,0.0,0.034829862080858705,0.0,0.130501710337669,0.5221150191171198,0.0,0.3753381630845237,0.0,0.1272468905666162,0.0,0.0,0.0239050748565152,0.0,0.059599566356552294,0.029305280644114008,0.0,0.0,0.10549668122116641,0.0,0.0044181680834418004,0.0,0.16620921436387548,0.0,0.0,0.0,0.13131595618352562,0.0,0.0141410046712453,0.0,0.0,0.1713089209193572,0.0,0.015473935905191203,0.0,0.0,0.0,0.0205719715137117,0.0,0.034534775168761404,0.0,0.0450752539570298,0.0192004655618043,0.0,0.0163288239747706
s__Enterocloster_SGB14313,0.47898874911364603,0.7605009175908253,0.0,0.0,0.0,0.011707002328094402,0.9890211774443756,0.0,0.0,0.0,0.0,1.240155942267966,0.1182840236686171,0.0,0.0,0.0,0.0,0.1519868457702255,0.0,0.0,0.0,0.0001898470893369,0.0,0.0,0.0,0.04614235190123701,0.0,0.0,0.0,1.8839826018348222,0.0,0.0006899984512188001,0.029400167408012403,0.44160824323958026,0.025987755150737205,0.45566247413041233,0.2458677333235124,0.0,0.0,0.0,0.3079270496055012,0.0,0.0,0.0,0.7097494249341855,0.0,0.0,0.0,0.0,0.1661506833473046,0.7687852347607391,0.0,0.20274135735017093,0.034319251041902914,0.0,2.54192206603105,0.37291989692158833,0.0326740862643748,1.48336887103591,1.0628292494721943,2.151910143383338,0.0,0.0,0.0,0.3021116634167864,0.0,0.051263308783865105,0.0,0.0,0.0,0.0,0.0,0.0,1.4843086826308867,0.0340170821667328,0.0,0.0,0.0,0.0,0.3863636720732458,0.0013225747216432,0.0,0.1046552395792696,0.0,0.010501339166102101,0.0,0.0831087337908935,0.0,0.0,0.0,0.0,0.0,0.0,0.3471589331732878,2.6380531260565934,0.0
s__Enterocloster_aldenensis,0.0,0.0,0.0,0.010437769701248703,0.0,0.0,0.0,0.0,0.0,0.0,0.0,0.0,0.0,0.0,0.0,0.013966931053108601,0.0,0.0,0.0,0.0,0.0,0.0,0.0,0.0,0.0,0.0,0.0,0.0,0.0,0.006385285235962599,0.0,0.0,0.0,0.0,0.0,0.0,0.0,0.0,0.030151122105261396,0.0,0.0,0.0,0.0,0.0007980363495718002,0.0,0.0,0.0,0.0,0.0,0.0,0.0,0.0,0.0,0.0,0.0,0.0,0.0,0.0,0.0,0.0,0.0,0.0,0.0,0.151829038176105,0.0,0.0,0.0,0.0,0.0,0.0,0.0441962512349095,0.0,0.0,0.0,0.0,0.0,0.0,0.0,0.0,0.0,0.0,0.0,0.0,0.0,0.0,0.0,0.0,0.0,0.0,0.0,0.0,0.0,0.0,0.0,0.0,0.0
s__Enterocloster_bolteae,0.0,0.0,0.0,0.008759083809805801,0.0,0.0,0.0,0.0,0.012810958159410702,0.0,0.0,0.0,0.0,0.0,0.0,0.0199512718545524,0.0,0.0,0.0,0.0,0.0,0.0,0.0,0.0,0.0,0.0,0.0026890493936728,0.009112145335964703,0.0,0.008469787358021699,0.0001436765537002,0.0,0.0,0.0,0.0,0.0,0.0,0.0,0.25168025520351317,0.029636589364671395,0.0,0.0,0.0,0.0016725967326641001,0.0,0.0,0.0,0.0,0.0,0.0,0.0,0.0,0.0,0.0,0.0,0.0,0.0,0.0,0.0,0.0,0.0,0.0,0.0,0.0,0.0569447669912006,0.0,0.0,0.0,0.0,0.0,0.0433679413054651,0.0,0.0,0.0,0.0,0.0,0.0,0.0,0.0,0.0,0.0,0.0,0.0,0.0,0.0,0.0,0.0,0.0,0.0,0.0,0.0,0.0,0.0,0.0,0.0,0.0
s__Enterocloster_clostridioformis,0.0,0.0,0.0,0.02519690902403361,0.0,0.0,0.0,0.0,0.0,0.0,0.0,0.0,0.0,0.0,0.0,0.0,0.0,0.0,0.0,0.0,0.0,0.0,0.0,0.0,0.0,0.0,0.0002974612161141,0.0,0.0,0.009176601295961298,0.0,0.0,0.0,0.0,0.0,0.0,0.0,0.0,0.016466598521229597,0.0,0.0,0.0,0.0,0.0,0.0,0.0,0.0,0.0,0.0,0.0,0.0,0.0,0.0,0.0,0.0,0.0,0.0,0.0,0.0,0.0,0.0,0.0,0.0,0.0,0.0,0.0,0.0,0.0,0.0,0.0,0.013122795882069,0.0,0.0,0.0,0.0,0.0,0.0,0.0,0.0,0.0,0.0,0.0,0.0,0.0,0.0,0.0,0.0,0.0,0.0,0.0,0.0,0.0,0.0,0.0,0.0,0.0
s__Enterocloster_lavalensis,0.0,0.0,0.0,0.020293816568829306,0.0,0.0,0.0,0.0,0.0,0.0,0.0135041922802826,0.0,0.0,0.0,0.0,0.005339072749809701,0.0,0.0,0.0,0.0013293026600199,0.0,0.0,0.0,0.0,0.0,0.0,0.0035100423501481996,0.043056525587493906,0.0,0.05437675363232589,0.004125569613394,0.0,0.0,0.0,0.0,0.0,0.0,0.0,0.11642624303569069,0.0029021841008346995,0.0060184396110015016,0.0,0.0,0.030609613408219105,0.0,0.0,0.0014146161649474,0.0,0.0,0.0,0.0,0.0,0.0,0.0,0.0,0.0,0.0,0.0,0.0,0.0,0.0,0.0,0.0,0.0065261763296493,0.0,0.0,0.0,0.0,0.0,0.0,0.0176075025000169,0.0,0.0145639994206946,0.0,0.0,0.0,0.0,0.0,0.0,0.0,0.0,0.0,0.0,0.0156420390565652,0.0,0.0,0.0,0.0,0.0,0.0,0.0,0.0,0.0,0.0,0.0,0.0
s__Erysipelatoclostridium_ramosum,0.0,0.0,0.0,0.0,0.0,0.0,0.0,0.0,0.0,0.0,0.0,0.0,0.0,0.0,0.0,0.0,0.0,0.0,0.0,0.0,0.0,0.0,0.0,0.0,0.0,0.0,0.0,0.0,0.0,0.0,0.0,0.0,0.0,0.0,0.0,0.0,0.0,0.0,0.0081922354239034,0.0,0.0,0.0,0.0,0.0,0.0,0.0,0.0,0.0,0.0,0.0,0.0,0.0,0.0,0.0,0.0,0.0,0.0,0.0,0.0,0.0,0.0,0.0,0.0,0.0,0.0,0.0,0.0,0.0,0.0,0.0,0.0133239568649321,0.0,0.0,0.0,0.0,0.0,0.0,0.0,0.0,0.0,0.0,0.0,0.0,0.0,0.0,0.0,0.0,0.0,0.0,0.0,0.0,0.0,0.0,0.0,0.0,0.0
s__Escherichia_coli,0.0129519029504437,0.0034251243833919,0.24994909728275863,0.0,0.009939029792966599,0.0,0.0,0.0,0.0,0.0,0.0,0.0,0.0,0.0,0.0261470563948138,0.0019670268025614003,0.0,0.0,0.0,0.0,0.0,0.0,0.0025759943811303,0.1081822320048963,0.0,0.011453218935026401,0.0,0.0,0.0,0.0,0.0,0.013746892220437302,0.0012014929095532003,0.0,0.0,0.0,0.0,0.8383953433279498,0.0,0.004288942020938,0.08639174072759431,0.0,0.00025541283653820004,0.0025908851349113002,0.0,1.3273329096995914,0.0,0.0,0.127956578887975,0.0008169559386613,0.0,0.0,0.0031764944527000005,0.00038682654465620013,0.0,0.0107848455481445,0.0,0.0,0.0,0.0015062459459180995,0.014225346512533899,0.0,0.1696549365776777,0.0042720095751186,1.127951847445656,0.0,0.009733539642509103,0.005094109229447,0.0,0.0081752254953198,0.0251451228578737,0.028926194662244907,0.0389148204792212,0.010057969791216198,0.0049969309988345,0.0104097003111014,0.33728731891688807,0.0,0.034894585973930595,0.0,0.0,0.0,0.051675107128923,0.5509461098146173,0.0,0.0177921019936226,0.0030147285786897,0.0,0.0010942538039208,0.0,0.0,1.832304292338956,0.0,0.1379332414327986,0.0,0.0
s__Eubacterium_SGB6276,0.0291891666492927,0.0725030329476333,0.0,0.0,0.44683883184738526,0.04050179270037971,0.0,0.025774340160535012,0.0,0.0181644108882751,0.2464385076463208,0.0111406578780752,0.0821696252465334,0.0,0.0905515139341952,0.0,0.1326231795998737,0.0412032012238882,0.0,0.0,0.0011005214187423003,0.0,0.0618384187876948,0.082092113443382,0.0170921618564879,0.0,0.0,0.17086255829970362,0.0,0.0,0.0,0.0,0.024867262340151804,0.0192450840740145,0.02505406334891421,0.0,0.0,0.0,0.0,0.09876003826877648,0.0,0.35951380121734167,0.0,0.0,0.0,0.0,0.0,0.0540055069201851,0.0,0.0092406793950823,0.1921799194764935,0.0272208589553485,0.0,0.0,0.0010738034162374001,0.0210956319513158,0.03432778073272341,0.055689794827951514,0.0527086575845582,0.03131333315090249,0.0002915030023059,0.18249835369315573,0.0073853467179739,0.0,0.012339270239818399,0.13209979834220809,0.12295658464534442,0.0014203414473525,0.0,0.023186390397989004,0.0,0.0,0.0,0.09595505351066419,0.0,0.0,0.0,0.0,0.004296299539648299,0.0,0.0,0.0,0.0472536034281188,0.0,0.4162096185069576,0.0,0.0617883560046742,0.0,0.0,0.0,0.0,0.0,0.0,0.0,0.047833429526666714,0.0
s__Eubacterium_ramulus,0.0400771891295846,0.0,0.026601147570249804,0.013745279526962804,0.0,0.0,0.0016707826808857002,0.02453586325345581,0.0,0.012879962414184098,0.0,0.0066008734706854,0.0225838264299805,0.40780658947967713,0.0029938440921333,0.0,0.0058485524221939,0.0,0.05094830391574371,0.0388790539462552,0.0,0.0919641635700022,0.0144954260090731,0.0007946229003505999,0.0238677094265039,0.03128454596770941,0.0380393403166802,0.0,0.0,0.19982468618358357,0.0014265029260243,0.006889369151400601,0.0073910018375560015,0.0182449683463374,0.0,0.0,0.0027445578307224,0.0,0.03607458055087049,0.10309186970993489,0.004254839479089102,0.0012372863354314998,0.0,0.012812309612304104,0.0009868138642082,0.028393732750363002,0.0001402925122262,0.010111669380803602,0.0039307684662946,0.0230563120466693,0.1461917859227853,0.0016774759020100997,0.0,0.006282063085220202,0.0022534747749208004,0.0064336598246386,0.5119966426004218,0.0,0.0,0.0013404207041657996,0.0,0.009981938395469002,0.0,0.0,0.0,0.007104167719717999,0.0,0.0213734073567952,0.0,0.1087332892670692,0.0,0.0018729190788502005,0.0015691459870659002,0.0,0.0139155040473877,0.0001557914332273,0.03536445566850319,0.0028008440815138003,0.026415047408830397,0.0020229492793585,0.0030906482968926,0.015918406184783802,0.0019672769770158,0.0484527254971256,0.0068863921945933005,0.0003819413665893,0.0,0.0,0.0030975799987912004,0.009160868992226304,0.021642860092522205,0.004379131364721701,0.0,0.0,0.06416211028878353,0.0012804434949159
s__Eubacterium_sp_AF16_48,0.0,0.0,0.0,0.0,0.07489644621117479,0.0,0.0,0.0,0.0,0.0051153461229199,0.0,0.0216212284090819,0.0,0.0,0.0,0.021210585310145004,0.0042298930050854,0.0018784718046771,0.0,0.0,0.0,0.0026801942024048,0.0,0.0,0.006116387964788,0.0,0.0397646153701473,0.0,0.0,0.0,0.0,0.0,0.0,0.0,0.0,0.0,0.0,0.0029180426627364,0.0,0.0033453747763315996,0.008263021597071903,0.23488731387325323,0.0,0.010363540539645302,0.0,0.0,0.0,0.0,0.0,0.0,0.0109807731578773,0.0,0.0,0.0,0.0,0.0,0.002767274114459401,0.0,0.0079953969022878,0.0,0.0,0.0,0.0,0.0161245638005543,0.007706475637143,0.0,0.0,0.0,0.0,0.0331473306772696,0.0408593455191816,0.0,0.0,0.0,0.0,0.0,0.0,0.0,0.0,0.0,0.0,0.0,0.0,0.0,0.005070740095781301,0.0,0.0,0.0,0.0,0.0,0.0,0.0,0.026035802312973602,0.0,0.02704371049099641,0.0
s__Eubacterium_ventriosum,0.0,0.0,0.03145452810002881,0.0,0.0017628150858003998,0.0,0.004519330202396002,0.0,0.0025343417228398005,0.0462494930452213,0.0,0.0271309370815355,0.0,0.003599505176456799,0.0,0.0,0.016736327558028,0.0,0.0333885449595224,0.0,0.04539131738435401,0.031056750320362696,0.0014408104165643,0.0238008478247957,0.0440717177913657,0.0039380245927282,0.0,0.0,0.0,0.0,0.0,0.006422293276729301,0.008173792672568002,0.0,0.0,0.0,0.0,0.0,0.0,0.0,0.031202156179967307,0.0,0.0,0.0,0.0,0.0,0.0359031920872067,0.0034362166510522006,0.0038566030235343,0.0,0.0196342779748312,0.0,0.0,0.0,0.0029038064213745005,0.0,0.021543992952449208,0.013477204344900002,0.0119110311623527,0.0006218446565716998,0.0137123012284753,0.003279779758511201,0.0048238796344513,0.0396660633740667,0.0,0.0,0.0,0.0,0.025242568590009208,0.005524555112878201,0.0,0.00033616496287040007,0.0,0.04546303430753399,0.014775735206680702,0.0043479972728001,0.0,0.014412383615428103,0.0,0.0,0.0,0.10906791114023821,0.0017919750681728,0.0848976511649639,0.0,0.0,0.0,0.0,0.0,0.012398168560907903,0.0,0.0,0.0,0.0,0.42776874660618514,0.0340521903697288
s__Faecalibacillus_intestinalis,0.0041067009355064,0.0,0.18423201377618584,0.0,0.0,0.0,0.006025773603194902,0.005491359871011402,0.036232731663874605,0.1021660038323992,0.0,0.0,0.0,0.038813941360591894,0.0175826991148651,0.0,0.0972417280013845,0.0,0.0,0.0118661604421967,0.007579062600772902,0.0,0.0020811706017041,0.020357481923275,0.0,0.0,0.062526347627207,0.04978246883545871,0.0,0.09267648515083758,0.0,0.025604250220612804,0.020134108454032105,0.1055693587400793,0.0,0.0,0.0,0.007717925083482801,0.0,0.023188879859871996,0.0,0.019435249959213398,0.020874194549815206,0.0,0.0,0.0,0.0253929447129417,0.014740712831106602,0.0038248178337798,0.0035764515536957,0.1276391960500177,0.0076248904636828,0.0,0.04488735224192651,0.019933421163395002,0.0,0.05094840256128932,0.0,0.023657933942547,0.0,0.0029150300230602,0.022559180773760103,0.0047718701505219,0.0,0.0027470096201761,0.0,0.0,0.0818608330329743,0.006611938684551402,0.034988849048229104,0.0,0.0,0.0,0.029365228385411092,0.0069830529401435,0.0285664837108722,0.054842482221590785,0.013399012892468302,0.036950231686687596,0.0551695585021211,0.0125435770968483,0.0089429248229122,0.0239189715621351,0.0,0.004285593242240901,0.0,0.0,0.0,0.0,0.0,0.0,0.00026340639787790005,0.0006663191113276,0.0045526877105308,0.017737429690621902,0.0041329166271545
s__Faecalibacterium_SGB15315,1.4247514445584075,0.0077955830966001,2.2865662355863297,0.0,0.16614532183666988,0.34961100771028214,0.021158682311218407,0.6427461472852829,0.021179855826590904,0.0343277772876767,0.0668448850227887,0.3344622174085118,1.2078303747534578,0.028253947258575995,0.3271020067712343,0.0,4.212454240421973,0.0606961955248815,0.0119821794411188,0.0679041945962488,0.0815008786521314,0.5521200056954142,0.0,0.440429202315901,0.0,0.04463617516457351,2.0799440106600677,0.132919322900719,0.0,0.025049965156459998,0.0930510937428901,0.03688837873823301,1.816529848178652,0.1276576289541973,0.27769550339213095,0.09499480808845562,0.1048709992160159,0.0,0.0,0.7580705022007873,0.09150988097055472,0.0,0.10043529313149564,0.0015195486656231002,0.7568862338479264,0.0,0.0,0.07142734420832382,0.0,0.170852718638725,0.5298632779017197,1.204160826477129,0.09940935324120041,0.7995859408665974,0.18166938923722983,0.020875533062578,0.039709534685379314,0.20851135972490462,0.0686291106539103,0.15004420624568165,0.0,1.1047724217865131,0.6948597076676973,0.0410840069777204,0.0258515878309556,0.21965080689512517,0.07485405970235941,0.6083158533459272,0.44271241626997143,0.22120541886308595,1.0809207919163557,0.014967344775428201,0.2249574180272194,0.8108290471135179,0.5094972050077534,0.0920444113222373,0.06982764905867567,0.0762702214960899,0.15555071108382526,0.21804643591687123,1.0255383610013566,0.017134643960699903,0.0450136345928979,0.0341777983755807,0.4085053650065916,0.2690776927622188,0.0552564440841708,0.0,0.0048147167372515,0.0,0.17751263367640283,0.005547997255305101,0.2296333085520219,0.3549776794587748,0.222240815810758,0.0166964760673702
s__Faecalibacterium_SGB15346,1.024527113387283,1.5065067087911277,0.7970637510021589,0.0,0.15150931763746736,0.492382744975731,0.8465938013688593,0.9926742922571724,0.9862070540477641,0.3482381085112694,0.0,0.8967488677481366,1.514970414201205,1.2438025085949038,3.581496423890073,0.0,2.284325467208519,1.8336348383228798,0.4041052523873682,0.3365940680417567,0.6439919109599411,0.0,0.3201073243670259,7.810726879406202,1.2974713717785809,0.9500994233539548,0.0,0.0,1.7313022167590342,0.7057716868785436,1.5131193626836394,0.9566138527698373,0.05432204306222481,0.153746362079018,1.1226087763917025,0.4232091709990853,1.503374230309124,0.0,0.0,0.6203382774350793,0.657995509356083,1.1711298395141079,0.11773370796977863,0.0272425559333227,0.4375532673899993,0.2757570871705355,0.1817372585463442,0.09179294671664472,0.3770994912462426,0.6309986124457356,2.5302651414209754,0.7836099929526986,1.5873838167840766,1.3167885041340297,0.6341943472265815,0.2340667028306035,3.299626350086029,0.9583371150562837,3.017336177600093,0.660108831106151,0.1306866259938217,2.3383974083465744,0.7107876121210658,1.3021085184961814,1.3142881918974791,0.5890172333277808,1.9063713029295442,0.3596468430248136,0.20035943294774025,4.430051459277869,0.0,0.2571181730298634,0.0,2.0901876417876997,1.3140536976530413,4.534267175509852,0.8566430697369818,4.457212602785054,0.0982598650694689,0.7998898572858331,0.431201124773221,1.1524031785300997,3.0285936891313483,2.18324358243482,0.6573969175788648,1.9399120293547498,0.5437239529827086,0.0,1.7383820969303612,2.317608016747637,0.0,0.18761120688860242,0.1386067143989638,0.4104017037608988,5.091602831841616,3.664603927132906
s__Faecalibacterium_prausnitzii,10.652108306550511,1.5692001855047484,19.68993369588875,6.049402229926484,3.8813245050317047,3.414849708001957,4.2670009327623974,5.140006309222086,7.747635821221473,10.894066677620872,0.1427387923438186,11.116436713789032,2.7983629191321855,17.066208127292732,3.4703315571903612,3.3503566146740305,9.047557893415696,5.6732773990125915,5.548672266812993,9.828571177693933,8.825662664437306,8.155384258884512,1.310744530778264,6.593194319732872,6.206432232720826,5.809339362642563,4.072874666382402,13.378058452249169,4.46993193795606,2.3444539125565784,7.131898873462942,7.6730163154911395,2.6907069620688873,5.128207692604507,4.341640942593083,2.0614428639855302,3.7361573826636074,0.2714017883909237,0.0,4.977560255346527,6.654704606844286,6.707263527755246,4.74261003591342,0.8780586246247939,5.998644117750686,1.348228088811324,10.747762597478555,2.906284194596247,11.114687533573193,10.299944465150949,8.57260765828654,4.298493874448998,3.980030296082357,5.8473628873972014,3.415632551125567,3.203014474380202,3.6078972910084772,9.737477074196713,7.897787408727177,1.2557807370213399,1.2478777123917195,6.343479070584623,6.0881391721781055,9.703842481735942,9.645136842655594,2.974835654824498,7.545188742753382,3.495665158874099,3.814922769681422,8.364371753452234,4.522560381723097,3.259183346451797,2.2571990674391085,5.66748907838434,7.558269275629799,4.989348114824586,14.198633901612961,14.247978290221397,1.6595638968176962,3.962250588030168,4.3203504293982915,11.899044394825271,5.9532723022985445,5.5575150826624755,6.023057800221448,4.585174277458486,2.112333403993864,0.0,3.259394884380347,11.300322214625268,0.9457426538104441,1.6077832639476919,3.26707365602511,6.281471897133114,14.903347016697069,3.196418003694816
s__Faecalicatena_fissicatena,0.1843592819970177,0.0,0.0,0.0,0.0009393948812487999,0.022877093283203902,0.06999483837711151,0.0,0.006697903124648401,0.41966976001838474,0.0051832522359492,0.2504425279459398,0.0,0.4027109044407089,0.0313985534088797,0.0,0.6659409167934291,0.0457608049467024,0.3342316441857946,0.0,0.4169315012627837,0.3720891276247046,0.0030417108794137,0.0687727200660649,0.2173693767937121,0.0545675280219265,0.1149985061497544,0.0,0.0080971160386132,0.20305925844196507,0.0,0.043852055415145204,0.2089323351961172,0.0607641741401442,0.06603275909553731,0.005408883855221901,0.057451868466078,0.0470459939502379,0.0,0.057486119553955294,0.5988964056349313,0.16173412797044567,0.058628855659924414,0.015446922766370002,0.0035525299111506,0.0,0.0,0.04263535054934261,0.1107607912308357,0.040375777946288,0.0119641259779857,0.0118948291233453,0.0,0.038883804268849714,0.0740924357203731,0.0035893049547984,0.08700785175830363,0.31554125445886466,0.0057444933755441,0.0010087702206607995,0.0,0.10482461306440703,0.0115721101742902,0.0,0.1489027701141958,0.0,0.2084652070962356,0.0933464787755057,0.12415628677060371,0.018889514199083805,0.0,0.060285583341448915,0.026094316599714,0.2043688484963873,0.1763600381132907,0.0399109326213144,0.04005909052142119,0.0562842989043741,0.0,0.007011581482825801,0.0194209656493934,0.07585388834791501,0.0700233735878191,0.0076786120350508,0.032076520412329404,0.0477744992708613,0.0001222187261631,0.0,0.0099492922787262,0.13586326381327712,0.010055007410849302,0.04089384327055501,0.0,0.1074830185572892,0.14053337795790963,0.0687509413161233
s__Flavonifractor_plautii,0.0014320803262277,0.0019728716448337,0.24114367832163225,0.14315367903956305,0.04529970871800029,0.015535413857122404,0.0016023079808494003,0.02000257042376971,0.18829323503429082,0.0169525107048836,0.258607882461172,0.0023439836406107,0.0,0.0,0.098686426364868,0.744285474912079,0.0413216262518278,0.0210635199081829,0.03333084586109,0.1526015062828338,0.007994353702185302,0.0532576922969392,0.0,0.0955439439707563,0.029232962027192305,0.0245538186757759,0.0882864889427099,0.18413089078888714,0.11286608603918058,0.0025636980121875996,0.9724029154435723,0.04494543757630361,0.0,0.0,0.017999503068474504,0.0,0.0053315333936523,0.10308432345299791,0.20165423612998387,0.0,0.3257110453412922,0.020924373336368596,0.028141850716759207,0.19865639101942903,0.0,0.0275342147443497,0.0158881270096172,0.06741112920534571,0.05783845028974869,0.0,0.0,0.0,0.15071293646551553,0.02406061107762931,0.012280681323730502,0.0,0.033869397903949716,0.0,0.0,0.0,0.0001399214411068,0.007244035292711701,0.0078924391862857,0.0127251349046088,0.060553001249063,0.016760806319264198,0.0023444224515289003,0.0900824248724718,0.018984446022366104,0.0,0.4056707044409142,0.032848119229056304,0.1017852696943501,0.052690620639908384,0.0461868229790793,0.0107920974653867,1.2004140963877243,0.06426459334769712,0.09224710135967308,0.0,0.0195323403627948,0.15485568623351542,0.0183093104791589,0.0440893599045204,0.006346603732784401,0.0309849933645511,0.0,0.0,0.029241828575546202,0.053082529097791514,0.15781442803192652,0.6686077523136948,0.006909975969324599,0.0162808071387464,0.013681940351009203,0.0227563967660817
s__Fusicatenibacter_saccharivorans,1.4619223530259444,0.1011918747829139,0.17028432258710144,0.0,0.20742070927327627,0.11559935299845071,0.5007417864254978,0.13204967928120914,0.0,1.7408946134418897,0.0,0.6497010747299753,0.0816370808678326,0.35615585857412857,0.3746844960716243,0.5147261617686858,1.191852523635111,0.7660623581811614,1.5377002062550382,0.232762115313211,0.19740862505628326,0.47465122577006835,0.1150174214354388,0.8897506132785954,0.5084419950277825,0.16382809879388344,0.0,0.0,0.5265130425260458,0.21889668261070808,0.4205310100697752,0.45419944203539525,0.10467551863531731,0.0511630631544276,0.19332607474407046,0.13987003459834882,0.3029256461201146,0.0636967026951632,0.0,0.3958979414793682,0.21729280226686745,1.0151441657569538,0.12776446664109722,0.09919701145224773,0.177725176943936,0.072199512505042,2.143728042029769,0.44192591407467025,0.1151683375434436,1.489964240930851,0.698803292396354,0.3094943039208712,0.00037307820753180006,0.46074136080935535,0.15787935017044383,0.327134671399114,0.6502245311889484,0.803049581384667,0.1887710863938789,0.19002190827818025,0.0160093448866468,1.2856308856004242,0.5133856158670387,0.2251258152266682,0.2152616133172507,0.04925137160730579,0.37776599984591186,0.0625906235886031,0.40127170357815495,0.7243026574505049,0.0641821865323054,0.17759114752789631,0.3678891824935217,0.9336222009213375,1.4860999295116442,0.2588545477360459,0.6964201593270218,0.3198732836209108,0.19846231533749026,0.5914278800905635,0.1959777300691837,0.8454283410588374,0.371231008959884,0.061246614689062,0.32236821228277174,0.1990710231110921,0.0448542725018398,0.0,0.2732099228281632,0.14035186002375133,0.23588658454962155,0.04726498551923251,0.10965885078462098,0.1486716461413438,0.15748105446135024,0.6132563681145746
s__Fusobacterium_nucleatum,0.0,0.0,0.0,0.0,0.0,0.0,0.0,0.0,0.0,0.0,0.0,0.0,0.0,0.0,0.0,0.0,0.0,0.0,0.0,0.0,0.0,0.0,0.0,0.0,0.0,0.0,0.0,0.0,0.0,0.0,0.0,0.0,0.0,0.0,0.0,0.0,0.0,0.0,0.0,0.0,0.0,0.0,0.0,0.0,0.0,0.0,0.0,0.0,0.0,0.0,0.0,0.0,0.0,0.0,0.0,0.0,0.0,0.0,0.0,0.0,0.0,0.0,0.0,0.0,0.0,0.0,0.0,0.0,0.0,0.0,0.0,0.0,0.0,0.0,0.0,0.0,0.0,0.0,0.0,0.0,0.0,0.0,0.0,0.0,0.0,0.0,0.0,0.0,0.0,0.0,0.0,0.0,0.0,0.0,0.0,0.0
s__Fusobacterium_pseudoperiodonticum,0.0,0.0,0.0,0.0,0.0,0.0,0.0,0.0,0.0,0.0,0.0,0.0,0.0,0.0,0.0,0.0,0.0,0.0,0.0,0.0,0.0,0.0,0.0,0.0,0.0,0.0,0.0,0.0,0.0,0.0,0.0,0.0,0.0,0.0,0.0,0.0,0.0,0.0,0.0,0.0,0.0,0.0,0.0,0.0,0.0,0.0,0.0,0.0,0.0,0.0,0.0,0.0,0.0,0.0,0.0,0.0,0.0,0.0,0.0,0.0,0.0,0.0,0.0,0.0,0.0,0.0,0.0,0.0,0.0,0.0,0.0,0.0,0.0,0.0,0.0,0.0,0.0,0.0,0.0,0.0,0.0,0.0,0.0,0.0,0.0,0.0,0.0,0.0,0.0,0.0,0.0,0.0,0.0,0.0,0.0,0.0
s__GGB10485_SGB49305,0.0,0.0,0.0,0.0,0.0,0.0,0.0,0.0,0.0,0.0,0.0,0.0,0.0,0.0,0.0,0.0,0.0,0.0,0.0,0.0,0.0,0.0,0.0,0.0,0.0,0.0,0.0,0.0,0.0,0.0,0.0,0.0,0.0,0.0,0.0,0.0,0.0,0.0,0.0,0.0,0.0,0.0,0.0,0.0,0.0,0.0,0.0,0.0,0.0,0.0,0.0,0.0,0.0,0.0,0.0,0.0,0.0,0.0,0.0,0.0,0.0,0.0,0.0,0.0,0.0,0.0,0.0,0.0,0.0,0.0,0.0,0.0,0.0,0.0,0.0,0.0,0.0,0.0,0.0,0.0,0.0,0.0,0.0,0.0,0.0,0.0,0.0,0.0,0.0,0.0,0.0,0.0,0.0,0.0,0.0,0.0
s__GGB1088_SGB1395,0.0,0.0,0.0,0.0,0.0,0.0,0.0,0.0,0.0,0.0,0.0,0.0,0.0,0.0,0.0,0.0,0.0,0.0,0.0,0.0,0.0,0.0,0.0,0.0,0.0,0.0,0.0,0.0,0.0,0.0,0.0,0.0,0.0,0.0,0.0,0.0,0.0,0.0,0.0,0.0,0.0,0.0,0.0,0.0,0.0,0.0,0.0,0.0,0.0,0.0,0.0,0.0,0.0,0.0,0.0,0.0,0.0,0.0,0.0,0.0,0.0,0.0,0.0,0.0,0.0,0.0,0.0,0.0,0.0,0.0,0.0,0.0,0.0,0.0,0.0,0.0,0.0,0.0,0.0,0.0,0.0,0.0,0.0,0.0,0.0,0.0,0.0,0.0,0.0,0.0,0.0,0.0,0.0,0.0,0.0,0.0
s__GGB1144_SGB1468,0.0,0.0,0.0,0.0,0.0,0.0,0.0,0.0,0.0,0.0,0.0,0.0,0.0,0.0,0.0,0.0,0.0,0.0,0.0,0.0,0.0,0.0,0.0,0.0,0.0,0.0,0.0,0.0,0.0,0.0,0.0,0.0,0.0,0.0,0.0,0.0,0.0,0.0,0.0,0.0,0.0,0.0,0.0,0.0,0.0,0.0,0.0,0.0,0.0,0.0,0.0,0.0,0.0,0.0,0.0,0.0,0.0,0.0,0.0,0.0,0.0,0.0,0.0,0.0,0.0,0.0,0.0,0.0,0.0,0.0,0.0,0.0,0.0,0.0,0.0,0.0,0.0,0.0,0.0,0.0,0.0,0.0,0.0,0.0,0.0,0.0,0.0,0.0,0.0,0.0,0.0,0.0,0.0,0.0,0.0,0.0
s__GGB1202_SGB1567,0.0,0.0,0.0,0.0,0.0,0.0,0.0,0.0,0.0,0.0,0.0,0.0,0.0,0.0,0.0,0.0,0.0,0.0,0.0,0.0,0.0,0.0,0.0,0.0,0.0,0.0,0.0,0.0,0.0,0.0,0.0,0.0,0.0,0.0,0.0,0.0,0.0,0.0,0.0,0.0,0.0,0.0,0.0,0.0,0.0,0.0,0.0,0.0,0.0,0.0,0.0,0.0,0.0,0.0,0.0,0.0,0.0,0.0,0.0,0.0,0.0,0.0,0.0,0.0,0.0,0.0,0.0,0.0,0.0,0.0,0.0,0.0,0.0,0.0,0.0,0.0,0.0,0.0,0.0,0.0,0.0,0.0,0.0,0.0,0.0,0.0,0.0,0.0,0.0,0.0,0.0,0.0,0.0,0.0,0.0,0.0
s__GGB12785_SGB19823,0.0,0.0,0.0,0.0,0.0,0.0,0.0,0.0,0.0,0.0,0.0,0.0,0.0,0.0,0.0,0.0,0.0,0.0,0.0,0.0,0.0,0.0,0.0,0.0,0.0,0.0,0.0,0.0,0.0,0.0,0.0,0.0,0.0,0.0,0.0,0.0,0.0,0.0,0.0,0.0,0.0,0.0,0.0,0.0,0.0,0.0,0.0,0.0,0.0,0.0,0.0,0.0,0.0,0.0,0.0,0.0,0.0,0.0,0.0,0.0,0.0,0.0,0.0,0.0,0.0,0.0,0.0,0.0,0.0,0.0,0.0,0.0,0.0,0.0,0.0,0.0,0.0,0.0,0.0,0.0,0.0,0.0,0.0,0.0,0.0,0.0,0.0,0.0,0.0,0.0,0.0,0.0,0.0,0.0,0.0,0.0
s__GGB13493_SGB15238,0.0508809715906555,0.0,0.0,0.0,0.0,0.13390102762500933,0.0,0.03276121931556671,0.0,0.0,0.0,0.0748188801146586,0.00603550295858,0.19112071461018867,0.3344271089146874,0.0,0.0,0.1234248359531925,0.0,0.0,0.014410601219004202,0.0,0.0,0.0,0.1100949833661701,0.07063341321299371,0.0,0.0,0.0,0.007643174447549998,0.0,0.0,1.0142056511672821,0.3306668343050957,0.0,0.45944663621923004,0.0,0.0,0.0,0.0,0.0010729595208137002,0.0,0.0,0.0,0.3435427999264243,0.0,0.0,0.0,0.0,0.0029410413791814,0.3122800772390928,0.0,0.013324221697567704,0.07196521036785383,0.0,0.0,0.10064049662891422,0.0,0.0332242739312083,0.008374174708499998,0.2981026302782248,0.0,0.104773105375744,0.0,0.1233927023981771,0.0,0.2194128226511278,0.0,0.0,0.43761172924433495,0.0,0.0,0.0,0.08246018951943639,0.0401778553222563,0.108969026113743,0.0,0.0,0.0,0.1475770959718284,0.0,0.0,0.0447993767043166,0.0,0.016897014577233003,0.0,0.0,0.0,0.09932457604817119,0.0,0.0,0.0,0.0231977764684471,0.20746070049036286,0.08409804209509712,0.0
s__GGB14025_SGB14906,0.0298420267980142,0.1892449724311685,0.0,0.3742139885726222,0.16669040281715988,0.05420470469757051,0.032306363477111306,0.0,0.0,0.0,0.0100891398037541,0.052052602225952205,0.0,0.04412646406075169,0.0756436427376925,0.009325164101032202,0.0715722329055262,0.0996051975775046,0.1329387227881275,0.1809558978841867,0.0,0.0021553228377672,0.0693480973224969,0.2087777072707522,0.031195111549709997,0.0,0.0,0.03425904426311201,0.0,0.0,0.0,0.0,0.0,0.0,0.3620389961567846,0.0,0.0,0.0,0.0,0.0,0.10929387670634563,0.18254900694084428,0.0,0.15319018310342422,0.0,1.4546897673491928,0.2144487959804306,0.0,0.0,0.0,0.0113085574312468,0.0117613935402311,0.1396165246357749,0.05332017091541801,0.0,0.0,0.013989164848556305,0.08219895915565241,0.1709279865620954,0.08101944936622499,0.1936862548522132,0.07338150711867292,0.035483470410811,0.05737217965561949,0.0146705162418059,0.3952809214243849,0.046407005134274905,0.0,0.0,0.0156808079466544,0.0302096464264342,0.0,0.3599388428257364,0.05496503591931339,0.0174070305174595,0.0,0.0,0.0,0.0,0.0,0.0,0.007351084204433702,0.1079859758472652,0.0,0.0,0.0,0.0015616837231951,0.0,0.0786179271432252,1.5860816322969582,0.0,0.0028480816770558005,0.0,0.1802435456991515,0.04204902104754851,0.001610062612419
s__GGB1420_SGB1957,3.135813654338414,0.0,0.0,0.0,0.0,0.0,0.0,0.34539485214220894,0.5287444481206343,0.0,0.3045117350390579,0.2657457774616467,0.3030374753451539,0.0,0.751221739921582,0.0,0.0,1.9878850886446544,0.0,0.0,0.0,0.464678669841948,0.0,0.0,0.0,0.5141867728186631,0.0,0.9124994116438581,3.4048758519322915,0.0,0.0,0.0,0.0,2.5175484591788893,1.397632883795339,0.0,0.0,0.1019766582789689,0.0,0.06343345248964889,1.4510235910499896,0.0,0.0,0.0,0.0,0.0462065024611857,0.0,0.0,0.0,2.125501497480272,3.3709990241863315,0.0,0.0,0.9167789108357006,0.0,0.5959600679665198,0.0,0.41435125327725947,0.4760192020828285,0.0,0.0,0.0,0.0,0.0,0.42528163530520274,0.0,0.7497337405930049,0.0,0.0,1.4118307510688841,0.0,0.0,0.0,0.0,0.4842089390161887,0.2781726854562252,0.0,0.44479937441245526,0.0,0.0,0.0587919268368261,0.0,2.6647253603428713,0.8308053155134908,0.0,0.0399287870321839,0.0,0.0,0.0,0.0,0.0,0.0,0.0,1.3235125041382605,0.021920987114643607,0.0
s__GGB16040_SGB9347,0.0,0.0,0.0,0.0,0.09709399933105568,0.05163686769639671,0.0,0.0,0.0,0.0,0.0,3.3148508876154725,1.8607692307692536,0.0,0.0,0.0,0.0,0.0,0.0,0.0,0.0,0.0,0.1050190703629164,0.0,0.0,0.0,0.0,0.0,0.7058525954727016,0.0,0.0,0.0,0.0,0.40453252447781496,0.0,16.56467595747045,14.567141208157153,0.0,0.0,0.4481515517678068,0.6380039302383841,0.0,0.0,0.31886471567549596,0.0,0.0,0.4570145496195237,0.0,0.0,1.5773785263676263,0.0,0.0,0.0067047483582159,0.0,0.11857209553946081,0.0,0.20691740433762215,0.0,0.0,7.103110411697183,0.0,0.0,0.0,0.0,0.0796484302844502,0.0,0.0,0.0,0.0,0.0,0.6012228457818132,2.2045858343606475,0.0,0.0,0.0,0.0,0.0,0.014454607395551404,0.0,0.0,0.0,0.0,0.0,0.0,0.0,0.0,0.0,0.0,0.0,0.0,0.0,0.41259319647613346,6.0377272348682665,1.34739761937321,0.0,0.0
s__GGB1843_SGB2516,0.0,0.0,0.0,0.0,0.0,0.0,0.0,0.0,0.0,0.0,0.0,0.0,0.0,0.0,0.0,0.0,0.0,0.0,0.0,0.0,0.0,0.0,0.0,0.0,0.0,0.0,0.0,0.0,0.0,0.0,0.0,0.0,0.0,0.0,0.0,0.0,0.0,0.0,0.0,0.0,0.0,0.0,0.0,0.0,0.0,0.0,0.0,0.0,0.0,0.0,0.0,0.0,0.0,0.0,0.0,0.0,0.0,0.0,0.0,0.0,0.0,0.0,0.0,0.0,0.0,0.0,0.0,0.0,0.0,0.0,0.0,0.0,0.0,0.0,0.0,0.0,0.0,0.0,0.0,0.0,0.0,0.0,0.0,0.0,0.0,0.0,0.0,0.0,0.0,0.0,0.0,0.0,0.0,0.0,0.0,0.0
s__GGB1843_SGB2524,0.0,0.0,0.0,0.0,0.0,0.0,0.0,0.0,0.0,0.0,0.0,0.0,0.0,0.0,0.0,0.0,0.0,0.0,0.0,0.0,0.0,0.0,0.0,0.0,0.0,0.0,0.0,0.0,0.0,0.0,0.0,0.0,0.0,0.0,0.0,0.0,0.0,0.0,0.0,0.0,0.0,0.0,0.0,0.0,0.0,0.0,0.0,0.0,0.0,0.0,0.0,0.0,0.0,0.0,0.0,0.0,0.0,0.0,0.0,0.0,0.0,0.0,0.0,0.0,0.0,0.0,0.0,0.0,0.0,0.0,0.0,0.0,0.0,0.0,0.0,0.0,0.0,0.0,0.0,0.0,0.0,0.0,0.0,0.0,0.0,0.0,0.0,0.0,0.0,0.0,0.0,0.0,0.0,0.0,0.0,0.0
s__GGB2653_SGB3574,0.0,0.0,0.0,0.009972391434314101,0.030280988085670195,0.0,0.0,0.0,0.0,0.0044248448556386,0.0,0.0081500580607442,0.0041420118343195,0.0,0.004012241877572,0.0,0.0172097090856729,0.0392477428698515,0.0005000588530802,0.002414696575082,0.020847613290893702,0.0056284078250503,0.0,0.0,0.0,0.09605014564414821,0.0,0.07861355889846561,0.0,0.07377220728528389,0.0045258114415591,0.0,0.05921903689054341,0.0,0.0,0.0370189769558932,0.0,0.0,0.0,0.0132385343712956,0.029833207825841306,0.013872936168069498,0.0,0.018005011886915404,0.0,0.034825298519495,0.0414330552774509,0.0,0.0,0.0,0.0,0.0,0.005404304320533401,0.0,0.0,0.0,0.0,0.0,0.024736491882445,0.0004145631043810999,0.0470252643319979,0.26489212519176114,0.0,0.0,0.0,0.007393363927777398,0.0,0.0,0.0,0.005608260493376301,0.0626557296623521,0.0100689410307425,0.0053234730524166,0.0025776706500100994,0.0,0.007166405928458899,0.0,0.0,0.0,0.0,0.0012668873649424,0.0005544613390203,0.0,0.0039874098104863,0.0,0.0,0.0,0.0,0.036396564985772,0.06420644144549521,0.023907810567311904,0.0,0.0165592638407744,0.0,0.0,0.0
s__GGB2998_SGB3989,0.2263950515727789,0.05588432943941779,0.0,0.0,0.0,0.0318411788145786,0.0,0.0,0.029590528357315404,0.0,0.0,0.0549893173618969,0.0,0.27388764990256115,0.0,0.0,0.0493385714780819,0.1603013931023862,0.0199254219919728,0.0,0.07836543083645632,0.0216425681844196,0.1262382783159459,0.0319173531640941,0.0,0.12043138156884461,0.0,0.0,0.0,0.0,0.0,0.0,0.09956007155070702,0.0,0.0,0.0,0.1113187403398657,0.0,0.0,0.0,0.0,0.0,0.0,0.0,0.1293384038022522,0.0,0.0,0.0,0.0373264078349112,0.4492531479581713,0.7434802888565951,0.0,0.0,0.10797102514447234,0.0,0.4825752788991333,0.03600851777156971,0.23770911500830733,0.11224036648459701,0.08535854319206827,0.1663199529957063,0.16738284698002093,0.0,0.0,0.1533425316084299,0.0,0.20861173349943632,0.0,0.0,0.2672991817240718,0.0,0.04715914193411941,0.0,0.11902773295634499,0.05120905489438521,0.5921632376972139,0.0,0.0040675574852135,0.0,0.5223333600441138,0.0,0.0,0.0415465523957928,0.1423391376348992,0.17808112071861631,0.0,0.0008826908000668001,0.0,0.0,0.0,0.0,0.0,0.0,0.0831360364531541,0.13758781201651862,0.1848402589690584
s__GGB3033_SGB4029,0.0694769558268503,0.1378955076753518,0.0,0.0,0.15217037329465116,0.0,0.022528176311944707,0.0,0.0,0.0,0.0,0.0290438432709957,0.006903353057199099,0.24142705201609538,0.10294406529915812,0.0666603527534642,0.012598056784099499,0.0467000408490537,0.0,0.0804167132125807,0.0,0.544068255612352,0.0,0.0,0.0312564287223056,0.0,0.0,0.2630722246994648,0.0,0.0,0.0,0.0,0.0,0.0,0.060508415934799616,0.0,0.0023374703055914,0.0,0.0,0.0,0.10884989345634202,0.10241008048930249,0.0,0.0,0.0,0.1858633591623231,0.0697721427471465,0.0,0.0,0.3260925015608372,0.12013293618988688,0.044758107021785,0.0,0.010258639964288104,0.011705969636166701,0.185526432522081,0.0,0.0,0.1111149147212097,0.0,0.2641483605696204,0.0,0.3199233380206799,0.0,0.2393610544715652,0.15920879941074156,0.09854947233746661,0.0,0.0,0.0,0.0,0.0019529583557242004,0.0055094459101429,0.0,0.0,0.0,0.0,0.006446163765494101,0.0,0.0,0.0114855173195336,0.0098729890044951,0.0,0.0,0.0,0.0,0.0,0.0,0.0389049313978475,0.6073610222703211,0.005342080160257701,0.0,0.0,0.0,0.0,0.0
s__GGB3109_SGB4643,0.0065496614920129,0.0,0.04257108064676421,0.0,0.0,0.0,0.0,0.2376707287151182,0.0,0.0712202735681446,0.0,0.1887176254098441,0.006982248520710199,0.0,0.0,0.10072426135020401,0.1522914185549362,0.0,0.0,0.0,0.016092530179723803,0.0,0.0141315849947891,0.0,0.0844184173485819,0.026436539596602308,0.0,0.06097926324829751,0.0,0.0,0.0,0.0,0.004332656249601701,0.1303436540513748,0.0,0.0,0.1423755789506869,0.0,0.0,0.007834467424913498,0.0,0.25215457538631,0.0,0.0,0.0,0.0,0.0,0.0,0.1344725427876204,0.0429537277971599,0.1148883878159563,0.0,0.0,0.0,0.0071385241192128005,0.0,0.012495176369584304,0.7470001661103997,0.0,0.006937022613311898,0.0,0.2044871379871651,0.0,0.0,0.0338104913791259,0.008160362566543398,0.011554653511107701,0.0,0.0,0.0,0.0,0.010693247390359402,0.0,0.18074020087127227,0.0885279066578348,0.0222498492363813,0.0,0.06479942789590891,0.23786904365091466,0.053323371781121294,0.0133788874473599,0.0,0.0006232956758861,0.0,0.0,0.0413451529332723,0.0,0.0,0.0,0.0,0.0,0.0,0.0,0.137817774715518,0.03524006789316121,0.0
s__GGB3175_SGB4191,2.431567093911009,0.2480749088403054,0.9509159137956462,0.0,0.0,0.07247136336503411,0.3957426813898206,0.0,0.0,0.0,0.0,0.0102919741461299,0.1943392504930778,0.07934090024489429,1.4188244327616295,0.0,1.773073417351942,0.3083927194744111,0.0,0.0,1.054278754600149,0.0,0.1748328841837063,0.0,0.8725433658038304,0.23590493137951932,0.0,2.216978404740012,0.23332032653739257,0.0,0.0,0.020466415599229102,1.094578245041202,1.4684984976833244,0.3253915929352457,0.0,0.1396047574086617,0.0,0.0,6.31369436312939,2.0188041705813418,1.0425396561219997,2.111846209894098,0.0,7.028548854029635,0.0,0.0,0.20384206229027332,0.0,0.0686969171532074,3.6386676618198215,2.308645272367776,0.04861742013007911,0.15767049960193114,0.5659095243489325,0.0,0.042884260203203316,0.0,2.0472670983087107,0.41931676131142054,0.0,1.8026952944857173,0.0713310072091446,0.0,0.0572565897048544,0.007053872727012099,0.03784567671754151,0.0,1.4146784596526902,0.9249165527110877,0.0,0.6356239133667452,0.0,4.701090026158402,7.064180328739962,0.000708142878306,0.0,0.05113299772933111,0.0,0.0912094801295118,7.560686341102679,0.13122847885141423,1.3371055707051287,0.0,5.731130385739474,0.0299823972772675,0.0,0.0,0.0,0.0,0.24236113994726993,0.0,4.907859789184069,2.0777575967615336,0.0,4.233868820719184
s__GGB3256_SGB4303,0.0,0.0,0.0,0.0,1.068103577447661,0.0,0.2832524441701677,0.0,0.0,0.0,0.0,5.0492910123046535,0.0,4.954848977989966,0.0,0.0,0.0,0.0,0.0,0.0,0.20820619369298402,0.5464357604911477,0.0,0.0,3.9078353842395033,0.0,0.0,1.8635320537084394,0.0,2.4480680438996325,0.0,0.0,0.0,0.0,0.8784743060984075,0.0,0.0,0.0,0.0,0.0,0.0,0.0,1.4031220271977585,0.0,0.3764694891955351,0.0,0.0,0.0,0.0,0.0337675121313425,0.0,0.0,0.0,0.6466811442948154,0.0,0.0,0.15313381909462595,0.0,0.0,0.4939381201000428,0.0,0.7539500669217574,0.0,0.0,0.0,1.771867445534946,0.0,0.0,0.0,0.14402905804381302,0.0,0.0,3.822765076993937,0.0,0.0,0.2934685716276418,0.0,0.03156931293886191,0.0,0.0,0.0,0.0,0.0,0.0,0.8063785330381488,0.0,0.0,0.0,0.3072664681409545,2.065179008890419,0.0577219196759301,0.0,0.0,0.0,0.0,0.5707608572734005
s__GGB3304_SGB4367,0.1314986699553729,4.980870680318805,0.0,0.0,0.22076939456115727,0.0,0.0,0.19831987755435848,0.0,4.39195444833603,0.0,0.5727806920409645,0.0,0.0,0.0,0.0,0.0,0.7891737203026177,0.0,0.0,0.0,0.0,0.0,1.8481415094732347,0.0,1.954656549342837,0.0,0.043908740618908204,0.0,0.0,0.0,0.0,0.29620441108096995,0.1777205648082081,0.0,0.0,0.2074439236933979,0.0,0.0,0.0,2.981335190827731,0.0,0.0,0.6508150410830185,0.0,0.0,0.0,0.0,0.0,1.0397670549991176,0.1675305421191146,0.0147922874995451,0.0,0.16387519737823894,0.8922852669180424,0.0,2.0088882128214154,2.124586222426996,0.785518437010118,0.0,9.979920107189262,0.0,0.1129645990946268,0.0,4.1152431415337265,1.1276011627196554,4.506210207615437,1.8450645114988284,0.0,0.29550789495198554,0.0,0.0,0.0,0.0,0.1197365870986453,0.0,0.0,0.0527797251541421,0.0,0.0,0.2060989071495292,0.0,1.192208804051422,0.4614572410678564,0.0,0.0,0.0637031160478924,0.0,0.260449240007056,0.0,0.0,0.0,0.0,0.0,1.99231249978657,0.0
s__GGB3321_SGB4394,0.0012004202734556,0.0139882079817729,0.0,0.0,0.0,0.04373493292458651,0.0015749181008349003,0.0,0.0,0.0,0.0,0.001441415227272,0.0038658777120315,1.0106803390040098,0.0223434020154707,0.0,0.0616770319405786,0.0443904443678866,0.0,0.0,0.0025332757186143006,0.0,0.233542270248576,0.0,0.1750911863002618,0.0704922091439076,0.0,0.0,0.0,0.0,0.0,0.0,0.013362057509276102,0.013187240237799,0.0,0.0,0.041299686017318,0.0,0.0,0.0,0.0,0.0,0.0,0.0,0.0,0.0,0.0,0.0,0.0,0.1444559645317395,0.0,0.0119710780279823,0.0,0.020439914619645203,0.0008166955560114001,0.0,0.020627227294898107,0.0,0.0,0.016319967542472696,0.0269581976532597,0.0,0.0,0.0132159615366437,0.000148487006496,0.18859364889920407,0.45596923447906273,0.0286936286623617,0.0,0.07407926174083132,0.0,0.0,0.0,0.0,0.015382957201475898,0.0,0.0,0.0,0.0,0.0,0.0,0.0,0.0044409816906895,0.0,0.020888177749396504,0.0,0.0976935017797075,0.0,0.0,0.017127840271180205,0.0,0.0,0.0,0.0070599650003885,0.06157940391990702,0.024746789129451604
s__GGB3345_SGB9340,2.1592191118701547,0.0,0.0,0.0,0.0,0.0,0.0,0.0,0.7076801137167554,0.0,0.0,3.433168176784921,1.2420907297830384,0.0,0.0,0.0,0.9034715510681854,0.0,0.0,0.0,6.34834742173801,0.0659774472825294,0.0,0.0,4.653206934113835,0.0,0.0,0.7007043098349741,9.40551745198418,0.0,0.0,0.0,0.0,2.8471580282861697,1.2712213881818353,0.0,0.0,0.8126808367612404,0.0,0.4259062391525392,0.0008016364235964002,0.0,0.0,0.0,0.0,0.0,0.0,0.0,0.0,0.029628268708790796,0.0808643802402042,0.0,0.24777722668795676,6.987975110032926,2.4692336416258396,4.590754898554809,0.026501318359947505,20.682114362727262,1.7159387885543738,8.398426650106352,0.0087917305495496,0.0,0.0,0.5982267706298103,10.861586945972892,0.0,0.0,0.0,0.0,0.0,0.0,26.81648738669069,0.0,1.9253936191532435,6.169742330406773,0.0,0.0,0.1281069488941477,0.0,0.0,10.9029858029262,0.0,0.0,12.650365223953555,6.468497781796699,0.0,0.0,0.0,0.0,0.0,0.0,0.0,0.0,0.8626518449189651,0.0,15.914974495087089
s__GGB33469_SGB15236,0.1568338557267195,1.5790782442264544,0.0,0.033872889571863504,0.0,0.08832192085412201,0.39170267408766246,0.807627148348493,1.2622692774285453,0.0699238222091501,2.2660693387401185,1.0491212755581858,0.4711242603550262,0.5801274788610243,1.1493416549111293,0.0,0.23806509728982922,0.3523058472361858,0.0106743332099855,0.0,0.06667498633171422,0.1643964118900106,0.0355108829941091,0.0110679618263159,0.7055613755771776,0.913480501443886,0.0,0.1356070779998113,0.0,0.1258009010559899,0.0,0.07156876243256272,0.2925999323523,0.2874761222369973,0.25795829613694365,0.06060829171609992,0.2681393605048923,0.0085754723149809,0.0,0.18596852602787067,2.464255031871864,0.0,1.5020712820075954,0.0,0.3225894522097056,0.0,0.0,0.0,0.3131688795868832,1.2152128814707617,0.5435974389559287,0.0383913234846149,1.5220844710886385,0.5817561770396776,0.6596631493807139,1.17333024517661,0.2476625446732056,1.3322396305156796,9.764372605191234,0.16042210262536316,1.0097547398679736,0.0,0.3602826975498936,0.8927227498507646,2.270930579948704,0.786525669684111,9.2023186338048,0.3116420335301475,0.10921861258527703,0.5425224728020125,0.0,0.058172546431968106,0.0,0.23765112541855607,0.5408197395725951,0.4362160130366078,0.0,0.0,0.0,0.1384836443568699,2.7771563223457383,0.015811091086908802,0.0987534086481964,0.0,0.24918598264237055,0.0,0.2330711107930211,0.0,1.0584801218695843,0.0,0.0,0.0,0.2176642430337264,0.5453328105440237,0.8664873144293652,0.0694608901845941
s__GGB33469_SGB15237,0.0648858747809852,0.1120700698245742,0.0,0.0,0.0,0.010854947323158401,0.0,0.08092161375875924,0.0,0.0,0.0,0.0967634166120931,0.0,0.1535210641525058,0.0,0.0,0.0028861002814481,0.0601418923694061,0.005077520662047,0.0,0.14539341460441474,0.11715798907261558,0.1531334060918277,0.0,0.0,0.0177132659967739,0.0,0.0,0.0,0.0,0.0,0.0,0.0,0.0050148660059235,0.007547342064734903,0.0045862399228687005,0.0915815612988407,0.0,0.0,0.0,0.0,0.0,0.0,0.0,0.0040130430477812,0.0,0.0,0.0,0.0,0.0475286810536564,0.2322351576822183,0.0,0.0,0.13789592663911854,0.0,1.091927517711201,0.0,0.13804287703206372,0.0,0.019968122861027192,0.0,0.0,0.0,0.0,0.0,0.0,0.2113957351606167,0.0,0.0,0.08309154104112511,0.0,0.0,0.0,0.06176301047669399,0.0348646628678123,0.1399998470411319,0.0,0.0,0.0,0.05829236370033909,0.0,0.0,0.1380794701986701,0.0,0.0,0.0,0.0295905115899309,0.0,0.1795249625386377,0.0,0.0,0.0,0.0,0.1821240036665583,0.16234764166889445,0.0
s__GGB33512_SGB15203,0.0327693674648626,0.0,0.0,0.14327002360628416,0.009231584265112499,0.003128092346888601,0.009339949084952101,0.005047377583567902,0.007603025168519702,0.0,0.0342718718075979,0.0189943501911562,0.0,0.0629696568218423,0.1016557307513105,0.0,0.083849611880593,0.0214022607254199,0.0,0.0,0.0030939187055209006,0.0,0.0,0.0,0.0464170996425275,0.013037842376721901,0.0,0.07503425576650662,0.0,0.019802770159561597,0.0,0.012473048925879401,0.0036226831666838007,0.0,0.008584777400093804,0.0,0.0,0.0,0.0,0.008963888823760499,0.0,0.0157562392627087,0.03629184213720971,0.0,0.0,0.0,0.0,0.0,0.0,0.0108382821195759,0.0049495425278789,0.0,0.0,0.027603942226682308,0.0,0.0,0.0,0.007192408926122001,0.1902482418333138,0.0,0.0104008271222789,0.0,0.3188831483420888,0.008489482857789,0.0181302634931629,0.13943029352910227,0.09827735187433881,0.0,0.0,0.0,0.45906119589256167,0.0,0.3047746439026595,0.010967735902984799,0.007109557522392601,0.2385874985589121,0.0,0.010781138524822202,0.0,0.0,0.3971065406331836,0.0015739547688323001,0.3511492014024014,0.185289237593567,0.12449484796448092,0.0,0.0,0.0,0.0464973693296807,0.0,0.0,0.0,0.0,0.0003628953972161,0.011120578662832803,0.0
s__GGB33928_SGB15225,0.072446416503294,0.5609257700193295,0.05558276273369911,0.0,0.0,0.11014853536413403,0.029334561495529706,0.262370164390268,0.36647695308626316,0.0,0.0,0.352042094713092,0.2377120315581608,0.34370937681939895,0.0,0.0,0.015255101487655002,0.4619346935419541,0.0078086113211785,0.0,0.10795492181210622,0.3206517338902074,0.4985640650530174,0.1335155668518139,0.3453383159667823,0.1534731337293333,0.0220121299924553,0.0,0.0768069292805555,0.4655867268488766,0.0,0.0385019135779976,0.46264758793017413,0.0608356109778218,0.0,0.8481047620594805,0.1925917949539384,0.012767925446749302,0.0,0.20605507115925106,0.014787108798342203,0.0,0.24698421293255687,0.29284654427848783,0.121838618434271,0.0,0.0,0.0,0.0,0.3913582037716896,0.42631622594430524,0.6855729638158894,0.06896617150659011,0.3469060452478695,0.10751645754972641,0.5355344576661608,0.07060793277322662,0.16902160976386302,0.2745867833509741,0.16553504757938978,0.3566947337417371,1.3749264545039013,0.0,0.0570449619009355,0.0969026204392794,0.13770769002893976,0.31182911839666366,1.3214228598220106,0.1300937634823167,0.8290180884537044,0.5595943553281557,0.16361628978571371,0.1632957923873348,0.2553662933171591,0.2186378695008992,0.4529281849646391,0.0,0.6860801286305132,0.0,0.5161466705004255,0.21712500377628366,0.0,0.4404752629528495,0.0,0.27041766214016816,0.0459125351087622,0.0874950280743051,0.0,0.1538689195051476,0.0,0.15109965061423034,0.0,0.2611847523976501,0.2303561010056431,0.13720360776330454,0.3302656780797668
s__GGB34228_SGB72916,0.0615373340182015,0.007631177126197299,0.0,0.0,0.0,0.029530125513533505,0.0,0.0,0.009636068528600102,0.0,0.0,0.05756231089842861,0.0,0.10228232480326419,0.1781091837762453,0.0,0.0,0.0,0.016348077889167,0.0,0.09937916056793793,0.0,0.0,0.0,0.1280915735182044,0.0,0.0,0.0,0.0,0.0,0.0,0.042663135006887905,0.17980523435845103,0.0756801858500634,0.0023082936211731003,0.014211173931401103,0.0,0.0,0.0,0.0,0.0,0.0,0.0,0.0,0.0073353163906163,0.0,0.0,0.0,0.0,0.0,0.1412750218222373,0.0,0.0,0.08592191209906452,0.0,0.23647085992295833,0.0,0.0683278847981586,0.0,0.0037725242498686993,0.0027751085819533,0.0,0.0,0.0,0.2084906058210477,0.0,0.0,0.0,0.0,0.012779021422718403,0.0,0.021274439793095304,0.0,0.030881505238358194,0.0,1.037556782436699,0.0,0.0,0.0,0.3269321718854591,0.0,0.0,0.0382158161277634,0.0,0.0,0.0333721269057477,0.0132267821425405,0.0,0.0,0.0,0.0,0.0,0.0,0.058624101895725,0.06627523368156452,0.0
s__GGB34540_SGB54300,0.1069848243711431,0.0,0.0,0.04670403321735051,0.18473606251126348,0.0057776332526487005,0.16676328446841585,0.2375305237822485,0.14760451792363372,0.0,0.0,0.002478695344094,0.2017751479289896,0.008933711642773099,0.0,0.0,0.0,0.0174451520876983,0.0,0.0,0.0,0.0,0.9686903164296295,0.0,0.0,0.0,0.0,0.0,0.0,0.29167455842396806,0.0,0.0,0.0,0.1667335791712887,0.0,2.069319679637784,0.0,0.0,0.0,0.0,0.16142490997622055,0.0,0.13055078849423504,0.0,0.0,0.0,0.0,0.0,0.0,0.0,0.0125213592427138,0.1776027611253134,0.056611953148611206,0.0,0.0,0.0482863100522869,0.590515923455486,0.0,0.0552878178756321,0.0,0.0,0.0,0.1524397973970346,0.0374664329119744,0.0,0.08404293281166159,0.0,0.0,0.0,0.0,0.0,0.0,0.0,0.0,0.0,0.405369309257589,0.0,0.0,0.0,0.0,0.1550336010549273,0.0,0.0,0.0,0.0338758152850298,0.0,0.0100083556869119,0.0,0.0,0.0,0.042221879810513806,0.011375863808356002,0.0909772371818294,0.0230273624779029,0.26958331768054694,0.1516755046848883
s__GGB34797_SGB14322,0.0,0.0,0.0,0.0,0.0,0.0246395632249192,0.09513874823042663,1.1820677890850395,0.0,0.0,0.0537394044529648,0.0,0.0,0.12452986884572799,0.0,0.0,0.2962604844464417,0.0161517780582485,0.0,0.0,0.024668291423886206,0.0425480829631587,0.0,0.0,0.0,0.017321032471601605,0.0,0.015261204562680701,0.008328462211145,0.0,0.0,0.0,0.0,0.0089296047114024,0.0,0.0032494435327950003,0.0,0.0020485850530232,0.0,0.0,0.0,0.0,0.0,0.019229396423244803,0.0,0.0,0.0477579093703268,0.0,0.0,0.0,0.0392029990949888,0.0,0.0,0.0,0.023033839477883802,0.0186068214402053,0.0,0.025995420832984003,0.0,0.0,0.0341524917501619,0.0,0.0,0.0147066201968978,0.0352953614440837,0.029560881962915297,0.062336518398684405,0.0,0.0,0.17606031698111843,0.0376644357913643,0.0,0.0,0.10217178860772728,0.0,0.0972563429065607,0.17559817584512563,0.034243485680001406,0.0,0.0033388483251549994,0.0,0.0,0.1713089209193572,0.0644365425374495,0.03955177274707781,0.0063338609959406,0.0,0.0,0.0815471604029441,0.0,0.0,0.0,0.0,0.0,0.0,0.0101040937173075
s__GGB3510_SGB4687,0.0,0.0,0.0,0.002875372863560401,0.0,0.0,0.0,0.0,0.0,0.0,0.0,0.0,0.0,0.0,0.0031042727676626994,0.0,0.0019240668542987,0.006389883597877,0.0,0.0,0.0,0.0,0.0,0.0,0.0038016646999184003,0.0,0.0,0.0015208760560746003,0.0,0.0,0.0,0.011326589960777301,0.0,0.0,0.0,0.0,0.0,0.0,0.0,0.0,0.0033792058471606014,0.0,0.0,0.013413569875680103,0.0,0.0,0.46882250273189324,0.0,0.0,0.0037398427414281,0.0,0.028555214786492998,0.0,0.0,0.0,0.0,0.0,0.0,0.0067292636684944005,0.0,0.0085468680276126,0.0,0.0092056786555028,0.0,0.0057761445526947,0.0018609147301207995,0.0,0.0,0.007021038569716001,0.0,0.19846305909291792,0.0,0.0,0.0,0.0008349302428431,0.0,0.0,0.0,0.0061977718239425985,0.0,0.0,0.0,0.0009738994935721999,0.0474501767447752,0.0,0.0,0.0,0.0,0.0,0.006876391637022003,0.0,0.0,0.0,0.010952842897799,0.0,0.0
s__GGB3537_SGB4727,0.0,0.0,0.0,0.15359144874082487,0.0176861381963527,0.0,0.0,0.0,0.0,0.0,0.1484421033325306,0.0,0.0,0.014831696028292998,0.0083434999288961,0.0,0.0024279891256626,0.0,0.0,0.0,0.0,0.0,0.0,0.0,0.0,0.0,0.0,0.013425664495004302,0.0222555017975599,0.021599754747543595,0.0,0.0,0.0,0.0,0.0061208684786167025,0.0,0.0,0.0,0.0,0.0014582402871188998,0.0,0.0,0.0,0.0059251465954512006,0.0,0.0337879492018931,0.0,0.0,0.0,0.0031770508725725,0.0,0.0,0.012673999678726401,0.0,0.0,0.0,0.0,0.0036475788125332003,0.0,0.0,0.0284740132652496,0.0,0.0,0.0,0.013556863693085702,0.0,0.0,0.0,0.0,0.0,0.0212757321875203,0.0,0.0145872460279104,0.0,0.0,0.0,0.0,0.0,0.0,0.0,0.0004315770144308,0.0,0.0,0.0,0.0008342185318864001,0.0,0.0,0.0,0.0,0.0,0.0,0.011672196005968702,0.0,0.0,0.0,0.0
s__GGB3570_SGB4777,0.027335886227115403,0.0116591234010664,0.0,0.0,0.0,0.012150537810116002,0.004697364422490502,0.08337520008411514,0.0019494936329537004,0.0,0.0262109611396501,0.0829150534940126,0.0854043392504639,0.13491639281876538,0.0,0.0,0.0934699461520654,0.0,0.0154633583798709,0.0,0.04044935327753501,0.0223572866383919,0.0571521465237079,0.0185601206010528,0.0329733095545264,0.009021371078959102,0.0,0.0,0.0,0.005486792941971499,0.0,0.0,0.0030401411499306006,0.0237027427459466,0.010711519837579302,0.009501537418679101,0.0,0.0,0.0,0.023632070535368796,0.03492668233267711,0.0,0.0,0.0,0.0020065215238904,0.0,0.0,0.0,0.0,0.0235827947626956,0.1043665126408075,0.0,0.0,0.06487854806975492,0.020810612686518702,0.0349618619417716,0.04132236315701361,0.0010959861220756002,0.0560381190512237,0.02740262119959269,0.0010027703279325,0.006616599164996501,0.0,0.0,0.0,0.022720762954901996,0.03566871301255021,0.0116768455527539,0.0,0.21755028391469114,0.0,0.004930419455435001,0.0,0.024184615804508095,0.0105378317013399,0.0190915319991356,0.06111096314265628,0.0,0.0,0.0,0.0098705839752113,0.037739142752683606,0.0640825866770437,0.0767291573532107,0.04205442834275091,0.0187310411864881,0.0,0.0,0.0259927365115965,0.0017334476413861004,0.0,0.0010371626916445002,0.0,0.0198107896389409,0.023521838169753808,0.0033595794668588
s__GGB3612_SGB4882,0.3461422388512105,0.0,0.0,0.0,0.0,0.0,0.0,1.1450303193167204,0.0,0.0,0.0,0.0027481187510607,0.1954240631163423,0.015699046673222396,0.0,0.0,0.0751302295488,0.0,0.0,0.0,0.08741877684723741,0.0,0.0,0.0,0.0181038952040468,0.0005805056172545002,0.1178660322730947,0.0,0.0,0.0,0.0,0.0,0.0,0.1763204027894546,0.0,0.06334358279118361,0.0035981284479328,0.0,0.0,0.005189619845334899,0.0,0.008343470686715797,0.0,0.0,0.0,0.0,0.0,0.0,0.0,0.0,0.2259744780608525,0.0302708151408216,0.0,0.0,0.033590385738910405,0.0,0.06784065865876021,0.0049319375493407005,0.0068464982271791,0.021792200520304592,0.0,0.0090835639398768,0.0,0.0,0.0,0.0,0.0,0.000737484982279,0.0,0.017187504795621103,0.0,0.0,0.0,0.0,0.0,0.0,0.0,0.0,0.0018089682272202996,0.0,0.0408745198183595,0.0,0.0,0.0,0.262795194770402,0.0870667173587485,0.0,0.0,0.0,0.0,0.0,0.0,0.0,0.0593993784261502,0.0,0.0
s__GGB3619_SGB4894,0.2285221120573337,0.0281545224314701,0.0,0.0,0.0,0.0050773140705094,0.0,0.19098248606710239,0.0335034405777555,0.0,0.0,0.0111541290484236,0.0442998027613344,0.7718553389226998,0.0039140830548792,0.0,0.0675561251064874,0.0060357454707657,0.0,0.0,0.010465335755587902,0.015589796277322002,0.0814712799184499,0.0,0.0,0.05643455960176591,0.0,0.020807157767160002,0.0,0.13365971365408766,0.0,0.0,0.36947727412569564,0.0,0.0016080247698059007,0.15761857743886343,0.018988663269018,0.0,0.0,0.0,1.170894826041198,0.0,0.0,0.0,0.2809459071401104,0.0,0.0,0.0,0.0016952101202348,0.0091499065130088,5.028472980906431,0.022512489094024,0.09199042659999551,0.0,0.020719868735850803,0.00480831418473,0.09743181682749853,0.15864399117046343,0.2960641545020183,0.16530012848692643,0.0,0.0,0.0084385387675442,0.0,0.0380275223636278,0.0,0.04718150183698871,0.1031796118725665,0.0,0.8052457603922613,0.0,0.0,0.0,0.8172732237385312,0.006590888735171801,0.0,0.0,0.0,0.0,0.0,0.1338306399911198,0.0,0.0,0.0,1.658606370877889,0.0,0.0,0.0,0.0,0.0,0.07035073444450411,0.0,0.025924749127756896,0.0035464777455223003,0.017203812672251805,0.0002408755089445
s__GGB3653_SGB4964,0.09828704238977409,0.0,0.0,0.013479349088714503,0.23085919143383246,0.0055208495525310005,0.0,0.04872121417471732,0.0,0.0485041910608361,0.0,0.0257299353653175,0.0842406311636746,0.04714050755188359,0.0164416028010602,0.0,0.22134404010366,0.0107165276725842,0.0,0.013939384774337999,0.04015864950655511,0.013769497714855198,0.0641378939979647,0.0,0.4401653233606954,0.05127276641048851,0.0,0.0156807565781496,0.0,0.4729184239678315,0.0,0.0,0.06773871388556231,0.006657913272821601,0.0,0.0,0.0175572910032344,0.0,0.0,0.4073923060954878,0.05026877019351991,0.021285704744051098,0.002739883155592901,0.0001311840574637,0.0,0.0241850583760919,0.0988360748633482,0.0,0.1559805211881113,0.0175191662401857,0.3221136054401257,0.0037743207795229,0.0,0.0,0.0,0.0132905867430037,0.0039726511827210004,0.09358693995536062,0.0755459496162959,0.010668090552742496,0.0242763700320384,0.0,0.0320898515844143,0.0068897516126381,0.10401514805044332,0.017628394943442097,0.08111283035421742,0.0100926185537837,0.0,0.18362170301940342,0.0,0.0,0.0027314763478557,0.10694806069453669,0.0,0.0,0.0,0.009444052154250301,0.0,0.0,0.030112938135928,0.0,0.0532723022983998,0.0979763553433741,0.16587863003649922,0.0,0.0,0.0,0.0015824593472083999,0.13050220388925973,0.0,0.0,0.023025027069214,0.0209489615665735,0.054066076301222024,0.0
s__GGB3746_SGB5089,0.10016138281674211,0.0,0.17535726080749123,0.09044959030920693,0.0,0.011310154791548802,0.007532217003993601,0.0,0.0028267657677830006,0.041373708586473,0.0,0.0111541290484236,0.0098422090729783,0.015048533689525396,0.0347482232332744,0.08873476464887992,0.018813098130922,0.0050195230190551,0.0318114362690379,0.0,0.06426629794350901,0.0,0.0210736715473273,0.0016270849864325001,0.0168315638730258,0.0,0.0413709059371572,0.07833822788832241,0.0,0.15918887470069037,0.0,0.0,0.18115236277219024,0.1060265545012967,0.0,0.0,0.0175966865701827,0.011279128169843,0.0,0.0,0.0,0.008376318996505998,0.0,0.0076305393424813015,0.0224335685130066,0.0,0.0747992911019178,0.043051198424326705,0.0085290259174317,0.0924067939508198,0.0103579830384753,0.0,0.0,0.029042936972797907,0.0,0.0,0.02397172423077871,0.0,0.0,0.017093818670650997,0.0,0.0,0.0,0.0133613916498393,0.0,0.00011316373358839999,0.11236481892683763,0.0,0.0,0.016936388654126805,0.0,0.015559635424295401,0.0775390583682697,0.09284668596210799,0.0,0.0965623628858192,0.0,0.09897254060906721,0.012138587933791299,0.0021407909849523,0.189448387495995,0.010302249395994901,0.0,0.001412682332858,0.5477217164749518,0.1080098356267421,0.0,0.0,0.0,0.0,0.019332153042474803,0.0137135955895233,0.0,0.012635357921256099,0.045464169965117616,0.0
s__GGB3886_SGB5269,0.0,0.0,0.0,0.0,0.0,0.0,0.0,0.0,0.0,0.0,0.0,0.0,0.0,0.0,0.0,0.0,0.0,0.0,0.0,0.0,0.0,0.0,0.0,0.0,0.0,0.0,0.0,0.0,0.0,0.0,0.0,0.0,0.0,0.0,0.0,0.0,0.0,0.0,0.0,0.0,0.0,0.0,0.0,0.0,0.0,0.0,0.0,0.0,0.0,0.0,0.0,0.0,0.0,0.0,0.0,0.0,0.0,0.0,0.0,0.0,0.0,0.0,0.0,0.0,0.0,0.0,0.0,0.0,0.0,0.0,0.0,0.0,0.0,0.0,0.0,0.0,0.0,0.0,0.0,0.0,0.0,0.0,0.0,0.0,0.0,0.0,0.0,0.0,0.0,0.0,0.0,0.0,0.0,0.0,0.0,0.0
s__GGB3887_SGB5270,0.0,0.0,0.0,0.0,0.0,0.0,0.0,0.0,0.0,0.0,0.0,0.0,0.0,0.0,0.0,0.0,0.0,0.0,0.0,0.0,0.0,0.0,0.0,0.0,0.0,0.0,0.0,0.0,0.0,0.0,0.0,0.0,0.0,0.0,0.0,0.0,0.0,0.0,0.0,0.0,0.0,0.0,0.0,0.0,0.0,0.0,0.0,0.0,0.0,0.0,0.0,0.0,0.0,0.0,0.0,0.0,0.0,0.0,0.0,0.0,0.0,0.0,0.0,0.0,0.0,0.0,0.0,0.0,0.0,0.0,0.0,0.0,0.0,0.0,0.0,0.0,0.0,0.0,0.0,0.0,0.0,0.0,0.0,0.0,0.0,0.0,0.0,0.0,0.0,0.0,0.0,0.0,0.0,0.0,0.0,0.0
s__GGB4538_SGB6256,0.0,0.0,0.0,0.0,0.0,0.0,0.0,0.0,0.0,0.0,0.0,0.0,0.0,0.0,0.0,0.0,0.0,0.0,0.0,0.0,0.0,0.0,0.0,0.0,0.0,0.0,0.0,0.0,0.0,0.0,0.0,0.0,0.0,0.0,0.0,0.0,0.0,0.0,0.0,0.0,0.0,0.0,0.0,0.0,0.0,0.0,0.0,0.0,0.0,0.0,0.0,0.0,0.0,0.0,0.0,0.0,0.0,0.0,0.0,0.0,0.0,0.0,0.0,0.0,0.0,0.0,0.0,0.0,0.0,0.0,0.0,0.0,0.0,0.0,0.0,0.0,0.0,0.0,0.0,0.0,0.0,0.0,0.0,0.0,0.0,0.0,0.0,0.0,0.0,0.0,0.0,0.0,0.0,0.0,0.0,0.0
s__GGB45432_SGB63101,0.0,0.0,0.0,0.017435064357659107,0.008326981786872899,0.0,0.0,0.0,0.00037597377206950006,0.0,0.0,0.0040682934451979,0.0,0.0021683766123234,0.0023312720389562,0.0,0.0,0.0003079461974879,0.0,0.0044147482837361,0.0,0.0,0.0,0.0,0.0082778182982092,0.0,0.0,0.0,0.0,0.0018928237660074995,0.0,0.0,0.0,0.0056577975451445,0.0,0.0,0.0006303290711705,0.0,0.0,0.0089495923503574,0.0,0.017442452498606698,0.0,0.0006231242729533,0.0,0.0372556597778768,0.0073536658491898995,0.0,0.0,0.0030681234140840998,0.0,0.0012390447003484,0.0041251790375669,0.0,0.0,0.0,0.0,0.0,0.018124462772635,0.0,0.0044658259953282,0.0,0.0222860638637456,0.0,0.0,0.0008047198832953999,0.0,0.0,0.0,0.0,0.0131582948790449,0.0,0.0012088235752211,0.0016173619764768999,0.0,0.0,0.0018159762325028993,0.0,0.0,0.0,0.0039398804865794,0.0,0.0,0.0,0.0,0.0,0.0,0.0,0.0,0.007037108636885602,0.0,0.0,0.0,0.0,0.0,0.0
s__GGB4571_SGB6317,0.007202521640734499,0.0069324517519853,0.07007357031542372,0.04399486687769611,0.030246195682668793,0.0,0.0,0.0,0.0,0.0740527379502487,0.0,0.0,0.0132544378698225,0.8965369941312796,0.0933858499394418,0.0,0.0307239881813412,0.0,0.0,0.0,0.0,0.2095576842005322,0.0634684265316926,0.0,0.0201426911923096,0.0,0.0,0.737939551207838,0.021453501732783,0.0,0.0,0.0,0.0,0.0,0.2241119683208337,0.2816732824377262,0.0,0.0,0.0,0.0,0.0,0.07043772562682128,0.0,0.0,0.0,0.0,0.0,0.0014445241972576002,0.0,0.0,0.0,0.32119851078264,0.005212435528088401,0.0,0.012220185356618502,0.0,0.0,0.0,0.0305513259931998,0.0,0.0,0.0,0.0318428065357547,0.0,0.0,0.12258147097261127,0.013961872992588402,0.0,0.016994230364808703,0.0,0.0,0.0050744901538082,0.0,0.0,0.2082644937564802,0.0,0.0,0.0,0.0,0.0,0.0130865288246808,0.0,0.1566225165562796,0.056211085728393104,0.0,0.0,0.0,0.0,0.0,1.9470405342049615,0.0,0.027180247681036104,0.0,0.0,0.0,0.0
s__GGB47687_SGB2286,1.02724385400614,0.117098152419391,0.0,6.313105500754543,0.0,0.07738526962637081,0.0,0.0,0.0,0.0,0.0270950610193604,1.141493090636733,0.0987376725838103,0.0,0.0,1.6597335042946793,3.9892777556951726,0.5780150126850826,0.0,0.0,0.0,3.673328996630238,0.0,1.0276555256752231,0.0,0.30471838103571264,0.0,0.04655716271654801,0.9566318464971748,0.0,0.0,0.0,0.0,0.0,1.3196177465763324,0.5926738210638383,0.3584733955170344,0.0,0.0,0.0,1.0524622941058546,0.0,0.0,8.53358853005318,0.0,0.0,0.0,11.518975193251704,3.815367037359691,0.0,0.0153403039936912,0.19878089438818142,0.0,1.4878741483046747,0.29219552115081826,0.8720148664947877,0.0,0.037760146862131604,0.7442049785296584,0.4433614213655141,0.0,6.68474728441373,0.0,0.0,0.294954589703676,0.10902697043835567,0.8012273051533687,0.0,0.0,0.0,0.873003166628852,0.0,15.901062904621858,0.11245719992691468,0.0,0.0,0.0,0.0,0.0,0.0,0.0,0.0,1.3938449552006336,0.0,0.6591471407732362,0.0,0.8091830262089823,0.0,0.6623097408284917,0.8055480426735739,0.0,0.0,0.0,0.4355074671501106,0.0,0.0
s__GGB4768_SGB6601,0.0,0.9594047407831504,0.0,0.0,0.0,0.0248730029523028,0.08019756868250762,1.4595567187372405,0.0,2.4318186366010384,0.3435508120804087,0.0,0.0,0.0,0.0,0.0,0.0,0.05921805377692751,0.0,0.0,0.1999834298850199,0.0,0.0,0.0,0.0,0.0,0.0,0.0,0.0,0.0,0.0,0.0012738432945578002,1.016881703556766,0.027246009895414803,0.24550907211265335,1.1439069540353828,38.44193159091165,0.0,0.0,0.0,0.13571088008084337,0.0,0.0,0.0,0.0,0.0,0.0,0.0,0.0,0.9055865807180551,0.2583595642698186,0.0,36.67466439749876,0.0,1.6518121340088554,0.0,0.9827218534692748,0.0,0.0,1.2760390540554492,0.0,0.0,0.0,0.0,3.850609598556514,0.0,0.0,0.0,0.15920619585092352,0.0,0.0,0.0,0.0,0.08089337010471659,0.0213792744000774,0.0,0.0,0.0,0.0,0.0,0.0,0.0,0.0,0.0,0.33372012720686756,0.0091665927981454,0.0,0.0,0.0,0.0,0.0,0.0,0.0,0.2292509195686931,0.10610440793270973,3.696323428363408
s__GGB4769_SGB6602,0.47210212754484826,0.0,0.0,0.0,0.0,0.019655625045374905,0.0,0.017759291497739405,0.0,0.0,0.003241699558938,0.49277541134217956,5.356804733727919,0.0025153168702950995,0.0,0.0,0.0,0.063298340893659,0.0,0.0,0.08895535392246282,0.0,0.0,0.0,0.0,0.0,0.0,0.0,0.0192171553983087,0.0,0.0,0.0033013772050625,0.0,0.0207166829304535,0.0,0.048556558107131505,0.0,0.0,0.0,0.0,0.0,0.0031315388666674996,0.0,0.0,0.0,0.0,0.0,0.0,0.0,0.0,0.1489123953917084,0.2400696762490271,6.2753140225921715,0.011341754289326303,0.0,0.2603092626416318,0.0,0.26706099334016986,0.040774179510495,8.447193089951723,0.0005013851639662,0.0,0.0062281357005449,0.0,0.0833457567462054,2.2929361437169518,0.0,0.0317801398844999,0.0,0.05186943411535721,0.0,0.0,0.0,0.22648121926854914,0.0093739895446493,0.0,0.0,0.0,0.0,0.0,0.0484340784904863,0.0,0.0059407869107907,0.0,0.37739392093506124,0.0,0.0,0.0,0.0284337642280353,0.0,0.0,0.0,0.0,14.380076514845255,0.0,0.1523347429199054
s__GGB4964_SGB6927,0.0,0.0,0.0,0.0,0.0,0.0,0.0,0.0,0.0,0.0,0.0,0.0,0.0,0.0,0.0,0.0,0.0,0.0,0.0,0.0,0.0,0.0,0.0,0.0,0.0,0.0,0.0,0.0,0.0,0.0,0.0,0.0,0.0,0.0,0.0,0.0,0.0,0.0,0.0,0.0,0.0,0.0,0.0,0.0,0.0,0.0,0.0,0.0,0.0,0.0,0.0,0.0,0.0,0.0,0.0,0.0,0.0,0.0,0.0,0.0,0.0,0.0,0.0,0.0,0.0,0.0,0.0,0.0,0.0,0.0,0.0,0.0,0.0,0.0,0.0,0.0,0.0,0.0,0.0,0.0,0.0,0.0,0.0,0.0,0.0,0.0,0.0,0.0,0.0,0.0,0.0,0.0,0.0,0.0,0.0,0.0
s__GGB51647_SGB4348,0.0,2.2566089487539855,0.08985687380817102,0.0,0.0,0.0,0.0,0.0,0.3986157481209592,0.0,0.0,0.0,0.0,0.0,0.0,0.0,0.0,0.0,0.0,0.40403483602258333,0.5117216951601467,1.485318957069447,2.8863216590335465,0.0,0.0,0.0,0.0,2.8126767117034226,0.0,0.0,0.0,0.0,0.0,0.0,3.126052024269828,0.8752108796305195,0.0,0.0,0.0,5.350197834599033,0.0,0.0,0.0,2.021327685422394,0.0,0.0216065043580527,0.0,0.0,0.0,1.3046423248895846,0.0,0.0,0.0,0.0,0.0,2.618838162302986,0.5241183218502873,0.0,0.0,0.0,0.0,0.0,3.717624908902182,0.0,0.0,0.0,0.0,0.006323250866578999,0.0,6.936274256773174,1.4922831688723956,0.49870872634619756,0.0,0.5809614762066952,0.0,0.0,0.0,0.0,0.0,0.0,0.518546743758391,1.1049520194197466,0.0,0.0,0.8664586245601135,0.0,0.0,0.0,0.0,0.0,0.6857537932486771,0.0,0.0,0.0,0.0,0.0
s__GGB6518_SGB9205,0.0,0.1614329624380316,0.0,0.0,0.0,0.017858139144550804,0.0,0.0,0.0,0.0,0.5410691263827746,0.1399250464081615,3.515443786982322,0.11212675462324749,0.0,0.0,0.1748152170477066,0.7846931031291668,0.0,0.0,0.0,0.24260224522101667,0.0,0.0,0.0,0.0,0.0,0.0,0.0,0.0,0.0,0.0,0.0,0.1408305818244501,0.0,0.5799022740140543,0.0,0.0,0.0,0.0,0.331260835966194,0.0,0.0,0.026816207746566203,0.0,0.0,0.0,0.0,0.0,0.8982884409993402,1.1255456378960944,0.0818722613537746,0.34474558251417675,0.07091304216640122,0.17882607878298343,0.5105786298200763,0.7555676960982846,1.04724898920969,0.4948001783841015,0.25418245806623724,0.0,0.0,0.0,0.0,0.1903900397291788,0.0,2.6190338635077546,0.0,0.0,0.4140068119438344,0.0,0.0,0.0,1.4091771645673323,0.1462645979962676,0.0,0.0,0.0,0.0,0.068917757488052,0.0,0.0,0.25784962991818,0.0,0.22260549020480044,0.0,0.2197492696412488,0.0,0.0,0.0,0.0,0.0,0.0,0.0874742859744338,0.6191664987551578,0.0
s__GGB6612_SGB9346,0.0,5.5538117866751096,0.0,13.050037637467424,0.0,1.2343359024931577,35.71673221749748,0.0,0.25516086664458915,0.0,31.158002690090925,0.0,6.615522682445896,2.7125524069522875,0.0,0.0,10.864350385401462,0.0,0.0,0.0,0.0,0.0,0.0,0.0,0.0,0.0,0.0,0.0,0.4431204588674196,0.0,0.0,0.0,0.7250645620394458,0.3043209285645902,8.9020251256466,0.0,0.0,0.0,0.0,0.2026811034361234,1.2645506260533974,0.0,0.0,12.320566172900893,0.0,0.0,7.579747232642578,0.0,0.0,2.296081897472796,0.9382497040927349,23.837828492195506,0.34183557249543167,0.6519419853021359,0.31069216309529757,0.0,0.7159939785473578,0.0,0.0,10.242748807647558,0.0,0.0,0.0,0.0,0.0,5.791770180048603,2.4780545312662765,0.0,0.0,0.6865236290523442,0.0,0.0,0.0,0.0,0.0,0.0,0.0,0.0,0.561705191009047,0.0,0.0,0.0,0.0,0.0,19.911111561843967,0.0,0.0,0.0,0.0,0.0,0.0,0.0,0.0,0.5264127641528016,0.0,0.0
s__GGB77437_SGB9391,0.1462196133087981,0.10738449966809041,0.0,0.0,0.0,0.10957660803203621,0.0,0.0,0.0,0.0,0.1418373571723481,0.2289425400699931,0.5562130177514644,0.0,0.0,0.023344132900230602,0.0130408975680255,0.11272370559050121,0.0,0.0,0.03214353124930631,0.0,0.0,0.0,0.0,0.0,0.0329824996427361,0.0,0.0,0.0,0.0,0.0,0.03808368434523281,0.0405761238085986,0.05594370045921141,0.0,0.0,0.0102786563997617,0.0,0.0,0.06500654751964483,0.0,0.0,0.044963335695736406,0.0,0.21283444141995414,0.20446464552699284,0.0,0.0,0.1840510956922004,0.0,0.0,0.0,0.0,0.0,0.2871951884351001,0.18501689140723265,0.32432626821863175,0.0,0.12523951383354406,0.0898062449504285,0.0,0.0,0.0401023537136339,0.10429727336278989,0.15004253699007278,0.0,0.0,0.0,0.30742196077618844,0.0,0.0,0.0,0.12372819120045497,0.095928424719392,0.0,0.0,0.0,0.0,0.1292527107520251,0.0359740324286769,0.0,0.0409622126996188,0.1593710738254076,0.30234696751747986,0.0,0.0,0.0,0.0251341681423665,0.15146429258575783,0.0,0.0,0.0470495328054124,1.052792537814938,0.19259305427009707,0.2356142807228938
s__GGB79630_SGB13983,0.20522974675133276,0.9348671497005433,0.0,0.037612536359732204,0.1077984619902238,0.018780226067700904,0.014201652787529804,0.11450069518277725,0.0031331147672470005,0.3888649483800927,0.0320876250459604,0.0,0.0069428007889545005,0.006548497369216999,0.0818767279786941,0.0,0.6410654810342681,0.0377388065021521,0.0,0.0174028889527388,0.0,0.1974074704829633,3.7871192421978104,0.3187951397836303,0.2194694899545485,0.8866046602991072,0.0,0.0,0.0167186167349653,0.020821061426084597,0.0,0.0,0.037009622501840304,0.0,0.4028620766031605,0.11095410037612072,0.2162028714115511,0.0,0.0,0.0,0.33286410881338396,0.6271180316416844,0.0,0.051041530358216305,0.0,15.109467027703896,0.0,0.0,0.46047204397204444,0.1685833965868994,0.0745709221915507,0.7438843136368879,0.07423190392147812,0.017747601868836706,0.2276765722259113,0.0306445375857796,0.002495639845555501,0.0100179981470986,0.230834846049886,0.3347182504773721,0.0979916492551827,0.0,0.8961754175874047,0.3569945703667037,0.0393639054220784,1.1374715550381804,0.22372488537446233,0.1952150062351517,0.0,0.010351565388271802,0.0,0.48883187957995217,0.0,0.0,0.025731032029427003,0.0,0.34701288051763257,0.5565938695856605,0.04326106402482619,0.0,0.0552557796863266,0.22239265449615506,0.6196338137904138,0.0,0.074278163790129,0.0,0.0,0.0,0.0319858804222998,0.07116319158246871,1.2845357760938476,0.0,0.0,0.3249068472258039,0.05566692735634282,0.8890715035144939
s__GGB79734_SGB15291,0.1589187962016899,0.0246745960579561,0.06324417056997111,0.0,0.09615460444979329,0.11173592551030592,0.038469086480376107,0.20060989145798772,0.30686422278143494,0.0316362315315352,0.0,0.1023404811362987,0.05930966469427129,0.0,0.06209772520607781,0.0,0.05370589782990369,0.0642067821762356,0.006327667794748001,0.0,0.20469698388608323,0.2227018032681518,0.0296312122032774,0.10803087526198428,0.0560745543237834,0.08409486779688741,0.0,0.0,0.12195027908058112,0.025301542998769896,0.0,0.18107682432140493,0.19844657889454453,0.1495458760227827,0.0,0.036607654989716604,0.026526348411748595,0.0,0.0,0.0,0.07393554399170332,0.0,0.6461364280700631,0.06184235108941571,0.0879909028918743,0.0,0.10081186107720852,0.023812762524480904,0.059480685093741895,0.0,0.6048930980759933,0.1300996935365729,0.06991485609146071,0.19130893592527407,0.19594643747567983,0.20477661994474863,0.041695860276750915,0.2688077212222319,0.1253002963220724,0.015615210265024696,0.0,0.29239949542727084,0.0,0.0,0.12348179460207,0.07453717919024629,0.07548203000187262,0.093373793034119,0.10260667390071473,0.20591523602541054,0.0,0.022266926826332405,0.0370202219911481,0.10993007183862678,0.0422272295547004,0.0763802908541081,0.22598815337816114,0.11300491020336881,0.0,0.1035042980797883,0.0365309059957017,0.039885444710172906,0.0468056096610544,0.0,0.013347496510186001,0.0900108487262162,0.0158612746842786,0.0,0.007440925866661599,0.06946418329819332,0.0,0.5567752735146152,0.1293769607827847,0.12498447385032171,0.3327208832940929,0.0322012522483593
s__GGB79977_SGB1466,0.0,0.0,0.0,0.0,0.0,0.0,0.0,0.0,0.0,0.0,0.0,0.0,0.0,0.0,0.0,0.0,0.0,0.0,0.0,0.0,0.0,0.0,0.0,0.0,0.0,0.0,0.0,0.0,0.0,0.0,0.0,0.0,0.0,0.0,0.0,0.0,0.0,0.0,0.0,0.0,0.0,0.0,0.0,0.0,0.0,0.0,0.0,0.0,0.0,0.0,0.0,0.0,0.0,0.0,0.0,0.0,0.0,0.0,0.0,0.0,0.0,0.0,0.0,0.0,0.0,0.0,0.0,0.0,0.0,0.0,0.0,0.0,0.0,0.0,0.0,0.0,0.0,0.0,0.0,0.0,0.0,0.0,0.0,0.0,0.0,0.0,0.0,0.0,0.0,0.0,0.0,0.0,0.0,0.0,0.0,0.0
s__GGB80011_SGB15265,0.6101715189970756,0.9950671358630394,0.10029164194715183,0.0,0.0,1.0285237668488165,0.04717906832501191,0.039561158560096024,0.0,0.3543117012908331,0.0,0.0,0.0,0.6187462663265009,0.0,0.0,0.0,0.152371778517072,0.0706813955796029,0.0,0.0,0.0,0.0,0.0,0.4163742603999302,0.06865655624612471,0.0,0.0,0.0,0.8979771584091005,0.0,0.11742712103666121,1.0608454213835943,0.4507235837289781,0.0,0.0708090764772793,0.1559801814034478,0.0,0.0,0.0,0.09005460254001653,0.7009610320500845,0.0,0.0,0.0,0.0,1.532426802089485,0.0091377098841677,0.4740972953134285,1.1680836010982305,0.2112241857592716,0.0,0.21402963797235403,0.14419346278610662,0.0,0.378705534098729,0.0,0.24616875788809311,0.2313037842846308,0.015711941656046998,1.8343817530314468,0.0,0.0,0.0,2.8624582677268537,0.0,0.011303465391301002,0.2169434989537881,0.21202430805175293,0.9842078638972885,0.0,0.0,0.0,0.014025560889761599,0.156410265492624,0.0,0.8484509991770115,0.0,0.0,0.0,0.7333189567140715,0.4385073757666582,0.684203350214258,1.1347826542660553,0.0,0.0,0.0,0.0,0.0,0.0,0.0,0.0,0.0,0.0,9.035865040145291,0.0660506000842735
s__GGB80011_SGB15267,0.0,0.1628441136839858,0.0,0.0,0.0,0.0,0.04202977088227142,0.0,0.0,0.0063836137567017,0.0,0.4738484170027647,0.271992110453641,0.0,0.0,0.0,0.0,0.1420401835913546,0.0,0.0,1.2684859047085648,1.0629873556254867,1.1753083516212113,0.2203943372901449,0.0,0.0,0.0,0.0,0.0,0.0,0.0,0.0,0.0,0.0,0.0,0.0,0.0,0.0,0.0,0.0,0.0,0.0,0.0,0.0,0.0,1.676801075523784,0.0,0.0,0.0,0.0,0.0,0.466281114080364,0.0,0.0,0.04290676467413881,0.0,0.680341980753701,0.0,0.0,0.330655532054434,0.0046174075565273,0.0,0.22634527406070454,0.4909538833839482,0.0,0.0,0.9539078173092201,0.0789108931038508,0.0,0.0,0.0,0.0,0.0,0.0,0.0,0.0,0.0,0.0,0.0,0.0,0.1501888010219522,0.0,0.0,0.0,0.0,0.0,0.0,0.0,0.2828730256504879,3.1451972479739574,0.0,3.287657566414641,0.0,0.3239336277514512,0.0,0.0
s__GGB80140_SGB15224,0.4852856905480611,0.6896967463373354,0.0,0.0,2.54483233077092,0.30617954643126927,0.09760383743173252,1.0326326981270795,0.5623871382436025,0.0,0.0,0.6135713958557389,0.085542406311614,2.6256872398625966,0.0,0.0,0.3727039659751612,0.1666758793903829,0.1447670379667527,0.0,0.43773758544353103,0.11780570267152411,0.2976510569654009,0.11508788340079612,0.7047795816267903,0.6407840654032172,0.0,0.2270825283725158,0.11426958615253752,0.0,0.0,0.0,0.417573399383893,0.0712082398105928,0.13074278813858084,0.4957869319309539,0.11960494125462769,0.0213672185181609,0.0,0.051024113575759596,0.20166705844075916,0.30992380287071203,0.3772447595671089,0.3842271723068735,0.1257529800956225,0.0,0.0,0.0,0.0,0.6635679225336824,0.224401113548705,0.1158983350479763,0.2228769211795354,0.8237703364385087,1.2249828380503236,1.2420857518815078,0.023496364260196707,0.5621552567090644,3.846207954411755,0.06327614849871149,3.018968333562483,0.060362207468587004,0.0,0.0445925084585488,0.5391266231857148,0.4043214463632825,1.1487251365626001,0.0,0.12171274421327041,1.4210104411301754,0.0,0.11562473937207632,0.3976215931225275,0.7601095863824138,0.2722758123744677,1.324128042429665,0.0,0.0,0.0,0.4667120750038608,0.0304609841153122,0.8657645521061219,0.357012076353705,0.0,0.050969116575653506,0.3598683384452267,1.171018354944085,0.0,1.2722636458078962,0.0,0.0,2.0945253614264914,0.0,0.9243110719550603,0.5578645756848012,0.19739114075089603
s__GGB9062_SGB13981,0.0187434042697478,0.0735990727503263,0.0,0.0,0.2768199558089943,0.013516160215287603,0.0,0.0,0.005361107490622801,0.0,0.0,0.0679351120666558,0.240650887573965,0.008651822683170898,0.0,0.0,0.1484585552181871,0.006081937400389,0.3147101158828637,0.0,0.010174631984599503,0.0755479740802878,0.4818855929582482,0.0,0.1808703298158651,0.047068023020634904,0.0,0.03749746138251501,0.1416763960584757,0.9621414880973101,0.0,0.04962681168380011,0.0,0.1158276886325207,0.0,0.5023475172914549,0.3954658328813818,0.0266673368239339,0.0,0.0,0.025640032687027206,0.15146355644269338,0.0,0.018037807901281403,0.0,0.0,0.0,0.0,0.0971461349527092,0.1414423048468973,0.0180609134626577,0.0637440842763758,0.010360914792028702,0.8579039107389939,0.06902589847475381,0.011631379735597,0.07546339532986843,0.0,0.0,0.13856080825433054,0.0351785823182811,0.41944105137758914,0.0949693176550585,0.0,0.0,0.24242186484275358,0.0824315679832277,0.010775475018857,0.0,0.12073106047182482,0.0,0.20696556214064624,0.0,0.0,0.058938484869797296,0.2643072478990029,0.0,0.020675577667054704,0.0,1.0510105319060383,0.0768485522470615,0.0,0.030035060381769303,0.1068853681199421,0.06078345224490631,0.0,0.0,0.0,0.3203975137880078,0.0,0.0,0.0,0.3439070361447086,0.014301377699385198,0.006467438262645302,0.170983578375562
s__GGB9063_SGB13982,0.0184696242073806,0.46466607434849383,0.015588596034880602,0.0,0.08603001517411668,0.18372873743422313,0.18722352483926047,0.14268188669103946,0.37668394475021794,0.0,0.1326323172482953,0.0060620266567519,1.4302564102564184,0.029858545951695493,1.2264454101364075,0.0,0.0,0.0,0.0,0.0,0.0,0.0099055510730548,0.0,0.139059007561396,0.8548686908078446,0.09590894157506212,0.22455942126897133,0.059065057177714514,0.0979365463717773,0.3926171726795458,0.0,0.12639710090250633,0.0,0.0,0.05080839554917471,0.418890290354231,0.0399733685967294,0.007146226929150701,0.0,0.0,0.014256795471962803,0.27858651533084866,0.32325977366242903,0.4641619913215046,0.0,0.0,0.39532091736805935,0.0,0.0,0.055934249933667496,0.0,0.0,0.38957892368215746,0.02734090017631581,0.24092518902340973,0.0,1.493886616121214,0.0,0.172475482736731,0.3197248848689176,0.0369742408124952,0.3974094873475966,0.0751407019069921,0.44903365325533057,0.0,0.26432533416620974,0.013375767379706204,0.2362000512688656,0.0,0.0,0.0,0.0,0.027152037228035695,0.0,1.4641134331167724,0.1541485417496717,0.0,0.0,0.0,0.0929378251449003,0.0016149333443221,0.0,0.1462212699649304,0.395038386224602,0.011286486019642501,0.3097385340803729,0.11216963090079439,0.0,0.0,0.0,0.38107219781299645,0.0,0.0641887410579051,0.263660001322912,0.02744925942495771,0.2441083118277929
s__GGB9092_SGB14022,0.0,0.0,0.0,0.4001422063018334,0.0,0.0,0.0,0.2784937316711006,0.41416992232103256,0.0,0.0,0.0,0.0,0.0,0.0483064106177291,0.0,0.0,0.0,0.0,0.0,0.0,0.0918524888115832,0.4414264721698657,0.0,0.0491150552360213,0.19230425272137322,0.0,0.31156981548758045,0.1807893222945039,0.4236451065653645,0.0,0.013258585624190201,0.0,0.2514719560406231,0.0008040123849028002,0.07041832060942162,0.0,0.0,0.0,0.0,0.017759329999676905,1.6671831150928196,0.07722755402966412,0.0,0.0,0.0,0.0,0.0,0.1599112896543972,0.5244130943149986,0.0,0.0198247152055759,0.008698051924172102,0.0,0.13411955908723752,0.0222469184462512,1.4191362607471711,0.07173571664646192,0.0,0.0,0.013793922069121,0.0,0.0,0.0026722783299677,0.0,0.0413927789970083,0.0,0.10880634914478401,0.0,0.0,0.0,0.0,0.0,0.0,0.0222268551011456,0.0,0.0,0.020211116085698103,0.0,0.0,0.0084923218968673,0.0,0.0,0.0,0.15369249658050202,0.0,0.0,0.0,0.0,0.05522924902454682,0.0,0.0,0.0,1.6415243388169791,0.0,0.0
s__GGB9101_SGB14033,0.0,0.0494587960961693,0.0,0.45537263419556334,0.0,0.0,0.0,0.0,0.0,0.0,0.1051558798102489,0.0,0.0,0.03434708553920529,0.1028827160349802,0.0,0.0,0.06098874441249189,0.0,0.0,0.004505908450322601,0.1928064704354991,0.0,0.0,0.025477285206711196,0.0342341420770151,0.0,0.009767695360135002,0.0648848898560641,0.0,0.0,0.0,0.0,0.0,0.008195739149334101,0.027764232716919905,0.0,0.0,0.0,0.0,0.0,0.0,0.0,0.0,0.0,0.0,0.0,0.0,0.0,0.0045386441036749,0.0,0.02140687997679,0.049395554677211406,0.07006202376815111,0.057123316945458504,0.0090748464894903,0.48826259835493746,0.0,0.0,0.003965987031913298,0.0742516447473711,0.0,0.0,0.061226077655284906,0.0,0.08260952551954148,0.0,0.0,0.0,0.0,0.0,0.0,0.0,0.03575886244867169,0.0,0.0,0.0,0.0,0.0,0.0,0.0092580230515028,0.0,0.0,0.0,0.0,0.0,0.1717716296930125,0.0,0.2638161747883589,0.0,0.033127760479868706,0.0,0.0,0.0,0.0,0.0
s__GGB9109_SGB14042,1.880131928294069,0.0,0.0,0.0,0.0,0.34226932828417445,0.3042878720213331,0.9340218953370185,1.3883597406170765,0.0,0.0,0.0,2.3050493096647107,0.11386145591309137,0.7965956557113664,0.0,0.4414206393429797,0.39729678668919516,0.0,0.0,0.0,0.2184804973993617,0.0,0.0,0.0,0.0,0.0,0.017463852643892403,0.0,0.0,0.0,0.25573465674328616,0.0,2.770349140400563,0.368678582303113,7.83681459107105,0.0,0.0,0.0,0.15081349792956797,0.4277408627630332,0.8789003261837212,0.0,0.0,0.0,0.0,0.0,0.0,0.0,0.4591110829513355,0.0,3.580286379448526,0.31729768581719114,0.0,0.45008999531306654,3.148751632964496,1.578042308056043,0.0,0.3800040985201787,0.0,0.8731097925069939,0.0,3.1187877109391153,0.0,0.0191845212392846,0.7859598510161633,2.9551654324957655,0.0,0.0,0.0,0.0,0.40067662003096977,0.0,0.9803487992730163,0.7070594111059835,2.8034951666416146,0.0,0.09467978962986472,0.0,0.0,4.465624821191422,0.0,0.0,0.0,0.21320008518842282,0.0,0.0,0.0,0.0,0.0,0.0,0.0,0.2557554855646219,0.0,0.0,0.0
s__GGB9110_SGB14043,0.0,0.1489929106775346,0.0,0.0026925456872647006,0.0,0.018780226067700904,0.0,0.0,0.0037458127661754003,0.0,1.0670565489351702,0.0049708618585365,0.0389546351084634,0.0,0.0,0.0,0.0,0.0,0.0,0.0,0.0,0.0,0.45219616619266345,0.0,0.0,0.0,0.0,0.19274481810649882,0.0574201200223922,0.0,0.0,0.0,0.0,0.1350727727065554,0.0012967941691983003,0.9126823107492167,0.2785923176017963,0.0,0.0,0.0,0.0033422072429946004,0.0,0.0,0.5862178247868426,0.0003618317502097,0.0,0.0,0.0,0.0,0.1407161217903381,0.1500268619211964,0.029470201642134895,0.0,0.0,0.043269740476832706,0.0670624383299835,2.0695475404960173,0.36938157270584115,0.0,0.019567378526792092,0.0,0.0,0.0,0.0,0.0044991562968291,0.03667762343081199,0.0,0.0,0.0,0.0,0.0,0.0,0.3424922641102861,1.4442537024322206,0.0,0.0,0.0,0.0,0.0,0.6870367838955886,0.0,0.0,0.0,0.6571934923649034,0.0,0.0,0.0051875059327006,0.0,0.0,0.3444509700648431,0.0,0.0,0.0,0.0,0.0,0.0073150088768964
s__GGB9117_SGB14050,0.0,0.0,0.0,0.0053019881125769015,0.11400310719353308,0.0,0.08214225016354502,0.0,0.0,0.0,0.0,0.1397364500232948,0.0507297830374698,0.0,0.0887846551257198,0.0,0.0728702145135949,0.0,0.0,0.0,0.0,0.0066893180301689,0.0,0.0,0.0,0.0,0.0,0.11570457926601192,0.0070637698013043,0.0,0.0,0.0,0.0,0.0,2.6574424832882544,0.031095940642950202,0.0466837468335629,0.0,0.0,0.0,1.6798722906847265,0.0,0.0,0.0,0.0,0.0,0.0,0.0,0.0,0.0,0.0,0.1568439968379525,0.028460537545989505,0.0,0.020281272974288903,0.05246818893829051,0.2894093363754012,0.028170268293978104,0.2106705019561712,0.8452527135227925,0.7832685671962767,0.0,0.6359979742305901,0.0,0.0,0.28761191578908213,0.25644213797929355,0.0,0.0,0.0,0.0,0.040964101904067705,2.2493765841109914,0.014910055720647498,0.0,0.0,0.0,0.0,0.0,0.0,1.4895950262280613,0.0,0.0,0.0,0.08909781065069701,0.0,0.0,0.0,0.0189221734708773,0.0,0.0,0.0,0.0,0.0,0.0,0.0
s__GGB9176_SGB14114,1.7926276083605939,0.0,0.0,0.012831143645484103,4.140759856803779,0.0,9.652043072777614,0.0,0.0,0.0,1.8670975989060792,1.2884366167964063,0.4238461538461618,0.0,0.0,0.0,0.0,0.0,0.0,0.0,0.0,0.0,0.0159798973473516,0.0,0.0,0.22980177772783114,0.0,8.19600106618665,0.0,0.0,0.0,0.0,0.027561519167635308,0.6077989024444234,4.497359986430415,0.0,4.870040590565868,0.0,0.0,0.0,6.543153815283807,0.0,0.0,0.0,0.0,0.0,0.0,0.0,0.0,1.193554471808042,0.0,0.285285276698675,0.0,0.0,0.07980930461244572,3.1285194658843865,0.0,1.0841357721307907,1.5990793804575738,0.13791132605747283,3.5196772105634815,0.0,6.571970398802285,0.1913860289652885,0.0,1.4212987726261457,0.38879734477410255,0.0,0.0,0.0,0.0,0.0,0.0,1.7890297875114967,0.0,0.0,0.0,0.0,0.0,0.0,0.0,0.0,1.3622126996494233,0.0,0.6596705720089202,0.0,0.4051414973722166,0.0,0.22642636404205252,0.0,0.0,0.0,0.0,0.1606966799854498,0.0,0.0426096097664568
s__GGB9261_SGB14209,0.0,8.797925196653626,0.0,0.0003822750049820001,0.0,0.0,2.9014921595784053,2.2373202163829893,2.3222228906200417,0.0,0.1311934880323168,0.0,8.035345167653011,0.0,0.0,0.0,0.43314409779512825,2.4718687299267614,0.0,0.0,2.0396191863658477,0.0,0.0,0.0,0.0,0.0,0.0,1.118224120228929,0.0,0.0,0.0,0.0,0.9390213221300933,4.247977265940836,0.3132535995115363,0.0,2.245324074499665,0.0,0.0,0.0,1.781692449349552,0.0,1.7249305915616822,0.0,1.1413160215480531,0.0,0.0,0.0,0.0,2.5135737229208837,2.1019822098363745,3.071877745556302,0.003517594528157701,0.8753729974956989,0.0,2.4622293376242896,18.592703597949072,1.098571964332516,0.0,8.336739660174446,2.0909277153009183,0.0,0.0,3.4728529243450983,1.2063678355761875,5.599354111703737,0.0,0.0,0.0,0.7246095771790172,0.0,0.0,0.0,1.4544632999087086,1.1627415668250378,0.0,0.0,0.0,0.0,5.970371452768333,1.6962925724621336,0.0,2.469964939618266,0.0,1.2158326171594505,0.0,2.0847934510317976,0.0,5.049610942268757,0.0,0.0,0.0,0.0,0.0,3.3869099049564944,0.0
s__GGB9293_SGB14250,0.1421129123732943,0.0914097195439467,0.0,0.0,0.0,0.009325917108820901,0.0012736294206751003,0.0,0.0029799402675150005,0.0019024014506726,0.0,0.0793721356924049,0.0,0.60710208391832,0.0,0.0,0.024875435759149203,0.0132724811117351,0.0,0.0,0.0,0.0630627360874002,0.0,0.0,0.0,0.07874480251354621,0.0,0.0,0.0,0.0,0.0,0.0,0.08252071756066931,0.3884020865271494,0.013486659359664003,0.0035579350074275,0.0,0.0,0.0,0.2555065726606819,0.0,0.0,0.0,0.0,0.0412488195239156,0.0,0.0,0.0,0.0,0.0905731817329297,0.2605884973287312,0.0032596406732242995,0.0,0.017329829200607508,0.0,0.0377046327091283,0.0,0.051716845135446304,0.0151935988055207,0.08527563057120888,0.1251247487098217,0.0,0.0,0.0931661662658679,0.0119680527235784,0.0,0.20934436551552135,0.0,0.0,0.8937502493723024,0.0,0.0,0.0,0.03270103746189499,0.0,0.0,0.0,0.0,0.0,0.2904208834357002,0.0,0.0,0.0,0.0,0.0,0.0,0.0,0.0,0.0164474764066254,0.0,0.0,0.0,0.0,0.1188812330789474,0.014493038218931805,0.0
s__GGB9296_SGB14253,0.0,0.3423069308761871,0.0,0.0,0.07904833963692968,0.0085672379948368,0.06563984745479363,0.011707111895220204,0.0,0.0120344506583296,0.0,0.0,0.4325049309664514,0.3003635283390515,0.0,0.0,0.05734024633245811,0.0375694360935232,0.0,0.0,0.07583215511784251,0.157338567156999,0.0,0.0,0.1966901603413399,0.11200620544815523,0.0,0.0,0.0,0.0,0.0,0.0,0.016183745402924405,0.0728369997099549,0.08551060751690723,0.13135566989847952,0.0,0.0,0.0,0.05973066587825509,0.008164358652629202,0.0,0.009891442578666504,0.005400410365595601,0.0033551671383085,0.0,0.0,0.0,0.0,0.030499688376696303,0.5688368280053707,0.0805379055226157,0.0254865712630899,0.030590243151421507,0.035647248620726206,0.10266766625422699,0.28474062237862807,0.39714084620404094,0.0,0.29820905975153483,0.0021454620969722,0.06712140575352352,0.0294503702750027,0.0,0.0,0.0028793883324165995,0.17455481092232134,0.0,0.0,0.7782926278718237,0.0,0.0,0.0,0.28900236817169506,0.039406177370539,0.0,0.0,0.0,0.0,0.1814762266142874,0.0,0.0,0.053934553954011796,0.0,0.06580512066234151,0.0,0.0016839024493582,0.0,0.0824730674678094,0.0,0.0,0.0,0.0,0.2199805916943512,0.5644173926703888,0.0514205823304771
s__GGB9302_SGB14263,0.0155844035501273,0.10412378125511029,0.0,0.0,0.0,0.00015173582279670003,0.024746756593120804,0.013366203600930106,0.0,0.0,0.0,0.1811064141630406,0.0,0.0361251543613106,0.0,0.0,0.0,0.0940775633325937,0.0,0.0,0.0,0.0023898398304776,0.187989375260221,0.0,0.0,0.0012394579395439002,0.0,0.0,0.0,0.0,0.0,0.0,0.0014927639179298001,0.0,0.03885195330918611,0.47592008096459215,0.0263425024326549,0.0,0.0,0.15038460372747828,0.010273279090090903,0.0,0.0,0.0,0.0,0.0,0.0,0.0,0.0,0.0,0.0463486962544436,0.0,0.08836623829825171,0.0,0.004748933418289801,0.1067818224052303,0.06166097904118502,0.022536214635182402,0.007549905579286301,0.05405902881130488,0.41220856550089163,0.046430273450919206,0.0,0.2338698007825441,0.3454847180142452,0.0,0.17805051225627241,0.0187239242723106,0.0,0.23041301071791234,0.0,0.0,0.0,0.37674425539560835,0.0,0.0934040456485885,0.0,0.0,0.0,0.0,0.0010441379381393,0.0,0.0,0.0,0.0,0.0,0.0,0.0,0.0,0.0,0.0,0.0,0.0,0.0,0.052742706095692905,0.0360932933665854
s__GGB9342_SGB14306,0.0885783801781383,0.3491434791454355,0.0,0.0,1.1770037988665094,0.16294092971105323,0.054492166288891516,0.0,0.0,0.0,0.5586991181016848,0.22102149190516,1.6107692307692485,0.8224001977559564,0.0,0.0,0.0264024729451007,0.1407160149421568,0.0,0.0,0.0,0.1336523508932582,0.3722093576124847,0.0,0.0,0.1303784237672106,0.0,0.3304234341827031,0.0,2.7902019295541396,0.0,0.0,0.12136898830288731,0.2340556550115083,0.544990717547305,0.21524478490020102,0.8011088538910397,0.0,0.0,0.0,0.3889169941248698,0.0,0.15447832740813464,0.0,0.0,0.0,0.0,0.0,0.0,0.0562973414619819,0.028976129765861496,0.066813102687986,0.09183053593961982,0.07999572943494042,0.05706282097835741,0.1084071680451441,1.4413253850882903,0.3253537552080625,0.189075896246474,0.03081585742564879,0.8703580041652168,0.0,0.4615191580184621,2.696019795947035,0.3491968931766684,1.5665758590573409,0.18338825980217502,0.0,0.0,1.7411556197421236,0.0,0.15617263703643203,0.0,0.7406507001029073,0.0,0.0,0.0,0.0,0.0,0.2711144840025721,0.0200056828947514,0.0,0.0111998441760811,0.0,0.40821093493649413,0.0,0.0,0.0,0.0,0.0,0.0,0.0,0.0,0.587412181375784,1.9335292490429496,0.8031043021380071
s__GGB9345_SGB14311,0.5004699540070353,0.2354704511094298,0.0,0.0,1.0156366337097549,0.0032681561833164006,0.2807462701488292,0.0,0.0,0.0,0.2729441687458922,0.1399519887488784,1.1404142011834235,2.952526646638138,0.0,0.0,0.0101089861709986,0.4923443805438856,0.0,0.0,0.0,0.0513368864518811,0.1999524678098909,0.0,0.0,0.11533234574158853,0.0,0.0,0.0,0.9204634255533927,0.0,0.0,0.011232138260522401,0.0684507778757125,0.4800213296704944,0.09049083255882241,0.3539954327405889,0.0,0.0,0.059258882255959086,0.49701458262984216,0.0,0.025518064305039407,0.06661963718204832,0.1806198309456175,0.0,0.0,0.0,0.0,0.3269639212287429,1.435006770384211,0.0927758547168482,0.26446981163067834,0.11337112370788444,0.0,0.5083776409326909,0.3215470658151171,0.22620126072653404,0.0731543646191638,0.21273996639828005,1.0207735533551288,0.0,0.4831160962201404,1.1062505135500964,0.3588930947008406,0.8535940424575329,1.6568159059016219,0.0,0.023307636700720804,0.47508383791398334,0.0,0.0,0.0,1.0171690555187587,0.0926013542062451,0.0,0.0,0.0,0.0,0.080878690605808,0.10591735244486192,0.0,0.2375340864822482,0.0,0.012758636370030602,0.0,0.015494618505789202,0.0,0.3763223005053118,0.0,0.0,0.0,0.0238517563369724,0.0657665431227506,1.2037332700392702,0.10036902127969381
s__GGB9453_SGB14844,0.006128461396063599,0.0,0.0,0.24337621295440867,0.0,0.0041785711200974,0.012626734686694703,0.0,0.03485416116630641,0.0,0.0408939532595279,0.0158016828186001,0.0,0.0132054135690505,0.0134600285617634,0.03489651253431741,0.040787163236755,0.0,0.027830198477205505,0.0230249855239987,0.0,0.0125634103237731,0.0,0.026317153675906896,0.0012416727447312,0.014528329772376102,0.0,0.04198142354783291,0.0,0.0,0.0,0.0,0.0,0.0,0.013149492875672405,0.0,0.001956646491759,0.0,0.0,0.0,0.07055633814454661,0.020803929533787197,0.0,0.0,0.0,0.014611806102222197,0.0224701840415631,0.0,0.0078615369325894,0.12475824912179892,0.0,0.015440403188958,0.0,0.0015473061786255005,0.0,0.0,0.0,0.0,0.0851122896050002,0.0023215533845344994,0.0092581353532392,0.0,0.0599799373415668,0.0,0.0,0.012322273212962398,0.0,0.0,0.0,0.0,0.0739207447026894,0.08874755019781791,0.3574747024608535,0.0,0.0,0.0,0.07862504502946607,0.03365235275826681,0.0,0.0,0.0059307034886319,0.0,0.04877288663809,0.0267726087275382,0.07756596623931261,0.0,0.0,0.0,0.03356833976951,0.017070441342657408,0.06781124451820492,0.0,0.0,0.003365030046914,0.0,0.0
s__GGB9522_SGB14921,0.0165110437612161,0.05263731152396021,0.0,0.0,0.0043374529084824,0.0011788706232676001,0.026732522894173806,0.011309864585402306,0.0,0.0,0.0,0.0774727006732905,0.0148323471400395,0.024307501824147197,0.0,0.0,0.022050416965139,0.006158923949761,0.0,0.0,0.005128845102441001,0.0232953546092227,0.0,0.0,0.0099793698372857,0.030327496166309906,0.0,0.0,0.0,0.0167958159490049,0.0,0.0,0.0,0.0,0.0011411788688944005,0.0,0.0141298766787437,0.0006550708018387,0.0,0.030337116561409697,0.08732903869977902,0.0062521282967384,0.0,0.0,0.0,0.0248963836224474,0.0043373768363266,0.0,0.0,0.0,0.0513310172096596,0.0192909728731181,0.007749367339305201,0.004131307496930501,0.004204469714282,0.0047067300822356,0.010831416472547303,0.034609186761170904,0.11843035118313931,0.016789805727438198,0.166879638760133,0.0,0.0036926733589869006,0.030976614110648,0.0102456034482247,0.0,0.08839728582860261,0.0,0.0,0.09734935751933821,0.0,0.0,0.0,0.019281987313311898,0.0069071501907942,0.0777682508955636,0.0,0.0,0.0,0.0022389924062803,0.0,0.0,0.0814959096221088,0.1701712581120911,0.021656967376821403,0.0,0.0,0.0,0.0357905167251556,0.0,0.0,0.0,0.0,0.0106229379912388,0.0,0.0706906230460486
s__GGB9524_SGB14924,0.0,0.0,0.0,0.0,0.1495377481336054,0.0,0.039660546261023416,0.0,0.0,0.0,0.0,0.202363920972712,0.0316568047337283,0.0,0.027766676969230804,0.0,0.184725688384532,0.0,0.0,0.0,0.0,0.0199339443803867,0.0,0.0,0.0,0.0190939280053798,0.0,0.010842797399773901,0.0,0.0685849117746396,0.0,0.0,0.0,0.1980229140800581,0.03475408373451901,0.0,0.0,0.0011553066868792,0.0,0.0721971906857892,0.21591152104467914,0.14187184998394287,0.11454104751303955,0.027865680206279303,0.0,0.013129878505647601,0.0,0.0,0.0008476050601173,0.0,0.076832633677751,0.0731226995466963,0.0,0.00020114980322120008,0.027828144871507504,0.0321005763881801,0.13561340875030856,0.028255892209765304,0.011840690427142,0.0,0.0571345884519676,0.0,0.0097647806077438,0.0774415352766066,0.0,0.07667471638024488,0.0,0.0,0.0,0.0,0.1271337411694773,0.057003972989600804,0.0799799521259213,0.0,0.0,0.0,0.0,0.0,0.0,0.0,0.012654951810249799,0.0,0.0,0.0,0.00017992948726960003,0.0,0.0041146971141578,0.0,0.0,0.0,0.0,0.0,0.0012215850374341,0.2643363063813417,0.0,0.0043484368193682
s__GGB9559_SGB14969,0.1056369840640806,0.0,0.0,0.0,0.0,0.0031981242651025004,0.007628081584044303,0.14130320485106335,0.0,0.0,0.0,0.0,0.0033925049309663,0.00045535908858759994,0.0,0.0,0.0,0.0019862529737978,0.0,0.0,0.048734410750723406,0.1803547348701638,0.0,0.0,0.0,0.0,0.0,0.045888501691904005,0.0,0.0,0.0,0.0,0.0,0.1527605337188804,0.0,0.0,0.0362176578810147,0.0040376182149701,0.0,0.0037170830848128997,0.0,0.0006131684494173,0.010181684438369304,0.0,0.0,0.0195021671709173,0.0,0.0,0.0,0.02846637581825,0.0736203477987541,0.0,0.0,0.0,0.003206286256934401,0.0,0.03320728937351151,0.032982332361204,0.0,0.03353815514442959,0.008232044785122,0.019165321719300504,0.0,0.0242141138470558,0.0258961339329044,0.0,0.010089389478902002,0.0,0.0,0.008454243430313502,0.0,0.0,0.1038425944329272,0.0,0.0026565962272284,0.013171457536495602,0.0,0.0,0.0,0.0111556814628713,0.0583046624656982,0.0,0.0053174912349046,0.1805499162188198,0.004972596739088801,0.0110444711838765,0.0,0.0,0.0,0.0,0.0,0.0,0.0015670838359003,0.0,0.02759867219010141,0.0
s__GGB9602_SGB15028,0.0,0.1380873146408291,0.0,0.0,0.0,0.056959293480637614,0.0,0.006753204266903304,0.19677353233763292,0.0,0.0,0.0,1.4978895463510904,1.3507685268808294,0.0,0.0,0.0,0.1385603915597458,0.0,0.0,0.03905812808782,0.0,0.0,0.0,0.0,0.863180474175804,0.0,0.38025834702010664,0.0,0.0,0.0,0.0,0.03644528492311651,0.0,0.0,0.09768896696693942,0.1822438927022127,0.0,0.0,0.0,0.0,0.0,0.0,0.0,0.3008466534016545,0.0,0.0,0.0,0.0,0.0,0.4095336711477906,0.0,0.0,0.07376008553506293,5.371073944069415,0.0427330457825731,0.039505808983714814,0.5947950934071351,0.0,0.0061631714851335985,0.0,0.12467441055938422,0.0,0.0,0.0,0.0,0.0,0.0,0.0,0.013169646531709602,0.0,0.0,0.0,0.0392462992104505,0.0070716061477179,0.6001652522220827,0.0,0.17449680865630862,0.0,0.0790128636005718,0.0,0.0,0.0746201791975024,0.0,0.025926203392947107,0.0,0.0144353895457089,0.0,0.1279098523413803,0.0,0.0,0.0,0.0,0.09814670970164871,0.08608309740343213,0.0155808421312057
s__GGB9602_SGB15031,0.1886765829805239,0.3698997329088015,0.0,0.0,0.0,0.49223100915293283,1.385243181734459,0.012478239026043106,0.043585107651031504,0.0,0.0,0.3606905860767257,0.0,0.31484828410936827,0.6892957926551977,0.0,0.8039087265441388,1.043799033695619,0.0021733327076186,0.0,0.18127456576643633,0.23690683254090633,0.0,0.0,0.9996078766813508,9.264744136658077,0.0,0.0,0.0,0.19941736967698784,0.0,0.013789353663589202,0.27324861473327633,0.11019846582245592,0.20447850459917324,0.37831337839089213,0.0964009523221602,0.0,0.0,0.16187896834359808,2.400346109609118,0.0,0.9413472284108227,0.0,0.2734132279766894,0.0,0.0,0.0,0.0,0.0014160569603465,4.438952965251432,0.3433297553534787,0.5930770968247777,0.8961378464128533,0.0,0.3871708759732367,0.7698454723575661,1.1482852098385279,0.9705614644378314,0.7996784095811527,2.0491728252506065,0.36606620078581475,0.2768204782141978,0.7183338653651676,1.4396409227814144,1.099285081826181,5.001113600664602,0.0,0.0,1.0828965075046018,0.0,0.05814053072123541,0.0,1.9152851068002397,0.6583298460236896,0.0,0.0,0.0,0.0,0.1049773193997177,0.305500838860417,0.0,1.48048305414883,0.0,1.4001458410280698,0.0255741573378815,0.1915439036145061,0.0,0.9526236923456588,0.0,0.0,0.0,0.0,0.3271172100997672,0.29613610051463,0.0193587843241263
s__GGB9608_SGB15041,0.11917856714886128,0.0,0.0,0.0,0.0,0.19994112650074752,0.029183917155473207,0.016333874680157706,0.0,0.0,0.0943386577526034,0.030485258498276397,0.1214990138066848,0.15564607323255186,0.0,0.0,0.0,0.160686325849262,0.0,0.0,0.08000583068702881,0.0731469667739601,0.1130817872394312,0.0,0.0,0.03384190855184391,0.0,0.0,0.0,0.025744799197150597,0.0,0.008969979865845102,0.016984740675960102,0.0466768297474315,0.0,0.0165145769419899,0.0,0.0,0.0,0.11458623432605468,0.0,0.0,0.0,0.0,0.0342424410880352,0.0,0.0,0.0,0.0,0.0,0.0,0.0,0.0,0.031100854190348706,0.0,0.0703300602935455,0.28002097695641026,0.0,0.0,0.026905145474338994,0.0,0.0,0.0819669466727077,0.0183969093192346,0.0814154256617545,0.21995257685137157,0.008582260760061702,0.0,0.0,0.13719311863642383,0.0,0.0,0.0,0.04392148617370429,0.0231250376351134,0.0,0.0,0.0,0.0,0.0122751776660114,0.0,0.0,0.1396961433579811,0.0267498235286212,0.0018156520988120003,0.0,0.0066541306466579,0.0,0.0850824419233106,0.0,0.0,0.015442200075597502,0.0,0.0265903354687533,0.06638195708522823,0.0
s__GGB9614_SGB15049,0.48937133147879286,0.0322646716915487,0.5659850594458097,0.0,0.06893534782892029,0.2906908205196178,0.21169638263222368,0.6081388963535082,0.8506476217848682,0.6720972947287704,0.0325903485069723,0.10927813386571002,0.1367258382642966,0.1350681791816174,0.3862426974437098,0.4304770508335858,0.4550418110416673,0.1442419989033836,0.3711783002153263,0.42914524131598164,0.784298009572027,0.0787865420748508,0.2923098708757254,0.573301503010284,0.5929677174283995,0.0519003400507624,0.6223126610083026,0.0,0.0,0.0,1.4975920322730345,0.8322761318601897,0.7770382325966599,0.1640332667065607,0.11040905556553814,0.776329078961667,0.1291255366004441,0.0388397433599253,0.0,0.0185139330570495,0.06969303738066392,0.28164140814133576,0.25537800751516837,0.013774326033705701,0.3491347451569542,0.0,0.6889297633721214,0.4720201681841985,1.1084131371155783,0.189134377088323,0.1268525137939756,0.2728376430167075,0.0034749570187256,0.8855387990892604,0.39056196367487356,0.0460345291136353,0.11417127864869253,0.08773026411551581,0.21360136592329268,0.21959407639069475,0.0,0.5683002726780353,0.0127683283046664,0.0,0.0631663725633784,0.028693293338743292,0.1570344395658146,0.7330191009975949,0.6432487572761684,0.24927462312348422,0.0,0.6396418850658194,0.2719969277283798,0.22483858601117923,0.937158595758659,0.4782655371504376,2.1025910886952563,0.40472900707543236,0.24114779856274624,0.1681993944507247,0.42396176840212463,0.4282051263706751,0.477035449941566,0.0,0.16746528096970204,0.8267439164299442,0.12432360422477941,0.0,0.421624407987638,0.05549328409576032,0.013315163397302102,0.017993949555040703,0.2197865927957233,0.2567814840211125,0.6928269919710025,0.2875673247047302
s__GGB9616_SGB15051,0.0,0.05989857521675769,0.29941891168256596,0.0,0.023624041643252797,0.34530404474011533,0.0036976338019604014,1.3069903842783421,0.35963980041640614,1.1507978671684156,0.0,0.0784830384494039,0.0,0.5406630245167503,0.0,0.0,0.0,0.0,0.2604537303236348,0.0,1.102950871685648,0.0,0.5817235672777723,0.3673049758907321,0.967722946940104,0.07242199808776821,0.0,0.0,0.0,0.41249182222262315,0.0,0.0,1.2184048324773171,0.4308069933806679,0.0,0.0,0.1867349873343023,0.0,0.0,0.04501959474642119,0.0,0.0,0.0,0.0,0.3721275081930129,0.0,0.0,0.24425590971810704,0.0,0.22028763021596218,0.7385635247560471,0.0,0.0,0.5306022347743041,0.32049250976745114,0.2832164777540977,0.001969348449554001,0.0,0.0,0.21253268484607066,0.0,0.4917673250087704,0.0,0.0083622315087429,0.0092804379060007,0.07710222381824018,0.08936017362122751,0.9180322316445747,0.0,2.0420485608394894,0.0,0.0,0.0,0.30388715261145904,0.2636102484904226,0.0,0.0,4.9243905806628865,0.0,0.0,0.0,0.0,1.1708024931827157,0.0,0.0,1.857142152370088,0.0111626436562302,0.0,0.0,0.14690681766103372,0.0,0.0,0.0,0.0,0.09575223777629753,0.0
s__GGB9618_SGB15065,0.0,0.0,0.0,0.0,0.0,0.05414634476573031,0.06669435783535053,0.3234527801469661,0.0,0.0,0.0,0.0,0.0,0.09662286184513699,0.1868330491430841,0.0,0.0,0.1482606967806244,0.0,0.0,0.16198429410581303,0.0,0.0,0.0,0.0945510801173041,0.1554343013551893,0.0,0.0,0.0,0.0,0.0,0.0,0.11741862525178513,0.179892244674016,0.0,0.3115969554770486,0.0,0.0,0.0,0.0,0.08777302194978263,0.0,0.12238918739941514,0.0,0.0920039459396747,0.0,0.0,0.0,0.0,0.0,0.3236541915249856,0.0,0.0,0.19293360741282164,0.23839948239650222,0.2042856301160117,0.34453411582109816,0.016919285759544305,0.0,0.016623980485685697,0.0,0.0,0.0,0.0,0.0442045818338592,0.0,0.08383403498545472,0.0,0.0,0.24595430969702875,0.0,0.0,0.0,0.0,0.1050114537248692,0.0707151478276494,0.0,0.0,0.0,0.0,0.2802744662749571,0.0,0.0247565251266075,0.12482871226713269,0.0,0.0,0.0293460741375847,0.0,0.0,0.0,0.0,0.0,0.056575428248844,0.0,0.15195278215104155,0.0
s__GGB9619_SGB15066,0.0548823725021782,0.0,0.0,0.4695001887275017,0.0,0.0,0.0,0.0,0.27561662483610055,0.0,0.0,0.0240595102421312,0.2860552268244636,0.0,0.0,0.0,0.6795468181202389,0.0,0.0,0.1953831001484274,0.03428228042157911,0.0,0.0004366092171407,0.0,0.0343222873512591,0.0,0.0,0.12269274252367601,0.0,0.0,0.1433481501489668,0.28127521479915957,0.19957525405202772,0.0216882239230543,0.03799606915751521,0.039198983376629006,0.0,0.0,0.0,0.0,0.12419198131718484,0.0,0.07092350083692872,0.0293087048383718,0.0,0.0,0.0608168040500507,0.030553875445009104,0.0055624082070206,0.1698905260887407,0.0,0.1446060476437201,0.0,0.0,0.0005293397122296001,0.0425298775776038,0.15576527607463986,0.0,0.2609406807201009,0.0,0.0,0.12296322112018412,0.0,0.0,0.0,0.0,0.12672440644246422,0.0,0.0,0.0,0.0,0.0,0.0,0.0,0.0,0.0113161231953333,0.0,0.0,0.0,0.0,0.1483789619291844,0.0,0.0019283209972729002,0.0,0.06598505014959921,0.0,0.0,0.0,0.027676203902243898,0.013339510988680406,0.0,0.0,0.0,0.0102600425940225,0.030245412601217207,0.0
s__GGB9619_SGB15067,0.102583283368468,0.0079462885694694,0.05980058152741351,0.0,0.005091288307015499,0.32409604550766885,0.047124288564959614,0.0,0.0,0.0,0.5571736124268991,0.047337692604056,0.0025838264299801,0.0370141887723633,0.3529177771394562,0.45146907761012234,0.029120599136068702,0.0,0.0,0.0,0.011482798954048102,0.0030375534293922,0.001790097790277,0.0,0.0011037091064278,0.0,0.0496284292964985,0.0155496465733156,0.6914782866194015,0.0,0.0,0.10913652426124021,0.0,0.0421191595027325,0.18152524780439905,0.0,0.0,0.0,0.0,0.0,0.05697785041560812,0.27739302674181054,0.004910892266168801,0.0,0.0,0.0,0.0,0.056040972834503204,0.0441814137586127,0.0194980150693879,0.0,0.0084255039623696,0.0,0.04501113673620492,0.20204140616219254,0.0,0.08497059474151591,0.15862686638728113,1.1701650240542034,0.0,0.0,0.18061604530999723,0.1964398208013046,0.0,0.0,0.17385721603634846,0.024532706367786702,0.0226435203818317,0.11516714605064231,0.0,0.014897745730861,0.16717003367891434,0.1106189804363491,0.21581673873611118,0.217271620012619,0.0,0.0,0.05118929610282711,0.0,0.042678337709172,0.22003466816391173,0.27495916660525094,0.0117452278924816,0.0,0.016389940567654804,0.5080456744583212,0.0002580173107886,0.0,0.2538668825096354,0.08761372449707602,0.14741624630672673,0.0,0.1339548198624766,0.0027052202337935,0.0,0.0147187613623514
s__GGB9621_SGB15073,0.0882835401109671,0.237635129719717,0.0,0.0,0.005937903446906499,0.017449619621636304,0.0011777648406243004,0.4841510007127152,0.8439357937056899,0.0119921750705368,0.0,0.0190347637022011,0.028816568047337704,0.27785577910313264,0.0127974565085864,0.0,0.0,0.1492923165421825,0.7093334830945491,0.2858366582160391,0.5438029327442078,0.4273346306217657,0.1802759457574123,0.10587404167532359,0.1351430483648173,0.2088251288016328,0.0,0.020885823770060503,0.0,0.06234338530570929,0.1627752727314464,0.0025052251459638003,0.11135654738995851,0.0745086217119187,0.21563093445427606,0.13217831383083462,0.0560336280559298,0.0,0.0,0.015483080695586498,0.06514220906825842,0.0,0.0,0.0,0.1687780645751141,0.0,0.0789496112552754,0.052123248117701006,0.0010806964516495,0.2588479505207828,0.1552714102950637,0.0,0.032255275885471606,0.30873400182117805,0.12980922143049833,0.0,0.17742810901971612,0.06757439433922281,0.0004923851464751,0.32588805635403284,0.0043492247944058,0.0,0.0106619442055259,0.0,0.1040596941523897,0.21791562964678096,0.010403374628660401,0.3796545374514591,0.013190707108143702,0.34587063221833664,0.0,0.13617882567332124,0.0,0.0,0.0034029732624973994,0.1066321546153329,0.3316241634066428,0.09190709473508052,0.09015034273266538,0.2788331157189761,0.0090631173030501,0.03836514749026321,0.20880405142187092,0.4719384325697012,0.08057569584454971,0.0029282171438519,0.0341940836087435,0.0,0.0538709565006909,0.03195972340144361,0.0,0.0,0.0,0.2094401299297335,0.0,0.0486441751484229
s__GGB9627_SGB15081,0.0952122816893492,0.4412930255562193,0.0,0.0,0.0,0.0185351143539522,0.09663149669121383,0.0004907172650690002,0.030328550946930304,0.4516441962522942,0.0,0.0484423285726154,0.2080473372780753,0.6246008831798077,0.0733001008459137,0.0,0.0094523601810395,0.0712279554789732,0.5295815584449602,0.0,0.027845268349689603,0.24572913845714012,0.1772487885185631,0.6929679278845523,0.0,0.004502840868976,0.0,0.0,0.0,0.13710992406301717,0.0,0.0,0.0080281571683797,0.1633760477998107,0.04178270813157471,0.0190442070339759,0.0396056766385419,0.0151023595769386,0.0,0.021244559477046697,0.010717262340082804,0.18630466369351478,0.0,0.018037807901281403,0.0449329246169605,0.0902197520794384,0.0,0.0,0.0,0.12949659356603,0.2379386040388718,0.0051086766106674,0.22032932999097116,0.03713534828699501,0.012628533134624403,0.0449509653537245,0.20676461006134528,0.021405978946791904,0.0,0.11798465950687406,0.1097800306684325,0.2538549533087604,0.0,0.0719879060317582,0.041487269614983,0.002200405930886,0.03868297045023051,0.0,0.0,0.07268417206589381,0.0,0.006355118583791302,0.0,0.4691613295827482,0.198548941839771,0.0,0.5587019025243002,0.013863474473824902,0.058997031955931985,0.0762239432348356,0.1052073386469292,0.0,0.06075185040901429,0.0043519729931594,0.028886861319838905,0.0,0.0043727144249466,0.0,0.0,0.5955827621374543,0.0,0.9081429453839989,0.1338190881916456,0.0067630505844843,0.3024968153736313,0.0
s__GGB9634_SGB15093,0.1182098069281789,0.47687321765089213,0.2698248461189302,0.0,0.0,0.14201305815145782,0.058751292631124614,1.0762364322518256,0.6113612032943039,0.0,0.0,0.0,0.11907297830371849,0.16119711736011538,0.0,0.0,0.0,0.7787651388275367,0.0,0.0,0.5509044105783749,0.0,7.74541840479593,0.0,0.0,0.15226505447182442,0.0,0.0,0.0,0.0,0.0,0.4501337588536038,0.61849578184966,0.2808182089641681,1.0194877040570616,0.2787528964778636,0.0494677002312323,0.0,0.0,0.0,0.0,1.931612008904094,2.1562299950798445,0.0,0.5097880422500832,0.0,0.0,0.0,0.0,0.7638538026484993,0.1218701928387257,0.1191579757211805,0.22489154350022295,0.2867932002082639,0.31442778906445995,0.47724211351818674,0.10145539943562934,0.46925330807997084,0.46994645194298357,0.2384014225594603,0.0,0.0,0.3802413370078049,0.0147247989610474,0.1064206375556658,1.4009293005802401,0.14403545436578621,0.20547151034055036,0.6339500274539234,0.22421881256102913,0.0,0.43107553738769616,0.0,0.13393778867699227,0.1551958215030443,0.0,0.0012106508216685997,0.0,0.0,0.2332087353699452,0.0,0.0,0.0641020646669117,0.0,0.011858988933682401,0.0,0.2212566339305834,0.0,0.4314558575490264,0.0,0.0,0.0,0.0,0.1101882387911031,0.08625385484931883,0.2999533969278313
s__GGB9635_SGB15106,0.0166795237995957,4.68878977340067,0.0,0.0,0.0,0.8718390218315158,0.8563993784140576,0.9043218170559105,4.264043873632748,0.0,3.4740444743844323,2.8709219399563337,6.737317554240743,1.6117760197062099,8.698614009693506,0.0,0.929996186988144,2.987216691423024,0.0,0.0,1.201707095601463,3.1901346518400144,1.0926582268164455,0.0,0.0,4.031078074240131,0.0,0.0,0.4787631925154748,3.947292285653006,0.0,0.6122727795292386,0.27794535974333345,0.3957600808093553,1.5401246271068278,0.2020207836876195,0.1855268566145614,0.0,0.0,4.6814516982209655,1.7561017481347263,0.0,0.0,0.0,6.917499400510693,0.0,0.0,0.0,0.9359149123184396,0.0,0.523799268844396,0.0,0.9073581788496401,4.13218946145242,1.1322273964759135,2.6747094186748392,3.0662246045302513,1.1216047976792451,6.729732606729303,0.7325744617519908,5.367141618338433,0.0,1.2145384710902103,0.8689085688149953,2.572299808333012,0.0,2.017438316570727,2.4291935888518537,0.6167014917550903,1.6837058269268883,0.0,5.6425289017827405,0.0,4.716353879811416,0.8769550650663738,1.3675938523001092,0.0,0.23981699650710894,0.0,4.829388778641489,0.4901183481626264,0.0,1.0765095442150592,0.7359619250212011,1.2032539102766981,0.0,0.4772369659499938,0.0,3.219277856461204,0.0,0.0,0.0,0.0,1.44405975699537,4.768444365516684,0.5515161718745559
s__GGB9636_SGB15107,0.1797471409463804,0.7032602388955705,0.0,0.0,0.0,0.09168345292838181,0.30416461756126234,0.0,0.0,0.0,0.0,0.3808569280881835,0.0,0.0,0.0,0.0,0.5977434360688326,0.1806874313761127,0.0,0.0,0.06893832283440951,0.0089116457229963,0.0,0.0,0.0,0.010088246267427301,0.0331966717183358,0.0,0.0,0.0,0.0,0.0,0.13210960673677652,0.0,0.4558490863566024,2.5302882071318846,0.2106612283275007,0.0,0.0,0.0,0.08057062700546552,0.0,0.0,0.0,1.098685662614228,0.0,0.0,0.0,0.0,0.0,2.9345214857675472,0.0,0.0,0.16243620263210895,0.0,0.8811066436680332,0.18377756005536405,0.18602651943919532,0.1876221877187874,0.08915870498224027,1.6766436484236096,0.0,0.0,0.0076169021786159,0.1241945322332417,0.0,0.0,0.0,0.0,4.119532399423238,0.0,0.0,0.0,1.8648941727206194,0.4371618848777909,0.0,0.0,0.0,0.0,0.0177351766918535,0.0,0.0,0.0,0.0,0.15825616266670212,0.0,0.0010049095262298,0.0,1.684628983146974,1.1565769299471385,0.0,0.0,0.0,0.0397865317311498,2.0689185589438055,0.0
s__GGB9640_SGB15115,0.2178657496297877,0.0,0.0,0.0,0.0,0.006349560584729101,0.010161645485387703,0.2520183668461771,0.0,0.0116257866429999,0.0,0.0932743834918687,0.0,0.0,0.0,0.0,0.015178749628357498,0.0161517780582485,0.0,0.0,0.04615960592194681,0.0,0.0,0.0,0.0,0.08924097164715182,0.0,0.0,0.0,0.0,0.0,0.0014118429848015003,0.0,0.0,0.0,0.007054171719928301,0.0,0.0095163921939856,0.0,0.0,0.06316895017939061,0.0160518740508208,0.017112660048068704,0.0,0.0197033834886965,0.0,0.0,0.0007988656545439,0.0205332325813322,0.0,0.1251480355724244,0.0,0.0,0.004487187918014301,0.009785222680361602,0.011275835376867,0.029081843914519907,0.0,0.0,0.005444595437539598,0.0409503417639492,0.0,0.0,0.1566645894398569,0.1342471025730427,0.0036212394748296995,0.038578308733644304,0.0,0.011288945479811102,0.038337064268155405,0.0,0.0,0.0,0.0178415243030121,0.0051360860393085,0.0,0.0,0.0177902860252941,0.0,0.0013158990457963,0.0,0.0,0.044955200623294,0.1881829578560328,0.0,0.0,0.0,0.0,0.0,0.10893168655040973,0.0,0.0,0.0,0.014119930000777,0.03327635726555941,0.013222797675221802
s__GGB9641_SGB15117,0.0,0.0,0.0,0.0025762011205311005,0.022765829035682698,0.0,0.0,0.0,0.0,0.0,0.0,0.0,0.0,0.0,0.0079017852267782,0.0012697210048279001,0.0,0.0,0.0,0.158711420344034,0.0,0.0084984491167923,0.0,0.0,0.0,0.0,0.0,0.015654534577182702,0.0,0.0,0.0,0.0,0.0,0.0,0.0,0.0,0.0,0.0,0.0,0.031995507476178596,0.0,0.0,0.0,0.0,0.0,0.0380262621280954,0.0083123313494023,0.0,0.0,0.0,0.0,0.0,0.0,0.0,0.0,0.0,0.0,0.0010103622062885003,0.0216414995331724,0.0,0.0,0.0,0.012235231094389998,0.0,0.0,0.00041493368982409995,0.0,0.0,0.0,0.0,0.0047686985937545,0.005458678682803201,0.0100192877100069,0.0,0.0,0.0,0.014595068239006095,0.0,0.0,0.0,0.0080607448824363,0.0,0.0,0.0,0.0,0.0,0.0,0.0,0.0,0.0,0.0,0.0,0.0,0.0,0.0,0.0
s__GGB9642_SGB15119,0.0345594678726475,0.023852566205942,0.0,0.0,0.0,0.0,0.0,0.013997125798876004,0.0,0.0,0.0,0.06122646923317399,0.0,0.025218220001323097,0.0,0.0,0.0,0.0,0.0,0.0,0.0330571716724133,0.0450607650279259,0.0178573169810569,0.0,0.0,0.018670315798193903,0.0,0.0,0.0,0.0,0.0,0.0,0.034260752360296805,0.0123442855530427,0.0,0.008185307126914001,0.0,0.0,0.0,0.0,0.0,0.0,0.0,0.0,0.0948985999413562,0.0,0.151504222161612,0.0,0.0,0.0,0.055362763772104,0.0,0.0,0.035974868653020214,0.0,0.0992645988206643,0.0,0.0,0.0,0.0,0.0,0.0,0.0,0.4979527075814866,0.0,0.023148270392919498,0.042890371456968605,0.0,0.0,0.11116074530152342,0.0,0.0,0.0,0.0,0.0,0.05119873010152049,0.0,0.0,0.0,0.0241575496467108,0.0085897747710937,0.0,0.0466303077522089,0.0,0.0313895169154767,0.0,0.0,0.0,0.0,0.0,0.0,0.0,0.0,0.0,0.029946587070929807,0.0190671981817197
s__GGB9646_SGB15123,0.0134362830607854,0.0,0.0,0.0027590282968268007,0.00012757214436709998,0.0,0.0009175609804864002,0.05979740387196833,0.0045952349919624,0.0,0.0172832858837507,0.0152763071750149,0.0,0.15235014078182088,0.0370304158608753,0.0,0.0,0.0,0.0,0.0,0.0,0.014149191893529301,0.0198220584581903,0.0051082900736841,0.0039089697519322,0.0006275736402752001,0.0013326262481918,0.012232563451014604,0.0,0.0,0.0,0.0182796512769059,0.0,0.0227740638559608,0.016780516549427908,0.0,0.043729079312444,0.0,0.0,0.26591440529815236,0.013763480749749705,0.0015986177431238997,0.04150458593747381,0.006909027026430201,0.0075326791634579,0.0,0.0011924863539226,0.0,0.0363834472055248,0.0228384571296929,0.0002622274186955,0.0178422436850183,0.0006715407735574001,0.025143725402667506,0.020916480628964604,0.0,0.07067584134043861,0.021714225043625603,0.0177493121848445,0.023464271707975295,0.0163008478889527,0.04936781532156951,0.0083085150577208,0.0039084342921298,0.0042021822838369,0.017464936217147797,0.010863886181639302,0.0191336381513547,0.0,0.0039341528834130005,0.0,0.0,0.0034172512607215,0.007631926826500899,0.0270087283101538,0.0233262264114069,0.0,0.003476424563486901,0.0,0.0385931585819041,0.3116960572933607,0.0,0.0145695364238413,0.027262490504265505,0.011564558863604702,0.0545062158570272,0.0,0.0,0.0072557444536903,0.0,0.004873075263961001,0.0,0.0415709090011555,0.0,0.0021771574349497003,0.0232508254423363
s__GGB9677_SGB15180,1.398447498566338,0.013851203006437201,0.0,0.0,0.0,0.007236631548772201,0.20415047068822245,0.0,0.0,0.030015667332832,0.0,0.0,0.0,0.0,0.0,0.0,0.1510392480624467,0.0028792969465131,0.0,0.0,0.07732720308294501,0.0164161894897302,0.0,0.0,0.0,0.0,0.0,0.0,0.0,0.0,0.0,0.0,0.0,0.2685882223514264,0.0,0.025687056787728004,0.0,0.0,0.0,0.16145007414150836,0.3591331177712298,0.0,0.7126598623139081,0.0,0.09818797948870389,0.0,0.0,0.0,0.0,0.0,4.237988427248565,0.1160317706310737,0.0,0.019217542738530904,0.0,0.0752738199482558,0.04171283741854681,0.20231218822189626,0.0,0.3203743670657754,0.0176301015794683,0.0,0.0,0.0771324962860755,0.3827698053453942,0.0,0.23270486065755752,0.0,0.0,0.342103890095962,0.0,0.0,0.0,2.0773498310994394,0.2331099937101825,0.0,0.0,0.0,0.0,0.0,0.0,0.030459601946839204,0.0280872613946246,0.0,0.6466502200210525,0.0,0.0319941465377881,0.0,0.1665790983045575,0.0,0.0,0.0,0.0,0.24520182180087519,0.011355370150915504,0.0047414442286988
s__GGB9699_SGB15216,0.2933237468191501,0.1316480808000313,0.0329336535947965,0.0,0.8078100130680163,0.04526396313891821,0.21869449697594356,0.06919113437473753,0.0099424175280644,0.1479222816867515,0.0,0.2467783696111944,0.1199408284023448,0.0,0.0950668197780592,0.0,0.0130103568243064,0.2472192073433882,0.0068469596806391,0.1272959739934741,0.0023463947229790004,0.5915858653258255,0.0919790084109613,0.0112760773478363,0.1783409964469735,0.10893109461080691,0.0459042148707359,0.045468949676418804,0.0,0.10704038195746039,0.0,0.05164373023352631,0.029928096110695104,0.1277576405269762,0.18819076983403366,0.13386473389214473,0.04102391704869,0.1691869225476312,0.0,0.09833114406668679,0.013368828971979003,0.13264147493289546,0.26506047595484467,0.20688819062529,0.0,0.4064927397402664,0.21146758009562439,0.0497704246145959,0.10139475531653641,0.0184268950609206,0.24954216731615764,0.0729320772851022,0.048532145111220504,0.11880216839486614,0.08359030255696301,0.2501847137596781,0.15734415026262535,0.15107483701486082,0.143753015859002,0.06371834914338417,2.2559184146061244,0.6613889781717758,0.2815663436227555,0.9827076323904884,0.3748554478991657,0.4304748425703727,0.15546451381699092,0.015104785007422,0.08120079882832561,0.06492747347302201,0.0,0.13232093252800403,0.0,0.030881505238358194,0.0725377274615471,0.5891890376083259,0.003591597437616999,0.03446867917398531,0.0,0.0026514383758583,0.12050743990044452,0.25079538373375165,0.0588819633813522,0.3138661150825657,0.0,0.0167099347882859,0.0500417784345461,0.0,0.1319165047311186,2.172710161584881,0.0,0.05151241368500681,0.1410005275026229,0.4908490152255873,0.13432207586409534,0.039972656826436
s__GGB9707_SGB15229,0.4057631124328194,0.2278118729881551,0.0,0.0,0.0,0.23938076844156275,0.17515828269286507,0.5392515393333217,0.14147753793434903,0.10784502445924632,0.0197622326052916,0.3044484498724149,0.10205128205126568,0.18381328542663708,2.0304643268139255,0.0,0.1269578716399831,0.2631862176831547,0.0,0.0,0.4839802495858036,0.2112439730528672,0.3875343411341261,0.0,0.0,0.44874653147894195,0.0,0.0,0.1787534759762352,0.19986062587534548,0.0,0.24041669112621353,0.4683091681554781,0.687150941751827,0.026143370451041103,0.45808927373083796,0.1713969799358328,0.0080990571863708,0.0,0.0,0.08456647625540241,0.18124602398583617,0.19056119540635905,0.0,0.6220216724060885,0.0,0.2746342837254553,0.0,0.5728856650701308,0.2508417823218966,0.1526163576807791,0.0966073621748348,0.010041133471286903,0.20483239192645286,0.4922254364065501,0.421777193556304,0.10520734777488364,0.30738985767590804,0.8950624086449881,0.03923148844459368,0.0042909241939446,0.18577813345167174,0.2130568509167477,0.1231429483483124,0.3591158252106015,0.4337188695999043,0.26893874693969505,0.0,0.5336431583130213,0.43738851489632097,0.0,0.0,0.0,0.13292693744165748,0.1432664393969517,0.0,0.0,0.18132298644291042,0.0,0.7617877058105335,0.0275791634060379,0.0,1.1910596026490097,0.0,0.11867167546738432,0.275538867547012,0.1037772783709363,0.0,0.3513396444281071,0.0,0.0,0.060336528013898216,0.23316233199348668,0.1599214034550563,0.5807674181132466,0.173252879222984
s__GGB9708_SGB15233,0.1089644648220921,0.3833536214867488,0.0,0.0,0.0,0.0634489179017964,0.4967017791233396,0.16464732617509395,0.17151366483637054,0.0,0.0,0.6802132755689434,2.278264299802805,0.3852988402437583,0.0,0.0,0.0244631357189423,0.7221030384897394,0.0,0.0,0.15515275548760424,0.24892303654834771,0.46893285284974,0.0,0.2998869617923435,0.8794189421179526,0.0,0.0,0.0,0.5541900469336412,0.0,0.10085654284661243,0.1395188130123781,0.0428049531445586,2.580698204355078,0.23634560176503572,0.270345512253992,0.0,0.0,0.0,0.17786462309398615,0.6588276000258417,0.20906701638100925,0.5053428533603666,0.0880237966873788,0.0,0.0,0.0,0.0,0.3392364148850794,0.39314445747929705,0.0988757670877865,0.25318153100849533,0.401464061106215,0.39877429121033225,0.6052380826610004,0.13534177448140353,0.6718737423987263,0.7573352491023344,0.02918524254842269,0.5180707958183589,0.0,1.1412311034917162,0.19985733305893932,1.2982961412978755,1.6232331683406303,3.7371977788272726,0.0,0.37191602262917794,0.19344313433120003,0.0,0.0,0.0,1.2669251244800066,0.1961959566099261,0.017420314806333,0.0,0.0,0.0,0.8020306482708033,1.0116165218261637,0.0,0.3996883521620423,0.0,0.05321005655346911,0.0676354503335169,0.2102705284343856,0.0,0.1736159919974715,0.0,0.0,0.0,0.0502330574484197,0.4196555363898923,0.5716959288009641,0.20956169278178327
s__GGB9708_SGB15234,0.190740463450682,1.433222747484089,0.0,0.0,0.0,1.0827284715463867,0.09387881374976093,0.4010795779831512,0.20340181068968355,0.2639687701777727,0.0,0.2355164711999662,1.1374753451676562,0.09794557157863468,1.5185292569119535,0.0,0.1879935479624798,2.5571236347013073,0.0110974599318227,0.0,0.1968687466244462,1.0736076251525155,0.152012775767819,0.1528513907603406,0.0,0.03528532792445561,0.0749840233580701,2.7503076824038684,0.0,0.0,0.0,0.08936010711322831,0.5019509696229703,0.0236313059082553,0.04699582069175252,0.35692463614969927,0.2610744221655153,0.0376129744037462,0.0,1.0884191131268528,5.220490714953693,0.0,2.5032779915634933,0.0,5.848516835209109,0.0,0.0,0.0,0.23469124608326827,0.7449548886008086,2.544097637757173,1.30052037971191,3.078747962326804,0.10923981621096943,0.314639524949372,0.7468801829055653,0.6947385970056104,0.8802652286415356,0.1778213786127327,0.03957695769824339,5.712829198713103,0.0,1.5135149894583402,3.9636431988517384,1.2717318158357245,0.09610115731291148,1.8611155766777236,0.1090112060842931,0.0,0.9652067425242014,0.0,0.6575866909409773,0.0,0.6756782369541237,0.1472133823631155,0.1072694832058109,0.0,0.31131593084925396,0.0,0.407634099932908,0.0238759541854549,0.39134239025063716,2.7552785352552034,0.0,0.32173028046424806,0.0,0.1040352956817017,0.0,0.3079398550972088,3.512447072448029,0.0,0.0,0.5101906721494024,0.1682515023456789,0.11485572703395983,0.4265271380490446
s__GGB9712_SGB15244,0.3426883980644055,0.10368536533403838,0.0,0.0,0.0,0.15633458542621403,1.4872020100885097,0.0,0.14366375579415114,0.0,0.0,0.24083758348757586,0.0,0.013162046036804,0.0,0.0,0.0834067710966516,0.2616464866957099,0.0,0.0,0.1176519690300715,0.0,0.0,0.0,0.0,0.0,0.0,0.40077706277665365,0.0,0.0,0.0,0.0,0.09062169248113511,0.3129504985576946,0.013305108175976004,0.16360331204672782,0.1237152120728857,0.0,0.0,0.7728959451198286,0.0,0.0,0.0,0.0,1.00546464624205,0.0,0.0,0.0,0.0,0.24363441548526016,0.0641146038710405,0.0,0.0,0.19658524999437912,0.0,0.2100082012231947,0.06038769340569632,0.19892148115674513,0.3050677686089848,0.06367689283294228,0.636351054034037,0.14597871907771362,0.0,0.7614902514559441,0.4452531376789368,0.40354187397633684,0.7955965048010242,0.2611652836319226,0.0,0.11900114927483932,0.0,0.11792987054604681,0.0,0.7343328798823108,0.0,0.0601071675106052,0.0,0.0,0.0,0.2402988779898197,0.0,0.0,0.240397350993379,0.1768131435964229,0.0,0.0,0.0377655863843879,0.0,0.2656511542441489,0.0,0.0,0.0,0.0878307302672196,0.1645235769015621,0.29218733457870105,0.0
s__GGB9713_SGB15249,1.9048353139215288,0.8957522292421966,0.5728606818629747,0.0,1.499691739309351,0.4524995675528939,2.1536525706018934,3.978011193027224,7.741077167642041,0.9456062558851228,0.0,0.9008171611933324,3.3478106508876255,3.894122506773543,0.0,0.0,0.5214831990024029,2.1389019038927835,0.1094551897261586,0.0,1.75074269622351,0.9512232573851948,2.031382597309648,0.1799442477437111,0.39362558937297676,1.2343432143757005,0.3671266329282158,0.0,1.9400998490080705,3.3505855833677103,0.0,0.7406549528991117,2.8801969574559005,0.6771354971075197,3.6509943039613657,4.071491048297267,0.7145830570171888,0.1772383382211392,0.0,1.1483642261061664,3.9912860887468753,0.7586864617881027,2.2852250872060926,2.127455587910656,18.997383956446377,0.0,0.0,0.0,0.0,2.2083952933897844,2.0959182007790513,2.0902684094879027,0.8248652574756493,3.323752929244054,2.3525520450586384,0.6335631165731794,3.5772026186223225,2.007658203028017,7.034354884015291,1.332405817481141,3.9528973124706073,1.360523943390444,0.42050967994012,1.8198397214722768,1.3933278254553183,2.360683498891889,2.546252105793805,1.5350476763555378,2.3543256121074223,3.473912799640924,0.0,0.34740247734366164,0.0,0.7815396325707247,2.2279734016525796,5.566881120655993,0.0,1.2331877222818066,0.6638502264756209,9.25302892463958,5.943539424351504,0.0,1.721873782625644,0.4987566116950949,1.9293184630881546,0.2821910130151216,0.966301988620898,0.0,5.044712052161973,0.6949632669816999,0.0,15.292881573800651,2.5297792200981757,1.0650979908296505,0.35673364912074,2.649681309024021
s__GGB9724_SGB15278,0.0,0.0021783791078372,0.0,0.16859989784946172,0.0,0.0,0.0,0.0,0.0123514346602144,0.0,0.0,0.0286127658198536,0.0,0.0,0.0,0.0,0.0096966861307917,0.026652743392591303,0.0048274912355068,0.0,0.005170374212582001,0.0055167330666168,0.0106823721793771,0.0086273343466666,0.0,0.0,0.0,0.0,0.0,0.0,0.0,0.0,0.0,0.0,0.06935255216870151,0.0025707622886035003,0.0,0.0,0.0,0.0,0.006191099763776201,0.0,0.0,0.07425017652453052,0.0256571604694212,0.0,0.0,0.0,0.0,0.0053919091951658,0.0,0.0042699386596625,0.0,0.0,0.0,0.0,0.0,0.005531304959850901,0.11132593692685579,0.13489883416562326,0.0107156503647694,0.0,0.0,0.0,0.0799008581954896,0.0,0.014380519858933004,0.0047799952555133,0.0,0.0,0.0,0.0,0.0,0.49375028588133285,0.0433151689620337,0.0,0.0,0.0,0.0,0.0,0.0,0.0,0.0127386053759254,0.0053089513476761,0.053177342101229215,0.0,0.0,0.0,0.029881546183992202,0.0,0.0,0.0,0.0,0.0037279254441302994,0.0,0.0
s__GGB9747_SGB15356,0.44773570199418383,0.4589529668769837,0.0,0.0,0.0,0.45573270777710057,0.519832532795599,0.5820140438607591,1.2631326246088392,0.0,0.0,3.1398469136202,0.3771794871794864,1.124758632578346,0.0,0.0,0.0,0.9603610114862554,0.0539294240014339,0.0,0.7254097313917869,0.7910928212673295,0.70694309075374,0.0,0.0,0.057140579947074,0.0,0.0,0.0,0.0,0.0,0.0,0.10986378347201291,0.2960056806573228,0.88747405763265,0.11759695012986131,0.9375488340882008,0.0,0.0,0.6272577705621872,0.03681361114515661,0.0,0.0,0.0,1.3939732645809215,0.0,0.0,0.0,0.0,0.05036079497437611,1.8842351170370568,0.3062156010214891,0.0386615616776515,2.3588992154384427,0.0,0.1791604954324263,0.967221722999949,1.316364956528751,0.3863816585126188,0.2897381536520088,0.0,0.0,0.2428582852082908,0.1326867995267456,2.045319422278667,0.6302214061021322,1.9189097765765741,0.0,0.0,0.7077568939054075,0.0,0.0,0.0,1.3548691819509866,2.444992012500706,0.0,0.0,0.049612941644886104,0.0,0.0731207783208926,0.0,0.0,1.307869107908083,0.5289470002601913,1.1294501060438933,0.0,0.2047571058985778,0.0,0.9845590687462302,0.0,0.0,0.0,0.5941838979050975,0.2278488237157884,0.5348550098526919,0.0
s__GGB9758_SGB15368,14.123934337432578,0.7999994519800994,2.1040791276672564,0.0,8.014615592656186,0.26032031198750794,1.0937052988598932,1.7305494864994486,0.0,1.7246889714546985,2.320779519531593,0.227016162710187,0.5223274161735717,8.06466966408608,0.5669776297270107,0.0,0.0,0.3424977608461983,0.0,0.0,2.4881958695562827,18.231015989033736,0.0,0.0,10.073813612351136,0.0,0.0,0.0,0.0,9.712414180508626,0.0,1.575107233720845,2.499123456309179,0.20852412922065883,8.886463595616203,1.1582209584583376,0.2488749282672331,0.0,0.0,5.586475650532513,0.0013196168819202005,0.7504853337771487,0.03133451117349831,0.0,0.2746960860001368,0.0,0.0005845521342757,0.1696878197172489,0.0,4.269048643916752,0.5296993857650284,3.7093376505463502,0.33551456172211047,1.6153412312998616,2.5673732242732377,3.8130439405422094,0.51838004791969,3.0956299265860947,0.0,3.259516226967242,2.4846783106958172,8.79691118898299,0.0,2.6582806815728013,6.408669502966588,5.853670742321469,0.46145350842820676,0.3893374421262117,2.1190600078768416,0.38976015339288217,0.0,0.0,0.0,6.637325024810267,6.890767847393055,0.6080256381712654,0.0,0.010696690964575602,0.0,0.0,6.944658879439608,0.134966621427379,0.0,0.0,0.0,0.0,0.3381656354348362,0.0,0.0,1.2891914144060397,0.0,3.354908512372868,0.0,10.3870229925577,0.9438617820930294,3.778829629006121
s__GGB9759_SGB15370,0.0,0.0049184786145507,0.13220839676430252,0.0,0.0,0.04353650915632071,0.0,0.0,0.0,0.1269394982789375,0.0,0.3590336321238866,0.1295660749506851,0.0,0.0422573731692835,0.0,0.19880497123901184,0.0985889751257899,0.0,0.0,0.1540314695137674,0.0,0.0,0.0,0.0962373023632413,0.0,0.0,0.0,0.0,0.0,0.0,0.0,0.11619892790422201,0.3738289716381432,0.0,0.04950259862932601,0.0,0.0038708729199565,0.0,0.20303851527118436,0.0,0.0,0.0,0.0,0.2837747735508475,0.0,0.0,0.0,0.3768769949179576,0.0601824208147298,0.056837793002266504,0.0621047328266663,0.0,0.08719070316553303,0.039382874589888504,0.025277510837331096,0.04476872294371411,0.11697939374840513,0.0240799783538115,0.042409805578186285,0.0,0.0,0.0,0.0,0.0166899395301515,0.0,0.04012730213911881,0.1617550394465679,0.0,0.007338171690338001,0.0,0.03870699429622751,0.0,0.0,0.1312738049997597,0.0,0.12871908569496637,0.0,0.0,0.0552481196391825,0.0,0.0,0.0,0.0,0.0,0.0780910952439116,0.0397754054368341,0.0,0.0,0.22201905552587464,0.0,0.0,0.0,0.0480176591498087,0.18537855218174476,0.0916467923242294
s__GGB9760_SGB15373,0.471807287477677,0.0020961761226358,0.09202933937862141,0.0,0.35453458666393406,0.03929957810436681,0.375665899339181,0.09375036511697224,0.0,0.09923489641211591,0.0,0.1752060415504596,0.0,0.0170651239389863,0.0,0.0,0.7842557579609541,0.10000552763422378,0.0675271781986312,0.0,0.09753111516663111,0.7921537314724645,0.0318433655701277,0.0969818330285301,0.10905259143232988,0.17735231074182903,0.0,0.0,0.0,0.11670815904079679,0.0,0.0668024654387606,0.030674478069660206,0.2132389605082888,0.05288326621986461,0.033646136833245105,0.19741118597725787,0.1897204145907163,0.0,0.25850883207533726,0.19455099357283034,0.39016127425163305,0.26329580544784986,0.0,0.139634161785466,0.0334322865787155,0.0,0.11297930160975161,0.0,0.0629600710061468,0.1584836961741239,0.0,0.06755913369533881,0.08191438909642791,0.047791814018454906,0.0156100904166236,0.006179679617566102,0.11614027937370851,0.6611794640692391,0.013390388271512397,0.0912520998418623,0.19576007184712946,0.1659882679606572,0.11181757828320128,0.1441660346069758,0.1591333569216744,0.22460404379378895,0.0006691993357717,0.05509580345335821,0.11336498698796371,0.0,0.004962435166184701,0.0,0.14273219442406077,0.22554501969168586,0.1671783707105213,0.0,0.1132160291040055,0.0,0.0203276942149151,0.2693736662007819,0.22078292802802943,0.49513050253214475,0.0,0.22034819300086483,0.063911522009288,0.0027974508432887,0.0,0.1892890734043882,0.3588121819812255,0.08048581586203771,0.0260278446903198,0.0309838386767373,0.1352610116896815,0.11976500360294474,0.1447408255589643
s__GGB9760_SGB15374,0.0599578336583645,0.3069322462445142,0.0,0.0,0.36883426430072225,0.06867796779510212,0.0,0.07323370993932883,0.7857991085801166,0.0,0.0,0.213019616718252,0.0,1.2024732503640387,0.0,0.0,0.1994157861133922,0.3230663557846958,0.0,0.0,0.47216521775061293,0.4098910333544482,0.0,0.2556036996128573,0.0001839515177378,0.13273182491823773,0.3573223112450931,0.0,0.0,0.0,0.3931401013679088,0.15550442018315153,0.2895779956403839,0.0,0.3817243316452588,0.011640411642797301,0.0,0.046307550500893,0.0,1.0715921639313655,0.0,0.0,0.0018459382277088007,0.0,0.3388389871736757,0.0,0.0,0.0,0.0,0.7935909988157612,0.6389171056517454,0.2735620076107651,0.0,0.3481593632525533,0.6109790198473725,0.1838333641471668,0.19729136493331795,0.47490448652192946,0.060704054486834594,0.22168071068275705,0.548550349739469,0.0,0.5527047857176614,0.6424738825695566,0.3070414320324315,0.0,0.04159256617131351,0.0,0.20568878820853811,0.33476571840558234,0.0,0.039571418486478105,0.0,0.0,0.0,0.0,0.0,0.40675574852134116,0.0,0.1207877482335189,0.0,0.0,0.3396377093883759,0.22036705132638199,0.0,0.0818945946861966,0.0994045639459706,0.0,0.42473882266033,0.4125490588642023,0.0,0.28033025894164965,0.737022972585272,0.4756733895238304,0.09748115691582303,0.0
s__GGB9762_SGB15377,1.6449969747303368,0.6692008020271131,0.0,0.0,0.0,0.0,0.0,0.048674479197048724,0.011167813525921002,0.0,0.0,0.3835511621578529,0.5003353057198989,0.9592464457597063,0.0,0.0,0.0,0.5980931047612967,0.0,0.0,0.028758908772796604,0.0,0.0,0.0,0.0,0.0072327862041743005,0.0,0.0,0.0,0.0,0.0,0.024447175894715005,0.17103069523111553,0.1793636120750958,0.16671585839214423,0.9627196279346193,0.0820215703860666,0.0,0.0,0.0,0.0,0.0,0.0,0.0,1.044081962128075,0.0,0.0,0.0,0.0,0.5182950020632704,0.664910398529942,0.0,0.0,0.6347514136576148,0.0,0.0,0.3734292111757781,0.34511575497173536,0.0,0.34306478764557236,0.0705553866781413,0.0,1.163621186323326,0.5894464275456285,0.9023258410749503,0.0,0.4505896222465312,0.0,0.0,0.7498886020894319,0.0,0.0,0.0,0.4699194680092002,0.0,0.0,0.0,0.0,0.0,0.631906505961979,0.6449013561124202,0.0,0.5044604596805535,0.0,0.0,0.0,0.0142995909610833,0.0,0.9705526200560712,0.0,0.0,0.0,0.0,0.0,0.27269964106782457,0.0
s__GGB9767_SGB15385,0.0099403222644056,0.2481297108304493,0.0,0.0,0.0,0.00461043461575,0.3384978321594493,0.04220168479594411,0.0079372240770261,0.0869608840896382,0.0,0.0,0.0,0.18888728669950036,0.0074846102303334,0.0,0.0,0.0461765323133237,0.0,0.0,0.016673937721700803,0.0089004782471529,0.0647782541830969,0.0,0.0515524128460622,0.24203946371320292,0.0,0.0,0.0,0.0,0.0,0.0,0.033132077202837604,0.1053407608594706,0.0,0.15017364985106763,0.0033617550462437,0.0,0.0,0.24398361509773947,0.0022692477221809004,0.0,0.0,0.0,0.4187380163791341,0.0,0.0,0.0,0.0,0.0,0.0476598333479212,0.0361038563455392,0.05202842088465541,0.012533180046868004,0.05719893690436401,0.06133986722280059,0.015211519058624405,0.27177030870845864,0.1512794745265337,0.010847734564640997,0.67959843945616,0.006573819429015901,0.0,0.6891205913770088,0.051406201648916,0.19592414408609826,0.1324808008546953,0.0,0.0,0.0517857287348591,0.0,0.0,0.0,0.03795746388544519,0.044769971657891,0.266120093667462,0.0,0.0,0.0,0.056053371294071105,0.014005370210243598,0.035771699291626,0.0426567978184355,0.0,0.026956708638218908,0.008625509195477,0.0210487806169793,0.0,0.001498285977676,0.0,0.0,0.0,0.0,0.1080108664078049,0.16522917356810365,0.1353973913435849
s__GGB9770_SGB15390,0.0417619895133621,0.0016851611966288,0.0,0.017966925234156002,0.0370307142694695,0.004505386738429101,0.02708859133435241,0.0,0.03309961689665121,0.0049321519091513,0.0,0.0257299353653175,0.0607297830374611,0.0124464817547372,0.0159630785404324,0.0,0.032067780904962,0.0412493931535063,0.0,0.0,0.0,0.0052375461705329,0.0219759972627515,0.0,0.0,0.005554026716437401,0.0,0.08558861115563761,0.0020512693964485,0.032753039090272,0.0,0.0,0.0,0.0,0.011645211639402003,0.0,0.0,0.0,0.0,0.0004717836223029999,0.021866175062102308,0.09304831219908279,0.05552907259829731,0.46348420702461396,0.0403935808416016,0.0,0.021640120010879,0.0,0.0106268484412224,0.0230926211994986,0.0,0.0040793163980704,0.07114068448765332,0.008030519067067202,0.0,0.086769754213856,0.027825535420854506,0.0082027711324105,0.0784299197599649,0.0,0.1232941098553404,0.0,0.0198416181190641,0.056263275042496896,0.054301698275578,0.14103973329569766,0.037678217971003604,0.0,0.0,0.0,0.0786184453024864,0.0,0.0408326655745254,0.018902918100075196,0.0030234595157504,0.0,0.0,0.0,0.0,0.0,0.0409162853358775,0.0,0.10720685625241158,0.0,0.035675110157730304,0.0,0.0,0.0,0.11812890680172042,0.003352097425726901,0.0,0.0,0.0,0.0,0.0,0.0349523041136867
s__GGB9775_SGB15395,0.1211582075998104,0.0,0.0,0.999233621718259,0.06963119588910559,0.07442058508864262,0.0,0.0,0.0984355035096346,0.0,0.0,0.0463138836575715,0.0871597633135793,0.0,0.030466044593304202,0.0,0.617304782420859,0.0026945292280204,0.0,0.0001585406842224,0.0,0.046579541742622,0.1862429383916636,0.0190898692012866,0.0,0.0,0.0,0.19806788430276281,0.0012801154880093,0.060953717224328186,0.0,0.0,0.0,0.0181449567735697,0.09842667744211911,0.0,0.0220089900683777,0.0,0.0,0.011994741185223399,0.09982223403983302,0.0,0.0,0.014058558158210801,0.0,0.0,0.0,0.0,0.0,0.3340805151833008,0.0,0.0671180983065366,0.04883060767722561,0.0,0.0,0.105765981380288,0.08312008628462542,0.0,0.3866864683651699,0.0,0.1768723616791904,0.0,0.0457293387449115,0.0,0.0167938804346989,0.022796205443969098,0.43539274099824765,0.0,0.0,0.0,0.0,0.09452638598812611,0.09936762254390688,0.0,0.0752828768963463,0.0232695749811423,0.0,0.0,0.0,0.0,0.4218734925258444,0.0,0.0091936112193222,0.0,0.17315759565786992,0.0,0.0,0.0,0.1041224581115302,0.3553567664841666,0.009322902206873802,0.0753177668932232,0.0,0.0,0.0,0.0097871522581699
s__GGB9787_SGB15410,0.008255521880608,0.0133579850952288,0.0,0.0,0.006981675537183,0.0,0.0015475282208203005,0.0,0.0,0.006482256794884701,0.0,0.012622486616392398,0.0,0.03324121346692029,0.0,0.0,0.0,0.0,0.0,0.0,0.0034469161417213,0.0052487136463762,0.0,0.0,0.0,0.0,0.0,0.0,0.0,0.011321002904286498,0.0,0.0,0.0,0.0071151090340454,0.0,0.019414396803535003,0.0024687888620853,0.0,0.0,0.042546304847679094,0.0,0.0,0.0,0.0,0.0,0.0,0.0,0.0,0.0,0.0129260584072664,0.025370502758797105,0.0175944347449486,0.0,0.004920433648029502,0.0,0.0191993953714222,0.03794391193752512,0.008853512892393002,0.050809457733875,0.010073883436462797,0.0260253880458746,0.0021389867990290004,0.0,0.1234701661029965,0.0117898683157833,0.022947090422081196,0.012077962094038303,0.0,0.0,0.057505596402198204,0.0,0.0,0.0,0.003613793166190599,0.0,0.0397551411881035,0.0,0.013933847440697101,0.0,0.0126679833513238,0.0,0.0,0.0025126606934162,0.0,0.0,0.0,0.0,0.0,0.0045958659764675,0.0,0.0,0.0030456364754643003,0.0,0.0038928778974103,0.011248646747241603,0.0
s__GGB9818_SGB15459,0.0,0.0,0.0,0.0,0.06550249739868488,0.043046285728808406,0.0,0.0,0.8270308989170907,0.0,0.0,0.1200281278036707,0.0044575936883629,0.07973120803513568,0.0,0.476114154162861,0.0087957341910803,0.0,0.3269230917176986,0.0,0.009759340883187102,0.0,0.0107842476633766,0.0,0.0800648980954344,0.0,0.0,0.24934500719334374,0.3157721024277231,0.12261424838663189,0.0,0.029691164123970402,0.07700477283953622,0.0179449336280342,0.009492533318532803,0.0,0.1408128881284027,0.11654305083622009,0.0,0.14377963301522517,0.0,0.0,0.0,0.15907160167972484,0.0,0.0,0.5303173872577207,0.0,0.010775179326743,0.3155628472403123,0.0,0.6760609129624345,0.0,0.04357214199007502,0.09357213713041991,0.0406336409976883,0.44018333275894694,0.06766001825501372,0.3180808046229637,0.06084404495299939,0.2344616948147615,0.0,0.20221287351747122,0.0,0.0417248488253544,0.0019866522118856997,0.0,0.0,0.0,0.0,0.3547296437805818,0.008804320456134202,0.0,0.0635067288575974,0.1755251078704502,0.0602912846589752,0.0,0.11840955405917042,0.0,0.0,0.1134908329561531,0.0,0.0054927931437475,0.0,0.34656054970747746,0.0,0.0122897719086232,0.0,0.2341198100173114,0.0,1.6622906222013445,0.0,0.0,0.0173365028397393,0.0,0.2732288930933521
s__Gordonibacter_pamelaeae,0.0,0.0,0.0,0.0,0.0,0.0,0.0,0.0,0.0,0.008032361680618,0.0,0.0,0.0,0.0,0.0035827970282906,0.0,0.0,0.0,0.0,0.027537297305714005,0.0,0.0098273787421513,0.0,0.0003027134858478,0.0062850101893811,0.0,0.0,0.0,0.0064005774400466,0.006109747599138698,0.0,0.0020063031889286003,0.0,0.0,0.0,0.0,0.0049113140128718,0.0,0.0,0.016498130307208397,0.0,0.0027592580223783996,0.017089440699292507,0.0007543083304171001,0.0,0.1513048076101784,0.0070730808247375,0.0,0.0043439759331018,0.0,0.0,0.0,0.0024729755470684006,0.0,0.0,0.0,0.0,0.0,0.0,0.0,0.0,0.013789334897740802,0.0,0.0,0.0,0.0,0.0,0.0,0.0,0.0,0.0,0.0,0.0,0.0,0.007919186848786,0.0,0.0,0.0005770583283519001,0.0,0.0,0.0,0.006242161526392601,0.0,0.0,0.0,0.0,0.0,0.0,0.0,0.0,0.0,0.0,0.0,0.0,0.0,0.0
s__Granulicatella_SGB8239,0.0,0.0,0.0,0.0,0.0,0.0,0.0,0.0,0.0,0.0,0.0,0.0,0.0,0.0,0.0,0.0,0.0,0.0,0.0,0.0,0.0,0.0,0.0,0.0,0.0,0.0,0.0,0.0,0.0,0.0,0.0,0.0,0.0,0.0,0.0,0.0,0.0,0.0,0.0,0.0,0.0,0.0,0.0,0.0,0.0,0.0,0.0,0.0,0.0,0.0,0.0,0.0,0.0,0.0,0.0,0.0,0.0,0.0,0.0,0.0,0.0,0.0,0.0,0.0,0.0,0.0,0.0,0.0,0.0,0.0,0.0,0.0,0.0,0.0,0.0,0.0,0.0,0.0,0.0,0.0,0.0,0.0,0.0,0.0,0.0,0.0,0.0,0.0,0.0,0.0,0.0,0.0,0.0,0.0,0.0,0.0
s__Granulicatella_SGB8255,0.0,0.0,0.0,0.0,0.0,0.0,0.0,0.0,0.0,0.0,0.0,0.0,0.0,0.0,0.0,0.0,0.0,0.0,0.0,0.0,0.0,0.0,0.0,0.0,0.0,0.0,0.0,0.0,0.0,0.0,0.0,0.0,0.0,0.0,0.0,0.0,0.0,0.0,0.0,0.0,0.0,0.0,0.0,0.0,0.0,0.0,0.0,0.0,0.0,0.0,0.0,0.0,0.0,0.0,0.0,0.0,0.0,0.0,0.0,0.0,0.0,0.0,0.0,0.0,0.0,0.0,0.0,0.0,0.0,0.0,0.0,0.0,0.0,0.0,0.0,0.0,0.0,0.0,0.0,0.0,0.0,0.0,0.0,0.0,0.0,0.0,0.0,0.0,0.0,0.0,0.0,0.0,0.0,0.0,0.0,0.0
s__Granulicatella_adiacens,0.0,0.0,0.0,0.0,0.0,0.0,0.0,0.0,0.0,0.0,0.0,0.0,0.0,0.0,0.0,0.0,0.0,0.0,0.0,0.0,0.0,0.0,0.0,0.0,0.0,0.0,0.0,0.0,0.0,0.0,0.0,0.0,0.0,0.0,0.0,0.0,0.0,0.0,0.0,0.0,0.0,0.0,0.0,0.0,0.0,0.0,0.0,0.0,0.0,0.0,0.0,0.0,0.0,0.0,0.0,0.0,0.0,0.0,0.0,0.0,0.0,0.0,0.0,0.0,0.0,0.0,0.0,0.0,0.0,0.0,0.0,0.0,0.0,0.0,0.0,0.0,0.0,0.0,0.0,0.0,0.0,0.0,0.0,0.0,0.0,0.0,0.0,0.0,0.0,0.0,0.0,0.0,0.0,0.0,0.0,0.0
s__Haemophilus_haemolyticus,0.0,0.0,0.0,0.0,0.0,0.0,0.0,0.0,0.0,0.0,0.0,0.0,0.0,0.0,0.0,0.0,0.0,0.0,0.0,0.0,0.0,0.0,0.0,0.0,0.0,0.0,0.0,0.0,0.0,0.0,0.0,0.0,0.0,0.0,0.0,0.0,0.0,0.0,0.0,0.0,0.0,0.0,0.0,0.0,0.0,0.0,0.0,0.0,0.0,0.0,0.0,0.0,0.0,0.0,0.0,0.0,0.0,0.0,0.0,0.0,0.0,0.0,0.0,0.0,0.0,0.0,0.0,0.0,0.0,0.0,0.0,0.0,0.0,0.0,0.0,0.0,0.0,0.0,0.0,0.0,0.0,0.0,0.0,0.0,0.0,0.0,0.0,0.0,0.0,0.0,0.0,0.0,0.0,0.0,0.0,0.0
s__Haemophilus_parahaemolyticus,0.0,0.0,0.0,0.0,0.0,0.0,0.0,0.0,0.0,0.0,0.0,0.0,0.0,0.0,0.0,0.0,0.0,0.0,0.0,0.0,0.0,0.0,0.0,0.0,0.0,0.0,0.0,0.0,0.0,0.0,0.0,0.0,0.0,0.0,0.0,0.0,0.0,0.0,0.0,0.0,0.0,0.0,0.0,0.0,0.0,0.0,0.0,0.0,0.0,0.0,0.0,0.0,0.0,0.0,0.0,0.0,0.0,0.0,0.0,0.0,0.0,0.0,0.0,0.0,0.0,0.0,0.0,0.0,0.0,0.0,0.0,0.0,0.0,0.0,0.0,0.0,0.0,0.0,0.0,0.0,0.0,0.0,0.0,0.0,0.0,0.0,0.0,0.0,0.0,0.0,0.0,0.0,0.0,0.0,0.0,0.0
s__Haemophilus_parainfluenzae,0.0,0.0,0.5391296871811206,0.0,0.0,0.0,0.0,0.013085793735176406,0.0,0.0,0.0,0.0,0.0,0.0,0.0,0.0,0.0,0.0,0.0,0.0054269695753109,0.0,0.0,0.0,0.00210007480807,0.0,0.0036085484315835008,0.0,0.0,0.0,0.0,0.0110425694129652,0.018555650657393504,1.2395219805845976,0.0,0.0,0.0,0.0079053771009327,0.0,0.0,0.0,0.003798523361041901,0.0,0.0,0.0,0.0,0.0,0.0,0.03350858403031021,0.0,0.0,0.0,0.0030880806377916003,0.0,0.0,0.0,0.0012190092299314,0.0,0.0,0.0,0.002280097074096399,0.0,0.0,0.0,0.0,0.0,0.0,0.0006279702995165001,0.0,0.018442665093364303,0.08217078185564251,0.0,0.0,0.0,0.0,0.0,0.013143131821363398,0.0,0.031372268631626,0.0,0.0,0.0183350621937283,0.0021463019574988005,0.0168484612388004,0.077686135707727,0.0,0.0440505709466325,0.0,0.0,0.0191578589055679,0.0,0.0,0.0,0.0052318389482028,0.0,0.002710774453320001,0.0273076761192919
s__Haemophilus_sputorum,0.0,0.0,0.0,0.0,0.0,0.0,0.0,0.0,0.0,0.0,0.0,0.0,0.0,0.0,0.0,0.0,0.0,0.0,0.0,0.0,0.0,0.0,0.0,0.0,0.0,0.0,0.0,0.0,0.0,0.0,0.0,0.0,0.0,0.0,0.0,0.0,0.0,0.0,0.0,0.0,0.0,0.0,0.0,0.0,0.0,0.0,0.0,0.0,0.0,0.0,0.0,0.0,0.0,0.0,0.0,0.0,0.0,0.0,0.0,0.0,0.0,0.0,0.0,0.0,0.0,0.0,0.0,0.0,0.0,0.0,0.0,0.0,0.0,0.0,0.0,0.0,0.0,0.0,0.0,0.0,0.0,0.0,0.0,0.0,0.0,0.0,0.0,0.0,0.0,0.0,0.0,0.0,0.0,0.0,0.0,0.0
s__Holdemanella_porci,0.0,0.0,0.0,0.0,0.0,0.0,0.0,0.0,0.018144215740991503,0.0,0.0,0.0,0.0,0.006505129836970399,0.0,0.0,0.150672759137813,0.0,0.0554488335934679,0.0,0.0,0.0,0.0,0.0,0.0201120326060198,0.18314167757334962,0.0,0.0,0.0,0.0,0.0,0.0,0.0,0.0,0.0012967941691983003,0.0,0.0116610878166584,0.0211171005756405,0.0,0.0,0.08457880912344083,0.0,0.0,0.12678939153881513,0.0139469692808134,0.0,0.0,0.0,0.0,0.0659918852674116,0.0502493291075401,0.0,0.0,0.03817204342669141,0.012235309348396502,0.0865835166926209,0.0,0.0157376757216812,0.0637521530126533,0.0,0.0,0.0,0.0,0.3158742058606774,0.0,0.0,0.0156573928012837,0.0039195961095208,0.0,0.16422995653735964,0.0,0.0,0.0,0.0,0.030892418985194396,0.0,0.0,0.010640392591077701,0.0,0.0,0.0,0.0,0.013128165173354299,0.0087039459863188,0.0012595064108876003,0.0,0.0024443745232619,0.0,0.0,0.009723378491748902,0.032532925001637,0.0,0.0237283639089488,0.0,0.0,0.0119169988635747
s__Holdemania_filiformis,0.0,0.006877649761851101,0.0029929179933535005,0.0,0.0,0.003828411529027901,0.0,0.0,0.0036483380845277005,0.0,0.0,0.0079614616758675,0.028698224852071595,0.0,0.0,0.018088320544189802,0.0,0.0007082762542224,0.0025579933638342,0.0269641117550649,0.0,0.0040984636345108,0.0,0.0039920340946197,0.0,0.0,0.0215599889439615,0.04495762065758481,0.029658579318577703,0.005977968729353299,0.0123869714511608,0.004331067201496801,0.0,0.0040290376457846,0.0,0.0007198134408088001,0.0084306513269084,0.0001667452950135,0.06803251147143828,0.021587674838721697,0.011481900159513303,0.0,0.004144653756553802,0.05840970158578591,0.0,0.0,0.0380192708132974,0.04556817240438471,0.0,0.018590286248653,0.0,0.0,0.010211683509015902,0.002475689885801001,0.0,0.0,0.0005772228214209001,0.0014213570020668001,0.0,0.0030401294321285993,0.0,0.021347088254310302,0.0,0.0047082999147051,0.0010839551474208,0.0,0.0,0.0,0.0001990215657556,0.0,0.0171696815373149,0.0,0.0,0.011751145610340798,0.001846966900835,0.0,0.017366113453047897,0.004391273132825701,0.0,0.0,0.0020604321979284,0.007207997407267101,0.0,0.0,0.022736544300439504,0.0,0.0,0.0,0.0,0.004603394067522202,0.033917061402911605,0.004741315161803801,0.0,0.0,0.006403404220441102,0.0
s__Hungatella_hathewayi,0.0,0.0,0.0,0.0,0.0,0.0,0.0,0.0,0.0,0.0,0.0,0.0123395920390773,0.0,0.0,0.0,0.0,0.0,0.0,0.0,0.0,0.0,0.0,0.0,0.0,0.0,0.0,0.0,0.0,0.0,0.0,0.0,0.0,0.0,0.0,0.0,0.0,0.0,0.0,0.0,0.0008863813509937999,0.0,0.0,0.0,0.0,0.0,0.0,0.0,0.0,0.0,0.0,0.0,0.0,0.06391362663889082,0.0,0.0,0.0,0.0,0.0,0.0,0.0,0.0,0.0,0.0,0.0214145841680417,0.0049594660169667,0.0,0.0,0.0,0.0,0.0,0.015217236703643701,0.0,0.0,0.0,0.0,0.0,0.0,0.0,0.0,0.0,0.0,0.0,0.0,0.0,0.0,0.0,0.0,0.0,0.0,0.0,0.0,0.0,0.0,0.0,0.0,0.0
s__Hydrogenoanaerobacterium_saccharovorans,0.05858893334652981,0.0159336786315397,0.04997826378861921,0.047767754970359615,0.04633188334059989,0.0,0.012393920706571304,0.015516012571709207,0.0,0.0698815466213667,0.0,0.0,0.0261932938856019,0.06279618669288528,0.1014962226644346,0.13701538548000752,0.2987495550595429,0.0659466781920547,0.10532008767183922,0.1128565762919547,0.25554937925399207,0.0550109860043584,0.0338081070472479,0.1385292589611673,0.0758953303600452,0.06511076517857102,0.0,0.20274851147531903,0.047965773104913,0.022414387760762097,0.0,0.0392025273900082,0.04793228531596071,0.0,0.13478878594648402,0.0,0.0505707761057948,0.0,0.0,0.027449228933989097,0.0,0.07756580885129799,0.04441861420887661,0.0341843789741149,0.0,0.0176349383992336,0.0,0.0,0.0,0.2145326294924789,0.0,0.0550707713739352,0.016372803621971202,0.12014832477025862,0.06426184106466891,0.0285789941683957,0.010016513665835303,0.11542103848107702,0.053482405671898006,0.028853592064912094,0.0324501142167036,0.07335298729470122,0.0201536750226404,0.0813136120404249,0.0251833963017236,0.022418992998677896,0.12358455494485762,0.0,0.07294140384947471,0.028236615021377903,0.0453558851361224,0.04698305552499601,0.1850429934376972,0.24642025988479027,0.1250244786366591,0.0119817775009411,0.2255980547800555,0.04530611607230971,0.05248063504649969,0.0,0.0429488738554503,0.03221241521213001,0.1619205298013109,0.0567351453034853,0.18733931069994522,0.0539969607015471,0.013634177896417502,0.0,0.0693251871468466,0.0,0.0,0.032283746639907504,0.0,0.1548738583846818,0.12196350571864845,0.0674324648461129
s__Intestinibacter_bartlettii,0.0,0.0,0.019852637500315004,0.0,0.0,0.0,0.0,0.0,0.0,0.0,0.0,0.0,0.0,0.0,0.0,0.0,0.0,0.0,0.0,0.0,0.005917898195124001,0.0026578592507181,0.0,0.0,0.0,0.0008942924373923001,0.0,0.0,0.0,0.0,0.0,0.0,0.0,0.0,0.0,0.0,0.0,0.0,0.0,0.0,0.0,0.0,0.0014512092985133004,0.0,0.0,0.0,0.0,0.0,0.0,0.0,0.0,0.0,0.0,0.052035906787164715,0.0,0.0,0.0,0.0,0.0,0.0,0.0,0.0,0.0,0.0,0.0,0.0091662624206628,0.0,0.0005053137841541,0.0,0.0,0.0,0.0,0.0045795816215112,0.0,0.0,0.0123216860825281,0.0,0.0011681912500785003,0.0,0.0,0.0,0.0,0.0,0.0,0.0,0.0,0.0,0.0,0.0,0.0,0.0,0.0,0.0,0.0,0.005378859545170602,0.0
s__Isoptericola_variabilis,0.0,0.0,0.0,0.0,0.0,0.0,0.0,0.0,0.0,0.0,0.0,0.0,0.0,0.0,0.0,0.0,0.0,0.0,0.0,0.0,0.0,0.0,0.0,0.0,0.0,0.0,0.0,0.0,0.0,0.0,0.0,0.0,0.0,0.0,0.0,0.0,0.0,0.0,0.0,0.0,0.0,0.0,0.0,0.0,0.0,0.0,0.0,0.0,0.0,0.0,0.0,0.0,0.0,0.0,0.0,0.0,0.0,0.0,0.0,0.0,0.0,0.0,0.0,0.0,0.0,0.0,0.0,0.0,0.0,0.0,0.0,0.0,0.0,0.0,0.0,0.0,0.0,0.0,0.0,0.0,0.0,0.0,0.0,0.0,0.0,0.0,0.0,0.0,0.0,0.0,0.0,0.0,0.0,0.0,0.0,0.0
s__Lachnoanaerobaculum_orale,0.0,0.0,0.0,0.0,0.0,0.0,0.0,0.0,0.0,0.0,0.0,0.0,0.0,0.0,0.0,0.0,0.0,0.0,0.0,0.0,0.0,0.0,0.0,0.0,0.0,0.0,0.0,0.0,0.0,0.0,0.0,0.0,0.0,0.0,0.0,0.0,0.0,0.0,0.0,0.0,0.0,0.0,0.0,0.0,0.0,0.0,0.0,0.0,0.0,0.0,0.0,0.0,0.0,0.0,0.0,0.0,0.0,0.0,0.0,0.0,0.0,0.0,0.0,0.0,0.0,0.0,0.0,0.0,0.0,0.0,0.0,0.0,0.0,0.0,0.0,0.0,0.0,0.0,0.0,0.0,0.0,0.0,0.0,0.0,0.0,0.0,0.0,0.0,0.0,0.0,0.0,0.0,0.0,0.0,0.0,0.0
s__Lachnoanaerobaculum_sp_ICM7,0.0,0.0,0.0,0.0,0.0,0.0,0.0,0.0,0.0,0.0,0.0,0.0,0.0,0.0,0.0,0.0,0.0,0.0,0.0,0.0,0.0,0.0,0.0,0.0,0.0,0.0,0.0,0.0,0.0,0.0,0.0,0.0,0.0,0.0,0.0,0.0,0.0,0.0,0.0,0.0,0.0,0.0,0.0,0.0,0.0,0.0,0.0,0.0,0.0,0.0,0.0,0.0,0.0,0.0,0.0,0.0,0.0,0.0,0.0,0.0,0.0,0.0,0.0,0.0,0.0,0.0,0.0,0.0,0.0,0.0,0.0,0.0,0.0,0.0,0.0,0.0,0.0,0.0,0.0,0.0,0.0,0.0,0.0,0.0,0.0,0.0,0.0,0.0,0.0,0.0,0.0,0.0,0.0,0.0,0.0,0.0
s__Lachnospira_eligens,0.0263250059968369,0.0051787880676887,0.0008666750946004001,0.0,0.15205439861793496,0.0,0.23784002310609695,0.19201065557485889,0.0164732211984597,0.837648496525085,0.0,0.23522010545230762,0.0658382642997943,0.19526231393971719,0.0565762914295978,0.0,0.0678157214280849,0.0199703109071004,0.0055198804166952,0.0460133847362696,0.011690444504754002,0.1271082100490481,0.22511571235777159,0.0722728447461884,0.2394895468016961,0.15501068914802274,0.0,0.15523424572346742,0.0704526210750005,0.23249386599309343,0.19999776275078776,0.03336407895661401,0.5470433626072818,0.0,0.03760703090675551,0.034468780765598304,0.0329740895355984,0.0207716996073982,0.0,0.015354412434958296,0.18678128669798236,0.22758403966324087,0.21943445560957828,0.005662778480523401,0.020788878739326,0.0,0.0,0.42355200402014953,0.1137591941310128,0.0421367718584874,0.0,0.0105223488398826,0.12386196490058242,0.05435686605511442,0.012038697455282603,0.0647260039725974,0.0006960628140663003,0.06752301998973621,0.11043495428086292,0.04404042045541229,0.0019005995750351,0.03878696062237261,0.1572506746605027,0.0064171037447526,0.1984825815831931,0.035885477295707,0.024553638711103904,0.0839503738161024,0.0,0.14617749614323633,0.0339133751109026,0.09470247239724951,0.0,0.05541991897521399,0.1293256344331319,0.0037531572550229,0.0,0.1305700027346772,0.0034740412545482,0.0026514383758583,0.2905070180687176,0.017402931705387304,0.0747760031164799,0.0912888994612081,0.2519667110819901,0.0483633255443671,0.0,0.0,0.0,0.030777305473875808,0.007790056936050401,0.0,0.0,0.0363225302122592,0.3560933086987165,0.0972883502968698
s__Lachnospira_pectinoschiza,0.0626956342820337,0.0026715970190456,0.0,0.0,0.0,0.0018208298735620005,0.0,0.13990115552232085,0.0,0.0,0.0,0.0206378329736534,0.0,0.11321094292939507,0.0325887291340292,0.022355415724349605,0.0941723832576043,0.4861854565941359,0.0582568563838397,0.0,0.09279679661054631,0.05454195201893271,0.0,0.0917032666190624,0.0342609701786919,0.23315929670332103,0.0384676844678797,0.0,0.0363830414001529,0.0,0.0,0.0,0.0,0.000657218906759,0.0,0.021635535420888603,0.0416805098311497,0.0,0.0,0.0,0.0,0.037578466400009794,0.0,0.0,0.0,0.0,0.0,0.11733476093177572,0.1352671725314835,0.0,0.0218959894610806,0.0,0.0034003413772192006,0.16938360737414465,0.042861392698813006,0.050334922785905505,0.010390010785578203,0.09690914788790302,0.1541868915819511,0.0036066990081161992,0.0,0.0,0.0,0.0,0.0,0.011517553329666799,0.008833448879868401,0.12008713794778018,0.0,0.015904022294649402,0.0951491448942403,0.025836678574910402,0.0,0.0,0.11604265329697422,0.0160040290497205,0.14433648129449486,0.04284306223178021,0.5288045813764874,0.0039280568531236,0.0,0.04249677875846021,0.0645695364238103,1.2305944157123094,0.0,0.001448194348318,0.0,0.0,0.0,0.0,0.0,0.0,0.0611039303573073,0.0,0.19940200742453545,0.1044892602484852
s__Lachnospira_sp_NSJ_43,0.0,0.0,0.0021377985666810005,0.20612933094726768,0.004754961744593099,0.028269550985680403,0.0,0.0,0.006934627351507002,0.015740610521492,0.0,0.1206882151507423,0.0,0.018734773930475596,0.012441630776324698,0.0,0.0,0.0382315204181368,0.0,0.0,0.08891382481233992,0.0,0.0,0.0,0.0088296728514233,0.007075892794105401,0.0,0.10428489784497451,0.0006477692830889,0.0,0.0013033515942811,0.004490297613316501,0.0,0.0043290723640878,0.0,0.0,0.0052921378267041,0.0,0.0,0.0032310029891065998,0.0,0.0,0.005561034031902802,0.0,0.0,0.0,0.0,0.0,0.0,0.00332228748389,0.04887263515938859,0.0,0.0,0.019171123553172208,0.0,0.00480831418473,0.0019863255913604005,0.24844635404802276,0.0023212442619544,0.01965029114766839,0.0,0.12334823874400741,0.0,0.0,0.0035636881559042003,0.0171631662609119,0.004123671633493101,0.0059681655047408,0.036896386940369605,0.0,0.0689627181250445,0.003457696760954501,0.0,0.07520733190615508,0.0,0.0,0.0,0.05290639649450811,0.0,0.0018069061524369,0.0,0.007082796459746401,0.0373782625632721,0.2378432988957836,0.0,0.0,0.0,0.0,0.0,0.0,0.0,0.0,0.0,0.0,0.0013874042477621004,0.0105858447351967
s__Lacrimispora_amygdalina,0.052586831979245706,0.0024660895560421,0.5063924799410787,0.05614456377516251,0.032902015779048895,0.19343983009321614,0.22830834486102589,0.037107572234750315,0.020010159646818602,0.1499233261755856,0.0,0.2610578101804169,0.0020315581854041,0.09265473264456549,0.3294823582215334,0.5432636617296638,0.062226765327502,0.10436296632869309,0.1572108101953208,0.11994212533298411,0.23175319914307946,0.1692542638818653,0.047983352963768,1.0929092014683095,0.1049136822832242,0.1456755312489177,0.3348937355500673,0.48476613187332807,0.0878652763275599,0.15879353809133318,0.097094562468448,0.08360658156613951,0.17913167015158132,0.1254716617208389,0.20300015924628845,0.0156713669113279,0.0857116218235605,0.0,0.1101537419780431,0.011651625823548398,0.044718979568618214,0.03760036527319139,0.08479706173072603,0.006329630772631401,0.0701624657451747,0.0,0.0226455496818458,0.26257510294696984,0.1379265334076046,0.11824075618891108,0.0251410537674385,0.0231224803311187,0.012855209093813201,0.08999132734886893,0.04667263862688081,0.027766321348441304,0.15501828183513675,0.09225120686907072,0.0070575204328112,0.03696521014064909,0.001212652489593,0.028405744691105808,0.0,0.042374699232338,0.1745167787347466,0.007669986387660198,0.015489934054745802,0.30510026859476,0.09428093839995022,0.12647882993268023,0.0,0.039235253523597705,0.0,0.24985715408478115,0.0528915658382813,0.001727868623067,0.03354847943601769,0.040619276478635405,0.44960055206420635,0.013964242112854701,0.0113741426061321,0.14850620960926333,0.0444292948967577,0.0230586213040585,0.14557931242726083,0.1597628907996181,0.0240363494787441,0.0,0.0575240807383925,0.016886764771384705,0.012434349323769302,0.12454183749668762,0.0251720553168062,0.2782253029475378,0.11182478236960493,0.1018903402835427
s__Lacrimispora_celerecrescens,0.0041488209451013,0.0018495671670316,0.0,0.0,0.0,0.0,0.007039199163732202,0.0,0.0,0.0206163949802533,0.0,0.037557622931146,0.0443984220907221,0.005594411659794799,0.0,0.0625285557131679,0.1398613358612811,0.025713507490252703,0.0431396925945713,0.0,0.008866465015151002,0.0194425754432791,0.0,0.0412636320396316,0.0118342143078103,0.0016316914647159003,0.0,0.0,0.0,0.0739998253330935,0.0247226298474209,0.0033013772050625,0.007591250655814801,0.0140873443927085,0.0,0.010858899907061901,0.015574380800176502,0.0051452833889885,0.013735853379928399,0.06279011118652798,0.0,0.0591598059321779,0.007256046492566502,0.012702989564417504,0.0187823572154351,0.0,0.042976272911943,0.0322063235797632,0.0081370085771275,0.0249625425702129,0.0473648275018887,0.002497151626856,0.0,0.03676399480413112,0.0071385241192128005,0.000761880768707,0.022732392878904207,0.037657398163188506,0.0,0.0011193203818290998,0.0,0.011636088186718102,0.0,0.0,0.0034152011494081006,0.0,0.048018795569686606,0.0036601106527929,0.0101500998535422,0.07753908413474801,0.0,0.0,0.0328939492103442,0.08059011473411619,0.0242129770424464,0.003087502949415,0.0,0.0,0.08847499147677268,0.0087006459296689,0.0,0.024897102706987802,0.0070899883132061,0.0,0.010517696392217602,0.0006365689443155,0.0,0.0,0.0056564504325753,0.0,0.011278995798745601,0.00019755479840850003,0.0132523467697405,0.0007587812850883,0.0,0.0036891985843619003
s__Lancefieldella_parvula,0.0,0.0,0.0,0.0,0.0,0.0,0.0,0.0,0.0,0.0,0.0,0.0,0.0,0.0,0.0,0.0,0.0,0.0,0.0,0.0,0.0,0.0,0.0,0.0,0.0,0.0,0.0,0.0,0.0,0.0,0.0,0.0,0.0,0.0,0.0,0.0,0.0,0.0,0.0,0.0,0.0,0.0,0.0,0.0,0.0,0.0,0.0,0.0,0.0,0.0,0.0,0.0,0.0,0.0,0.0,0.0,0.0,0.0,0.0,0.0,0.0,0.0,0.0,0.0,0.0,0.0,0.0,0.0,0.0,0.0,0.0,0.0,0.0,0.0,0.0,0.0,0.0,0.0,0.0,0.0,0.0,0.0,0.0,0.0,0.0,0.0,0.0,0.0,0.0,0.0,0.0,0.0,0.0,0.0,0.0,0.0
s__Lancefieldella_rimae,0.0,0.0,0.0,0.0,0.0,0.0,0.0,0.0,0.0,0.0,0.0,0.0,0.0,0.0,0.0,0.0,0.0,0.0,0.0,0.0,0.0,0.0,0.0,0.0,0.0,0.0,0.0,0.0,0.0,0.0,0.0,0.0,0.0,0.0,0.0,0.0,0.0,0.0,0.0,0.0,0.0,0.0,0.0,0.0,0.0,0.0,0.0,0.0,0.0,0.0,0.0,0.0,0.0,0.0,0.0,0.0,0.0,0.0,0.0,0.0,0.0,0.0,0.0,0.0,0.0,0.0,0.0,0.0,0.0,0.0,0.0,0.0,0.0,0.0,0.0,0.0,0.0,0.0,0.0,0.0,0.0,0.0,0.0,0.0,0.0,0.0,0.0,0.0,0.0,0.0,0.0,0.0,0.0,0.0,0.0,0.0
s__Lautropia_mirabilis,0.0,0.0,0.0,0.0,0.0,0.0,0.0,0.0,0.0,0.0,0.0,0.0,0.0,0.0,0.0,0.0,0.0,0.0,0.0,0.0,0.0,0.0,0.0,0.0,0.0,0.0,0.0,0.0,0.0,0.0,0.0,0.0,0.0,0.0,0.0,0.0,0.0,0.0,0.0,0.0,0.0,0.0,0.0,0.0,0.0,0.0,0.0,0.0,0.0,0.0,0.0,0.0,0.0,0.0,0.0,0.0,0.0,0.0,0.0,0.0,0.0,0.0,0.0,0.0,0.0,0.0,0.0,0.0,0.0,0.0,0.0,0.0,0.0,0.0,0.0,0.0,0.0,0.0,0.0,0.0,0.0,0.0,0.0,0.0,0.0,0.0,0.0,0.0,0.0,0.0,0.0,0.0,0.0,0.0,0.0,0.0
s__Leptotrichia_sp_oral_taxon_215,0.0,0.0,0.0,0.0,0.0,0.0,0.0,0.0,0.0,0.0,0.0,0.0,0.0,0.0,0.0,0.0,0.0,0.0,0.0,0.0,0.0,0.0,0.0,0.0,0.0,0.0,0.0,0.0,0.0,0.0,0.0,0.0,0.0,0.0,0.0,0.0,0.0,0.0,0.0,0.0,0.0,0.0,0.0,0.0,0.0,0.0,0.0,0.0,0.0,0.0,0.0,0.0,0.0,0.0,0.0,0.0,0.0,0.0,0.0,0.0,0.0,0.0,0.0,0.0,0.0,0.0,0.0,0.0,0.0,0.0,0.0,0.0,0.0,0.0,0.0,0.0,0.0,0.0,0.0,0.0,0.0,0.0,0.0,0.0,0.0,0.0,0.0,0.0,0.0,0.0,0.0,0.0,0.0,0.0,0.0,0.0
s__Leptotrichia_sp_oral_taxon_221,0.0,0.0,0.0,0.0,0.0,0.0,0.0,0.0,0.0,0.0,0.0,0.0,0.0,0.0,0.0,0.0,0.0,0.0,0.0,0.0,0.0,0.0,0.0,0.0,0.0,0.0,0.0,0.0,0.0,0.0,0.0,0.0,0.0,0.0,0.0,0.0,0.0,0.0,0.0,0.0,0.0,0.0,0.0,0.0,0.0,0.0,0.0,0.0,0.0,0.0,0.0,0.0,0.0,0.0,0.0,0.0,0.0,0.0,0.0,0.0,0.0,0.0,0.0,0.0,0.0,0.0,0.0,0.0,0.0,0.0,0.0,0.0,0.0,0.0,0.0,0.0,0.0,0.0,0.0,0.0,0.0,0.0,0.0,0.0,0.0,0.0,0.0,0.0,0.0,0.0,0.0,0.0,0.0,0.0,0.0,0.0
s__Leptotrichia_wadei,0.0,0.0,0.0,0.0,0.0,0.0,0.0,0.0,0.0,0.0,0.0,0.0,0.0,0.0,0.0,0.0,0.0,0.0,0.0,0.0,0.0,0.0,0.0,0.0,0.0,0.0,0.0,0.0,0.0,0.0,0.0,0.0,0.0,0.0,0.0,0.0,0.0,0.0,0.0,0.0,0.0,0.0,0.0,0.0,0.0,0.0,0.0,0.0,0.0,0.0,0.0,0.0,0.0,0.0,0.0,0.0,0.0,0.0,0.0,0.0,0.0,0.0,0.0,0.0,0.0,0.0,0.0,0.0,0.0,0.0,0.0,0.0,0.0,0.0,0.0,0.0,0.0,0.0,0.0,0.0,0.0,0.0,0.0,0.0,0.0,0.0,0.0,0.0,0.0,0.0,0.0,0.0,0.0,0.0,0.0,0.0
s__Megasphaera_micronuciformis,0.0,0.0,0.0,0.0,0.0,0.0,0.0,0.0,0.0,0.0,0.0,0.0,0.0,0.0,0.0,0.0,0.0,0.0,0.0,0.0,0.0,0.0,0.0,0.0,0.0,0.0,0.0,0.0,0.0,0.0,0.0,0.0,0.0,0.0,0.0,0.0,0.0,0.0,0.0,0.0,0.0,0.0,0.0,0.0,0.0,0.0,0.0,0.0,0.0,0.0,0.0,0.0,0.0,0.0,0.0,0.0,0.0,0.0,0.0,0.0,0.0,0.0,0.0,0.0,0.0,0.0,0.0,0.0,0.0,0.0,0.0,0.0,0.0,0.0,0.0,0.0,0.0,0.0,0.0,0.0,0.0,0.0,0.0,0.0,0.0,0.0,0.0,0.0,0.0,0.0,0.0,0.0,0.0,0.0,0.0,0.0
s__Methylobacterium_SGB15164,0.0,0.0,0.005639165948867001,0.30041829195869735,0.05782497380131269,0.032868313615048106,0.0,0.0,0.19008955416749732,0.0,0.0,0.0577104937722579,0.0164102564102565,0.0,0.369113982883784,0.012936583680338402,0.0350607737894346,0.019385213131873,0.0,0.0,0.0,0.0007258859298179,0.1270678358285284,0.0,0.0,0.009617566037220701,0.03356552362633,0.23997064184771494,0.0,0.021467975877758196,0.0,0.011931665525692301,0.0,0.1402876618580044,0.05306481740356191,0.021923460797212205,0.0280890392340329,0.0178417465664463,0.0,0.21304604665338764,0.025023389284247008,0.005387122805595899,0.16097974506546361,0.0657560088037568,0.0,0.0,0.0425437043325748,0.026165586027585903,0.0197280077742336,0.0563336506147925,0.0,0.0298895706176375,0.05960723818623601,0.22808840379118997,0.08259211909962022,0.0,0.017537387486115007,0.07490380153060482,0.2907885993612172,0.007006116464042097,0.05960653391152071,0.8208718339073764,0.0442470684529296,0.0,0.0495798114689973,0.07130572590887409,0.06597874613587701,0.3978458336810061,0.026790514101448202,0.0,0.181932359501164,0.08520981415998351,0.0,0.011169906150044298,0.0133968352601669,0.0243884407288661,0.0,0.06384235554645051,0.04573811710867829,0.0226256074739926,0.12086940771901819,0.0,0.0084534476042072,0.0,0.03361409966717241,0.0,0.0,0.0,0.0328612834654367,0.06690419108607192,0.0,0.021006660230770302,0.027849671004934698,0.0024742867992016,0.019914587125571908,0.0290445153153548
s__Mogibacterium_diversum,0.0,0.0,0.0,0.0,0.0,0.0,0.0,0.0,0.0,0.0,0.0,0.0,0.0,0.0,0.0,0.0,0.0,0.0,0.0,0.0,0.0,0.0,0.0,0.0,0.0,0.0,0.0,0.0,0.0,0.0,0.0,0.0,0.0,0.0,0.0,0.0,0.0,0.0,0.0,0.0,0.0,0.0,0.0,0.0,0.0,0.0,0.0,0.0,0.0,0.0,0.0,0.0,0.0,0.0,0.0,0.0,0.0,0.0,0.0,0.0,0.0,0.0,0.0,0.0,0.0,0.0,0.0,0.0,0.0,0.0,0.0,0.0,0.0,0.0,0.0,0.0,0.0,0.0,0.0,0.0,0.0,0.0,0.0,0.0,0.0,0.0,0.0,0.0,0.0,0.0,0.0,0.0,0.0,0.0,0.0,0.0
s__Neisseria_sicca,0.0,0.0,0.0,0.0,0.0,0.0,0.0,0.0,0.0,0.0,0.0,0.0,0.0,0.0,0.0,0.0,0.0,0.0,0.0,0.0,0.0,0.0,0.0,0.0,0.0,0.0,0.0,0.0,0.0,0.0,0.0,0.0,0.0,0.0,0.0,0.0,0.0,0.0,0.0,0.0,0.0,0.0,0.0,0.0,0.0,0.0,0.0,0.0,0.0,0.0,0.0,0.0,0.0,0.0,0.0,0.0,0.0,0.0,0.0,0.0,0.0,0.0,0.0,0.0,0.0,0.0,0.0,0.0,0.0,0.0,0.0,0.0,0.0,0.0,0.0,0.0,0.0,0.0,0.0,0.0,0.0,0.0,0.0,0.0,0.0,0.0,0.0,0.0,0.0,0.0,0.0,0.0,0.0,0.0,0.0,0.0
s__Neisseria_sp_oral_taxon_014,0.0,0.0,0.0,0.0,0.0,0.0,0.0,0.0,0.0,0.0,0.0,0.0,0.0,0.0,0.0,0.0,0.0,0.0,0.0,0.0,0.0,0.0,0.0,0.0,0.0,0.0,0.0,0.0,0.0,0.0,0.0,0.0,0.0,0.0,0.0,0.0,0.0,0.0,0.0,0.0,0.0,0.0,0.0,0.0,0.0,0.0,0.0,0.0,0.0,0.0,0.0,0.0,0.0,0.0,0.0,0.0,0.0,0.0,0.0,0.0,0.0,0.0,0.0,0.0,0.0,0.0,0.0,0.0,0.0,0.0,0.0,0.0,0.0,0.0,0.0,0.0,0.0,0.0,0.0,0.0,0.0,0.0,0.0,0.0,0.0,0.0,0.0,0.0,0.0,0.0,0.0,0.0,0.0,0.0,0.0,0.0
s__Neisseria_subflava,0.0,0.0,0.0,0.0,0.0,0.0,0.0,0.0,0.0,0.0,0.0,0.0,0.0,0.0,0.0,0.0,0.0,0.0,0.0,0.0,0.0,0.0,0.0,0.0,0.0,0.0,0.0,0.0,0.0,0.0,0.0,0.0,0.0,0.0,0.0,0.0,0.0,0.0,0.0,0.0,0.0,0.0,0.0,0.0,0.0,0.0,0.0,0.0,0.0,0.0,0.0,0.0,0.0,0.0,0.0,0.0,0.0,0.0,0.0,0.0,0.0,0.0,0.0,0.0,0.0,0.0,0.0,0.0,0.0,0.0,0.0,0.0,0.0,0.0,0.0,0.0,0.0,0.0,0.0,0.0,0.0,0.0,0.0,0.0,0.0,0.0,0.0,0.0,0.0,0.0,0.0,0.0,0.0,0.0,0.0,0.0
s__Odoribacter_splanchnicus,0.0881150600725893,0.1265788967126198,0.4319046444771638,1.0844809478292627,1.1396483555022703,0.45923430368780876,0.29986440639897,0.8521889495145155,0.14704751974278282,1.049759212343797,0.8414723972749449,0.2959616125529563,0.4994082840236473,0.10241242740001139,0.19844032992650742,0.7384260247012616,0.8639365583238927,0.813301304875818,0.9629210207047496,0.3168252642629264,0.20662808750763575,0.4382899244240927,0.9572802622216724,1.808448203641434,0.2422181609814735,0.5950810150501596,1.3812433093535923,0.47427733148661,0.5895934322363867,0.602696650911894,0.5741520338083157,0.8951509138074102,0.9353076167732775,0.49522873361060166,0.3402787899976709,0.8009261325390409,0.2797873164658931,0.1918285515348345,0.24726589275705577,0.5735888094068606,0.3595277695490081,0.10523503513125869,0.19997664133511345,0.16134545867575253,0.0056906266169357,0.0,0.3160205748321976,0.7428793985351347,0.3282774397834796,0.1343438654687622,1.098601770625101,0.4082175731994193,0.22547780925491284,0.2742445470996136,0.6137618343345177,0.8598247741954812,0.47327178213980176,0.48911805654261703,0.3585267273691346,0.15553025799366077,0.0749862323131988,0.8125155254791782,0.4204316657142275,1.3710969284432903,0.3983609410274798,0.3935960391687224,0.40363837618600074,0.1432632863723781,1.7567523041721922,0.23780698599525485,0.22086292618468,0.682430882482649,0.21234613361265559,0.7493187494456083,0.2944900170173781,0.3611811936512987,0.23845785684134513,0.109204769992283,1.6322957564380483,0.0661288371223158,0.2130737485763026,0.39835364331180345,0.4399493572263132,0.2141239068231093,0.27143181015932716,0.6126976089038194,0.5312983824894589,0.1147209999311559,0.9686671365785215,0.14833031108839845,0.32703368244454745,0.36834092163262333,0.9501093565393304,0.4123646379549209,0.18828142876169496,0.3574719329321275
s__Oribacterium_SGB5287,0.0,0.0,0.0,0.0,0.0,0.0,0.0,0.0,0.0,0.0,0.0,0.0,0.0,0.0,0.0,0.0,0.0,0.0,0.0,0.0,0.0,0.0,0.0,0.0,0.0,0.0,0.0,0.0,0.0,0.0,0.0,0.0,0.0,0.0,0.0,0.0,0.0,0.0,0.0,0.0,0.0,0.0,0.0,0.0,0.0,0.0,0.0,0.0,0.0,0.0,0.0,0.0,0.0,0.0,0.0,0.0,0.0,0.0,0.0,0.0,0.0,0.0,0.0,0.0,0.0,0.0,0.0,0.0,0.0,0.0,0.0,0.0,0.0,0.0,0.0,0.0,0.0,0.0,0.0,0.0,0.0,0.0,0.0,0.0,0.0,0.0,0.0,0.0,0.0,0.0,0.0,0.0,0.0,0.0,0.0,0.0
s__Oribacterium_asaccharolyticum,0.0,0.0,0.0,0.0,0.0,0.0,0.0,0.0,0.0,0.0,0.0,0.0,0.0,0.0,0.0,0.0,0.0,0.0,0.0,0.0,0.0,0.0,0.0,0.0,0.0,0.0,0.0,0.0,0.0,0.0,0.0,0.0,0.0,0.0,0.0,0.0,0.0,0.0,0.0,0.0,0.0,0.0,0.0,0.0,0.0,0.0,0.0,0.0,0.0,0.0,0.0,0.0,0.0,0.0,0.0,0.0,0.0,0.0,0.0,0.0,0.0,0.0,0.0,0.0,0.0,0.0,0.0,0.0,0.0,0.0,0.0,0.0,0.0,0.0,0.0,0.0,0.0,0.0,0.0,0.0,0.0,0.0,0.0,0.0,0.0,0.0,0.0,0.0,0.0,0.0,0.0,0.0,0.0,0.0,0.0,0.0
s__Oribacterium_sinus,0.0,0.0,0.0,0.0,0.0,0.0,0.0,0.0,0.0,0.0,0.0,0.0,0.0,0.0,0.0,0.0,0.0,0.0,0.0,0.0,0.0,0.0,0.0,0.0,0.0,0.0,0.0,0.0,0.0,0.0,0.0,0.0,0.0,0.0,0.0,0.0,0.0,0.0,0.0,0.0,0.0,0.0,0.0,0.0,0.0,0.0,0.0,0.0,0.0,0.0,0.0,0.0,0.0,0.0,0.0,0.0,0.0,0.0,0.0,0.0,0.0,0.0,0.0,0.0,0.0,0.0,0.0,0.0,0.0,0.0,0.0,0.0,0.0,0.0,0.0,0.0,0.0,0.0,0.0,0.0,0.0,0.0,0.0,0.0,0.0,0.0,0.0,0.0,0.0,0.0,0.0,0.0,0.0,0.0,0.0,0.0
s__Oscillibacter_SGB15077,0.0,0.0,0.0,0.044476865797038814,0.07356273742913999,0.0,0.0,0.0,0.0,0.0,0.105519920937177,0.0,0.0,0.0,0.0189691924854023,0.0,0.0,0.0,0.0,0.0,0.0,0.0,0.0005239310605687,0.0,0.0,0.0,0.0,0.038218566409103705,0.0,0.0,0.0,0.0,0.0,0.0,0.07861166253676143,0.0,0.0,0.0,0.0,0.0,0.002047256097184801,0.029432085572030395,0.0,0.0,0.0,0.0,0.324438125565768,0.0,0.0085396209806833,0.0,0.0,0.0,0.0,0.0,0.0,0.0,0.0,0.38820170939584425,1.2825460720092017,0.0,0.0,0.0,0.1696549365776777,0.0,0.0163929655171596,0.09361155517398478,0.007996155147179503,0.0,0.0,0.0,0.0,0.11711346992195762,0.3131899157147714,0.0,0.0,0.0,0.0,0.0,0.003813222797151999,0.0,0.0,0.0,0.0012076353720296,0.0,0.0,0.0,0.0,0.0,0.027827715967402297,0.22141062688354496,0.006657581698651001,0.0,0.0,0.0,0.0,0.0
s__Oscillibacter_sp_ER4,1.2677701687980418,4.520972379111984,1.5708774981331788,0.0,0.23852511756351508,1.7039349300766429,0.3647510321533735,1.7919125121218862,2.970401673668139,5.810793633972948,0.0,3.258110318108266,1.3753846153846292,3.3576661328846757,0.0924656109767064,0.0,0.7197995183419211,2.7985072616023317,1.4858287167643618,4.101545064335829,2.9875211253392795,2.4906262999639925,7.572040884669329,3.812089846876189,4.001711975458456,1.414880461341938,3.359253310475631,1.4380407550205567,0.0,0.19983666608084527,0.0,2.345973503422554,8.020638735476194,1.2409578822692395,0.3088963711030523,2.481587686336574,1.133778153057031,1.6178819560033026,0.0,0.49468657269499444,1.5063858357503692,0.0,0.9333597724318129,0.2220836772815211,2.433877714683868,0.0,0.7101606968890284,0.6690445139980266,2.509472516299985,1.2475643366417757,3.1786879910004338,1.1406264266884882,0.17958918972847762,2.1426631769755002,2.4094333781356636,2.115268835555004,2.5769943090923224,1.7846250271856257,1.430754001098257,0.26733792724528066,0.4811898359665977,3.527502949662821,0.0,0.1878048124278484,2.6306255044846383,1.0148775103173877,2.9134263399212097,3.7360989202264214,2.9595833638315656,5.226452351130832,0.5359520233422386,1.707621964250286,0.0,2.0342117546331004,1.5877590118069365,2.8182103756528174,2.84948193561006,7.84089967052794,0.0,2.307969084621344,1.836262743529515,0.8850097263250286,1.1321581612777556,1.5933575676709153,0.11721588234311013,1.595751029610495,0.3846766506691289,0.0,2.086337971903287,4.989516659694653,0.0,0.0,1.228346942489871,1.4988569619750147,0.6572240645053367,0.9893391035272804
s__Oscillibacter_valericigenes,0.029020686610912998,0.0,0.0,0.03094765475113391,0.046007154245852694,0.0,0.0,0.0,0.0,0.0,0.5626342293309925,0.0001481828738317,0.0,0.03642872708703599,0.0482205216478711,0.0,0.1546430558212997,0.0086224935296654,0.0,0.0,0.0,0.0714048405423849,0.0,0.0,0.0,0.025197081657058206,0.0,0.010895241401707601,0.09824500793516121,0.0,0.0,0.031209160716656602,0.0,0.0,0.14739362527106475,0.0,0.0,0.0,0.0,0.0,0.11151379295629203,0.46624890916236683,0.0,0.015621834842988503,0.0,0.078245777099091,0.10610790341374242,0.0,0.0042804055535931,0.147505933369427,0.0,0.0635725242409227,0.007195079716686502,0.20467766130860487,0.001966118931139,0.0,0.0,0.2670096189906832,1.585761534591,0.008346537168207898,0.0278910072606231,0.0,0.46051797545281736,0.0019087702356913002,0.0253318833082196,0.27472382390816025,0.00037678217970980003,0.0,0.0,0.0,0.3462572165023496,0.014951336920053501,0.8521043874949114,0.0052311551426675994,0.0343712949970418,0.007166405928458899,0.008985719431940997,0.0,0.0,0.0,0.0973971868696437,0.0,0.1466692637319611,0.4401075096825557,0.038046907944474705,0.0,0.0,0.0,0.1913260689470607,0.8854014320343834,0.0017387498594414001,0.0,0.0,0.012668348411912101,0.0,0.0
s__Parabacteroides_distasonis,0.657282749729023,0.1455814867916718,0.8354516798589928,0.0,0.793197203804148,0.6413406350167422,0.10979233403819855,0.6995291451004163,1.2442921611417959,0.3333711934708293,0.3727087728190867,0.7204247190587465,0.9769822485207087,0.10377850466579729,0.3522183955277747,25.005739763394853,0.7209600666032523,0.8605864435001218,1.0332562216937895,1.0947844017430657,0.5722503731909592,1.0397478383954633,0.8464979501924836,1.4725686715002488,0.0,0.16682476292619744,1.5939518757725857,0.6033944642471473,1.056218662233028,1.6408505870808685,1.0485617515157126,0.5923583626909956,1.4460149210855886,1.019317949648455,0.9894020793316307,0.9949261378862281,0.0,0.826746993433447,0.0,0.57430363307701,0.9509504571424193,1.7620052360205833,0.5759791657427248,0.8381240111318449,0.1631203317536398,0.0,0.7152346094145292,1.1238179387362002,1.644957735233194,1.2512315610775555,0.7277794221622175,1.0413694150775137,4.613804895660178,0.12154090033103422,0.49960594439422307,0.0187253362264488,0.6733304211876148,0.5490547975936286,0.1437764627707503,1.1560506728773723,0.22282489496271277,0.8565786535391887,1.255834001330134,0.243304579376094,0.1178986831578103,0.26999609459380464,0.9181344425800809,0.47487204294129026,0.48162113237521603,0.582701055441146,0.0,2.0745700330066135,0.6448376375588755,0.9488607832934685,1.5593587330920484,0.2625652164183594,1.0205786426667334,0.443490437228647,4.590174650743235,0.8281718666283083,1.4537602121911029,5.700202396274634,0.3447993767043313,0.2962189785212968,1.842445235189123,0.3557624687543954,0.1757233685055953,14.115217338039724,0.5661669181486193,0.15956902129316305,0.0,0.29020799886206394,0.528933981966182,0.1863632817158425,0.4004262105848915,1.3316105240791982
s__Parabacteroides_goldsteinii,0.0,0.0,0.0,0.0,0.0,0.0,0.0,0.013693348444309507,0.0,0.0,0.0,0.1582323669115676,0.1413609467455543,0.0,0.0,0.0,0.0,0.0179994552431768,0.0,0.0,0.0,0.0,0.0,0.0,0.073243362645991,0.0,0.0,0.06841320052238291,0.0,0.0,0.0,0.0,0.013889986211958801,0.0,0.0,0.0,0.0,0.0,0.0,0.023145990439662496,0.566325301100814,0.0,0.021652042733818308,0.0,0.0113812532338714,0.0,0.0,0.0,0.0,0.0239640408674042,0.10931605516870652,0.0,0.0,0.11330923146074523,0.09280081354976451,0.0,0.3590325949238685,0.023700699889888002,0.0,0.0,0.0,0.0,0.0,0.0,0.0,0.0,0.0,0.0,0.0,0.019531255449569702,0.0,0.0,0.0,0.0,0.0,0.0250965836071723,0.0,0.011147077952557701,0.0,0.0092702141733718,0.0,0.04625280718407511,0.0,0.0,0.08916323955514592,0.0070181726110801,0.0,0.2577867488704884,0.1363776933163193,0.0,0.0,0.0,0.0,0.004734135409139,0.0,0.0
s__Parabacteroides_merdae,0.0,0.140142389270855,0.0,0.0,0.0,0.0,0.46955840802896187,0.8296860577877939,0.21624061875812123,1.0786616225314345,0.5223470112830114,0.8268873783216495,0.313136094674533,0.0714046418437905,0.4312853272069022,0.0,0.850620794062382,0.6794216955178971,4.9312726805539775,0.0,1.919724645388143,0.0,2.5901259661252496,2.182318278256532,0.0,0.5013999598980515,1.850196865782049,1.462571436925016,1.4844404275894212,0.18649106054076978,0.0,2.361164084710168,1.7668499368124293,0.2166107792472924,0.0,0.0,0.0,0.8356678667166604,0.0,0.0,0.6676151464392476,0.0,0.3513667953560355,0.0,0.0009210262732609002,0.0,0.0,0.0,0.0,1.9033439458935744,0.3622016220732647,0.0,0.0499605016771971,0.17729034194692417,1.6781581276861284,0.3245612074692583,0.0,0.49178952271516674,0.0498246874409332,0.0,0.2915613029064836,0.30865579509988955,0.0,0.6747230101706364,0.05434624437752441,0.7188789044945821,0.5431315120519942,1.989543282379045,2.145264514034679,0.042885056608554906,0.0,1.4648788453469823,0.0,0.10861596523274078,0.202875398552674,0.1772906510127188,1.1689506267001288,0.38275856681792964,1.125404358359485,1.696743797991048,0.2445927924689318,0.029869368908527007,0.6849824698091115,0.0,0.6651011710792307,1.1260427198235703,0.1320098041145975,0.9756978344022094,0.625155615516918,1.0911995503597502,0.0,0.24412834213327853,0.604919039143154,0.3959518688535534,0.3276621939599622,0.6222701832124335
s__Paraprevotella_clara,2.2262109871308824,0.4494859230812777,0.0,0.0,0.0,0.5162286131275643,0.0,1.8187150217902177,0.0,1.1888177124566643,1.0433245345170832,0.0,0.5292899408284079,0.8217496847722602,0.559738416553393,0.0,0.0,0.2873753914958458,0.0,0.0,2.1550285834483263,0.7918633771005216,0.9316804084566661,0.0,0.0,0.0,0.0,0.0,0.0,0.0,0.0,0.0,0.0,0.0,0.0,0.85995083468537,0.0,0.0,0.0,0.0,0.0,0.0,0.0,0.0,0.1949944195675761,0.0,0.0,0.0,0.0,0.0,1.886431271668618,0.0,0.0,0.0,0.9677539858902278,0.0,0.0,0.0,0.42213819891138654,0.0,0.0174202194178079,0.0,0.0,0.0,0.915956948271278,0.7089456434351493,0.5889942762600545,2.813751035722576,0.0,0.0,0.0,0.0,0.0,0.0,0.0,0.4695978683199864,0.8801027923257728,0.2620830032254655,0.0,1.2880884032763038,0.0,0.0,1.3590183093105035,0.0,0.8070001076305524,0.0,0.2523545098098756,0.0,0.40024437212640657,0.0,0.0,0.0,0.0,1.043604686167243,0.0,0.0
s__Parasutterella_SGB9260,0.0,0.0,0.0,0.0,0.0,0.0,0.0,0.0,0.0,0.0118371645819636,0.0,0.0,0.0,0.0,0.0031533521790092995,0.0,0.0,0.0,0.0,0.0,0.0,0.0,0.0,0.0,0.0395649056068004,0.0,0.0,0.0,0.0,0.0,0.0,0.05042296374290951,0.0,0.0,1.6527641686434467,0.0,0.0,0.0,1.791255887142614,2.663161362007909,0.0,0.0,0.7796128545101154,0.012910697655402002,0.0,0.0,1.213027515921165,0.0,0.0,0.0782280697709374,0.0,0.0,0.0,0.0,0.0,1.0223254768188617,0.0,0.0,0.0,0.6147279899465572,0.0106573497643082,0.0,0.0061241167326862,0.0,0.0,0.0,0.0,0.0,0.0,0.0,0.0,0.0,2.8843809068176127,0.0,0.0,0.0,0.0,0.0,0.0,0.0,0.0,0.0,0.0,0.0,0.0,0.0205930053486114,0.0,0.0,0.0,0.032028602115671316,6.2615356615880575,0.0,0.0,0.0,0.05639264650133042,0.0
s__Parasutterella_excrementihominis,0.0572410930395075,0.1823399216742536,0.019309521107698704,1.0506246789097662,0.12861591645740117,0.006723064148536701,0.07291186059864073,0.06774235006832653,0.0,0.025280801500050805,0.0796036597574528,0.0798975113359677,2.3502958579881965,0.0,0.0,0.0,0.1542002150373583,0.049055829259838896,0.3153063399000018,0.0837582630185053,0.04308645177149591,0.0,0.0895194431544083,0.0765108335480538,0.8188601812106483,0.02579327661532,0.0,0.06496500739524952,0.945650614841009,0.005834209962314799,2.3745013525608143,3.6594014783588675,0.07394642725159531,0.0378758113438705,0.0,0.09402820146796131,0.0,0.0196402136769494,0.0,1.118741933214879,0.03151047788135741,0.04549490905943769,0.0,0.0,0.0,0.069206018760014,0.0,0.07581563362574692,0.0354298915129011,3.0813217911378135,0.004162860271792,0.4040429456705633,0.0339181387533199,0.024014191892270706,0.16217456383540782,0.917592267147218,0.09232169714374763,0.22993446345484872,0.0339042343715789,0.14708698943443754,0.1069699417262099,0.015942581608763304,0.0,0.0341578978368001,0.0251982450023731,0.17062576275499847,0.22864398605403646,0.0,0.041529166721013804,0.20954246918037833,0.0,1.536658068847551,0.0,0.038361804379564594,0.652447382949113,0.0649933533709272,0.21498468257675493,0.012090075708645301,0.009404579135833199,0.0,0.0428374991420604,0.16630263000686052,0.0186988702765878,1.1901506876345174,0.7465274426818327,0.0,0.0119774351639842,0.0,0.1865281868837328,0.22091699609823176,0.0,0.030670382452919503,0.1406673679469488,0.0032660585749459997,0.2717391304347686,0.0205885171855803
s__Phascolarctobacterium_faecium,0.0,0.0,0.0,0.0,0.0,0.0,0.0,0.0,0.0,0.0,0.0,0.0,1.642406311637087,0.0,0.0,0.0,0.4800241394038374,0.0,1.195409921321496,0.0,0.13077516783469184,0.0,0.0,0.0063191440170759,0.0,0.0,0.0,0.6656848275437967,0.0,0.0,0.0,0.0,0.0,0.8129369255585279,0.0,0.0,0.0,0.0,1.3682470392203676,1.1766712434443625,0.0,0.0,0.0,0.0,0.0,0.8244259605261786,0.0,1.2985834798741047,0.1541793604353575,0.2030226280455818,0.0,0.0,0.5511964031849713,0.0,0.003765873952720101,0.0,0.0,0.022364966803608104,0.0,0.0,0.0,0.0,0.0,0.0,0.0,0.0,0.0,0.4337640837438812,0.0,0.0,0.0,0.0,0.7650109735609331,0.0,0.8709460974095508,0.0,0.0,0.0,0.0,0.0,0.0,0.0,0.0,0.2748806397354653,0.0,0.45713607313667565,0.0,0.0,0.0,0.0,0.0,0.0,0.0,0.0,0.0,0.0576579902463057
s__Phocaeicola_dorei,0.8744745792052996,0.0765720807150905,4.4597598131310265,0.0,3.4894228775358647,0.0,0.3834446252633037,0.7056280596805661,0.0,0.0,1.6401959650721505,0.1825343582199755,0.0,0.07530771974596878,0.0,0.0,1.3414410863709008,0.6005720716510634,14.309164847862995,0.0,0.26593165678930436,0.0,0.1855880245659478,0.2842479632112037,0.0575921543451184,0.0,0.0,2.277354561966079,0.0,0.0,3.7331478947946986,0.0,0.0,1.8908473694813448,0.0,0.33522740243388816,0.0,0.435991304947471,2.566787507272151,0.7930539726182376,0.0,0.0,3.0789204767489906,0.0,0.0174666053964905,0.7950837941140046,1.8533809969349735,9.81350645445154,2.372997506557821,0.0229655391645958,0.0039334112804334,0.0,0.18523865972825052,0.20617854830184545,0.5429966768052872,1.2047028021636157,0.5123701397201875,0.9052331624850909,0.0,0.4626109681789525,0.0051654332008626,0.0,0.0,0.0336670712047653,0.0,0.1358970702915284,0.09036492610044042,0.0,0.5217018643676817,0.3561384922261068,8.36653377025505,0.0,8.606568142896027,0.0,1.048115764849228,0.0366534753811089,0.0,0.21538350240907672,0.0,0.014042803249917302,1.4523401845952375,0.0,1.3051032333463255,1.4046961206376027,0.6062315142898335,0.0025940184480861,0.05434659356717559,14.605160594658228,0.1099304206092707,0.12787333296291073,0.0,0.5512437391591846,0.0,0.2662662500847304,0.007150468046159102,0.11212121058450471
s__Phocaeicola_massiliensis,0.0,0.0402657622511298,0.0,0.0,0.36790646688712686,3.7657796501719325,0.0,1.4087324305693414,0.0,0.8971020648242598,0.3839940477542014,0.3109415539803131,0.0,0.0,0.0,0.0,1.1881570936450994,0.7170527208509405,0.0,0.6023692319850126,1.1055464410694862,0.0,0.0,0.0,0.0,1.0948806621655007,0.0,0.0,0.0,0.0,0.0,0.0,0.0,0.0,0.0,0.0,0.0,1.5477179179372609,0.0,0.0,0.31699170762617324,0.0,0.0,0.0,0.0,0.0,0.0,0.0,0.0,0.5908406894164152,0.3682656311305883,0.0,0.0,0.9822299621915794,0.7104041417959007,0.0,0.0,0.0,0.0,0.0,0.007474136979126301,4.861246778329418,0.0,0.0020178428205878,0.0,0.33724049984167925,0.19295434069815462,0.0,0.0,0.0,0.0,0.0,0.0,0.0,1.6398915501517393,0.0,0.6160060414166194,0.0,0.0,0.0,0.0,0.9785348341230592,0.6950720685625396,2.3290004999072775,0.36805394482313253,3.3045567037314365,0.0,0.0,0.9964780178720191,0.0,0.0,0.0,1.872097578732088,0.080166892294114,0.0,1.4973455518914456
s__Phocaeicola_vulgatus,2.5003911895891604,0.0601588846698749,3.175844216654003,0.0,1.234167717010661,1.4937691435166442,0.7674781329469212,0.5593008447346874,2.5239119319036463,1.907305418856672,0.7763783767197923,1.1439717859808445,3.019013806706168,0.35769540596887134,2.378535512082948,0.0,2.632520486349153,0.7326501957537037,0.5831455548229894,8.9649268981101,1.9768687009424635,4.091070765502577,2.051088226643266,7.0264719159456135,3.303493331297655,0.8037963184647631,19.16697295256565,0.4657027371704507,16.73900604430447,2.1251858531310135,0.7838582265448696,17.305936077906704,2.241785520408458,0.770646317645339,1.5099352588479202,1.0644601162683949,2.271902950334016,5.3107542735330515,10.587827795926318,0.40806424034543115,0.8428898672416097,3.33678605567353,2.3229449192930467,3.46383851329983,0.0856554434132522,0.0366036116353844,8.02228827141744,6.475462731987071,0.0,2.020622509532536,0.4796139487941653,4.336179895565733,2.9547580848979123,2.23559438606374,2.6742242261847644,0.0,1.1766856986085488,1.356865068696071,0.2559464885201467,1.1437796049876987,0.3187760232017678,0.9472859537300093,2.5609469886834093,0.6534720348799493,0.9596566742830582,1.7844160462150767,1.4909689497992271,3.319788647729813,15.950085833578726,0.22703689370449412,0.0,6.287693496952882,0.0,1.7816253022129647,2.093587583929473,0.8401548736800574,4.5852054703123155,2.5653057613925854,13.729154082260656,1.984788207030594,0.6423954250608839,7.80660102321378,1.013965718737821,4.378426609102177,0.34477761206089697,22.989480539053176,0.6371126396297866,1.1630090452079418,2.000245449545564,0.09757817848860632,0.0,0.19452562483289884,3.9692629461793367,1.5984882437561834,1.124395091747971,2.721550954298071
s__Porphyromonas_endodontalis,0.0,0.0,0.0,0.0,0.0,0.0,0.0,0.0,0.0,0.0,0.0,0.0,0.0,0.0,0.0,0.0,0.0,0.0,0.0,0.0,0.0,0.0,0.0,0.0,0.0,0.0,0.0,0.0,0.0,0.0,0.0,0.0,0.0,0.0,0.0,0.0,0.0,0.0,0.0,0.0,0.0,0.0,0.0,0.0,0.0,0.0,0.0,0.0,0.0,0.0,0.0,0.0,0.0,0.0,0.0,0.0,0.0,0.0,0.0,0.0,0.0,0.0,0.0,0.0,0.0,0.0,0.0,0.0,0.0,0.0,0.0,0.0,0.0,0.0,0.0,0.0,0.0,0.0,0.0,0.0,0.0,0.0,0.0,0.0,0.0,0.0,0.0,0.0,0.0,0.0,0.0,0.0,0.0,0.0,0.0,0.0
s__Porphyromonas_pasteri,0.0,0.0,0.0,0.0,0.0,0.0,0.0,0.0,0.0,0.0,0.0,0.0,0.0,0.0,0.0,0.0,0.0,0.0,0.0,0.0,0.0,0.0,0.0,0.0,0.0,0.0,0.0,0.0,0.0,0.0,0.0,0.0,0.0,0.0,0.0,0.0,0.0,0.0,0.0,0.0,0.0,0.0,0.0,0.0,0.0,0.0,0.0,0.0,0.0,0.0,0.0,0.0,0.0,0.0,0.0,0.0,0.0,0.0,0.0,0.0,0.0,0.0,0.0,0.0,0.0,0.0,0.0,0.0,0.0,0.0,0.0,0.0,0.0,0.0,0.0,0.0,0.0,0.0,0.0,0.0,0.0,0.0,0.0,0.0,0.0,0.0,0.0,0.0,0.0,0.0,0.0,0.0,0.0,0.0,0.0,0.0
s__Prevotella_copri_clade_A,0.024092645488305,2.67583047278365,0.0,0.0,0.0,37.935473057437655,0.0,31.98871350290408,0.0,0.0,1.431496387585211,0.8408973954839303,0.0,0.0,0.0,0.0,0.0,18.001672455798865,0.0,22.143901769167854,0.0,0.0,6.535588817739447,0.0,0.0,14.820590816652407,0.0,0.0,0.0,0.0,0.0,0.0,0.0,11.95912669894678,0.0,0.0,0.0,24.247564833846212,0.0,0.0,5.653843032681914,0.0,0.0,0.0,7.0873629603364865,0.0,0.0,0.0,0.0,0.0,1.5238363084673323,0.0,0.1447756632770791,0.0,20.434267275115207,0.0,0.0,0.0,10.770690610027875,0.0,0.0362746336069564,0.0,0.0,0.0,0.0,0.0,4.91202554750646,22.194323741977193,0.0,7.098913811081118,0.0,0.0,0.0,0.0,0.0,0.0,0.0,0.0,0.0,0.0,0.0,3.228360089372026,0.0,0.0,0.0,0.0,57.36084685083824,0.0,23.677665825326137,0.3733455906831772,0.0,0.0,0.0,0.0,1.7385029011690392,0.0
s__Prevotella_histicola,0.0,0.0,0.0,0.0,0.0,0.0,0.0,0.0,0.0,0.0,0.0,0.0,0.0,0.0,0.0,0.0,0.0,0.0,0.0,0.0,0.0,0.0,0.0,0.0,0.0,0.0,0.0,0.0,0.0,0.0,0.0,0.0,0.0,0.0,0.0,0.0,0.0,0.0,0.0,0.0,0.0,0.0,0.0,0.0,0.0,0.0,0.0,0.0,0.0,0.0,0.0,0.0,0.0,0.0,0.0,0.0,0.0,0.0,0.0,0.0,0.0,0.0,0.0,0.0,0.0,0.0,0.0,0.0,0.0,0.0,0.0,0.0,0.0,0.0,0.0,0.0,0.0,0.0,0.0,0.0,0.0,0.0,0.0,0.0,0.0,0.0,0.0,0.0,0.0,0.0,0.0,0.0,0.0,0.0,0.0,0.0
s__Prevotella_jejuni,0.0,0.0,0.0,0.0,0.0,0.0,0.0,0.0,0.0,0.0,0.0,0.0,0.0,0.0,0.0,0.0,0.0,0.0,0.0,0.0,0.0,0.0,0.0,0.0,0.0,0.0,0.0,0.0,0.0,0.0,0.0,0.0,0.0,0.0,0.0,0.0,0.0,0.0,0.0,0.0,0.0,0.0,0.0,0.0,0.0,0.0,0.0,0.0,0.0,0.0,0.0,0.0,0.0,0.0,0.0,0.0,0.0,0.0,0.0,0.0,0.0,0.0,0.0,0.0,0.0,0.0,0.0,0.0,0.0,0.0,0.0,0.0,0.0,0.0,0.0,0.0,0.0,0.0,0.0,0.0,0.0,0.0,0.0,0.0,0.0,0.0,0.0,0.0,0.0,0.0,0.0,0.0,0.0,0.0,0.0,0.0
s__Prevotella_melaninogenica,0.0,0.0,0.0,0.0,0.0,0.0,0.0,0.0,0.0,0.0,0.0,0.0,0.0,0.0,0.0,0.0,0.0,0.0,0.0,0.0,0.0,0.0,0.0,0.0,0.0,0.0,0.0,0.0,0.0,0.0,0.0,0.0,0.0,0.0,0.0,0.0,0.0,0.0,0.0,0.0,0.0,0.0,0.0,0.0,0.0,0.0,0.0,0.0,0.0,0.0,0.0,0.0,0.0,0.0,0.0,0.0,0.0,0.0,0.0,0.0,0.0,0.0,0.0,0.0,0.0,0.0,0.0,0.0,0.0,0.0,0.0,0.0,0.0,0.0,0.0,0.0,0.0,0.0,0.0,0.0,0.0,0.0,0.0,0.0,0.0,0.0,0.0,0.0,0.0,0.0,0.0,0.0,0.0,0.0,0.0,0.0
s__Prevotella_nanceiensis,0.0,0.0,0.0,0.0,0.0,0.0,0.0,0.0,0.0,0.0,0.0,0.0,0.0,0.0,0.0,0.0,0.0,0.0,0.0,0.0,0.0,0.0,0.0,0.0,0.0,0.0,0.0,0.0,0.0,0.0,0.0,0.0,0.0,0.0,0.0,0.0,0.0,0.0,0.0,0.0,0.0,0.0,0.0,0.0,0.0,0.0,0.0,0.0,0.0,0.0,0.0,0.0,0.0,0.0,0.0,0.0,0.0,0.0,0.0,0.0,0.0,0.0,0.0,0.0,0.0,0.0,0.0,0.0,0.0,0.0,0.0,0.0,0.0,0.0,0.0,0.0,0.0,0.0,0.0,0.0,0.0,0.0,0.0,0.0,0.0,0.0,0.0,0.0,0.0,0.0,0.0,0.0,0.0,0.0,0.0,0.0
s__Prevotella_nigrescens,0.0,0.0,0.0,0.0,0.0,0.0,0.0,0.0,0.0,0.0,0.0,0.0,0.0,0.0,0.0,0.0,0.0,0.0,0.0,0.0,0.0,0.0,0.0,0.0,0.0,0.0,0.0,0.0,0.0,0.0,0.0,0.0,0.0,0.0,0.0,0.0,0.0,0.0,0.0,0.0,0.0,0.0,0.0,0.0,0.0,0.0,0.0,0.0,0.0,0.0,0.0,0.0,0.0,0.0,0.0,0.0,0.0,0.0,0.0,0.0,0.0,0.0,0.0,0.0,0.0,0.0,0.0,0.0,0.0,0.0,0.0,0.0,0.0,0.0,0.0,0.0,0.0,0.0,0.0,0.0,0.0,0.0,0.0,0.0,0.0,0.0,0.0,0.0,0.0,0.0,0.0,0.0,0.0,0.0,0.0,0.0
s__Prevotella_oris,0.0,0.0,0.0,0.0,0.0,0.0,0.0,0.0,0.0,0.0,0.0,0.0,0.0,0.0,0.0,0.0,0.0,0.0,0.0,0.0,0.0,0.0,0.0,0.0,0.0,0.0,0.0,0.0,0.0,0.0,0.0,0.0,0.0,0.0,0.0,0.0,0.0,0.0,0.0,0.0,0.0,0.0,0.0,0.0,0.0,0.0,0.0,0.0,0.0,0.0,0.0,0.0,0.0,0.0,0.0,0.0,0.0,0.0,0.0,0.0,0.0,0.0,0.0,0.0,0.0,0.0,0.0,0.0,0.0,0.0,0.0,0.0,0.0,0.0,0.0,0.0,0.0,0.0,0.0,0.0,0.0,0.0,0.0,0.0,0.0,0.0,0.0,0.0,0.0,0.0,0.0,0.0,0.0,0.0,0.0,0.0
s__Prevotella_oulorum,0.0,0.0,0.0,0.0,0.0,0.0,0.0,0.0,0.0,0.0,0.0,0.0,0.0,0.0,0.0,0.0,0.0,0.0,0.0,0.0,0.0,0.0,0.0,0.0,0.0,0.0,0.0,0.0,0.0,0.0,0.0,0.0,0.0,0.0,0.0,0.0,0.0,0.0,0.0,0.0,0.0,0.0,0.0,0.0,0.0,0.0,0.0,0.0,0.0,0.0,0.0,0.0,0.0,0.0,0.0,0.0,0.0,0.0,0.0,0.0,0.0,0.0,0.0,0.0,0.0,0.0,0.0,0.0,0.0,0.0,0.0,0.0,0.0,0.0,0.0,0.0,0.0,0.0,0.0,0.0,0.0,0.0,0.0,0.0,0.0,0.0,0.0,0.0,0.0,0.0,0.0,0.0,0.0,0.0,0.0,0.0
s__Prevotella_pallens,0.0,0.0,0.0,0.0,0.0,0.0,0.0,0.0,0.0,0.0,0.0,0.0,0.0,0.0,0.0,0.0,0.0,0.0,0.0,0.0,0.0,0.0,0.0,0.0,0.0,0.0,0.0,0.0,0.0,0.0,0.0,0.0,0.0,0.0,0.0,0.0,0.0,0.0,0.0,0.0,0.0,0.0,0.0,0.0,0.0,0.0,0.0,0.0,0.0,0.0,0.0,0.0,0.0,0.0,0.0,0.0,0.0,0.0,0.0,0.0,0.0,0.0,0.0,0.0,0.0,0.0,0.0,0.0,0.0,0.0,0.0,0.0,0.0,0.0,0.0,0.0,0.0,0.0,0.0,0.0,0.0,0.0,0.0,0.0,0.0,0.0,0.0,0.0,0.0,0.0,0.0,0.0,0.0,0.0,0.0,0.0
s__Prevotella_salivae,0.0,0.0,0.0,0.0,0.0,0.0,0.0,0.0,0.0,0.0,0.0,0.0,0.0,0.0,0.0,0.0,0.0,0.0,0.0,0.0,0.0,0.0,0.0,0.0,0.0,0.0,0.0,0.0,0.0,0.0,0.0,0.0,0.0,0.0,0.0,0.0,0.0,0.0,0.0,0.0,0.0,0.0,0.0,0.0,0.0,0.0,0.0,0.0,0.0,0.0,0.0,0.0,0.0,0.0,0.0,0.0,0.0,0.0,0.0,0.0,0.0,0.0,0.0,0.0,0.0,0.0,0.0,0.0,0.0,0.0,0.0,0.0,0.0,0.0,0.0,0.0,0.0,0.0,0.0,0.0,0.0,0.0,0.0,0.0,0.0,0.0,0.0,0.0,0.0,0.0,0.0,0.0,0.0,0.0,0.0,0.0
s__Prevotella_sp_HJM029,0.0,0.0,0.0,0.0,0.0,0.0,0.0,0.0,0.0,0.0,0.0,0.0,0.0,0.0,0.0,0.0,0.0,0.0,0.0,0.0,0.0,0.0,0.0,0.0,0.0,0.0,0.0,0.0,0.0,0.0,0.0,0.0,0.0,0.0,0.0,0.0,0.0,0.0,0.0,0.0,0.0,0.0,0.0,0.0,0.0,0.0,0.0,0.0,0.0,0.0,0.0,0.0,0.0,0.0,0.0,0.0,0.0,0.0,0.0,0.0,0.0,0.0,0.0,0.0,0.0,0.0,0.0,0.0,0.0,0.0,0.0,0.0,0.0,0.0,0.0,0.0,0.0,0.0,0.0,0.0,0.0,0.0,0.0,0.0,0.0,0.0,0.0,0.0,0.0,0.0,0.0,0.0,0.0,0.0,0.0,0.0
s__Prevotella_vespertina,0.0,0.0,0.0,0.0,0.0,0.0,0.0,0.0,0.0,0.0,0.0,0.0,0.0,0.0,0.0,0.0,0.0,0.0,0.0,0.0,0.0,0.0,0.0,0.0,0.0,0.0,0.0,0.0,0.0,0.0,0.0,0.0,0.0,0.0,0.0,0.0,0.0,0.0,0.0,0.0,0.0,0.0,0.0,0.0,0.0,0.0,0.0,0.0,0.0,0.0,0.0,0.0,0.0,0.0,0.0,0.0,0.0,0.0,0.0,0.0,0.0,0.0,0.0,0.0,0.0,0.0,0.0,0.0,0.0,0.0,0.0,0.0,0.0,0.0,0.0,0.0,0.0,0.0,0.0,0.0,0.0,0.0,0.0,0.0,0.0,0.0,0.0,0.0,0.0,0.0,0.0,0.0,0.0,0.0,0.0,0.0
s__Pseudoflavonifractor_sp_An184,0.0029062806620505,0.0,0.0,0.3661363515108209,0.0014844758617265999,0.0,0.0,0.0,0.0,0.0,0.0,0.0,0.0,0.0,0.0069447367055224,0.0,0.2004999825154156,0.0,0.0,0.0,0.0,0.0044893252890282,0.0,0.0,0.0007051474846621,0.0015846234416952002,0.0,0.06444056737592321,0.0,0.0,0.0,0.0,0.0,0.0,0.0063024196623044015,0.0,0.0,0.0,0.0,0.0192001637803995,0.008990660812336503,0.31484009990264805,0.0,0.0,0.0,0.0,0.0220259244194968,0.0,0.0,0.0171923838647211,0.0,0.0,0.0,0.0,0.0,0.0,0.0,0.18532440332974612,0.3156423258023352,0.0,0.0191575773115519,0.0,0.11901070160141722,0.0,0.0070828302098597,0.06696778278799129,0.0,0.0,0.0,0.0,0.0124364819405361,0.004258089529693901,0.47675304408509345,0.0,0.0031626145562244,0.0,0.0,0.0,0.0,0.0,0.0018098390927750003,0.0,0.0,0.0,0.07135022031546072,0.0,0.0,0.0,0.0030470759770718,0.0,0.36663599832208693,0.0,0.0,0.0016495245328009,0.0,0.0091913023149912
s__Rheinheimera_SGB14999,0.029652486754837,0.0,0.11322243435859031,0.0,0.0,0.0,0.0,0.0,0.041538139336416806,0.030832995363489796,0.0,0.0474993466482311,0.0155818540433928,0.0,0.0,0.0,0.0,0.0,0.0,0.016171149790702,0.0,0.0821926222070731,0.0,0.015419468185380298,0.0,0.0040478499797764,0.0384795829165254,0.02797887503156851,0.0358278105860796,0.036466807238772894,0.054627878239042,0.06899984512187081,0.026578479514364203,0.0097582720286204,0.0,0.0,0.0,0.0,0.08822565317421839,0.07725814227048089,0.05496759292260131,0.055294654813516794,0.04864453568615061,0.05061518217145981,0.0521037720302091,0.0,0.0731625451259457,0.0,0.0,0.015068298424201099,0.0,0.0137819895131069,0.0,0.0,0.016454903054456602,0.0,0.08787368599043492,0.0,0.0,0.0,0.0,0.12059607572925012,0.0139775488060248,0.0168880718948309,0.0,0.012045650753079498,0.0,0.0360411642265701,0.029908518631610204,0.0,0.0,0.0,0.0,0.05764379169285219,0.0,0.0483378328731594,0.17871896462987144,0.0,0.010709914163429698,0.0,0.0694978211625501,0.0,0.0,0.0,0.022114969708053305,0.0192084678947249,0.0013579858462566,0.0,0.0238547329254742,0.11953900854140584,0.019812597082583705,0.06687229926124712,0.0509363942881417,0.0,0.03660612746018871,0.0315039810382638
s__Romboutsia_timonensis,0.0,0.0,0.2685652783147955,0.0,0.0,0.009921188413639303,0.0,0.0,0.0,0.0,0.0,0.0,0.0,0.00041199155634139993,0.0,0.0026747401495147,0.0,0.0018938691145514,0.0,0.0346350417840005,0.012064206496025102,0.0,0.0,0.0,0.0092588930594787,0.0,0.0,0.0,0.0,0.0,0.0,0.0,0.022992205223727302,0.0,0.0,0.0,0.0,0.0,0.0,0.0,0.0,0.0,0.0,0.0,0.0,0.0,0.0,0.0,0.0,0.0,0.0,0.0,0.0,0.0,0.0,0.0,0.005059188258337102,0.0,0.0,0.0018655339697152995,0.0,0.0,0.0,0.0,0.0,0.0,0.0,0.0,0.0,0.0,0.0,0.0,0.0,0.0,0.0,0.0,0.0,0.019535535603725004,0.0,0.0,0.0,0.0,0.0,0.0244029480401646,0.0,0.0,0.0,0.0,0.0,0.0,0.0,0.0,0.0,0.0,0.0,0.0039934623851341
s__Roseburia_faecis,0.1951209444485448,0.0137141980311015,0.22748487883072682,0.2434925575211602,0.12359421295640917,0.07810893278124402,0.10829958557741133,0.17506922618557438,0.11417070211847201,1.8446670896104331,0.0052179228194672,0.1641327395241235,0.11522682445756229,0.022963108324506497,0.0,0.17153722624241302,2.0076874106015334,1.0782736105044095,0.7868041392563666,0.0,0.8617913290955834,0.0465013694117143,0.0316978291644009,1.5623232200541637,0.3612501222511078,0.28019594104196066,0.0,2.8061605444631645,0.3763076842402131,0.0,0.0,0.21618182244726233,1.1713645646244821,0.0,0.007184239697359302,0.22482858671210412,0.0,0.0627557828161491,0.0,0.2748211082282952,0.0,0.4233709154495362,0.04253784695800861,0.016102843053689402,1.4634449606212132,0.0,0.0945454621977602,0.17137309794738104,0.1985726754589977,0.2575408210189068,0.4290040569859406,0.2865624458513372,0.0004903313584704,1.6547511196694515,0.26406489644374254,0.6005482832625257,0.0,1.2279154515206037,0.1205405732394685,0.14975401207261296,0.0079988423832771,0.46032421906303633,0.1804599068640079,0.6389472023245409,0.0671458243374802,0.0505338939213139,0.018964703045405002,0.0909018526305602,0.0,0.1369978060819456,0.0,0.22106848272582194,6.3543206027938695,0.11465580136366949,1.2302950137459958,0.11068273187925469,0.8732827926970348,0.5272483423999433,0.0,0.0,0.0423223910925787,0.6396874125829175,0.2898130112972131,0.4081626608008463,0.5924750871267535,0.09951164022011999,0.0,0.0,0.0921025009423152,0.3324775535750129,0.008419209845716803,0.0,0.5276260222291478,0.2722705193841409,0.044887863585275814,0.0687889742912255
s__Roseburia_hominis,0.1656790577416541,0.0207699542608891,0.0045413774957064005,0.63725243330506,0.5366032316111726,0.5165087408004383,0.006820080123615902,0.13190947434833947,0.0,0.6543697315810018,0.0,1.1208148441520331,0.2121893491123945,0.03772975305443009,0.0743184986313472,0.0,0.4020536206891532,0.0579862689869951,0.0375044139810228,0.4394869721022012,0.05664570623260621,0.0270811289201191,0.0793755556761865,0.0416231043040933,0.2663004805120036,0.0009256711194061002,0.0,0.20281406647775593,0.0776243524234918,1.9929158075582838,0.0209973020621926,0.017993036535630405,0.5338633494782306,0.0857242052294468,0.0,0.017460617464196204,0.0907411225372621,0.0124939867477986,0.10379911324696507,3.037929115797482,0.363104301285042,0.23832543696462508,0.024275829145519207,0.018311108020997804,0.6769872046424679,0.0,0.20545838415526163,0.03997611282259061,0.3328333169816108,0.1674033491199473,1.5623181821609098,0.41046691588619316,0.0,0.020842214226087907,0.06391398925377942,0.0380432463840984,0.19370918801216505,0.5364167076234214,0.013575761895673498,0.035417507884282495,0.025932107085140405,1.6131668041797653,0.0013652489531465,0.1025100510386875,0.12382331471700218,0.025210365093850995,0.35139124726623705,0.3554950757171708,0.42433609169852626,0.05571988161825,0.0,0.09529476304611631,0.0,0.07482826269290449,0.1259732630035309,0.0278583408325512,0.0,0.011555241160416401,0.5179404937846044,1.354845729495149,0.0849789063253523,0.036093644585257906,0.0430268796259943,1.2289310961913644,0.10323045401441251,0.0029123029202441,0.0816285292184773,0.0,0.0309252959661936,0.04576990560400462,0.010672721176703502,0.2501702263846131,0.2232415807803928,0.1720454087711261,0.14155792263318864,0.0701074507612359
s__Roseburia_intestinalis,0.0,0.006137822895038299,0.8184301810010484,0.07760182601135283,0.0,0.0,0.004697364422490502,0.02984028321396501,0.0021722929052912002,0.0,0.0,0.1085237483261925,0.0,0.04475529327834319,0.3430405456059881,0.0,2.645347598711143,0.0140269492955809,0.0,0.0356472630755792,0.30484443299161396,0.0457419810543663,0.0023285824914172,0.4396156598226667,0.05587527351289761,0.20788376834122202,0.0,0.45273595769237074,0.0,0.0,0.5802480247295948,0.0,0.08060925156820621,0.10496928930345631,0.09103495067769513,0.11967412605906891,0.0515687971351536,0.0,0.03581793157141049,0.23048774420520093,0.0,0.08720131305643249,0.3356821252576985,0.006067262657703701,0.0193415517384866,0.0,0.0360434845994371,0.0,0.463851869149267,0.0704034473361736,0.1239024553336594,0.191365688412262,0.0,1.9273245760961633,0.060995058840627406,0.0,0.2831447710488182,0.05106610337545361,0.0191795738007963,0.04568485410280189,0.0,0.0,0.0032375903746047,0.0463013122886151,0.025391278110818,0.014346646669377698,0.0317334324689118,0.0,0.0,0.44804700001310194,0.0,0.07325194619502132,0.0,0.035885218853083996,0.0,0.0,0.05663155510250239,0.0,0.0,0.0,0.0,0.0,1.0057460070120887,0.2234544457796534,0.1963521422895366,0.1112085945719345,0.0,0.0,0.0,0.0,0.04615694528186301,0.11382448968302661,0.3743726266237599,0.22164661147245027,0.007491982937916102,0.42363663194170764
s__Roseburia_inulinivorans,0.0725938365368595,0.0115495194207979,0.24272680482777453,0.0,0.031951023430119296,0.03641659747122391,0.0,0.0,0.009399344301741502,0.0238997989654883,0.0,0.1062067070262818,0.0,0.16685658031828188,0.0783920897731036,0.004412800869238501,0.5808238640484958,0.1392378731942028,0.3357318207450236,0.1661140507534873,0.18096309744035502,0.47599132287126117,0.0444031573832063,1.4574897559864428,0.24292330846613763,0.21015872278721492,0.0002855627674695,0.8094338368438141,0.0210216555440568,0.0,0.2879791266702796,0.1358023105606519,0.16922845586679833,0.0697366409541616,0.21583842152138036,0.0009460405222059001,0.06241570990153349,0.3257607545653249,0.08360597154418489,0.2554350902936531,0.18056552119809915,0.004007493794406699,0.0,0.06398502402799751,0.0905237251433941,0.0,0.028152030786714802,0.896907262750294,0.1035349580933462,0.0360186796067593,0.1530424772361511,0.00552804558617,0.010488827320325201,0.975607491747053,0.09118254642951902,0.210075923958195,1.0877933841097058,0.09464867651112562,0.0484413196484472,0.03055330079288269,0.0,0.6220458809816471,0.0065661973460861,0.014052184687517998,0.0675615879556661,0.0018357672337677997,0.026332887893068004,0.1632982950576109,0.0,0.28663512461915297,0.1173596840021215,1.07204607444964,0.1231372784220566,0.20800791294344495,0.068160668915736,0.0206211206162772,0.09857388023540568,0.08899365390658322,0.0,0.122476812680396,0.0187527173689841,0.08141638758777152,0.6787689910401172,0.0960396134354245,0.08275120691791642,0.22951493287298952,0.0,0.0,0.0195955604271363,0.0,0.004060896053300801,0.15298972846751552,0.8357492542470176,0.3733203922635311,0.06979710600279732,0.0346480403129169
s__Roseburia_sp_AF02_12,0.0275464862750901,0.0,0.0,0.0,0.0,0.0,0.0,0.0002804098657536001,0.0,0.0010427978322204,0.0,0.0329639538423622,0.0,0.05379742375173879,0.260673023513826,0.0,0.0,0.013103110703116701,0.0,0.0350131003386881,0.11661374127652031,0.11387475117467681,0.4584833389195083,0.0052218076308772,0.0,0.0,0.0,0.0,0.0,0.008314048693729897,0.0,0.0,0.5314421592210989,0.0,0.0,0.6920492080920879,0.0155612489445271,0.0,0.0,0.0076915026908822995,0.08621908057481782,0.0010401964766901999,0.10250181517258791,0.004908470150106201,0.017170561237228,0.0,0.0,0.0,0.0034751807464815003,0.2816682530740668,0.0044578661178245,0.0,0.0,0.028408541439567506,0.0,0.006213560935901,0.26727114345972686,1.2757278460961536,0.1563440074617327,0.0,0.0,0.0,0.0,0.0,0.3391888689388138,0.30966627009065034,0.0,0.0,0.0,0.08353796973715291,0.0011123019052428,0.0006883377811159001,0.0,0.028935616610409092,4.989138316568158,0.0,0.0,0.21715690117425374,0.0,0.0,0.0188780139215609,0.0004650320907912001,0.0,0.1293515742521785,1.2238313007299142,0.0,0.0,0.0,0.0,0.0008839434992498003,0.0632699044248037,0.0,0.0,1.13619249819335,0.5251431801183445,0.0020030700217497
s__Roseburia_sp_AM16_25,0.0730571566424085,0.0749280210110644,0.0,0.0,0.0,0.006081104898242401,0.0,0.03418663613314851,0.0,0.0670208985140647,0.0,0.0,0.0,0.0,0.0,0.013217587509275703,0.0,0.0,0.0,0.0,0.013995310117592002,0.0,0.0,0.0,0.0,0.0,0.0329111089508617,0.0,0.0,0.046134584322109394,0.0180416701003652,0.0,0.024612400207822103,0.7403142363616311,0.0,0.0007609456374265001,0.0,0.0087779487446401,0.11879767960575989,0.003788565451828599,0.0,0.009854492937065898,0.0,0.0,0.0,0.0,0.0,0.0,0.0,0.0015249844188346,0.1924093684678233,0.0,0.0,0.002754204997953601,0.0012552913175733003,0.0025734639298555,0.09780531394723581,0.0,0.0,0.007697054971344097,0.0,0.0,0.0,0.0,0.0,0.0,0.0,0.0247740325528605,0.0,0.18551902497738573,0.0,0.0,0.0,0.044047842578116496,0.0,0.0,0.0,0.020394085799565802,0.0,0.0,0.0003202023010294,0.0,0.0,0.0,0.0,0.012747293109921,0.0,0.0,0.0,0.0,0.0,0.0,0.0,0.0,0.20029848401536846,0.0
s__Rothia_aeria,0.0,0.0,0.0,0.0,0.0,0.0,0.0,0.0,0.0,0.0,0.0,0.0,0.0,0.0,0.0,0.0,0.0,0.0,0.0,0.0,0.0,0.0,0.0,0.0,0.0,0.0,0.0,0.0,0.0,0.0,0.0,0.0,0.0,0.0,0.0,0.0,0.0,0.0,0.0,0.0,0.0,0.0,0.0,0.0,0.0,0.0,0.0,0.0,0.0,0.0,0.0,0.0,0.0,0.0,0.0,0.0,0.0,0.0,0.0,0.0,0.0,0.0,0.0,0.0,0.0,0.0,0.0,0.0,0.0,0.0,0.0,0.0,0.0,0.0,0.0,0.0,0.0,0.0,0.0,0.0,0.0,0.0,0.0,0.0,0.0,0.0,0.0,0.0,0.0,0.0,0.0,0.0,0.0,0.0,0.0,0.0
s__Rothia_mucilaginosa,0.0,0.0,0.0,0.0,0.0,0.0,0.0,0.0,0.0,0.0,0.0,0.0,0.0,0.0,0.0,0.0,0.0,0.0,0.0,0.0,0.0,0.0,0.0,0.0,0.0,0.0,0.0,0.0,0.0,0.0,0.0,0.0,0.0,0.0,0.0,0.0,0.0,0.0,0.0,0.0,0.0,0.0,0.0,0.0,0.0,0.0,0.0,0.0,0.0,0.0,0.0,0.0,0.0,0.0,0.0,0.0,0.0,0.0,0.0,0.0,0.0,0.0,0.0,0.0,0.0,0.0,0.0,0.0,0.0,0.0,0.0,0.0,0.0,0.0,0.0,0.0,0.0,0.0,0.0,0.0,0.0,0.0,0.0,0.0,0.0,0.0,0.0,0.0,0.0,0.0,0.0,0.0,0.0,0.0,0.0,0.0
s__Ruminococcus_bicirculans,0.1401332719223452,0.0123304477802112,0.0,0.0,0.4076625860590019,0.10037908277327791,0.06551659299472293,0.2279031183913632,0.0,0.1992448452671062,0.0,3.119747927460497,0.0023076923076921,0.4930888416423762,0.1296678047772978,0.013966931053108601,0.0542250904731258,0.0798966409382644,0.0091356905851227,0.009731958923816,0.11617768562007032,0.0372100295100548,0.1878729461356614,0.2710610069839801,0.3250270025498698,4.466676937955317,0.06038462687118601,0.2755407861591788,0.04956977323446799,2.0991655162970533,0.0,0.006549677606185201,1.8465489664794437,0.6657484651795351,0.0,0.32227076049932524,1.5794864656529777,0.0,0.0,0.016698280934852296,0.7183525656188718,0.2549576311550845,0.31921960697535673,0.020246072868589805,0.3193987540488068,0.0864852945360569,0.0,0.03846592843453041,0.1779334922451518,0.1151907873512584,0.0,0.12272261201297228,0.0017161597546467003,0.06835998697167943,0.016303663136676805,0.459938954726669,0.016756438963016006,0.0,0.010973154692876,0.035320776493259494,0.036682737810182,0.022773079453663005,0.099078066885494,0.5821567431216778,0.21444493478151816,0.015163940300849698,0.015301542964890802,0.0,0.4302182846419574,0.37145657685726363,0.0866885506149832,0.03953940277571421,0.5493521984200165,0.14169607190789177,0.129022023435731,0.8315296934222902,0.03418070819843649,0.12897957368336213,0.08376756279457298,0.0,0.0,0.12686433153780102,0.5176860148032637,0.0326170122497732,0.0,0.0,0.07587066923035,0.0,0.0,0.43436065170282717,0.22690685665711255,0.0,0.0554155394254001,0.2139928176402574,0.13133382056122234,0.0744812428973196
s__Ruminococcus_bromii,0.0,0.1755307744000507,0.0,1.8708372537297295,2.460309986393868,0.16592895822152673,0.0,0.0,0.10073312100560691,0.0,0.0,0.0,0.0,0.23878163254906085,0.1063918939462509,0.0,0.6308648726321165,0.0,0.0,0.0,0.30123140040932606,0.4073671838138575,0.4541609076698111,0.6449878403776428,0.6309077179618583,0.0,0.0,0.44405647537234616,0.0,0.8001013978503567,0.0,0.506310248143602,1.3748901817276478,0.0,0.4221324379574765,0.0,0.0,0.1608853889316126,0.0,1.1671069027376604,0.0007769706874857002,0.7680701289515041,0.3300978718770085,1.4696440637628907,0.7181702365754524,0.5907259785464001,0.0,0.0,0.11462798931761742,1.0759309712171887,0.0,1.3757399241361417,0.0,0.5419594621254099,0.0,0.0,0.0,1.69170595377338,1.2687827348196754,0.14014996682111464,0.1567353342798961,0.0,0.7358171762620871,2.1103909088727666,0.0,0.23423635477986876,0.0,0.0080713634171668,0.3156703167958825,0.38976015339288217,0.0,0.863287632507027,1.5874875601593217,0.0,0.0,1.042258851148651,1.6075694193907106,0.0,0.0,1.51846893771204,0.0,0.9335340364141433,1.1268211920529885,0.0,0.7679881233452479,0.2792946243184755,0.0,0.0,0.23462485023453328,0.3246483397244961,0.18921487779617951,0.018619539750000903,0.0,0.2256879465778386,0.6164984136633171,1.3555586207316233
s__Ruminococcus_callidus,0.0,0.1676529883182534,0.012653456381167001,0.0,0.0,0.0,0.0,0.4099592237320194,0.0,0.0,0.0,0.0,0.0,0.0,0.0,0.0,0.0,0.4910818011341785,0.0,0.1648701161542192,0.0,0.0,0.0265458404021581,0.0875031170029069,0.0,0.0,0.06164586242751639,0.0,0.0,0.0,0.0,0.09600532296650481,0.47304232204159563,0.0,0.03114899594414721,0.0,0.6631587102941965,0.0,0.0,0.0,0.0,0.0,0.0,0.0,0.1072666670394146,0.0,0.0,0.0,0.3505270726115667,0.0,0.1342276599447661,0.0,0.0,0.0,0.0,0.0655894688438046,0.0,0.0,0.0,0.019069902801534793,0.0,0.0,0.0,0.0,0.0,0.0,0.5932016772668169,0.0,0.3985185719185379,0.11381141568399152,0.0,0.018296978693384505,0.0,0.0,0.0,0.1066321546153329,0.0,0.05572131516941431,0.0,0.0,0.0,0.0,1.007304246201796,0.0,0.0,0.0,0.0083651928129414,0.0,0.0132993923861147,0.0,0.0,0.0,0.0,0.0,1.1373299682732598,0.2273738027853348
s__Ruminococcus_gnavus,0.0,0.0,0.5161339080043988,0.0,0.0,0.0,0.0,0.0,0.0,0.0,0.0,0.0,0.0,0.0,0.0,0.024207959485481104,0.0,0.0,0.0,0.0,0.0,0.0,0.0,0.0,0.0,0.0,0.0,0.0,0.0,0.0,0.0,0.0,0.0,0.0,0.0,0.0,0.0,0.0,0.0,0.0,0.0,0.0,0.0,0.0,0.0,0.0,0.0097503295997209,0.0,0.0,0.0,0.0,0.0,0.0,0.0,0.0,0.0,0.0,0.0,0.0,0.0,0.0,0.0,0.0,0.0474283956658906,0.0464912817338816,0.0,0.0,0.0,0.0,0.0,0.013122795882069,0.0,0.0,0.0,0.0,0.0,0.0066854828707704995,0.0,0.04484391122364979,0.0,0.0,0.0,0.0,0.0,0.0,0.0,0.0,0.0,0.0,0.0,0.0,0.0,0.0,0.0,0.0,0.0
s__Ruminococcus_lactaris,0.0315268271818118,0.0248390020283589,0.0036400353973219004,0.37708936143619,0.17204843288056626,0.0,0.010723138025685404,0.07970650434050973,0.0,0.0,0.0,0.0,0.0650493096646929,0.37244036693268245,0.0211900358488291,0.06148780079116561,0.2270093480635233,0.0,0.0,0.045586544432597,0.029111906208997004,0.0,0.0646763786990937,0.0254846915898248,0.0139956446412318,0.0,0.0,0.0507657938717226,0.1503441659893362,0.0,0.19870467376749468,0.0,0.0,0.11317023827041939,0.06901538568471371,0.009563235713605702,0.0,0.0,0.0,0.26718679143103774,0.0006906406110985002,0.0,0.0,0.0,0.0,0.011677589461005,0.0,0.08112316571417431,0.0528057952453158,0.0129260584072664,0.4328391329843517,0.0322532866613793,0.0009167064527926001,0.06523442849083401,0.045508091259980905,0.0,0.12760019781763865,0.0,0.0611026519863786,0.0,0.0160909657272925,0.0,0.0198026110061171,0.0,0.0,0.032163647835454,0.15228279763279642,0.006241308090770101,0.0,0.0,0.0,0.024251900892806304,0.078713012032656,0.017639354055952496,0.12047031367569348,0.0,0.0,0.014665726296168101,0.028768761749930295,0.2421057841422695,0.0330922117194277,0.0,0.0,1.0568117035718545,0.19268812363968682,0.0,0.0129687648317517,0.0,0.0,0.0,0.011301874086369802,0.00021401769827580005,0.0,0.0,0.3009599983607335,0.0
s__Ruminococcus_sp_BSD2780120874_150323_B10,0.0,0.0,0.06652598026151381,0.0,0.0,0.0,0.0,0.0,0.0,0.0,0.0304234370370937,0.4257024541778079,0.028934911242603903,0.0,0.0,0.0,0.0,0.6524764032376723,0.0,0.0,0.0,0.0,0.0,0.0,0.0,0.0,0.0,1.5876897145381332,0.3701384529727122,0.0,0.0,0.0,0.0,0.0,0.0,0.8694935043006734,0.0,0.0,0.0,0.0,0.0,0.0,0.0,0.0,0.0,0.0,0.0,0.0,0.0,0.0,0.0,0.0,0.03213802273452521,0.0,0.0,0.3912173093892713,0.7217662067615468,0.0,0.0,0.20262462665136455,0.0,0.0,0.0,0.0,0.0,0.0,1.957215964847081,0.304513012034794,0.0,0.0,1.0964456865937826,0.0,0.0,0.0,0.7132581356361761,0.0,0.0,1.0702602293792702,0.0,0.1585952954448481,0.44744791109066334,0.0,0.0,1.8171993618321585,0.023979693485211603,0.0,0.1658643912617937,0.0,0.0,0.0,0.05875144261902081,0.0,0.0,0.0,0.0,0.0
s__Ruminococcus_torques,0.0191224843561022,0.004343057718141,1.8530784646030234,0.16517604345702225,0.032542494281277895,0.0029646845377227006,0.034127790498078014,0.004065943053429602,0.012072935569792501,0.0405986561435987,0.0,0.0443875062977654,0.0508086785009578,0.0,0.0,0.0,0.1262248937907428,0.0412032012238882,0.0183483133014886,0.0102685581627233,0.013517725350967801,0.0361602867807639,0.0,0.0053542447809356,0.0217062790930824,0.012802502261618503,0.0479269511403229,0.043620298608272705,0.0,0.03459794326727239,0.006845161522721,0.0016984577260770004,0.0014017417278122002,0.0346754410152983,0.0,0.0005964168509560001,0.0020223057700059,0.0462003570969532,0.16685263451716267,0.16104977288621367,0.0,0.024723827835422898,0.024008806634597306,0.13062652521962362,0.046544720595168,0.0,0.1404561868237799,0.016218067123756504,0.0394666106117008,0.0219670374617872,0.0859778149047944,0.0007624890463682,0.0013217627923985003,0.04258186603576161,0.013883824452197704,0.0,0.09503803983276943,0.011644852547054602,0.0676912341844649,0.0,0.020521811362344,0.04835536157003531,0.0089456312358559,0.0644982552021939,0.0221988074711538,0.0,0.009900998389047002,0.0,0.0,0.026478802030916505,2.837399329281971,0.006034961476295601,0.0,0.0530949611339932,0.0124860022679741,0.0094749517117371,0.014097356234542396,0.0091344111000125,0.0017267423987102997,0.0789735830320218,0.0015174804700959,0.013110327790389403,0.0163225555122714,0.051847720135766606,0.04588201925373841,0.0189220118697829,0.0363397012458087,0.0,0.0,0.046114299175143016,0.0035575737255677,0.0,0.016509906869565,0.0059877740540678,0.012593361633534203,0.0421658917236536
s__Ruthenibacterium_lactatiformans,0.049448891264424207,0.0034936268710596997,0.023816231599613002,0.06287592799335052,0.031626294335372195,0.0,0.013626465307224804,0.10407879517225155,0.0493082639591866,0.0653862424527493,0.030388766453575702,0.1887984524319443,0.0967455621301572,0.0536890049210966,0.0379383849707931,0.039455019092646905,0.0202332427138568,0.0054506476955386,0.0,0.1926147358931518,0.09148862964107661,0.0654525759178839,0.1134747355348607,0.0,0.0378020368951401,0.003420276339501,0.030103075070750104,0.04309585858892231,0.0861378915726751,0.09278430422612319,0.2126002490325024,0.028130706088151908,0.020115904016008504,0.0107726751238358,0.012838262275064806,0.013532492687209801,0.0173209176015454,0.0784298405474293,0.6839079344674492,0.12893989362280006,0.020423229499628607,0.026694726422841895,0.11039639375648573,0.15901694165576993,0.0182231626923836,0.027119275017309,0.1234340286736791,0.006576962443574602,0.038650790741343,0.0355466606199784,0.0144225080282567,0.000190622261592,0.05895701616739161,0.04881750993563901,0.0314881508817688,0.045187994926194,0.03125491806576021,0.023700699889888002,0.0691449427121515,0.09519750753605417,0.0055735374040911,0.044348326299856106,0.0864137575486774,0.1312143196306674,0.3290323576945093,0.0515649412717796,0.010926683211591001,0.0743357547878703,0.025673781982488306,0.03680246562568891,0.6988450874653883,0.0,0.0969151054826283,0.042506294444286795,0.0243141807082388,0.0433100184372061,0.08321206647601448,0.052582680846906205,0.029447124835137492,0.0662073982593772,0.0320619956204645,0.00035771699291640003,0.0414491624464192,0.1166374332564412,0.010026979608754902,0.0448144536798068,0.0019826593355347,0.0,0.0329959608566813,0.16456272807462546,0.016152071062706705,0.040548122373322504,0.0575502284302282,0.0240665629335675,0.04121657849890641,0.0121578743725194
s__Sanguibacter_SGB15121,0.0,0.0,0.0,0.04856554628510131,0.031116005757905896,0.0,0.0,0.0,0.0,0.0,0.0095864163427422,0.0,0.0,0.0,0.0,0.0,0.0066273413870292,0.0591564645374367,0.0460246475161998,0.0818069930588253,0.0,0.0,0.0,0.0,0.0,0.0,0.0,0.022000258811149604,0.0,0.0,0.0,0.024670098471251702,0.0,0.0,0.0,0.0,0.015193556986344198,0.0,0.0,0.0,0.049158812068534716,0.06856537196878139,0.0,0.08287552830279171,0.0,0.5280700797632283,0.0,0.0007550921940209001,0.0,0.0,0.0,0.0168319456985803,0.09220361414716312,0.0,0.0,0.0,0.0,0.08397993660404901,0.0490743862653416,0.032128640589527684,0.087824024534746,0.0,0.0,0.0,0.0905176791599551,0.0,0.0,0.0,0.0,0.0,0.0,0.009636728935623302,0.0427737572770379,0.05746689272666869,0.0487295650822938,0.0,0.0,0.13163967183112754,0.0,0.0,0.0,0.0,0.0,0.0310790113228614,0.0,0.0,0.0,0.0,0.0557732746521499,0.0,0.012903354220065902,0.0,0.0,0.013196196262408501,0.0,0.0
s__Selenomonas_SGB5880,0.0,0.0,0.0,0.0,0.0,0.0,0.0,0.0,0.0,0.0,0.0,0.0,0.0,0.0,0.0,0.0,0.0,0.0,0.0,0.0,0.0,0.0,0.0,0.0,0.0,0.0,0.0,0.0,0.0,0.0,0.0,0.0,0.0,0.0,0.0,0.0,0.0,0.0,0.0,0.0,0.0,0.0,0.0,0.0,0.0,0.0,0.0,0.0,0.0,0.0,0.0,0.0,0.0,0.0,0.0,0.0,0.0,0.0,0.0,0.0,0.0,0.0,0.0,0.0,0.0,0.0,0.0,0.0,0.0,0.0,0.0,0.0,0.0,0.0,0.0,0.0,0.0,0.0,0.0,0.0,0.0,0.0,0.0,0.0,0.0,0.0,0.0,0.0,0.0,0.0,0.0,0.0,0.0,0.0,0.0,0.0
s__Selenomonas_noxia,0.0,0.0,0.0,0.0,0.0,0.0,0.0,0.0,0.0,0.0,0.0,0.0,0.0,0.0,0.0,0.0,0.0,0.0,0.0,0.0,0.0,0.0,0.0,0.0,0.0,0.0,0.0,0.0,0.0,0.0,0.0,0.0,0.0,0.0,0.0,0.0,0.0,0.0,0.0,0.0,0.0,0.0,0.0,0.0,0.0,0.0,0.0,0.0,0.0,0.0,0.0,0.0,0.0,0.0,0.0,0.0,0.0,0.0,0.0,0.0,0.0,0.0,0.0,0.0,0.0,0.0,0.0,0.0,0.0,0.0,0.0,0.0,0.0,0.0,0.0,0.0,0.0,0.0,0.0,0.0,0.0,0.0,0.0,0.0,0.0,0.0,0.0,0.0,0.0,0.0,0.0,0.0,0.0,0.0,0.0,0.0
s__Selenomonas_sputigena,0.0,0.0,0.0,0.0,0.0,0.0,0.0,0.0,0.0,0.0,0.0,0.0,0.0,0.0,0.0,0.0,0.0,0.0,0.0,0.0,0.0,0.0,0.0,0.0,0.0,0.0,0.0,0.0,0.0,0.0,0.0,0.0,0.0,0.0,0.0,0.0,0.0,0.0,0.0,0.0,0.0,0.0,0.0,0.0,0.0,0.0,0.0,0.0,0.0,0.0,0.0,0.0,0.0,0.0,0.0,0.0,0.0,0.0,0.0,0.0,0.0,0.0,0.0,0.0,0.0,0.0,0.0,0.0,0.0,0.0,0.0,0.0,0.0,0.0,0.0,0.0,0.0,0.0,0.0,0.0,0.0,0.0,0.0,0.0,0.0,0.0,0.0,0.0,0.0,0.0,0.0,0.0,0.0,0.0,0.0,0.0
s__Senegalimassilia_anaerobia,0.0,0.0064803353333776,0.0,0.0,0.0,0.06833948019041071,0.0,0.018530418628562407,0.0,0.0663444891093696,0.0,0.0158151539889484,0.0,0.014332969407458799,0.0,0.0,0.0,0.0117481474341694,0.0,0.0,0.0,0.0,0.0337498924849681,0.0097246707328656,0.0,0.0,0.0,0.0,0.0,0.0,0.0,0.0,0.0,0.0096725478233911,0.0,0.0,0.0,0.0334205212719774,0.0,0.0,0.007757374006803302,0.029848164162708194,0.0,0.0,0.0,0.0,0.0,0.0,0.0,0.0289928585342762,0.0448736670242807,0.0,0.0,0.008726806847448804,0.006246208604311101,0.012528705974296499,0.048639511275596514,0.0,0.0,0.0,0.0,0.0,0.0,0.0,0.0,0.0,0.0,0.0,0.0,0.0,0.0,0.0,0.0,0.005989293569141299,0.0,0.014134531850992098,0.07493928586127317,0.030105555227912906,0.0,0.0284391316166157,0.0,0.0,0.0,0.0,0.0,0.0449258532450672,0.0,0.0,0.0,0.0,0.0,0.017714080257295404,0.0,0.0,0.015581616936406804,0.0
s__Slackia_isoflavoniconvertens,0.0,0.0411562945908229,0.0,0.0,0.0,0.0,0.02708859133435241,0.034630618420592015,0.0203025836917618,0.0,0.0,0.0409119443478869,0.2404930966469153,0.061386741894850286,0.0,0.0,0.078672955820196,0.0,0.0,0.0,0.19041096999750312,0.0,0.0,0.0,0.0,0.16669924819815493,0.0,0.07881022390572812,0.0,0.0,0.0,0.0,0.04611184151361321,0.014515965418855702,0.0,0.004216050153309901,0.055363903417826,0.0167102606359976,0.0,0.1504703825678907,0.04901081765188282,0.0,0.0,0.0,0.1684162328248877,0.0,0.0,0.0,0.0,0.0,0.0191753799921141,0.0,0.0,0.2860969124278904,0.0,0.0,0.0,0.0,0.5588336943376017,0.0,0.0,0.17613843294402842,0.0,0.0180151552720963,0.0,0.017917591151501395,0.04921193913876971,0.0774086088806888,0.0,0.042327020738567506,0.0,0.04648681200835841,2.2266414022539553,0.011068821026514398,0.0,0.0,0.22797900139601285,0.07915551313783921,0.0,0.0088774084880594,0.0,0.0,0.0642384105960212,0.0114495624558253,0.013969071102572101,0.0,0.0,0.0,0.0,0.0,0.0,0.030209421256633003,0.0,0.0158024450242342,0.08292408465467252,0.0
s__Solobacterium_SGB6829,0.0,0.0,0.0,0.0,0.0,0.0,0.0,0.0,0.0,0.0,0.0,0.0,0.0,0.0,0.0,0.0,0.0,0.0,0.0,0.0,0.0,0.0,0.0,0.0,0.0,0.0,0.0,0.0,0.0,0.0,0.0,0.0,0.0,0.0,0.0,0.0,0.0,0.0,0.0,0.0,0.0,0.0,0.0,0.0,0.0,0.0,0.0,0.0,0.0,0.0,0.0,0.0,0.0,0.0,0.0,0.0,0.0,0.0,0.0,0.0,0.0,0.0,0.0,0.0,0.0,0.0,0.0,0.0,0.0,0.0,0.0,0.0,0.0,0.0,0.0,0.0,0.0,0.0,0.0,0.0,0.0,0.0,0.0,0.0,0.0,0.0,0.0,0.0,0.0,0.0,0.0,0.0,0.0,0.0,0.0,0.0
s__Staphylococcus_SGB6340,0.0403299091871308,0.0,0.04639600673092511,0.0,0.0,0.0,0.0,0.0,0.0,0.0,0.0,0.0,0.0159763313609469,0.0,0.0,0.0,0.0,0.0,0.0,0.0,0.043148745436720204,0.0,0.6187043679695962,0.0,0.0,0.0,0.0,0.0,0.0,0.10036757918741109,0.0,0.0,0.06478959492576722,0.0,0.0032160495396121014,0.03341990975184791,0.0393955669481598,0.0,0.0,0.031080533178381692,0.0,0.0,0.0,0.0,0.066149422697439,0.0,0.0,0.0,0.0,0.0,0.312640639939763,0.1596652063095088,0.03593276107398621,0.012734329850089404,0.013067128896186102,0.0566669985080601,0.0,0.0,0.0677146810961691,0.0,0.0251741992791347,0.0,0.0,0.0,0.0,0.0,0.024281518247980003,0.076479924088199,0.016496676450419502,0.021875006103517905,0.0,0.1422297950049821,0.0,0.0,0.6644779687209741,0.0,0.0,0.0,0.0,0.0,0.009202335694802,0.0,0.0,0.0,0.0,0.0,0.0,0.0,0.0,0.33665619557146254,0.0,0.0,0.0355000015423933,0.0209324663212455,0.020362825421002807,0.0
s__Stomatobaculum_SGB5266,0.0,0.0,0.0,0.0,0.0,0.0,0.0,0.0,0.0,0.0,0.0,0.0,0.0,0.0,0.0,0.0,0.0,0.0,0.0,0.0,0.0,0.0,0.0,0.0,0.0,0.0,0.0,0.0,0.0,0.0,0.0,0.0,0.0,0.0,0.0,0.0,0.0,0.0,0.0,0.0,0.0,0.0,0.0,0.0,0.0,0.0,0.0,0.0,0.0,0.0,0.0,0.0,0.0,0.0,0.0,0.0,0.0,0.0,0.0,0.0,0.0,0.0,0.0,0.0,0.0,0.0,0.0,0.0,0.0,0.0,0.0,0.0,0.0,0.0,0.0,0.0,0.0,0.0,0.0,0.0,0.0,0.0,0.0,0.0,0.0,0.0,0.0,0.0,0.0,0.0,0.0,0.0,0.0,0.0,0.0,0.0
s__Stomatobaculum_longum,0.0,0.0,0.0,0.0,0.0,0.0,0.0,0.0,0.0,0.0,0.0,0.0,0.0,0.0,0.0,0.0,0.0,0.0,0.0,0.0,0.0,0.0,0.0,0.0,0.0,0.0,0.0,0.0,0.0,0.0,0.0,0.0,0.0,0.0,0.0,0.0,0.0,0.0,0.0,0.0,0.0,0.0,0.0,0.0,0.0,0.0,0.0,0.0,0.0,0.0,0.0,0.0,0.0,0.0,0.0,0.0,0.0,0.0,0.0,0.0,0.0,0.0,0.0,0.0,0.0,0.0,0.0,0.0,0.0,0.0,0.0,0.0,0.0,0.0,0.0,0.0,0.0,0.0,0.0,0.0,0.0,0.0,0.0,0.0,0.0,0.0,0.0,0.0,0.0,0.0,0.0,0.0,0.0,0.0,0.0,0.0
s__Streptococcus_SGB15012,0.061095073917424594,0.0,0.0,0.0,0.0,0.005765961266279801,0.036729829099474406,0.0,0.0,0.0834238265776411,0.0,0.0,0.0,0.26556108371125514,0.0,0.0,0.1280420680420065,0.0179378660036792,0.0,0.0,0.009032581455715902,0.0,0.0,0.0,0.0074193778820987,0.15157472346749862,0.0,0.0,0.0,0.0,0.0,0.0,0.0,0.0603212657464522,0.0,0.052340720195949104,0.026198052020518798,0.0,0.0,0.0,0.0,0.0,0.0,0.0,0.0342095472925614,0.0,0.0,0.0,0.0,0.0023782495103257,0.0589028339244944,0.0,0.0,0.03789352831453631,0.009210510992797702,0.0460514597974013,0.28699858223887614,0.009538504218690402,0.0,0.032391197222293784,0.0,0.011664608010705301,0.0534787518503793,0.0,0.0,0.0,0.017562236043151,0.0010242846976099,0.0,0.0101562528337762,0.0,0.0,0.0,0.0,0.0170907690618371,0.0,0.0,0.007684727982445101,0.0,0.0,0.0,0.0,0.3533891702376224,0.0298258253824235,0.0,0.0,0.0,0.0,0.024797474664236804,0.022351142766726707,0.0,0.0,0.0345375406038164,0.0,0.02975448494431651,0.2778308830800251
s__Streptococcus_australis,0.0,0.0,0.0,0.0,0.0,0.0,0.0,0.0,0.0,0.0,0.0,0.0,0.0,0.0,0.0,0.0,0.0,0.0,0.0,0.0,0.0,0.0,0.0,0.0,0.0,0.0,0.0,0.0,0.0,0.0,0.0,0.0,0.0,0.0,0.0,0.0,0.0,0.0,0.0,0.0,0.0,0.0,0.0,0.0,0.0,0.0,0.0,0.0,0.0,0.0,0.0,0.0,0.0,0.0,0.0,0.0,0.0,0.0,0.0,0.0,0.0,0.0,0.0,0.0,0.0,0.0,0.0,0.0,0.0,0.0,0.0,0.0,0.0,0.0,0.0,0.0,0.0,0.0,0.0,0.0,0.0,0.0,0.0,0.0,0.0,0.0,0.0,0.0,0.0,0.0,0.0,0.0,0.0,0.0,0.0,0.0
s__Streptococcus_cristatus,0.0,0.0,0.0,0.0,0.0,0.0,0.0,0.0,0.0,0.0,0.0,0.0,0.0,0.0,0.0,0.0,0.0,0.0,0.0,0.0,0.0,0.0,0.0,0.0,0.0,0.0,0.0,0.0,0.0,0.0,0.0,0.0,0.0,0.0,0.0,0.0,0.0,0.0,0.0,0.0,0.0,0.0,0.0,0.0,0.0,0.0,0.0,0.0,0.0,0.0,0.0,0.0,0.0,0.0,0.0,0.0,0.0,0.0,0.0,0.0,0.0,0.0,0.0,0.0,0.0,0.0,0.0,0.0,0.0,0.0,0.0,0.0,0.0,0.0,0.0,0.0,0.0,0.0,0.0,0.0,0.0,0.0,0.0,0.0,0.0,0.0,0.0,0.0,0.0,0.0,0.0,0.0,0.0,0.0,0.0,0.0
s__Streptococcus_gordonii,0.0,0.0,0.0,0.0,0.0,0.0,0.0,0.0,0.0,0.0,0.0,0.0,0.0,0.0,0.0,0.0,0.0,0.0,0.0,0.0,0.0,0.0,0.0,0.0,0.0,0.0,0.0,0.0,0.0,0.0,0.0,0.0,0.0,0.0,0.0,0.0,0.0,0.0,0.0,0.0,0.0,0.0,0.0,0.0,0.0,0.0,0.0,0.0,0.0,0.0,0.0,0.0,0.0,0.0,0.0,0.0,0.0,0.0,0.0,0.0,0.0,0.0,0.0,0.0,0.0,0.0,0.0,0.0,0.0,0.0,0.0,0.0,0.0,0.0,0.0,0.0,0.0,0.0,0.0,0.0,0.0,0.0,0.0,0.0,0.0,0.0,0.0,0.0,0.0,0.0,0.0,0.0,0.0,0.0,0.0,0.0
s__Streptococcus_infantis,0.0,0.0,0.0,0.0,0.0,0.0,0.0,0.0,0.0,0.0,0.0,0.0,0.0,0.0,0.0,0.0,0.0,0.0,0.0,0.0,0.0,0.0,0.0,0.0,0.0,0.0,0.0,0.0,0.0,0.0,0.0,0.0,0.0,0.0,0.0,0.0,0.0,0.0,0.0,0.0,0.0,0.0,0.0,0.0,0.0,0.0,0.0,0.0,0.0,0.0,0.0,0.0,0.0,0.0,0.0,0.0,0.0,0.0,0.0,0.0,0.0,0.0,0.0,0.0,0.0,0.0,0.0,0.0,0.0,0.0,0.0,0.0,0.0,0.0,0.0,0.0,0.0,0.0,0.0,0.0,0.0,0.0,0.0,0.0,0.0,0.0,0.0,0.0,0.0,0.0,0.0,0.0,0.0,0.0,0.0,0.0
s__Streptococcus_mitis,0.0,0.0,0.0,0.0,0.0,0.0,0.0,0.0,0.0,0.0,0.0,0.0,0.0,0.0,0.0,0.0,0.0,0.0,0.0,0.0,0.0,0.0,0.0,0.0,0.0,0.0,0.0,0.0,0.0,0.0,0.0,0.0,0.0,0.0,0.0,0.0,0.0,0.0,0.0,0.0,0.0,0.0,0.0,0.0,0.0,0.0,0.0,0.0,0.0,0.0,0.0,0.0,0.0,0.0,0.0,0.0,0.0,0.0,0.0,0.0,0.0,0.0,0.0,0.0,0.0,0.0,0.0,0.0,0.0,0.0,0.0,0.0,0.0,0.0,0.0,0.0,0.0,0.0,0.0,0.0,0.0,0.0,0.0,0.0,0.0,0.0,0.0,0.0,0.0,0.0,0.0,0.0,0.0,0.0,0.0,0.0
s__Streptococcus_oralis,0.0,0.0,0.0,0.0,0.0,0.0,0.0,0.0,0.0,0.0,0.0,0.0,0.0,0.0,0.0,0.0,0.0,0.0,0.0,0.0,0.0,0.0,0.0,0.0,0.0,0.0,0.0,0.0,0.0,0.0,0.0,0.0,0.0,0.0,0.0,0.0,0.0,0.0,0.0,0.0,0.0,0.0,0.0,0.0,0.0,0.0,0.0,0.0,0.0,0.0,0.0,0.0,0.0,0.0,0.0,0.0,0.0,0.0,0.0,0.0,0.0,0.0,0.0,0.0,0.0,0.0,0.0,0.0,0.0,0.0,0.0,0.0,0.0,0.0,0.0,0.0,0.0,0.0,0.0,0.0,0.0,0.0,0.0,0.0,0.0,0.0,0.0,0.0,0.0,0.0,0.0,0.0,0.0,0.0,0.0,0.0
s__Streptococcus_parasanguinis,0.0,0.0,0.029802067586318304,0.0,0.0,0.0,0.0,0.0033882858778581017,0.0,0.0,0.0,0.016677308891242,0.0,0.0,0.0,0.0,0.0121857567438926,0.0066516378657419,0.0008462534436744,0.0,0.0080774119224677,0.0034954199389697006,0.0,0.0015135674292397,0.0,0.0,0.0,0.0,0.0,0.0002755376368237999,0.0,0.0,0.0,0.0037004281924051,0.0,0.0,0.0001707141234419,0.0,0.0,0.0,0.008941329340115104,0.010084431105597499,0.0,0.0,0.0,0.003378794920189,0.0,0.0,0.0,0.0,0.0,0.0015631025450548001,0.0,0.0,0.0,0.0,0.0,0.0055655545261658005,0.0,0.0,0.0,0.0,0.0,0.0,0.013215343578145,0.0,0.0,0.0,0.0,0.0,0.0,0.0,0.0009879808066711,0.0,0.00040481466319670006,0.012080917503904,0.0,0.0,0.013402810047132896,0.0,0.0,0.0,0.0,0.0171116843867159,0.0,0.0,0.0,0.0,0.0837693373585897,0.0,0.0,0.0,0.0,0.0,0.006552816985584802,0.0114352478456855
s__Streptococcus_salivarius,0.0,0.0006987253742118,0.06312861389069062,0.0,0.0,0.0,0.0,0.008482398439051703,0.0,0.0,0.0,0.0126629001274373,0.0,0.0,0.0,0.0,0.0094829009247584,0.0090690155160232,0.0,0.0,0.037313905461888605,0.0,0.0,0.0,0.0,0.0,0.0,0.0,0.0,0.0,0.0,0.0,0.0,0.0,0.0,0.0,0.0,0.004930896581114,0.0,0.0,0.011309240006738804,0.004434521821679499,0.0,0.0,0.0,0.0,0.0,0.0,0.0,0.0003630915282938,0.0037367407164119,0.0026496494361296,0.0,0.0025221090711597003,0.0,0.0,0.0035821769211714007,0.0,0.0,0.0,0.0,0.0,0.0,0.0,0.0,0.010411063490135498,0.0,0.0,0.0,0.0,0.0,0.0,0.0011507070571817,0.0,0.0,0.007647943085706999,0.0,0.0005770583283519001,0.0,0.0,0.0,0.0,0.0016556291390727,0.0121445110227957,0.0,0.0,0.0,0.0,0.05233900117520911,0.0,0.0,0.0,0.0,0.0,0.021750229668765008,0.0072009099516068
s__Streptococcus_sanguinis,0.0,0.0,0.0,0.0,0.0,0.0,0.0,0.0,0.0,0.0,0.0,0.0,0.0,0.0,0.0,0.0,0.0,0.0,0.0,0.0,0.0,0.0,0.0,0.0,0.0,0.0,0.0,0.0,0.0,0.0,0.0,0.0,0.0,0.0,0.0,0.0,0.0,0.0,0.0,0.0,0.0,0.0,0.0,0.0,0.0,0.0,0.0,0.0,0.0,0.0,0.0,0.0,0.0,0.0,0.0,0.0,0.0,0.0,0.0,0.0,0.0,0.0,0.0,0.0,0.0,0.0,0.0,0.0,0.0,0.0,0.0,0.0,0.0,0.0,0.0,0.0,0.0,0.0,0.0,0.0,0.0,0.0,0.0,0.0,0.0,0.0,0.0,0.0,0.0,0.0,0.0,0.0,0.0,0.0,0.0,0.0
s__Streptococcus_thermophilus,0.0237135654019506,0.0218659940635746,0.0,0.0,0.011411908187023598,0.0,0.0,0.08297795277427224,0.0,0.0,0.0,0.0,0.0,0.0,0.0,0.0,0.2165796840834759,0.0,0.0011539819686469,0.0096587863003287,0.5606637514615643,0.0058294223902306,0.0018919732742764999,0.040658205067947,0.0127539718965003,0.0,0.0,0.0,0.0,0.0,0.0,0.0,0.0,0.0,0.02069683494040731,0.0398159663258834,0.0017334049457194,0.0,0.0,0.0,0.03442103474240981,0.011299818567835698,0.004678698778406802,0.0,0.0,0.0,0.0,0.0,0.0,0.0,0.0,0.061437554911105294,0.0,0.024586695178362206,0.012008449471726601,0.0,0.055039893736660614,0.0,0.0166238604214725,0.0,0.0023670043787248,0.0,0.0,0.0260501690261494,0.0188281524236943,0.011907339523138098,0.0,0.012619187474555,0.0,0.7309432843033615,0.0,0.0024331940169679002,0.1057604395282314,0.0,0.0509939971045615,0.0138654375572358,0.0,0.009964812109104602,0.0,0.0230184131593049,0.0387166347462074,0.0,0.1645305804440906,0.0203357900334807,0.0338758152850298,0.0,0.0170834619459097,0.0,0.11161388799990661,0.0,0.0,0.0,0.0,0.0,0.008089633998490603,0.0013691871034744
s__Streptococcus_vestibularis,0.0,0.0,0.0,0.0,0.0,0.0,0.0,0.0,0.0,0.0,0.0,0.0,0.0,0.0,0.0,0.0,0.0,0.0,0.0,0.0,0.0,0.0,0.0,0.0,0.0,0.0,0.0,0.0,0.0,0.0,0.0,0.0,0.0,0.0,0.0,0.0,0.0,0.0,0.0,0.0,0.0,0.0,0.0,0.0,0.0,0.0,0.0,0.0,0.0,0.0,0.0,0.0,0.0,0.0,0.0,0.0,0.0,0.0,0.0,0.0,0.0,0.0,0.0,0.0,0.0,0.0,0.0,0.0,0.0,0.0,0.0,0.0,0.0,0.0,0.0,0.0,0.0,0.0,0.0,0.0,0.0,0.0,0.0,0.0,0.0,0.0,0.0,0.0,0.0,0.0,0.0,0.0,0.0,0.0,0.0,0.0
s__Sutterella_wadsworthensis,3.734949730821603,2.2424974362944172,26.007359573790257,0.0,0.6306354994774087,4.295477735569326,2.592233024334428,2.9860379254344007,24.688150643500226,0.0,3.430775586153919,2.66184937615014,0.0,0.05644284321877339,0.0,0.0,3.866992617844187,2.7246617634447077,3.6543531661803326,11.456332773481549,2.7837377818762987,1.549610115499621,3.660429801024128,0.0,0.0,4.5486380553752666,0.0,0.0,0.0,0.0,0.0,0.0,7.266174006028699,4.342273891693235,0.0,0.5567448473183116,0.0,4.217715043963019,0.0,0.0,1.278055116573986,1.716094248370468,0.0,0.0,3.3991790366526033,0.0,0.0,7.616417980518022,7.526033659668406,0.0,0.4946920253691919,0.0,1.4165353164891756,6.528734636216811,2.59485351733386,0.0,0.8181454407970458,2.8987976689745456,1.45474019180513,2.5170613445608225,0.0,10.083668607630914,5.152410542062402,1.4343953852116655,0.5444424580182673,1.5624013746627519,0.14820099068592002,3.354300213474607,5.36247023798339,1.7663230374785586,0.0,0.0,0.0,0.0,0.0,2.493838448815893,12.56896337888889,12.858281089615787,5.694210571918702,6.738463689828166,10.464294728676698,8.246718125448565,1.343981301129735,0.0,6.087668843377373,10.89861732451038,3.576282885834034,0.7311786240739044,2.209315264790095,0.015520670272543903,0.0,0.0,4.527342219644728,0.5772016245177228,0.0,3.033573481989882
s__Tannerella_serpentiformis,0.0,0.0,0.0,0.0,0.0,0.0,0.0,0.0,0.0,0.0,0.0,0.0,0.0,0.0,0.0,0.0,0.0,0.0,0.0,0.0,0.0,0.0,0.0,0.0,0.0,0.0,0.0,0.0,0.0,0.0,0.0,0.0,0.0,0.0,0.0,0.0,0.0,0.0,0.0,0.0,0.0,0.0,0.0,0.0,0.0,0.0,0.0,0.0,0.0,0.0,0.0,0.0,0.0,0.0,0.0,0.0,0.0,0.0,0.0,0.0,0.0,0.0,0.0,0.0,0.0,0.0,0.0,0.0,0.0,0.0,0.0,0.0,0.0,0.0,0.0,0.0,0.0,0.0,0.0,0.0,0.0,0.0,0.0,0.0,0.0,0.0,0.0,0.0,0.0,0.0,0.0,0.0,0.0,0.0,0.0,0.0
s__Veillonella_atypica,0.0,0.0,0.0,0.0,0.0,0.0,0.0,0.0,0.0,0.0,0.0,0.0,0.0,0.0,0.0,0.0,0.0,0.0,0.0,0.0,0.0,0.0,0.0,0.0,0.0,0.0,0.0,0.0,0.0,0.0,0.0,0.0,0.0,0.0,0.0,0.0,0.0,0.0,0.0,0.0,0.0,0.0,0.0,0.0,0.0,0.0,0.0,0.0,0.0,0.0,0.0,0.0,0.0,0.0,0.0,0.0,0.0,0.0,0.0,0.0,0.0,0.0,0.0,0.0,0.0,0.0,0.0,0.0,0.0,0.0,0.0,0.0,0.0,0.0,0.0,0.0,0.0,0.0,0.0,0.0,0.0,0.0,0.0,0.0,0.0,0.0,0.0,0.0,0.0,0.0,0.0,0.0,0.0,0.0,0.0,0.0
s__Veillonella_dispar,0.0,0.0,0.27621513048311724,0.0,0.0,0.0,0.0,0.008739440815992603,0.0,0.0,0.0,0.0,0.0,0.0,0.0,0.0,0.0,0.0017552933256818,0.0,0.0,0.0,0.0,0.0,0.0041812300232747,0.0023300525580143,0.004063539320783301,0.0,0.0,0.0,0.0,0.0010775741527521,0.0,0.0,0.0045005207745467,0.0,0.0,0.0,0.0,0.0,0.0,0.0,0.0,0.0,0.0,0.0,0.0,0.0,0.0,0.0301535500136685,0.0,0.0,0.0,0.0,0.0,0.0,0.0,0.0,0.0,0.0,0.0,0.0,0.0,0.0,0.0,0.0,0.0,0.0,0.0,0.0,0.024888399801451702,0.0,0.0,0.0,0.0,0.0,0.0135255289756487,0.0,0.0,0.0028367910835954994,0.0,0.0,0.0,0.0,0.1425897748229868,0.0,0.0,0.0,0.0,0.0061951599975825,0.0,0.0,0.0,0.0,0.0,0.0,0.0
s__Veillonella_parvula,0.0,0.0,0.0,0.0,0.0,0.0,0.0,0.0,0.0,0.0,0.0,0.0,0.0,0.0,0.0,0.0,0.0,0.0,0.0,0.0,0.0,0.0,0.0,0.0,0.0,0.0,0.0,0.0,0.0,0.0,0.0,0.0,0.0,0.0,0.0,0.0,0.0,0.0,0.0,0.0,0.0,0.0,0.0,0.0,0.0,0.0,0.0,0.0,0.0,0.0,0.0,0.0,0.0,0.0,0.0,0.0,0.0,0.0,0.0,0.0,0.0,0.0,0.0,0.0,0.0,0.0,0.0,0.0,0.0,0.0,0.0,0.0,0.0,0.0,0.0,0.0,0.0,0.0,0.0,0.0,0.0,0.0,0.0,0.0,0.0,0.0,0.0,0.0,0.0,0.0,0.0,0.0,0.0,0.0,0.0,0.0
s__Veillonella_rogosae,0.0,0.0,0.0,0.0,0.0,0.0,0.0,0.0,0.0,0.0,0.0,0.0,0.0,0.0,0.0,0.0,0.0,0.0,0.0,0.0,0.0,0.0,0.0,0.0,0.0,0.0,0.0,0.0,0.0,0.0,0.0,0.0,0.0,0.0,0.0,0.0,0.0,0.0,0.0,0.0,0.0,0.0,0.0,0.0,0.0,0.0,0.0,0.0,0.0,0.0,0.0,0.0,0.0,0.0,0.0,0.0,0.0,0.0,0.0,0.0,0.0,0.0,0.0,0.0,0.0,0.0,0.0,0.0,0.0,0.0,0.0,0.0,0.0,0.0,0.0,0.0,0.0,0.0,0.0,0.0,0.0,0.0,0.0,0.0,0.0,0.0,0.0,0.0,0.0,0.0,0.0,0.0,0.0,0.0,0.0,0.0
s__Vescimonas_SGB15087,0.2967565276011428,0.6273731830571463,0.0,0.0,0.0,0.09987718735941581,0.0,0.0,0.009900642664501101,0.0,0.0,0.0,0.0,0.46698158722998323,0.0,0.0,0.0,0.0,0.0,0.0,0.009655518107834202,0.0,0.2095869778681236,0.0,0.0,0.0,0.0,0.0,0.0,0.0,0.0,0.0,0.0,0.0,0.021371167908390606,0.843477389940008,0.0,0.0,0.0,0.0,0.0,0.0,0.0,0.0,0.0,0.0,0.0,0.0,0.0,0.0,0.203226249489067,0.0,0.0,0.0,0.0,0.0568532360292953,0.4255660136635483,0.17989584706882572,0.0,0.39061517571808807,0.0791605553062102,0.0,0.0,3.3667071204765113,0.0,0.0,0.0,0.0,0.0,0.731612927347349,0.0,0.0,0.0,0.0,0.3145915951367453,2.096244548362064,0.0,0.013356789112345004,0.0,0.2238403197752526,0.0098845058143865,0.0,0.0,0.0,0.0,0.0,0.0,0.0,0.0,0.0,0.0,0.0,0.0,0.7851076966319861,0.17867632243101123,0.0
s__Vescimonas_coprocola,0.090894980705843,0.006329629860508399,0.11508289689500563,0.0,0.7514347227254098,0.09173014087387221,0.13269027373033646,0.04416455385622052,0.09604041133200071,0.1116075517727995,0.0,0.0123800055501223,0.0904733727810347,0.0,0.0766497706703084,0.0,0.0,0.1506780744309004,0.3218648040884833,0.0314154463505599,0.30401385078879695,1.0143306633759912,0.1120339251183131,0.5063072246735634,0.1295018684875327,0.06598936827496062,0.6042389175172161,0.2844300444869339,0.0,0.05957602904020879,0.0,0.8258219925010902,0.03724628019612661,0.0317465306699616,0.005368727860481302,0.401573635578174,0.0539587948633219,1.3413110634669416,0.0,0.36080009927471013,0.003786190492986501,0.011058930962707299,0.12270264860788194,0.012331301401603302,0.05960355739819399,0.0,1.1470666530894669,0.5439399638234235,0.1345678983568969,0.0944401065092549,0.0,0.0,0.011703996339143501,0.048399737267392016,0.07881112115510291,0.0839423300277648,0.2365255396481564,0.022108095056246602,0.0,0.10900245891195526,0.2220903073969068,0.07275407099096201,0.9309957670781294,1.737271774705506,0.1941022148915733,1.3472142483702583,0.050426015051167214,0.45475509148021726,0.23301002648533584,0.011300226367250702,0.8108207569261792,0.0034256810502049004,0.0,0.27176735460987606,0.3027001644053457,1.3494370689003314,1.3107312895933245,0.08067556922228432,0.16817237576010247,0.0556409253244893,0.20332846115367,0.32723950511998057,0.1069146864043585,0.0482362661074242,0.037523476708759704,0.1889018342256568,0.0033678048987164995,0.0,0.00816481684464,4.36801254143633,0.0,0.35768942541845655,0.1740450197273452,0.0375431783665213,1.0710974239531772,0.075926495950988
s__Victivallis_lenta,2.626982878426765,0.1006849563741754,0.0,0.0,0.0,0.31032310159226517,0.0,0.49709658951498636,0.0,0.563449034101452,0.09836044544071819,0.3710768584152987,0.0,0.015590627842606397,0.0,0.0,0.5560247801486425,0.3295640205517033,0.0,0.0,0.27405059782192126,0.0,0.3100507587322237,0.0,0.6093700610933475,0.46300814245419114,0.0,0.0,0.3135357560932562,0.0,0.0,0.0,0.021954552256385703,0.04956287799016669,0.0,0.06704548048676172,0.0,0.5694113617147298,0.0,0.0,0.0,0.0,0.6563645512059753,0.15983684201492662,0.0,0.0,0.0,0.0,4.64635903829885,0.2344845089722672,0.0284188965011331,0.9089060054971734,0.053158314884605706,0.8840688582195607,0.0,0.6557931043356732,0.0,0.20662763357756506,0.0,0.021446731266653495,0.3983330225911361,0.0,0.0,0.7153525480446368,0.9178130358524751,0.36974363887792433,0.7137929071173096,0.0,0.0,0.644949956738273,0.0,0.26387348799801785,0.0,0.05044147664133769,0.5978353547922187,4.03621612633952,0.0,0.0,0.0,0.0,0.0,0.0,0.0,2.2934441969972044,0.7198324496614538,0.0,0.5673257469906654,7.103084301126579,1.1651951197627064,0.0015268114987042004,0.0,0.0,0.0451863071422465,0.0,0.5014292398219885,0.8445856003099408
s__Victivallis_vadensis,0.0,2.676693604128271,0.0,0.0,0.0,0.07593794331662451,0.0,0.0,0.0,0.0,0.3464804763876705,0.006210209530583701,0.0,0.47279283655100174,0.0,0.0,0.0,0.2708540780006038,0.0,0.0,0.0,0.0,0.0,0.0,0.0,0.0,0.0,0.0,0.0,0.0,0.0,0.0,0.04429139771126571,0.0108869740641418,0.27362356970087115,0.09217725262017222,0.0,0.0,0.0,0.03302485356121039,0.6273483322385843,0.8435993425958175,0.0,0.03644730396536411,0.2287763475189638,0.0,0.0,0.0,0.0,0.262188392581094,0.0,0.0,0.016127637942735903,0.22661846292151896,0.39293643038402837,0.3569157441137058,1.8731729412202462,0.13910461358782872,0.004337678671329,0.0,0.0433989669833025,0.0,0.0,0.0561542024576137,0.0008612246376767,0.4982347714934913,0.5998162977550603,0.1704273165529904,0.0,0.12391186493076482,0.0042243806401249,0.0,0.0,0.0978503995768186,0.0948151843956047,10.26378038959768,0.0,0.4194228825583385,0.0,0.2333854979283429,0.3649053266209504,0.0,1.2244253992988066,0.0,1.1013156771253603,0.2573648241868175,0.1372108899057763,0.0,0.9321863982232022,0.0,0.08911093029636291,0.0,0.0,0.0923733738368309,1.9188867980588762,0.0161513367576535
s__Waltera_intestinalis,0.0002948400671644,0.3756128403802848,0.07232692556137041,0.0,0.016630768638406297,0.5557149430138469,0.017693862489381307,0.07136431083430862,0.0,0.057452523810314106,0.2093409832819886,0.1540697752739259,0.3867061143984021,0.017737320688806596,0.0,0.0,2.3447808694003367,2.1216569168334667,0.0202908496153777,0.000987830417079,0.2540750958439908,0.0178121239701494,0.026793252291871197,0.0358715480729829,1.330322046987973,1.5441292525566737,0.0657746241071639,1.2603735874699833,0.0,9.003060504351366,0.0,0.046176819427713706,0.15417338562130892,10.7479294032597,1.008853991869644,0.07002756474156381,0.1569256750102049,0.0027393869895077,0.0,1.5642915268233522,0.005944442402669602,0.0,0.19346361400339265,0.011030392831753201,1.9375432347824573,0.0,0.0037762067874218,0.0390459267864675,0.10032465392814148,2.8746500932328747,0.345845186832122,0.1196726558275031,0.010925861792005501,0.10866731292487435,0.6422100628689034,0.49611982589838394,0.8560893527345992,0.043496949219881106,0.0369523328973778,0.029254336399142992,0.0143652679536408,5.83157674984098,0.0021713959540521,0.0101982866878365,0.6839311519206088,0.450454528422828,0.48791199038117994,4.886671092487078,0.7281867388392439,4.860380820418895,0.0,0.823492104045295,0.1665386940939252,1.4449865695777888,0.5246271530447227,0.0293029523042976,0.026176961099631895,0.018845880528377303,0.10769527889098367,1.7361422082278792,0.0385913381936281,0.055911165992828506,0.1263537202960631,0.0,0.0,0.0393877034295301,1.9592612394038131,0.0,0.11893697114921939,0.058328791164770216,0.5395386570422114,0.22927880645290996,0.43931406149261565,0.5818037979642603,0.4714826527510775,0.3149257114574996
