clade_name,010054,010055,010056,010057,010058,010059,010060,010378,010379,010380,010381,010382,SRR059439,SRR532078,SRR532111,SRR532106,SRR059449,SRR532008,SRR059832,SRR532171,SRR532279,SRR059905,SRR059384,SRR532209,SRR060083,SRR059489,SRR059399,SRR532203,SRR059921,SRR059871,SRR532092,SRR532085,SRR060077,SRR059369,SRR532142,SRR059895,SRR532156,SRR059513,SRR532095,SRR532135,SRR532072,SRR532122,SRR531979,SRR059419,SRR532131,SRR532061,SRR059334,SRR059512,SRR059894,SRR059418,SRR532123,SRR060002,SRR059870,SRR532282,SRR059999,SRR060141,SRR059398,SRR059488,SRR532167,SRR060078,SRR059833,SRR532113,SRR059385,SRR532117,SRR060031,SRR532193,SRR059391,SRR532114,SRR059438,SRR531991,SRR532023,SRR059358,SRR531982,SRR059827
s__Abiotrophia_defectiva,0.0,0.0,0.0,0.0,0.0600695642730831,0.0,0.0,0.0,0.0174622459981049,0.0,0.0,0.0,0.0,0.0,0.0,0.0,0.3993428761059997,0.0,0.0,0.0,0.0,0.0141252304757679,0.0,0.0,0.0,0.949330821263091,0.0,0.0,0.3457629877885778,0.345784763726709,0.0,0.0,0.0,0.0,0.0,0.25602308348345426,0.0,0.17515015506598478,0.0,0.0,0.0,0.0,0.0,0.0,0.0,0.0,0.0,0.2554975600356187,0.30974971004563784,0.0,0.0,1.1953247450022166,0.2943710442239957,0.0,0.0,1.1924085695700164,0.10845521905671791,0.0,0.0,0.078226229212283,0.0,0.0,0.0,0.0,0.0,0.0,0.0,0.0,0.0,0.0,0.0,0.0566596502139456,0.0,0.0
s__Actinomyces_SGB17132,0.0,0.0,0.1484683217691617,0.0,0.0,0.0,0.0,0.05544841896334989,0.20533231257821022,0.0,0.23633396644649513,0.0,0.0,0.0,0.0,0.0,0.0,0.0,0.0,0.0,0.0,0.0,0.0,0.0,0.0,0.0,0.0,0.0,0.0,0.0,0.0,0.0,0.0,0.0,0.0,0.0,0.0,0.0,0.0,0.0,0.0,0.0,0.0,0.0,0.0,0.0,0.0,0.0,0.0,0.0,0.0,0.0,0.0008324158083445001,0.0,0.0,0.04268667738034421,0.0,0.0,0.0,0.0,0.0,0.0,0.0,0.0,0.0,0.0,0.0,0.0,0.0,0.0,0.0,0.0,0.0,0.0
s__Actinomyces_SGB17154,0.7234646601914254,0.0,0.1168321005356663,0.0,0.0,0.2544080156774325,0.0,0.0,0.0,0.0,0.0,0.0,0.0,0.0,0.0,0.0,0.0,0.0,0.0,0.0,0.0,0.0,0.0326206876933987,0.0,0.0,0.23496084755501448,0.0,0.0,0.0,0.0,0.0,0.0,0.0,0.0,0.0,0.0,0.0,0.0,0.0,0.0,0.0,0.0,0.0,0.0,0.0,0.0,0.0,0.0,0.0,0.0,0.0,0.0,0.0,0.0,0.0,0.10773641500740562,0.0,0.0,0.0,0.0,0.0,0.0,0.041629774157252504,0.0,0.0,0.0,0.0,0.0,0.0,0.0,0.0,0.0,0.0,0.0
s__Actinomyces_SGB17157,0.0,0.0,0.001341829938125,0.0,0.0,0.0,0.0,0.0,0.0,0.0,0.0,0.0,0.0,0.0,0.0,0.0,0.0,2.2106839324192924,0.08894587069130258,0.0,0.0,0.0,0.0,0.20184513579214453,0.0,0.0,0.0,0.15640749329326797,0.0,0.0,0.0,0.0,0.071566258127622,0.0,0.0,0.0,0.0,0.0,0.0,0.0,0.0,0.0,0.0,0.0,0.0,0.0,0.0,0.0,0.0,0.0,0.0,0.0,0.0,0.1552523790848746,0.016487202728924802,0.0,0.39176169138137656,0.0,0.0,0.0,0.10516731326416282,0.770888590237763,0.0,0.0,0.0,0.1971887254644174,0.0,0.0,0.0,0.0,1.601608662851597,0.0834625725719822,0.0,0.0
s__Actinomyces_SGB17163,0.0,0.0,0.0,0.1481023374901768,0.0,0.0,0.1687132831804599,0.0,0.0,0.0,0.0,0.0,0.0,0.0,0.0,0.0,0.0,0.0,0.0,0.0,0.0,0.0556937658758843,0.0,0.0,0.0,0.0,0.0,0.0,0.0,0.08252422400683558,0.0,0.0,0.0235884217629253,0.0,0.0,0.014078024260083201,0.0,0.0,0.0,0.0,0.0,0.0,0.0,0.0,0.0,0.0,0.0,0.0,0.0361863918405646,0.0,0.0,0.0,0.05775685070204979,0.0,0.0,0.0644265744536065,0.046050701845534905,0.0,0.0,0.0,0.0,0.0,0.0,0.0,0.008900821828969598,0.0,0.0,0.0,0.0,0.0,0.0,0.0,0.0,0.0
s__Actinomyces_SGB17168,0.0,0.0,0.0,0.0,0.0,0.0,0.0,0.0,0.05751808941115421,0.0,0.7649474376361927,0.0,0.0,0.0,0.0,0.0,0.0,4.10078672986146,0.0,0.0,0.0,0.0,0.0,0.9586333811900654,0.0,0.0,0.0,0.9439778983681791,0.0,0.2621956084778676,0.0,0.0,0.0,0.0,0.0,0.024519039073000907,0.0,0.0,0.0,0.0,0.0,0.0,0.0,0.0,0.0,0.0,0.0,0.0,0.023328056430227305,0.0,0.0,0.0,0.242216992231946,0.0,0.0,0.06349182969346251,0.0,0.0,0.0,0.0,0.0,0.0,0.0,0.0,0.0,1.0982158814933034,0.0,0.0,0.0,0.0,4.072011210773262,0.0,0.0,0.0
s__Actinomyces_dentalis,0.0,0.0,0.0,0.0,0.5051615555766904,0.0,0.0,0.0,0.0,0.0,0.0,0.0,0.0,0.0,0.0,0.0,0.0,0.0,0.050364649002552296,0.0,0.0,0.007526184577822,0.0,0.0,0.0,0.0,0.0,0.0,1.519351697347087,0.0,0.0,0.0,0.0,0.0,0.0,0.0,0.0,0.0,0.0,0.0,0.0,0.0,0.0,0.0,0.0,0.0,0.0,0.0,0.0,0.0,0.0,0.0,0.0,0.0,0.0,0.0,0.0,0.0,0.0,0.0,0.05151943690900841,0.0,0.0,0.0,0.0,0.0,0.0,0.0,0.0,0.0,0.0,0.0,0.0,0.0
s__Actinomyces_graevenitzii,0.1152300891767426,1.8908816192267277,1.1810064591564513,0.0,0.0,0.040190723442477705,0.1505805471376893,2.9769232181077463,0.821496941535683,0.1659514487146134,2.050422082150518,0.0,0.0,0.0,0.0,0.0,0.0,1.4301935953072682,0.044640631180275295,0.0,0.0,0.20094912822784472,0.0021975014164727,0.27128246181890225,0.0,0.17284476141976704,0.0,0.3083070536181314,0.07914445189604297,0.0,0.0,0.0,0.0,0.0,0.45652281787053867,0.0,0.0,0.0,0.0,0.0,0.0,0.6354406210231108,0.0,0.0,0.0,0.0,0.0,0.0,0.0,0.0,0.0,0.0,0.0,0.5819014383987383,0.0,0.28822713051345344,0.0,0.0,0.0,0.0,0.061343865299787005,0.49178743640964456,0.0105770642722018,0.0,0.0,0.32167751295772384,0.0,0.0,0.0,0.0,1.1837954767515781,0.0232989542966802,0.0,0.0
s__Actinomyces_naeslundii,0.0,0.0,0.0,0.0,0.0,0.0,0.0,0.0203933403078557,0.05708209223196061,0.0,0.0,0.0,0.0,0.0,0.0,0.0,0.0,0.0,0.0,0.0,0.0,0.207657249264599,0.0,0.0,0.0,0.14684528224896484,0.0,0.0,0.022968288543983393,0.046475506740366296,0.0,0.0,0.0,0.0,0.0,0.0,0.0,0.0,0.0,0.0,0.0,0.0,0.0,0.0,0.0,0.0,0.0,0.0,0.0,0.0,0.0,0.0,0.052762355851981996,0.0,0.0,0.031228972668768104,0.017129310097076505,0.0,0.0,0.0,0.0,0.0,0.0,0.0,0.0,0.0,0.0,0.0,0.0,0.0,0.0,0.0,0.0,0.0
s__Actinomyces_oris,0.0,0.0,0.0,0.0,2.205086199580141,0.0,0.0409431923979902,0.0,0.15737262286511552,0.0,0.0,0.10782179471646859,0.0399347109647277,12.597907177672887,2.252263762620181,2.4491552095001032,5.6841886680179075,0.17656063865111232,1.9638635599857999,0.3654693143718003,2.5933489501806357,0.9301164311661624,0.5218211280238577,1.7028967051386168,0.025203524551222906,1.0321569338637853,0.0,1.588277617129628,2.34339065968064,0.21994803771316876,10.122045966554207,10.909473554281409,18.21877827995129,0.0732909215483001,0.4070884681299111,0.42013614053762427,0.056900038152959985,1.6201389343603494,11.928708943217162,0.0,12.819708681598382,0.3911001183298597,0.4384550289117004,1.023888904814801,2.554066278305215,15.345912874229825,0.0,1.427189027602216,0.42051891196604096,0.6228379284793003,0.0,1.9041212948364743,0.22002990934030298,0.3374972387142457,5.332236149246971,0.33172108745937195,0.5959562967663156,0.0,0.2900893164254802,17.50265451146405,1.9637430422434685,0.236585214495855,0.42492416741661604,2.0279728765129947,0.10959009576834529,2.085410599577351,2.7395488251244613,2.6301838498718046,0.026201243054113203,0.4492525331663404,0.2555668451077058,0.060187951386817,0.3900684065635604,4.434975029764682
s__Actinomyces_sp_HMSC035G02,0.0,0.0,0.0,0.0,0.0,0.0,0.0,0.0,0.09067623386083691,0.0,0.10545059199243,0.0,0.0,0.2407703267027374,0.0,0.0,0.0,0.2586717561409773,0.0,0.0,0.0,0.0169393690570405,0.0338537301548672,0.0,0.0,0.0,0.0,0.0,0.2977147909525882,0.6321400063514435,0.0,0.0,0.0,0.0,0.0,0.0,0.0,0.0,0.0,0.0,0.0,0.0,0.0,0.0,0.0,0.0,0.0,0.0,0.0,0.0,0.0,0.0,0.4235715824768634,0.0,0.0,0.0,0.09037934921393512,0.0,0.0,0.0,0.0,0.0,0.017386125120975704,0.0,0.0,0.0,0.0,0.0,0.0,0.0,0.3003032275093775,0.0,0.0,0.0
s__Actinomyces_sp_ICM47,0.4846598354602002,8.465391284274919,4.920469739567334,0.0,0.5085979455524099,0.15467275274057363,0.43103353126571936,1.9256250585637795,3.0309741339642895,1.4314157281721842,1.7755000674221193,0.0,0.0,0.1080802292511336,0.2024737614843809,0.0,0.0,6.465285166080687,0.2234826489591634,0.0,0.0,0.2349914790501452,0.0009034172489943,0.28834570208630017,0.0,1.4146207469406864,0.0,0.3431154084182022,0.08590399444135847,0.4948115596220001,0.16743997025477378,0.29445527802301924,0.0,0.0,5.374747915903437,0.009601704940501502,0.0,0.08683695153963569,0.0,0.0,0.3293694034347118,5.1225961515127265,0.0,0.0,0.0,0.0,0.0,0.0663705769084407,0.006451491204150601,0.0,0.0,0.0,0.4715475474308816,5.6039746944582625,0.0,0.18284174020580152,0.0,0.0,0.0,0.0,0.1735014217975412,5.183498320442767,0.0008844509643423001,0.0,0.0,0.47017883238536057,0.0,0.0,0.0,0.0,6.168682839313547,0.0125923852204077,0.0,0.0
s__Actinomyces_sp_ICM58,0.0,0.0,0.0,0.17727982197527098,0.0,0.0,0.0,1.0465218245771275,0.9548226430551522,0.0,0.9615742255975489,0.0,0.0,0.0,0.0,0.0,0.0,0.0,0.018647776811599598,0.0,0.0,0.0,0.0,0.0,0.0,0.0,0.0,0.0,0.0,0.0,0.0,0.0,0.0,0.0,0.6244283346806234,0.0,0.0,0.0,0.0,0.0,0.0,0.7155608146608584,0.0,0.0,0.0,0.0,0.0,0.0,0.0,0.0,0.0,0.0,0.0,0.9814120461151656,0.0,0.17517966573242783,0.0,0.0,0.0,0.0,0.0178788913474217,0.7140427660609455,0.0,0.0,0.0,0.0,0.0,0.0,0.0,0.0,0.0,0.0,0.0,0.0
s__Actinomyces_sp_ph3,0.058736139738840495,0.0,0.0908109215047912,0.0,0.22700963387648293,0.0,0.0,0.0,0.058077060153738605,0.0,0.0,0.0,0.0,0.0,0.0,0.0,0.0,0.0,0.0,0.0,0.0,0.0443608589536143,0.0,0.0,0.0,0.0,0.0,0.0,0.0,0.0,0.0,0.0,0.0,0.0,0.0,0.0,0.0,0.0,0.0,0.0,0.0,0.0,0.0,0.0,0.0,0.0,0.0,0.0,0.0,0.0,0.0,0.0,0.0,0.0,0.0,0.022816269827387603,0.0,0.0,0.0,0.0,0.008076867582387702,0.0,0.0,0.0,0.0,0.0,0.0,0.0,0.0,0.0,0.0,0.0,0.0,0.0
s__Adlercreutzia_equolifaciens,0.0,0.0,0.0,0.0,0.0,0.0,0.0,0.0,0.0,0.0,0.0,0.0,0.0,0.0,0.0,0.0,0.0,0.0,0.0,0.0,0.0,0.0,0.0,0.0,0.0,0.0,0.0,0.0,0.0,0.0,0.0,0.0,0.0,0.0,0.0,0.0,0.0,0.0,0.0,0.0,0.0,0.0,0.0,0.0,0.0,0.0,0.0,0.0,0.0,0.0,0.0,0.0,0.0,0.0,0.0,0.0,0.0,0.0,0.0,0.0,0.0,0.0,0.0,0.0,0.0,0.0,0.0,0.0,0.0,0.0,0.0,0.0,0.0,0.0
s__Agathobaculum_butyriciproducens,0.0,0.0,0.0,0.0,0.0,0.0,0.0,0.0,0.0,0.0,0.0,0.0,0.0,0.0,0.0,0.0,0.0,0.0,0.0,0.0,0.0,0.0,0.0,0.0,0.0,0.0,0.0,0.0,0.0,0.0,0.0,0.0,0.0,0.0,0.0,0.0,0.0,0.0,0.0,0.0,0.0,0.0,0.0,0.0,0.0,0.0,0.0,0.0,0.0,0.0,0.0,0.0,0.0,0.0,0.0,0.0,0.0,0.0,0.0,0.0,0.0,0.0,0.0,0.0,0.0,0.0,0.0,0.0,0.0,0.0,0.0,0.0,0.0,0.0
s__Aggregatibacter_sp_2125159857,0.0,0.0,0.0,0.0,1.9218591823642,0.6515504247373658,0.0927450029595629,0.0,0.14807134970862262,0.0,0.0639330558256128,0.0,0.0,0.0,0.0,0.0,1.462608634491844,0.0,1.6729336463357483,0.0,0.0,2.8761150751440585,0.0,2.1550306478015133,1.8280306823012602,3.310119912452575,0.0,1.937553518629953,0.14991320535028269,0.34425889209639315,0.0,0.0,0.0,0.1625471573661383,0.0,0.17323355766780013,0.0,1.0456030906049458,0.0,1.7571379642071654,0.0,0.0,0.0,0.0,0.0,0.0,0.0,0.8878843486281922,0.17423490951000534,0.0,2.154630525881847,0.41412148165187784,0.3788292327783572,0.0,0.0,0.6595757306835981,1.0428237314160669,0.0,0.0,0.0,1.7669856189188173,0.0,0.0,0.0,0.14780048879157487,2.0103451538631414,0.7356138883310697,0.0,0.0,0.0,0.0,0.0,0.0,0.0
s__Akkermansia_muciniphila,0.0,0.0,0.0,0.0,0.0,0.0,0.0,0.0,0.0,0.0,0.0,0.0,0.0,0.0,0.0,0.0,0.0,0.0,0.0,0.0,0.0,0.0,0.0,0.0,0.0,0.0,0.0,0.0,0.0,0.0,0.0,0.0,0.0,0.0,0.0,0.0,0.0,0.0,0.0,0.0,0.0,0.0,0.0,0.0,0.0,0.0,0.0,0.0,0.0,0.0,0.0,0.0,0.0,0.0,0.0,0.0,0.0,0.0,0.0,0.0,0.0,0.0,0.0,0.0,0.0,0.0,0.0,0.0,0.0,0.0,0.0,0.0,0.0,0.0
s__Alistipes_communis,0.0,0.0,0.0,0.0,0.0,0.0,0.0,0.0,0.0,0.0,0.0,0.0,0.0,0.0,0.0,0.0,0.0,0.0,0.0,0.0,0.0,0.0,0.0,0.0,0.0,0.0,0.0,0.0,0.0,0.0,0.0,0.0,0.0,0.0,0.0,0.0,0.0,0.0,0.0,0.0,0.0,0.0,0.0,0.0,0.0,0.0,0.0,0.0,0.0,0.0,0.0,0.0,0.0,0.0,0.0,0.0,0.0,0.0,0.0,0.0,0.0,0.0,0.0,0.0,0.0,0.0,0.0,0.0,0.0,0.0,0.0,0.0,0.0,0.0
s__Alistipes_dispar,0.0,0.0,0.0,0.0,0.0,0.0,0.0,0.0,0.0,0.0,0.0,0.0,0.0,0.0,0.0,0.0,0.0,0.0,0.0,0.0,0.0,0.0,0.0,0.0,0.0,0.0,0.0,0.0,0.0,0.0,0.0,0.0,0.0,0.0,0.0,0.0,0.0,0.0,0.0,0.0,0.0,0.0,0.0,0.0,0.0,0.0,0.0,0.0,0.0,0.0,0.0,0.0,0.0,0.0,0.0,0.0,0.0,0.0,0.0,0.0,0.0,0.0,0.0,0.0,0.0,0.0,0.0,0.0,0.0,0.0,0.0,0.0,0.0,0.0
s__Alistipes_finegoldii,0.0,0.0,0.0,0.0,0.0,0.0,0.0,0.0,0.0,0.0,0.0,0.0,0.0,0.0,0.0,0.0,0.0,0.0,0.0,0.0,0.0,0.0,0.0,0.0,0.0,0.0,0.0,0.0,0.0,0.0,0.0,0.0,0.0,0.0,0.0,0.0,0.0,0.0,0.0,0.0,0.0,0.0,0.0,0.0,0.0,0.0,0.0,0.0,0.0,0.0,0.0,0.0,0.0,0.0,0.0,0.0,0.0,0.0,0.0,0.0,0.0,0.0,0.0,0.0,0.0,0.0,0.0,0.0,0.0,0.0,0.0,0.0,0.0,0.0
s__Alistipes_ihumii,0.0,0.0,0.0,0.0,0.0,0.0,0.0,0.0,0.0,0.0,0.0,0.0,0.0,0.0,0.0,0.0,0.0,0.0,0.0,0.0,0.0,0.0,0.0,0.0,0.0,0.0,0.0,0.0,0.0,0.0,0.0,0.0,0.0,0.0,0.0,0.0,0.0,0.0,0.0,0.0,0.0,0.0,0.0,0.0,0.0,0.0,0.0,0.0,0.0,0.0,0.0,0.0,0.0,0.0,0.0,0.0,0.0,0.0,0.0,0.0,0.0,0.0,0.0,0.0,0.0,0.0,0.0,0.0,0.0,0.0,0.0,0.0,0.0,0.0
s__Alistipes_indistinctus,0.0,0.0,0.0,0.0,0.0,0.0,0.0,0.0,0.0,0.0,0.0,0.0,0.0,0.0,0.0,0.0,0.0,0.0,0.0,0.0,0.0,0.0,0.0,0.0,0.0,0.0,0.0,0.0,0.0,0.0,0.0,0.0,0.0,0.0,0.0,0.0,0.0,0.0,0.0,0.0,0.0,0.0,0.0,0.0,0.0,0.0,0.0,0.0,0.0,0.0,0.0,0.0,0.0,0.0,0.0,0.0,0.0,0.0,0.0,0.0,0.0,0.0,0.0,0.0,0.0,0.0,0.0,0.0,0.0,0.0,0.0,0.0,0.0,0.0
s__Alistipes_onderdonkii,0.0,0.0,0.0,0.0,0.0,0.0,0.0,0.0,0.0,0.0,0.0,0.0,0.0,0.0,0.0,0.0,0.0,0.0,0.0,0.0,0.0,0.0,0.0,0.0,0.0,0.0,0.0,0.0,0.0,0.0,0.0,0.0,0.0,0.0,0.0,0.0,0.0,0.0,0.0,0.0,0.0,0.0,0.0,0.0,0.0,0.0,0.0,0.0,0.0,0.0,0.0,0.0,0.0,0.0,0.0,0.0,0.0,0.0,0.0,0.0,0.0,0.0,0.0,0.0,0.0,0.0,0.0,0.0,0.0,0.0,0.0,0.0,0.0,0.0
s__Alistipes_putredinis,0.0,0.0,0.0,0.0,0.0,0.0,0.0,0.0,0.0,0.0,0.0,0.0,0.0,0.0,0.0,0.0,0.0,0.0,0.0,0.0,0.0,0.0,0.0,0.0,0.0,0.0,0.0,0.0,0.0,0.0,0.0,0.0,0.0,0.0,0.0,0.0,0.0,0.0,0.0,0.0,0.0,0.0,0.0,0.0,0.0,0.0,0.0,0.0,0.0,0.0,0.0,0.0,0.0,0.0,0.0,0.0,0.0,0.0,0.0,0.0,0.0,0.0,0.0,0.0,0.0,0.0,0.0,0.0,0.0,0.0,0.0,0.0,0.0,0.0
s__Alistipes_senegalensis,0.0,0.0,0.0,0.0,0.0,0.0,0.0,0.0,0.0,0.0,0.0,0.0,0.0,0.0,0.0,0.0,0.0,0.0,0.0,0.0,0.0,0.0,0.0,0.0,0.0,0.0,0.0,0.0,0.0,0.0,0.0,0.0,0.0,0.0,0.0,0.0,0.0,0.0,0.0,0.0,0.0,0.0,0.0,0.0,0.0,0.0,0.0,0.0,0.0,0.0,0.0,0.0,0.0,0.0,0.0,0.0,0.0,0.0,0.0,0.0,0.0,0.0,0.0,0.0,0.0,0.0,0.0,0.0,0.0,0.0,0.0,0.0,0.0,0.0
s__Alistipes_shahii,0.0,0.0,0.0,0.0,0.0,0.0,0.0,0.0,0.0,0.0,0.0,0.0,0.0,0.0,0.0,0.0,0.0,0.0,0.0,0.0,0.0,0.0,0.0,0.0,0.0,0.0,0.0,0.0,0.0,0.0,0.0,0.0,0.0,0.0,0.0,0.0,0.0,0.0,0.0,0.0,0.0,0.0,0.0,0.0,0.0,0.0,0.0,0.0,0.0,0.0,0.0,0.0,0.0,0.0,0.0,0.0,0.0,0.0,0.0,0.0,0.0,0.0,0.0,0.0,0.0,0.0,0.0,0.0,0.0,0.0,0.0,0.0,0.0,0.0
s__Alistipes_sp_AF17_16,0.0,0.0,0.0,0.0,0.0,0.0,0.0,0.0,0.0,0.0,0.0,0.0,0.0,0.0,0.0,0.0,0.0,0.0,0.0,0.0,0.0,0.0,0.0,0.0,0.0,0.0,0.0,0.0,0.0,0.0,0.0,0.0,0.0,0.0,0.0,0.0,0.0,0.0,0.0,0.0,0.0,0.0,0.0,0.0,0.0,0.0,0.0,0.0,0.0,0.0,0.0,0.0,0.0,0.0,0.0,0.0,0.0,0.0,0.0,0.0,0.0,0.0,0.0,0.0,0.0,0.0,0.0,0.0,0.0,0.0,0.0,0.0,0.0,0.0
s__Alloprevotella_SGB1483,5.321295468209789,0.0,0.1140349012031234,0.0,0.0,2.0013213186806844,0.0,0.0,0.005019557268341201,0.0,0.5583143090342014,0.0,0.0,0.0,0.0,0.0,0.0,0.0,0.0,0.0,0.0,0.0,0.0,0.0,0.0,0.0,0.0,0.0,0.0,0.0,0.0,0.0,0.0,0.0,0.0,0.0,0.0,0.0,0.0,0.0,0.0,0.0,0.0,0.0,0.0,0.0,0.0,0.0,0.0,0.0,0.0,0.0,0.0,0.0,0.0,0.028835459570781805,0.013548349131376102,0.0,0.0,0.0,0.0,0.0,0.0,0.0,0.0038597385276651994,0.0,0.0,0.0,0.0,0.0,0.0,0.0,0.0,0.0
s__Alloprevotella_SGB1484,7.406925409263322,0.0,0.1678526034906822,0.0,0.11846373556868321,3.320578397207425,0.0,0.0,0.0,0.0,1.0453992721923278,0.0,0.0,0.0,0.0,0.0,0.0,0.0,0.0,0.0,0.0,0.0061627453427079,0.0,0.0,0.0,0.0,0.0,0.0,0.0,0.0,0.0,0.0,0.0,0.0,0.0,0.0,0.0,0.0,0.0,0.0,0.0,0.0,0.0,0.0,0.0,0.0,0.0,0.0,0.0,0.0,0.0,0.0,0.0,0.0,0.0,0.028183970798564904,0.0656547524825917,0.0,0.0,0.0,0.0,0.0,0.0,0.0,0.0024034255739551996,0.0,0.0,0.0,0.0,0.0,0.0,0.0,0.0,0.0
s__Alloprevotella_tannerae,3.112888271657309,0.0,0.0,5.7194056504339414,0.1545152574491992,0.38554063780710135,0.028844189971773196,0.0818738946675237,0.046450468708139105,0.1684832569696142,0.0610584272643635,0.22031433221808427,0.0,0.0,0.0,0.0,0.0,0.46287553338024057,0.0,0.0,0.0,0.218128462590266,0.0,0.0,0.24023078278314933,0.0,0.0,0.0,2.4297311341816425,0.0,0.0,0.0,0.0,0.4880273407212629,0.0,0.0,0.0,0.0,0.0,0.0,0.0,0.0,0.0,0.0,0.0,0.0,0.0,0.0,0.12060270321944111,0.0,0.0,0.0,0.07438915887263,0.0,0.0,0.22896997783945203,0.11327925245956051,0.0,0.0,0.0,0.0,0.0,0.0,0.0,0.0,0.0,0.0,0.0,0.0,0.0,1.026153597136036,0.0,0.0,0.0
s__Anaerobutyricum_hallii,0.0,0.0,0.0,0.0,0.0,0.0,0.0,0.0,0.0,0.0,0.0,0.0,0.0,0.0,0.0,0.0,0.0,0.0,0.0,0.0,0.0,0.0,0.0,0.0,0.0,0.0,0.0,0.0,0.0,0.0,0.0,0.0,0.0,0.0,0.0,0.0,0.0,0.0,0.0,0.0,0.0,0.0,0.0,0.0,0.0,0.0,0.0,0.0,0.0,0.0,0.0,0.0,0.0,0.0,0.0,0.0,0.0,0.0,0.0,0.0,0.0,0.0,0.0,0.0,0.0,0.0,0.0,0.0,0.0,0.0,0.0,0.0,0.0,0.0
s__Anaerobutyricum_soehngenii,0.0,0.0,0.0,0.0,0.0,0.0,0.0,0.0,0.0,0.0,0.0,0.0,0.0,0.0,0.0,0.0,0.0,0.0,0.0,0.0,0.0,0.0,0.0,0.0,0.0,0.0,0.0,0.0,0.0,0.0,0.0,0.0,0.0,0.0,0.0,0.0,0.0,0.0,0.0,0.0,0.0,0.0,0.0,0.0,0.0,0.0,0.0,0.0,0.0,0.0,0.0,0.0,0.0,0.0,0.0,0.0,0.0,0.0,0.0,0.0,0.0,0.0,0.0,0.0,0.0,0.0,0.0,0.0,0.0,0.0,0.0,0.0,0.0,0.0
s__Anaeromassilibacillus_sp_An250,0.0,0.0,0.0,0.0,0.0,0.0,0.0,0.0,0.0,0.0,0.0,0.0,0.0,0.0,0.0,0.0,0.0,0.0,0.0,0.0,0.0,0.0,0.0,0.0,0.0,0.0,0.0,0.0,0.0,0.0,0.0,0.0,0.0,0.0,0.0,0.0,0.0,0.0,0.0,0.0,0.0,0.0,0.0,0.0,0.0,0.0,0.0,0.0,0.0,0.0,0.0,0.0,0.0,0.0,0.0,0.0,0.0,0.0,0.0,0.0,0.0,0.0,0.0,0.0,0.0,0.0,0.0,0.0,0.0,0.0,0.0,0.0,0.0,0.0
s__Anaerostipes_hadrus,0.0,0.0,0.0,0.0,0.0,0.0,0.0,0.0,0.0,0.0,0.0,0.0,0.0,0.0,0.0,0.0,0.0,0.0,0.0,0.0,0.0,0.0,0.0,0.0,0.0,0.0,0.0,0.0,0.0,0.0,0.0,0.0,0.0,0.0,0.0,0.0,0.0,0.0,0.0,0.0,0.0,0.0,0.0,0.0,0.0,0.0,0.0,0.0,0.0,0.0,0.0,0.0,0.0,0.0,0.0,0.0,0.0,0.0,0.0,0.0,0.0,0.0,0.0,0.0,0.0,0.0,0.0,0.0,0.0,0.0,0.0,0.0,0.0,0.0
s__Anaerotignum_faecicola,0.0,0.0,0.0,0.0,0.0,0.0,0.0,0.0,0.0,0.0,0.0,0.0,0.0,0.0,0.0,0.0,0.0,0.0,0.0,0.0,0.0,0.0,0.0,0.0,0.0,0.0,0.0,0.0,0.0,0.0,0.0,0.0,0.0,0.0,0.0,0.0,0.0,0.0,0.0,0.0,0.0,0.0,0.0,0.0,0.0,0.0,0.0,0.0,0.0,0.0,0.0,0.0,0.0,0.0,0.0,0.0,0.0,0.0,0.0,0.0,0.0,0.0,0.0,0.0,0.0,0.0,0.0,0.0,0.0,0.0,0.0,0.0,0.0,0.0
s__Bacteroides_caccae,0.0,0.0,0.0,0.0,0.0,0.0,0.0,0.0,0.0,0.0,0.0,0.0,0.0,0.0,0.0,0.0,0.0,0.0,0.0,0.0,0.0,0.0,0.0,0.0,0.0,0.0,0.0,0.0,0.0,0.0,0.0,0.0,0.0,0.0,0.0,0.0,0.0,0.0,0.0,0.0,0.0,0.0,0.0,0.0,0.0,0.0,0.0,0.0,0.0,0.0,0.0,0.0,0.0,0.0,0.0,0.0,0.0,0.0,0.0,0.0,0.0,0.0,0.0,0.0,0.0,0.0,0.0,0.0,0.0,0.0,0.0,0.0,0.0,0.0
s__Bacteroides_cellulosilyticus,0.0,0.0,0.0,0.0,0.0,0.0,0.0,0.0,0.0,0.0,0.0,0.0,0.0,0.0,0.0,0.0,0.0,0.0,0.0,0.0,0.0,0.0,0.0,0.0,0.0,0.0,0.0,0.0,0.0,0.0,0.0,0.0,0.0,0.0,0.0,0.0,0.0,0.0,0.0,0.0,0.0,0.0,0.0,0.0,0.0,0.0,0.0,0.0,0.0,0.0,0.0,0.0,0.0,0.0,0.0,0.0,0.0,0.0,0.0,0.0,0.0,0.0,0.0,0.0,0.0,0.0,0.0,0.0,0.0,0.0,0.0,0.0,0.0,0.0
s__Bacteroides_eggerthii,0.0,0.0,0.0,0.0,0.0,0.0,0.0,0.0,0.0,0.0,0.0,0.0,0.0,0.0,0.0,0.0,0.0,0.0,0.0,0.0,0.0,0.0,0.0,0.0,0.0,0.0,0.0,0.0,0.0,0.0,0.0,0.0,0.0,0.0,0.0,0.0,0.0,0.0,0.0,0.0,0.0,0.0,0.0,0.0,0.0,0.0,0.0,0.0,0.0,0.0,0.0,0.0,0.0,0.0,0.0,0.0,0.0,0.0,0.0,0.0,0.0,0.0,0.0,0.0,0.0,0.0,0.0,0.0,0.0,0.0,0.0,0.0,0.0,0.0
s__Bacteroides_finegoldii,0.0,0.0,0.0,0.0,0.0,0.0,0.0,0.0,0.0,0.0,0.0,0.0,0.0,0.0,0.0,0.0,0.0,0.0,0.0,0.0,0.0,0.0,0.0,0.0,0.0,0.0,0.0,0.0,0.0,0.0,0.0,0.0,0.0,0.0,0.0,0.0,0.0,0.0,0.0,0.0,0.0,0.0,0.0,0.0,0.0,0.0,0.0,0.0,0.0,0.0,0.0,0.0,0.0,0.0,0.0,0.0,0.0,0.0,0.0,0.0,0.0,0.0,0.0,0.0,0.0,0.0,0.0,0.0,0.0,0.0,0.0,0.0,0.0,0.0
s__Bacteroides_fragilis,0.0,0.0,0.0,0.0,0.0,0.0,0.0,0.0,0.0,0.0,0.0,0.0,0.0,0.0,0.0,0.0,0.0,0.0,0.0,0.0,0.0,0.0,0.0,0.0,0.0,0.0,0.0,0.0,0.0,0.0,0.0,0.0,0.0,0.0,0.0,0.0,0.0,0.0,0.0,0.0,0.0,0.0,0.0,0.0,0.0,0.0,0.0,0.0,0.0,0.0,0.0,0.0,0.0,0.0,0.0,0.0,0.0,0.0,0.0,0.0,0.0,0.0,0.0,0.0,0.0,0.0,0.0,0.0,0.0,0.0,0.0,0.0,0.0,0.0
s__Bacteroides_nordii,0.0,0.0,0.0,0.0,0.0,0.0,0.0,0.0,0.0,0.0,0.0,0.0,0.0,0.0,0.0,0.0,0.0,0.0,0.0,0.0,0.0,0.0,0.0,0.0,0.0,0.0,0.0,0.0,0.0,0.0,0.0,0.0,0.0,0.0,0.0,0.0,0.0,0.0,0.0,0.0,0.0,0.0,0.0,0.0,0.0,0.0,0.0,0.0,0.0,0.0,0.0,0.0,0.0,0.0,0.0,0.0,0.0,0.0,0.0,0.0,0.0,0.0,0.0,0.0,0.0,0.0,0.0,0.0,0.0,0.0,0.0,0.0,0.0,0.0
s__Bacteroides_ovatus,0.0,0.0,0.0,0.0,0.0,0.0,0.0,0.0,0.0,0.0,0.0,0.0,0.0,0.0,0.0,0.0,0.0,0.0,0.0,0.0,0.0,0.0,0.0,0.0,0.0,0.0,0.0,0.0,0.0,0.0,0.0,0.0,0.0,0.0,0.0,0.0,0.0,0.0,0.0,0.0,0.0,0.0,0.0,0.0,0.0,0.0,0.0,0.0,0.0,0.0,0.0,0.0,0.0,0.0,0.0,0.0,0.0,0.0,0.0,0.0,0.0,0.0,0.0,0.0,0.0,0.0,0.0,0.0,0.0,0.0,0.0,0.0,0.0,0.0
s__Bacteroides_stercoris,0.0,0.0,0.0,0.0,0.0,0.0,0.0,0.0,0.0,0.0,0.0,0.0,0.0,0.0,0.0,0.0,0.0,0.0,0.0,0.0,0.0,0.0,0.0,0.0,0.0,0.0,0.0,0.0,0.0,0.0,0.0,0.0,0.0,0.0,0.0,0.0,0.0,0.0,0.0,0.0,0.0,0.0,0.0,0.0,0.0,0.0,0.0,0.0,0.0,0.0,0.0,0.0,0.0,0.0,0.0,0.0,0.0,0.0,0.0,0.0,0.0,0.0,0.0,0.0,0.0,0.0,0.0,0.0,0.0,0.0,0.0,0.0,0.0,0.0
s__Bacteroides_thetaiotaomicron,0.0,0.0,0.0,0.0,0.0,0.0,0.0,0.0,0.0,0.0,0.0,0.0,0.0,0.0,0.0,0.0,0.0,0.0,0.0,0.0,0.0,0.0,0.0,0.0,0.0,0.0,0.0,0.0,0.0,0.0,0.0,0.0,0.0,0.0,0.0,0.0,0.0,0.0,0.0,0.0,0.0,0.0,0.0,0.0,0.0,0.0,0.0,0.0,0.0,0.0,0.0,0.0,0.0,0.0,0.0,0.0,0.0,0.0,0.0,0.0,0.0,0.0,0.0,0.0,0.0,0.0,0.0,0.0,0.0,0.0,0.0,0.0,0.0,0.0
s__Bacteroides_uniformis,0.0,0.0,0.0,0.0,0.0,0.0,0.0,0.0,0.0,0.0,0.0,0.0,0.0,0.0,0.0,0.0,0.0,0.0,0.0,0.0,0.0,0.0,0.0,0.0,0.0,0.0,0.0,0.0,0.0,0.0,0.0,0.0,0.0,0.0,0.0,0.0,0.0,0.0,0.0,0.0,0.0,0.0,0.0,0.0,0.0,0.0,0.0,0.0,0.0,0.0,0.0,0.0,0.0,0.0,0.0,0.0,0.0,0.0,0.0,0.0,0.0,0.0,0.0,0.0,0.0,0.0,0.0,0.0,0.0,0.0,0.0,0.0,0.0,0.0
s__Bacteroides_xylanisolvens,0.0,0.0,0.0,0.0,0.0,0.0,0.0,0.0,0.0,0.0,0.0,0.0,0.0,0.0,0.0,0.0,0.0,0.0,0.0,0.0,0.0,0.0,0.0,0.0,0.0,0.0,0.0,0.0,0.0,0.0,0.0,0.0,0.0,0.0,0.0,0.0,0.0,0.0,0.0,0.0,0.0,0.0,0.0,0.0,0.0,0.0,0.0,0.0,0.0,0.0,0.0,0.0,0.0,0.0,0.0,0.0,0.0,0.0,0.0,0.0,0.0,0.0,0.0,0.0,0.0,0.0,0.0,0.0,0.0,0.0,0.0,0.0,0.0,0.0
s__Barnesiella_intestinihominis,0.0,0.0,0.0,0.0,0.0,0.0,0.0,0.0,0.0,0.0,0.0,0.0,0.0,0.0,0.0,0.0,0.0,0.0,0.0,0.0,0.0,0.0,0.0,0.0,0.0,0.0,0.0,0.0,0.0,0.0,0.0,0.0,0.0,0.0,0.0,0.0,0.0,0.0,0.0,0.0,0.0,0.0,0.0,0.0,0.0,0.0,0.0,0.0,0.0,0.0,0.0,0.0,0.0,0.0,0.0,0.0,0.0,0.0,0.0,0.0,0.0,0.0,0.0,0.0,0.0,0.0,0.0,0.0,0.0,0.0,0.0,0.0,0.0,0.0
s__Bifidobacterium_adolescentis,0.0,0.0,0.0,0.0,0.0,0.0,0.0,0.0,0.0,0.0,0.0,0.0,0.0,0.0,0.0,0.0,0.0,0.0,0.0,0.0,0.0,0.0,0.0,0.0,0.0,0.0,0.0,0.0,0.0,0.0,0.0,0.0,0.0,0.0,0.0,0.0,0.0,0.0,0.0,0.0,0.0,0.0,0.0,0.0,0.0,0.0,0.0,0.0,0.0,0.0,0.0,0.0,0.0,0.0,0.0,0.0,0.0,0.0,0.0,0.0,0.0,0.0,0.0,0.0,0.0,0.0,0.0,0.0,0.0,0.0,0.0,0.0,0.0,0.0
s__Bifidobacterium_bifidum,0.0,0.0,0.0,0.0,0.0,0.0,0.0,0.0,0.0,0.0,0.0,0.0,0.0,0.0,0.0,0.0,0.0,0.0,0.0,0.0,0.0,0.0,0.0,0.0,0.0,0.0,0.0,0.0,0.0,0.0,0.0,0.0,0.0,0.0,0.0,0.0,0.0,0.0,0.0,0.0,0.0,0.0,0.0,0.0,0.0,0.0,0.0,0.0,0.0,0.0,0.0,0.0,0.0,0.0,0.0,0.0,0.0,0.0,0.0,0.0,0.0,0.0,0.0,0.0,0.0,0.0,0.0,0.0,0.0,0.0,0.0,0.0,0.0,0.0
s__Bifidobacterium_longum,0.0,0.0,0.0,0.0,0.0,0.0,0.0,0.0,0.0,0.0,0.0,0.0,0.0,0.0,0.0,0.0,0.0,0.0,0.0,0.0,0.0,0.0,0.0,0.0,0.0,0.0,0.0,0.0,0.0,0.0,0.0,0.0,0.0,0.0,0.0,0.0,0.0,0.0,0.0,0.0,0.0,0.0,0.0,0.0,0.0,0.0,0.0,0.0,0.0,0.0,0.0,0.0,0.0,0.0,0.0,0.0,0.0,0.0,0.0,0.0,0.0,0.0,0.0,0.0,0.0,0.0,0.0,0.0,0.0,0.0,0.0,0.0,0.0,0.0
s__Bilophila_wadsworthia,0.0,0.0,0.0,0.0,0.0,0.0,0.0,0.0,0.0,0.0,0.0,0.0,0.0,0.0,0.0,0.0,0.0,0.0,0.0,0.0,0.0,0.0,0.0,0.0,0.0,0.0,0.0,0.0,0.0,0.0,0.0,0.0,0.0,0.0,0.0,0.0,0.0,0.0,0.0,0.0,0.0,0.0,0.0,0.0,0.0,0.0,0.0,0.0,0.0,0.0,0.0,0.0,0.0,0.0,0.0,0.0,0.0,0.0,0.0,0.0,0.0,0.0,0.0,0.0,0.0,0.0,0.0,0.0,0.0,0.0,0.0,0.0,0.0,0.0
s__Bittarella_massiliensis,0.0,0.0,0.0,0.0,0.0,0.0,0.0,0.0,0.0,0.0,0.0,0.0,0.0,0.0,0.0,0.0,0.0,0.0,0.0,0.0,0.0,0.0,0.0,0.0,0.0,0.0,0.0,0.0,0.0,0.0,0.0,0.0,0.0,0.0,0.0,0.0,0.0,0.0,0.0,0.0,0.0,0.0,0.0,0.0,0.0,0.0,0.0,0.0,0.0,0.0,0.0,0.0,0.0,0.0,0.0,0.0,0.0,0.0,0.0,0.0,0.0,0.0,0.0,0.0,0.0,0.0,0.0,0.0,0.0,0.0,0.0,0.0,0.0,0.0
s__Blautia_SGB4815,0.0,0.0,0.0,0.0,0.0,0.0,0.0,0.0,0.0,0.0,0.0,0.0,0.0,0.0,0.0,0.0,0.0,0.0,0.0,0.0,0.0,0.0,0.0,0.0,0.0,0.0,0.0,0.0,0.0,0.0,0.0,0.0,0.0,0.0,0.0,0.0,0.0,0.0,0.0,0.0,0.0,0.0,0.0,0.0,0.0,0.0,0.0,0.0,0.0,0.0,0.0,0.0,0.0,0.0,0.0,0.0,0.0,0.0,0.0,0.0,0.0,0.0,0.0,0.0,0.0,0.0,0.0,0.0,0.0,0.0,0.0,0.0,0.0,0.0
s__Blautia_faecis,0.0,0.0,0.0,0.0,0.0,0.0,0.0,0.0,0.0,0.0,0.0,0.0,0.0,0.0,0.0,0.0,0.0,0.0,0.0,0.0,0.0,0.0,0.0,0.0,0.0,0.0,0.0,0.0,0.0,0.0,0.0,0.0,0.0,0.0,0.0,0.0,0.0,0.0,0.0,0.0,0.0,0.0,0.0,0.0,0.0,0.0,0.0,0.0,0.0,0.0,0.0,0.0,0.0,0.0,0.0,0.0,0.0,0.0,0.0,0.0,0.0,0.0,0.0,0.0,0.0,0.0,0.0,0.0,0.0,0.0,0.0,0.0,0.0,0.0
s__Blautia_glucerasea,0.0,0.0,0.0,0.0,0.0,0.0,0.0,0.0,0.0,0.0,0.0,0.0,0.0,0.0,0.0,0.0,0.0,0.0,0.0,0.0,0.0,0.0,0.0,0.0,0.0,0.0,0.0,0.0,0.0,0.0,0.0,0.0,0.0,0.0,0.0,0.0,0.0,0.0,0.0,0.0,0.0,0.0,0.0,0.0,0.0,0.0,0.0,0.0,0.0,0.0,0.0,0.0,0.0,0.0,0.0,0.0,0.0,0.0,0.0,0.0,0.0,0.0,0.0,0.0,0.0,0.0,0.0,0.0,0.0,0.0,0.0,0.0,0.0,0.0
s__Blautia_luti,0.0,0.0,0.0,0.0,0.0,0.0,0.0,0.0,0.0,0.0,0.0,0.0,0.0,0.0,0.0,0.0,0.0,0.0,0.0,0.0,0.0,0.0,0.0,0.0,0.0,0.0,0.0,0.0,0.0,0.0,0.0,0.0,0.0,0.0,0.0,0.0,0.0,0.0,0.0,0.0,0.0,0.0,0.0,0.0,0.0,0.0,0.0,0.0,0.0,0.0,0.0,0.0,0.0,0.0,0.0,0.0,0.0,0.0,0.0,0.0,0.0,0.0,0.0,0.0,0.0,0.0,0.0,0.0,0.0,0.0,0.0,0.0,0.0,0.0
s__Blautia_massiliensis,0.0,0.0,0.0,0.0,0.0,0.0,0.0,0.0,0.0,0.0,0.0,0.0,0.0,0.0,0.0,0.0,0.0,0.0,0.0,0.0,0.0,0.0,0.0,0.0,0.0,0.0,0.0,0.0,0.0,0.0,0.0,0.0,0.0,0.0,0.0,0.0,0.0,0.0,0.0,0.0,0.0,0.0,0.0,0.0,0.0,0.0,0.0,0.0,0.0,0.0,0.0,0.0,0.0,0.0,0.0,0.0,0.0,0.0,0.0,0.0,0.0,0.0,0.0,0.0,0.0,0.0,0.0,0.0,0.0,0.0,0.0,0.0,0.0,0.0
s__Blautia_obeum,0.0,0.0,0.0,0.0,0.0,0.0,0.0,0.0,0.0,0.0,0.0,0.0,0.0,0.0,0.0,0.0,0.0,0.0,0.0,0.0,0.0,0.0,0.0,0.0,0.0,0.0,0.0,0.0,0.0,0.0,0.0,0.0,0.0,0.0,0.0,0.0,0.0,0.0,0.0,0.0,0.0,0.0,0.0,0.0,0.0,0.0,0.0,0.0,0.0,0.0,0.0,0.0,0.0,0.0,0.0,0.0,0.0,0.0,0.0,0.0,0.0,0.0,0.0,0.0,0.0,0.0,0.0,0.0,0.0,0.0,0.0,0.0,0.0,0.0
s__Blautia_sp_MSK_20_85,0.0,0.0,0.0,0.0,0.0,0.0,0.0,0.0,0.0,0.0,0.0,0.0,0.0,0.0,0.0,0.0,0.0,0.0,0.0,0.0,0.0,0.0,0.0,0.0,0.0,0.0,0.0,0.0,0.0,0.0,0.0,0.0,0.0,0.0,0.0,0.0,0.0,0.0,0.0,0.0,0.0,0.0,0.0,0.0,0.0,0.0,0.0,0.0,0.0,0.0,0.0,0.0,0.0,0.0,0.0,0.0,0.0,0.0,0.0,0.0,0.0,0.0,0.0,0.0,0.0,0.0,0.0,0.0,0.0,0.0,0.0,0.0,0.0,0.0
s__Blautia_wexlerae,0.0,0.0,0.0,0.0,0.0,0.0,0.0,0.0,0.0,0.0,0.0,0.0,0.0,0.0,0.0,0.0,0.0,0.0,0.0,0.0,0.0,0.0,0.0,0.0,0.0,0.0,0.0,0.0,0.0,0.0,0.0,0.0,0.0,0.0,0.0,0.0,0.0,0.0,0.0,0.0,0.0,0.0,0.0,0.0,0.0,0.0,0.0,0.0,0.0,0.0,0.0,0.0,0.0,0.0,0.0,0.0,0.0,0.0,0.0,0.0,0.0,0.0,0.0,0.0,0.0,0.0,0.0,0.0,0.0,0.0,0.0,0.0,0.0,0.0
s__Butyricicoccus_sp_AM29_23AC,0.0,0.0,0.0,0.0,0.0,0.0,0.0,0.0,0.0,0.0,0.0,0.0,0.0,0.0,0.0,0.0,0.0,0.0,0.0,0.0,0.0,0.0,0.0,0.0,0.0,0.0,0.0,0.0,0.0,0.0,0.0,0.0,0.0,0.0,0.0,0.0,0.0,0.0,0.0,0.0,0.0,0.0,0.0,0.0,0.0,0.0,0.0,0.0,0.0,0.0,0.0,0.0,0.0,0.0,0.0,0.0,0.0,0.0,0.0,0.0,0.0,0.0,0.0,0.0,0.0,0.0,0.0,0.0,0.0,0.0,0.0,0.0,0.0,0.0
s__Butyricimonas_SGB15260,0.0,0.0,0.0,0.0,0.0,0.0,0.0,0.0,0.0,0.0,0.0,0.0,0.0,0.0,0.0,0.0,0.0,0.0,0.0,0.0,0.0,0.0,0.0,0.0,0.0,0.0,0.0,0.0,0.0,0.0,0.0,0.0,0.0,0.0,0.0,0.0,0.0,0.0,0.0,0.0,0.0,0.0,0.0,0.0,0.0,0.0,0.0,0.0,0.0,0.0,0.0,0.0,0.0,0.0,0.0,0.0,0.0,0.0,0.0,0.0,0.0,0.0,0.0,0.0,0.0,0.0,0.0,0.0,0.0,0.0,0.0,0.0,0.0,0.0
s__Butyricimonas_paravirosa,0.0,0.0,0.0,0.0,0.0,0.0,0.0,0.0,0.0,0.0,0.0,0.0,0.0,0.0,0.0,0.0,0.0,0.0,0.0,0.0,0.0,0.0,0.0,0.0,0.0,0.0,0.0,0.0,0.0,0.0,0.0,0.0,0.0,0.0,0.0,0.0,0.0,0.0,0.0,0.0,0.0,0.0,0.0,0.0,0.0,0.0,0.0,0.0,0.0,0.0,0.0,0.0,0.0,0.0,0.0,0.0,0.0,0.0,0.0,0.0,0.0,0.0,0.0,0.0,0.0,0.0,0.0,0.0,0.0,0.0,0.0,0.0,0.0,0.0
s__Butyricimonas_virosa,0.0,0.0,0.0,0.0,0.0,0.0,0.0,0.0,0.0,0.0,0.0,0.0,0.0,0.0,0.0,0.0,0.0,0.0,0.0,0.0,0.0,0.0,0.0,0.0,0.0,0.0,0.0,0.0,0.0,0.0,0.0,0.0,0.0,0.0,0.0,0.0,0.0,0.0,0.0,0.0,0.0,0.0,0.0,0.0,0.0,0.0,0.0,0.0,0.0,0.0,0.0,0.0,0.0,0.0,0.0,0.0,0.0,0.0,0.0,0.0,0.0,0.0,0.0,0.0,0.0,0.0,0.0,0.0,0.0,0.0,0.0,0.0,0.0,0.0
s__Campylobacter_concisus,0.9536590118597859,0.0,0.5347811609553862,0.7105793995080609,0.2654580683379316,1.0932276474731832,0.6778384643370071,0.1401129812519557,0.41446562620597194,0.547653727159672,0.24489202094176185,0.20391191154532176,0.0241050658164802,0.0,0.0,0.0,0.0,2.1047143058612274,0.1183373606419581,0.0,0.0,0.4250985384803917,0.9092284194068132,0.1025052148741798,0.0,1.8814779178643228,0.0,0.03110578340603999,0.049286856464701885,0.0,0.0,0.0,0.0,0.1855786907911317,0.04163324803737689,0.0,0.0,0.0,0.0,0.0,0.0,0.0861386119391787,0.0,0.0,0.0,0.0,0.0,0.0,0.0,0.0,0.0,0.0,0.0088524219618179,0.0320893031439141,0.0,0.47514775694538447,0.0533266671197952,0.0,0.0,0.0,0.10425992592132362,0.0,0.9035090652588953,0.0,0.0,0.11600449972139532,0.0,0.0,0.005276222857579101,0.0,1.7511318125186364,0.720491266055431,0.0,0.0
s__Candidatus_Borkfalkia_ceftriaxoniphila,0.0,0.0,0.0,0.0,0.0,0.0,0.0,0.0,0.0,0.0,0.0,0.0,0.0,0.0,0.0,0.0,0.0,0.0,0.0,0.0,0.0,0.0,0.0,0.0,0.0,0.0,0.0,0.0,0.0,0.0,0.0,0.0,0.0,0.0,0.0,0.0,0.0,0.0,0.0,0.0,0.0,0.0,0.0,0.0,0.0,0.0,0.0,0.0,0.0,0.0,0.0,0.0,0.0,0.0,0.0,0.0,0.0,0.0,0.0,0.0,0.0,0.0,0.0,0.0,0.0,0.0,0.0,0.0,0.0,0.0,0.0,0.0,0.0,0.0
s__Candidatus_Cibionibacter_quicibialis,0.0,0.0,0.0,0.0,0.0,0.0,0.0,0.0,0.0,0.0,0.0,0.0,0.0,0.0,0.0,0.0,0.0,0.0,0.0,0.0,0.0,0.0,0.0,0.0,0.0,0.0,0.0,0.0,0.0,0.0,0.0,0.0,0.0,0.0,0.0,0.0,0.0,0.0,0.0,0.0,0.0,0.0,0.0,0.0,0.0,0.0,0.0,0.0,0.0,0.0,0.0,0.0,0.0,0.0,0.0,0.0,0.0,0.0,0.0,0.0,0.0,0.0,0.0,0.0,0.0,0.0,0.0,0.0,0.0,0.0,0.0,0.0,0.0,0.0
s__Candidatus_Nanosynsacchari_sp_TM7_ANC_38_39_G1_1,0.0,0.0,0.0,0.0,1.1178173029205785,0.0,0.0,0.0451658821133895,0.0044717659406158005,0.0,0.0,0.0,0.0,0.0,0.0,0.0,0.0,0.0,0.494657993289021,0.0,0.0,0.298974955475515,0.0385295248354792,0.0,0.03586740598480981,0.6970323231737936,0.0,0.0,2.9677458931060468,0.10267844512406919,0.0,0.0,0.0,0.0,0.0,0.0015219485686573002,0.0,0.0,0.0,0.0,0.0,0.0,0.0,0.0,0.0,0.0,0.0,0.0,0.0005246022259430001,0.0,0.0,0.0,0.1141690297137016,0.0,0.0,0.30067623118277415,0.0,0.0,0.0,0.0,0.4643582732665318,0.0,0.058204142913691206,0.0,0.013137368603399396,0.0,0.06053490456036089,0.0,0.0,0.0,0.0,0.0,0.0,0.0
s__Capnocytophaga_gingivalis,0.0,0.0,0.0,0.0,0.19696262259412592,0.0,0.0347833180089773,0.0,0.0,0.192213595359744,0.0,0.0,0.0,0.0,0.0,0.0,0.29710127534058034,0.0,0.08171259035730029,0.0,0.0,0.0,0.0,0.27398658711925905,0.0,0.17532156863895393,0.0,0.22988366290576664,0.0,0.08734025634005889,0.0,0.0,0.0935526942129557,0.21830517336472627,0.0,0.014078024260083201,0.0,0.0,0.0,0.0,0.0,0.0,0.0,0.0,0.0,0.0,0.0,0.0,0.017646725940764503,0.0,0.0,0.0,0.086555236071504,0.0,0.03649511020725561,0.5666677666440803,0.0017562674799933003,0.0,0.0,0.0930178610583365,0.09411063045718632,0.0,0.0,0.0,0.016080546530827397,0.24491941503621012,0.0,0.0,0.0,0.0,0.0,0.0,0.0,0.11331477765946565
s__Capnocytophaga_leadbetteri,0.0,0.0,0.0005367319752499,0.0,0.1034830319378814,0.0,0.0753060411654097,0.0,0.013616527289175203,1.9651445099293614,0.0,0.0,0.1563284415451442,0.0,0.0,0.0,0.0,0.0,0.1553534212074345,0.0,0.0,0.4574393171372627,1.4273382117050857,0.0,0.19699942959861363,3.0457312367510214,0.0,0.0,0.0,0.4453955710940066,0.5741135450692355,0.0,0.0,0.1896061945419307,0.0,0.03558673859066771,0.0,0.0,0.9539722160311674,0.0,0.0753695984588734,0.0,0.0,0.0,0.0,0.1284626639338684,0.0,0.0,0.027111889506709102,0.0,0.0,0.0,0.21514747046443933,0.0,0.0,0.529249650639149,0.07848462855397761,0.0,0.0,0.0,0.13087662131073394,0.0,1.2933823198009877,0.0,0.029808587521037797,0.0,0.0,0.0,0.16520573252018203,0.0,0.0,1.219003722114395,0.0,0.0
s__Catonella_massiliensis,0.0,0.0,0.0,0.0,0.0,0.010655117206815203,0.0,0.0,0.08802671254100931,0.0,0.0647230300867149,0.0,0.0,0.0,0.0,0.0,0.0,0.18525505781851803,0.0,0.0,0.0,0.0028359536090336,0.0,0.0,0.0,0.0,0.0,0.0,0.0,0.0,0.0,0.0,0.0,0.0,0.0,0.0176031257242533,0.0,0.0,0.0,0.0,0.0,0.0,0.0,0.0,0.0,0.0,0.0,0.0,0.0068086671877701,0.0,0.0,0.0,0.0,0.0,0.0,0.03564776608039981,0.0,0.0,0.0,0.0,0.0,0.0,0.0,0.0,0.0,0.0,0.0,0.0,0.0,0.0,0.0,0.0,0.0,0.0
s__Clostridium_SGB4648,0.0,0.0,0.0,0.0,0.0,0.0,0.0,0.0,0.0,0.0,0.0,0.0,0.0,0.0,0.0,0.0,0.0,0.0,0.0,0.0,0.0,0.0,0.0,0.0,0.0,0.0,0.0,0.0,0.0,0.0,0.0,0.0,0.0,0.0,0.0,0.0,0.0,0.0,0.0,0.0,0.0,0.0,0.0,0.0,0.0,0.0,0.0,0.0,0.0,0.0,0.0,0.0,0.0,0.0,0.0,0.0,0.0,0.0,0.0,0.0,0.0,0.0,0.0,0.0,0.0,0.0,0.0,0.0,0.0,0.0,0.0,0.0,0.0,0.0
s__Clostridium_SGB4750,0.0,0.0,0.0,0.0,0.0,0.0,0.0,0.0,0.0,0.0,0.0,0.0,0.0,0.0,0.0,0.0,0.0,0.0,0.0,0.0,0.0,0.0,0.0,0.0,0.0,0.0,0.0,0.0,0.0,0.0,0.0,0.0,0.0,0.0,0.0,0.0,0.0,0.0,0.0,0.0,0.0,0.0,0.0,0.0,0.0,0.0,0.0,0.0,0.0,0.0,0.0,0.0,0.0,0.0,0.0,0.0,0.0,0.0,0.0,0.0,0.0,0.0,0.0,0.0,0.0,0.0,0.0,0.0,0.0,0.0,0.0,0.0,0.0,0.0
s__Clostridium_SGB4909,0.0,0.0,0.0,0.0,0.0,0.0,0.0,0.0,0.0,0.0,0.0,0.0,0.0,0.0,0.0,0.0,0.0,0.0,0.0,0.0,0.0,0.0,0.0,0.0,0.0,0.0,0.0,0.0,0.0,0.0,0.0,0.0,0.0,0.0,0.0,0.0,0.0,0.0,0.0,0.0,0.0,0.0,0.0,0.0,0.0,0.0,0.0,0.0,0.0,0.0,0.0,0.0,0.0,0.0,0.0,0.0,0.0,0.0,0.0,0.0,0.0,0.0,0.0,0.0,0.0,0.0,0.0,0.0,0.0,0.0,0.0,0.0,0.0,0.0
s__Clostridium_butyricum,0.0,0.0,0.0,0.0,0.0,0.0,0.0,0.0,0.0,0.0,0.0,0.0,0.0,0.0,0.0,0.0,0.0,0.0,0.0,0.0,0.0,0.0,0.0,0.0,0.0,0.0,0.0,0.0,0.0,0.0,0.0,0.0,0.0,0.0,0.0,0.0,0.0,0.0,0.0,0.0,0.0,0.0,0.0,0.0,0.0,0.0,0.0,0.0,0.0,0.0,0.0,0.0,0.0,0.0,0.0,0.0,0.0,0.0,0.0,0.0,0.0,0.0,0.0,0.0,0.0,0.0,0.0,0.0,0.0,0.0,0.0,0.0,0.0,0.0
s__Clostridium_fessum,0.0,0.0,0.0,0.0,0.0,0.0,0.0,0.0,0.0,0.0,0.0,0.0,0.0,0.0,0.0,0.0,0.0,0.0,0.0,0.0,0.0,0.0,0.0,0.0,0.0,0.0,0.0,0.0,0.0,0.0,0.0,0.0,0.0,0.0,0.0,0.0,0.0,0.0,0.0,0.0,0.0,0.0,0.0,0.0,0.0,0.0,0.0,0.0,0.0,0.0,0.0,0.0,0.0,0.0,0.0,0.0,0.0,0.0,0.0,0.0,0.0,0.0,0.0,0.0,0.0,0.0,0.0,0.0,0.0,0.0,0.0,0.0,0.0,0.0
s__Clostridium_sp_1001270H_150608_G6,0.0,0.0,0.0,0.0,0.0,0.0,0.0,0.0,0.0,0.0,0.0,0.0,0.0,0.0,0.0,0.0,0.0,0.0,0.0,0.0,0.0,0.0,0.0,0.0,0.0,0.0,0.0,0.0,0.0,0.0,0.0,0.0,0.0,0.0,0.0,0.0,0.0,0.0,0.0,0.0,0.0,0.0,0.0,0.0,0.0,0.0,0.0,0.0,0.0,0.0,0.0,0.0,0.0,0.0,0.0,0.0,0.0,0.0,0.0,0.0,0.0,0.0,0.0,0.0,0.0,0.0,0.0,0.0,0.0,0.0,0.0,0.0,0.0,0.0
s__Clostridium_sp_AF20_17LB,0.0,0.0,0.0,0.0,0.0,0.0,0.0,0.0,0.0,0.0,0.0,0.0,0.0,0.0,0.0,0.0,0.0,0.0,0.0,0.0,0.0,0.0,0.0,0.0,0.0,0.0,0.0,0.0,0.0,0.0,0.0,0.0,0.0,0.0,0.0,0.0,0.0,0.0,0.0,0.0,0.0,0.0,0.0,0.0,0.0,0.0,0.0,0.0,0.0,0.0,0.0,0.0,0.0,0.0,0.0,0.0,0.0,0.0,0.0,0.0,0.0,0.0,0.0,0.0,0.0,0.0,0.0,0.0,0.0,0.0,0.0,0.0,0.0,0.0
s__Clostridium_sp_AF27_2AA,0.0,0.0,0.0,0.0,0.0,0.0,0.0,0.0,0.0,0.0,0.0,0.0,0.0,0.0,0.0,0.0,0.0,0.0,0.0,0.0,0.0,0.0,0.0,0.0,0.0,0.0,0.0,0.0,0.0,0.0,0.0,0.0,0.0,0.0,0.0,0.0,0.0,0.0,0.0,0.0,0.0,0.0,0.0,0.0,0.0,0.0,0.0,0.0,0.0,0.0,0.0,0.0,0.0,0.0,0.0,0.0,0.0,0.0,0.0,0.0,0.0,0.0,0.0,0.0,0.0,0.0,0.0,0.0,0.0,0.0,0.0,0.0,0.0,0.0
s__Clostridium_sp_AF34_10BH,0.0,0.0,0.0,0.0,0.0,0.0,0.0,0.0,0.0,0.0,0.0,0.0,0.0,0.0,0.0,0.0,0.0,0.0,0.0,0.0,0.0,0.0,0.0,0.0,0.0,0.0,0.0,0.0,0.0,0.0,0.0,0.0,0.0,0.0,0.0,0.0,0.0,0.0,0.0,0.0,0.0,0.0,0.0,0.0,0.0,0.0,0.0,0.0,0.0,0.0,0.0,0.0,0.0,0.0,0.0,0.0,0.0,0.0,0.0,0.0,0.0,0.0,0.0,0.0,0.0,0.0,0.0,0.0,0.0,0.0,0.0,0.0,0.0,0.0
s__Clostridium_sp_AF34_13,0.0,0.0,0.0,0.0,0.0,0.0,0.0,0.0,0.0,0.0,0.0,0.0,0.0,0.0,0.0,0.0,0.0,0.0,0.0,0.0,0.0,0.0,0.0,0.0,0.0,0.0,0.0,0.0,0.0,0.0,0.0,0.0,0.0,0.0,0.0,0.0,0.0,0.0,0.0,0.0,0.0,0.0,0.0,0.0,0.0,0.0,0.0,0.0,0.0,0.0,0.0,0.0,0.0,0.0,0.0,0.0,0.0,0.0,0.0,0.0,0.0,0.0,0.0,0.0,0.0,0.0,0.0,0.0,0.0,0.0,0.0,0.0,0.0,0.0
s__Clostridium_sp_AF36_4,0.0,0.0,0.0,0.0,0.0,0.0,0.0,0.0,0.0,0.0,0.0,0.0,0.0,0.0,0.0,0.0,0.0,0.0,0.0,0.0,0.0,0.0,0.0,0.0,0.0,0.0,0.0,0.0,0.0,0.0,0.0,0.0,0.0,0.0,0.0,0.0,0.0,0.0,0.0,0.0,0.0,0.0,0.0,0.0,0.0,0.0,0.0,0.0,0.0,0.0,0.0,0.0,0.0,0.0,0.0,0.0,0.0,0.0,0.0,0.0,0.0,0.0,0.0,0.0,0.0,0.0,0.0,0.0,0.0,0.0,0.0,0.0,0.0,0.0
s__Clostridium_sp_AM22_11AC,0.0,0.0,0.0,0.0,0.0,0.0,0.0,0.0,0.0,0.0,0.0,0.0,0.0,0.0,0.0,0.0,0.0,0.0,0.0,0.0,0.0,0.0,0.0,0.0,0.0,0.0,0.0,0.0,0.0,0.0,0.0,0.0,0.0,0.0,0.0,0.0,0.0,0.0,0.0,0.0,0.0,0.0,0.0,0.0,0.0,0.0,0.0,0.0,0.0,0.0,0.0,0.0,0.0,0.0,0.0,0.0,0.0,0.0,0.0,0.0,0.0,0.0,0.0,0.0,0.0,0.0,0.0,0.0,0.0,0.0,0.0,0.0,0.0,0.0
s__Clostridium_sp_AM33_3,0.0,0.0,0.0,0.0,0.0,0.0,0.0,0.0,0.0,0.0,0.0,0.0,0.0,0.0,0.0,0.0,0.0,0.0,0.0,0.0,0.0,0.0,0.0,0.0,0.0,0.0,0.0,0.0,0.0,0.0,0.0,0.0,0.0,0.0,0.0,0.0,0.0,0.0,0.0,0.0,0.0,0.0,0.0,0.0,0.0,0.0,0.0,0.0,0.0,0.0,0.0,0.0,0.0,0.0,0.0,0.0,0.0,0.0,0.0,0.0,0.0,0.0,0.0,0.0,0.0,0.0,0.0,0.0,0.0,0.0,0.0,0.0,0.0,0.0
s__Clostridium_sp_AM49_4BH,0.0,0.0,0.0,0.0,0.0,0.0,0.0,0.0,0.0,0.0,0.0,0.0,0.0,0.0,0.0,0.0,0.0,0.0,0.0,0.0,0.0,0.0,0.0,0.0,0.0,0.0,0.0,0.0,0.0,0.0,0.0,0.0,0.0,0.0,0.0,0.0,0.0,0.0,0.0,0.0,0.0,0.0,0.0,0.0,0.0,0.0,0.0,0.0,0.0,0.0,0.0,0.0,0.0,0.0,0.0,0.0,0.0,0.0,0.0,0.0,0.0,0.0,0.0,0.0,0.0,0.0,0.0,0.0,0.0,0.0,0.0,0.0,0.0,0.0
s__Clostridium_symbiosum,0.0,0.0,0.0,0.0,0.0,0.0,0.0,0.0,0.0,0.0,0.0,0.0,0.0,0.0,0.0,0.0,0.0,0.0,0.0,0.0,0.0,0.0,0.0,0.0,0.0,0.0,0.0,0.0,0.0,0.0,0.0,0.0,0.0,0.0,0.0,0.0,0.0,0.0,0.0,0.0,0.0,0.0,0.0,0.0,0.0,0.0,0.0,0.0,0.0,0.0,0.0,0.0,0.0,0.0,0.0,0.0,0.0,0.0,0.0,0.0,0.0,0.0,0.0,0.0,0.0,0.0,0.0,0.0,0.0,0.0,0.0,0.0,0.0,0.0
s__Collinsella_SGB14861,0.0,0.0,0.0,0.0,0.0,0.0,0.0,0.0,0.0,0.0,0.0,0.0,0.0,0.0,0.0,0.0,0.0,0.0,0.0,0.0,0.0,0.0,0.0,0.0,0.0,0.0,0.0,0.0,0.0,0.0,0.0,0.0,0.0,0.0,0.0,0.0,0.0,0.0,0.0,0.0,0.0,0.0,0.0,0.0,0.0,0.0,0.0,0.0,0.0,0.0,0.0,0.0,0.0,0.0,0.0,0.0,0.0,0.0,0.0,0.0,0.0,0.0,0.0,0.0,0.0,0.0,0.0,0.0,0.0,0.0,0.0,0.0,0.0,0.0
s__Collinsella_aerofaciens,0.0,0.0,0.0,0.0,0.0,0.0,0.0,0.0,0.0,0.0,0.0,0.0,0.0,0.0,0.0,0.0,0.0,0.0,0.0,0.0,0.0,0.0,0.0,0.0,0.0,0.0,0.0,0.0,0.0,0.0,0.0,0.0,0.0,0.0,0.0,0.0,0.0,0.0,0.0,0.0,0.0,0.0,0.0,0.0,0.0,0.0,0.0,0.0,0.0,0.0,0.0,0.0,0.0,0.0,0.0,0.0,0.0,0.0,0.0,0.0,0.0,0.0,0.0,0.0,0.0,0.0,0.0,0.0,0.0,0.0,0.0,0.0,0.0,0.0
s__Collinsella_bouchesdurhonensis,0.0,0.0,0.0,0.0,0.0,0.0,0.0,0.0,0.0,0.0,0.0,0.0,0.0,0.0,0.0,0.0,0.0,0.0,0.0,0.0,0.0,0.0,0.0,0.0,0.0,0.0,0.0,0.0,0.0,0.0,0.0,0.0,0.0,0.0,0.0,0.0,0.0,0.0,0.0,0.0,0.0,0.0,0.0,0.0,0.0,0.0,0.0,0.0,0.0,0.0,0.0,0.0,0.0,0.0,0.0,0.0,0.0,0.0,0.0,0.0,0.0,0.0,0.0,0.0,0.0,0.0,0.0,0.0,0.0,0.0,0.0,0.0,0.0,0.0
s__Coprobacter_fastidiosus,0.0,0.0,0.0,0.0,0.0,0.0,0.0,0.0,0.0,0.0,0.0,0.0,0.0,0.0,0.0,0.0,0.0,0.0,0.0,0.0,0.0,0.0,0.0,0.0,0.0,0.0,0.0,0.0,0.0,0.0,0.0,0.0,0.0,0.0,0.0,0.0,0.0,0.0,0.0,0.0,0.0,0.0,0.0,0.0,0.0,0.0,0.0,0.0,0.0,0.0,0.0,0.0,0.0,0.0,0.0,0.0,0.0,0.0,0.0,0.0,0.0,0.0,0.0,0.0,0.0,0.0,0.0,0.0,0.0,0.0,0.0,0.0,0.0,0.0
s__Coprococcus_SGB4669,0.0,0.0,0.0,0.0,0.0,0.0,0.0,0.0,0.0,0.0,0.0,0.0,0.0,0.0,0.0,0.0,0.0,0.0,0.0,0.0,0.0,0.0,0.0,0.0,0.0,0.0,0.0,0.0,0.0,0.0,0.0,0.0,0.0,0.0,0.0,0.0,0.0,0.0,0.0,0.0,0.0,0.0,0.0,0.0,0.0,0.0,0.0,0.0,0.0,0.0,0.0,0.0,0.0,0.0,0.0,0.0,0.0,0.0,0.0,0.0,0.0,0.0,0.0,0.0,0.0,0.0,0.0,0.0,0.0,0.0,0.0,0.0,0.0,0.0
s__Coprococcus_catus,0.0,0.0,0.0,0.0,0.0,0.0,0.0,0.0,0.0,0.0,0.0,0.0,0.0,0.0,0.0,0.0,0.0,0.0,0.0,0.0,0.0,0.0,0.0,0.0,0.0,0.0,0.0,0.0,0.0,0.0,0.0,0.0,0.0,0.0,0.0,0.0,0.0,0.0,0.0,0.0,0.0,0.0,0.0,0.0,0.0,0.0,0.0,0.0,0.0,0.0,0.0,0.0,0.0,0.0,0.0,0.0,0.0,0.0,0.0,0.0,0.0,0.0,0.0,0.0,0.0,0.0,0.0,0.0,0.0,0.0,0.0,0.0,0.0,0.0
s__Coprococcus_comes,0.0,0.0,0.0,0.0,0.0,0.0,0.0,0.0,0.0,0.0,0.0,0.0,0.0,0.0,0.0,0.0,0.0,0.0,0.0,0.0,0.0,0.0,0.0,0.0,0.0,0.0,0.0,0.0,0.0,0.0,0.0,0.0,0.0,0.0,0.0,0.0,0.0,0.0,0.0,0.0,0.0,0.0,0.0,0.0,0.0,0.0,0.0,0.0,0.0,0.0,0.0,0.0,0.0,0.0,0.0,0.0,0.0,0.0,0.0,0.0,0.0,0.0,0.0,0.0,0.0,0.0,0.0,0.0,0.0,0.0,0.0,0.0,0.0,0.0
s__Coprococcus_eutactus,0.0,0.0,0.0,0.0,0.0,0.0,0.0,0.0,0.0,0.0,0.0,0.0,0.0,0.0,0.0,0.0,0.0,0.0,0.0,0.0,0.0,0.0,0.0,0.0,0.0,0.0,0.0,0.0,0.0,0.0,0.0,0.0,0.0,0.0,0.0,0.0,0.0,0.0,0.0,0.0,0.0,0.0,0.0,0.0,0.0,0.0,0.0,0.0,0.0,0.0,0.0,0.0,0.0,0.0,0.0,0.0,0.0,0.0,0.0,0.0,0.0,0.0,0.0,0.0,0.0,0.0,0.0,0.0,0.0,0.0,0.0,0.0,0.0,0.0
s__Corynebacterium_matruchotii,0.0,0.0,0.0,0.0,2.0169652494146435,0.0,0.019289026457081,0.082260294799683,0.13432066944124701,0.0,0.0,0.0,0.0,0.0,0.0,0.0,0.0,0.0,0.608635262230449,0.0,0.0,2.622351764704862,0.0,0.0,0.0,0.46705307657936335,0.0,0.0,1.0894306353557035,0.0999286972902726,0.027471289237448897,0.0,0.0,0.0,0.0,0.0,0.0,0.0,0.0,0.0,0.0,0.0,0.0,0.0,0.0,0.0,0.0,0.0,0.0,0.0,0.0,0.22409452775687613,0.0735727510605936,0.0,0.0,0.11054064928786322,0.0,0.0,0.0,0.0,0.6324153710071473,0.0,0.0,0.0,0.0,0.0,0.0,0.0,0.0,0.0,0.0,0.0,0.0,0.0
s__Cutibacterium_acnes,0.0,0.0,0.0,0.0,0.3956617838948346,0.10559399964383011,0.7455970826162099,0.2650490239800961,0.0,0.8094920495320297,0.050766818140569304,1.7974794435237598,0.2206982572599647,0.0,0.0,0.0,0.0,0.0,0.0,0.0,0.0,0.0084315082299372,0.0,0.0,0.0,0.11453484231061703,0.0,0.0,0.0,0.0,0.0,0.0,0.0,0.0,0.0,0.0633175367754774,0.0,0.0,0.0,0.0,0.0,0.0,0.2728190006983202,0.0,0.0,0.0,0.0,0.0,0.04228070706109761,0.0,0.0,0.0,0.0,0.0,0.0,0.0165138240960478,0.0,0.0,0.0,0.0,0.0,0.0,0.0,0.0,0.0,0.0,0.0,0.0,0.25806725481360954,0.2398986764115802,0.35254270156959383,0.0,0.3289937456603804,0.0
s__Desulfovibrio_SGB5077,0.0,0.0,0.0,0.0,0.0,0.0,0.0,0.0,0.0,0.0,0.0,0.0,0.0,0.0,0.0,0.0,0.0,0.0,0.0,0.0,0.0,0.0,0.0,0.0,0.0,0.0,0.0,0.0,0.0,0.0,0.0,0.0,0.0,0.0,0.0,0.0,0.0,0.0,0.0,0.0,0.0,0.0,0.0,0.0,0.0,0.0,0.0,0.0,0.0,0.0,0.0,0.0,0.0,0.0,0.0,0.0,0.0,0.0,0.0,0.0,0.0,0.0,0.0,0.0,0.0,0.0,0.0,0.0,0.0,0.0,0.0,0.0,0.0,0.0
s__Desulfovibrio_piger,0.0,0.0,0.0,0.0,0.0,0.0,0.0,0.0,0.0,0.0,0.0,0.0,0.0,0.0,0.0,0.0,0.0,0.0,0.0,0.0,0.0,0.0,0.0,0.0,0.0,0.0,0.0,0.0,0.0,0.0,0.0,0.0,0.0,0.0,0.0,0.0,0.0,0.0,0.0,0.0,0.0,0.0,0.0,0.0,0.0,0.0,0.0,0.0,0.0,0.0,0.0,0.0,0.0,0.0,0.0,0.0,0.0,0.0,0.0,0.0,0.0,0.0,0.0,0.0,0.0,0.0,0.0,0.0,0.0,0.0,0.0,0.0,0.0,0.0
s__Dialister_invisus,0.0,0.0,0.0,0.0,0.0873405594540707,0.0,0.0,0.0,0.009457784964402501,0.0,0.28171359900093945,0.0,0.0,0.0,0.0,0.0,0.0,0.0,0.023354439903732396,0.0,0.0,0.0,0.0,0.0,0.0,0.0,0.0,0.0,1.556570470000551,0.0,0.0,0.0,0.0,0.7209714049645028,0.0,0.015566400433844003,0.0,0.0,0.0,0.0,0.0,0.0,0.0,0.0,0.0,0.0,0.0,0.0,0.014633053578963702,0.0,0.0,0.0,0.0,0.0,0.0,0.6217893818943514,0.0,0.0,0.0,0.0,0.0388048117966529,0.0,0.0,0.0,0.0,0.0,0.0,0.0,0.0,0.0,0.0,0.0,0.0,0.0
s__Dorea_formicigenerans,0.0,0.0,0.0,0.0,0.0,0.0,0.0,0.0,0.0,0.0,0.0,0.0,0.0,0.0,0.0,0.0,0.0,0.0,0.0,0.0,0.0,0.0,0.0,0.0,0.0,0.0,0.0,0.0,0.0,0.0,0.0,0.0,0.0,0.0,0.0,0.0,0.0,0.0,0.0,0.0,0.0,0.0,0.0,0.0,0.0,0.0,0.0,0.0,0.0,0.0,0.0,0.0,0.0,0.0,0.0,0.0,0.0,0.0,0.0,0.0,0.0,0.0,0.0,0.0,0.0,0.0,0.0,0.0,0.0,0.0,0.0,0.0,0.0,0.0
s__Dorea_longicatena,0.0,0.0,0.0,0.0,0.0,0.0,0.0,0.0,0.0,0.0,0.0,0.0,0.0,0.0,0.0,0.0,0.0,0.0,0.0,0.0,0.0,0.0,0.0,0.0,0.0,0.0,0.0,0.0,0.0,0.0,0.0,0.0,0.0,0.0,0.0,0.0,0.0,0.0,0.0,0.0,0.0,0.0,0.0,0.0,0.0,0.0,0.0,0.0,0.0,0.0,0.0,0.0,0.0,0.0,0.0,0.0,0.0,0.0,0.0,0.0,0.0,0.0,0.0,0.0,0.0,0.0,0.0,0.0,0.0,0.0,0.0,0.0,0.0,0.0
s__Dorea_sp_AF24_7LB,0.0,0.0,0.0,0.0,0.0,0.0,0.0,0.0,0.0,0.0,0.0,0.0,0.0,0.0,0.0,0.0,0.0,0.0,0.0,0.0,0.0,0.0,0.0,0.0,0.0,0.0,0.0,0.0,0.0,0.0,0.0,0.0,0.0,0.0,0.0,0.0,0.0,0.0,0.0,0.0,0.0,0.0,0.0,0.0,0.0,0.0,0.0,0.0,0.0,0.0,0.0,0.0,0.0,0.0,0.0,0.0,0.0,0.0,0.0,0.0,0.0,0.0,0.0,0.0,0.0,0.0,0.0,0.0,0.0,0.0,0.0,0.0,0.0,0.0
s__Dorea_sp_AF36_15AT,0.0,0.0,0.0,0.0,0.0,0.0,0.0,0.0,0.0,0.0,0.0,0.0,0.0,0.0,0.0,0.0,0.0,0.0,0.0,0.0,0.0,0.0,0.0,0.0,0.0,0.0,0.0,0.0,0.0,0.0,0.0,0.0,0.0,0.0,0.0,0.0,0.0,0.0,0.0,0.0,0.0,0.0,0.0,0.0,0.0,0.0,0.0,0.0,0.0,0.0,0.0,0.0,0.0,0.0,0.0,0.0,0.0,0.0,0.0,0.0,0.0,0.0,0.0,0.0,0.0,0.0,0.0,0.0,0.0,0.0,0.0,0.0,0.0,0.0
s__Dysosmobacter_sp_BX15,0.0,0.0,0.0,0.0,0.0,0.0,0.0,0.0,0.0,0.0,0.0,0.0,0.0,0.0,0.0,0.0,0.0,0.0,0.0,0.0,0.0,0.0,0.0,0.0,0.0,0.0,0.0,0.0,0.0,0.0,0.0,0.0,0.0,0.0,0.0,0.0,0.0,0.0,0.0,0.0,0.0,0.0,0.0,0.0,0.0,0.0,0.0,0.0,0.0,0.0,0.0,0.0,0.0,0.0,0.0,0.0,0.0,0.0,0.0,0.0,0.0,0.0,0.0,0.0,0.0,0.0,0.0,0.0,0.0,0.0,0.0,0.0,0.0,0.0
s__Dysosmobacter_welbionis,0.0,0.0,0.0,0.0,0.0,0.0,0.0,0.0,0.0,0.0,0.0,0.0,0.0,0.0,0.0,0.0,0.0,0.0,0.0,0.0,0.0,0.0,0.0,0.0,0.0,0.0,0.0,0.0,0.0,0.0,0.0,0.0,0.0,0.0,0.0,0.0,0.0,0.0,0.0,0.0,0.0,0.0,0.0,0.0,0.0,0.0,0.0,0.0,0.0,0.0,0.0,0.0,0.0,0.0,0.0,0.0,0.0,0.0,0.0,0.0,0.0,0.0,0.0,0.0,0.0,0.0,0.0,0.0,0.0,0.0,0.0,0.0,0.0,0.0
s__Eggerthella_lenta,0.0,0.0,0.0,0.0,0.0,0.0,0.0,0.0,0.0,0.0,0.0,0.0,0.0,0.0,0.0,0.0,0.0,0.0,0.0,0.0,0.0,0.0,0.0,0.0,0.0,0.0,0.0,0.0,0.0,0.0,0.0,0.0,0.0,0.0,0.0,0.0,0.0,0.0,0.0,0.0,0.0,0.0,0.0,0.0,0.0,0.0,0.0,0.0,0.0,0.0,0.0,0.0,0.0,0.0,0.0,0.0,0.0,0.0,0.0,0.0,0.0,0.0,0.0,0.0,0.0,0.0,0.0,0.0,0.0,0.0,0.0,0.0,0.0,0.0
s__Ellagibacter_isourolithinifaciens,0.0,0.0,0.0,0.0,0.0,0.0,0.0,0.0,0.0,0.0,0.0,0.0,0.0,0.0,0.0,0.0,0.0,0.0,0.0,0.0,0.0,0.0,0.0,0.0,0.0,0.0,0.0,0.0,0.0,0.0,0.0,0.0,0.0,0.0,0.0,0.0,0.0,0.0,0.0,0.0,0.0,0.0,0.0,0.0,0.0,0.0,0.0,0.0,0.0,0.0,0.0,0.0,0.0,0.0,0.0,0.0,0.0,0.0,0.0,0.0,0.0,0.0,0.0,0.0,0.0,0.0,0.0,0.0,0.0,0.0,0.0,0.0,0.0,0.0
s__Enterocloster_SGB14313,0.0,0.0,0.0,0.0,0.0,0.0,0.0,0.0,0.0,0.0,0.0,0.0,0.0,0.0,0.0,0.0,0.0,0.0,0.0,0.0,0.0,0.0,0.0,0.0,0.0,0.0,0.0,0.0,0.0,0.0,0.0,0.0,0.0,0.0,0.0,0.0,0.0,0.0,0.0,0.0,0.0,0.0,0.0,0.0,0.0,0.0,0.0,0.0,0.0,0.0,0.0,0.0,0.0,0.0,0.0,0.0,0.0,0.0,0.0,0.0,0.0,0.0,0.0,0.0,0.0,0.0,0.0,0.0,0.0,0.0,0.0,0.0,0.0,0.0
s__Enterocloster_aldenensis,0.0,0.0,0.0,0.0,0.0,0.0,0.0,0.0,0.0,0.0,0.0,0.0,0.0,0.0,0.0,0.0,0.0,0.0,0.0,0.0,0.0,0.0,0.0,0.0,0.0,0.0,0.0,0.0,0.0,0.0,0.0,0.0,0.0,0.0,0.0,0.0,0.0,0.0,0.0,0.0,0.0,0.0,0.0,0.0,0.0,0.0,0.0,0.0,0.0,0.0,0.0,0.0,0.0,0.0,0.0,0.0,0.0,0.0,0.0,0.0,0.0,0.0,0.0,0.0,0.0,0.0,0.0,0.0,0.0,0.0,0.0,0.0,0.0,0.0
s__Enterocloster_bolteae,0.0,0.0,0.0,0.0,0.0,0.0,0.0,0.0,0.0,0.0,0.0,0.0,0.0,0.0,0.0,0.0,0.0,0.0,0.0,0.0,0.0,0.0,0.0,0.0,0.0,0.0,0.0,0.0,0.0,0.0,0.0,0.0,0.0,0.0,0.0,0.0,0.0,0.0,0.0,0.0,0.0,0.0,0.0,0.0,0.0,0.0,0.0,0.0,0.0,0.0,0.0,0.0,0.0,0.0,0.0,0.0,0.0,0.0,0.0,0.0,0.0,0.0,0.0,0.0,0.0,0.0,0.0,0.0,0.0,0.0,0.0,0.0,0.0,0.0
s__Enterocloster_clostridioformis,0.0,0.0,0.0,0.0,0.0,0.0,0.0,0.0,0.0,0.0,0.0,0.0,0.0,0.0,0.0,0.0,0.0,0.0,0.0,0.0,0.0,0.0,0.0,0.0,0.0,0.0,0.0,0.0,0.0,0.0,0.0,0.0,0.0,0.0,0.0,0.0,0.0,0.0,0.0,0.0,0.0,0.0,0.0,0.0,0.0,0.0,0.0,0.0,0.0,0.0,0.0,0.0,0.0,0.0,0.0,0.0,0.0,0.0,0.0,0.0,0.0,0.0,0.0,0.0,0.0,0.0,0.0,0.0,0.0,0.0,0.0,0.0,0.0,0.0
s__Enterocloster_lavalensis,0.0,0.0,0.0,0.0,0.0,0.0,0.0,0.0,0.0,0.0,0.0,0.0,0.0,0.0,0.0,0.0,0.0,0.0,0.0,0.0,0.0,0.0,0.0,0.0,0.0,0.0,0.0,0.0,0.0,0.0,0.0,0.0,0.0,0.0,0.0,0.0,0.0,0.0,0.0,0.0,0.0,0.0,0.0,0.0,0.0,0.0,0.0,0.0,0.0,0.0,0.0,0.0,0.0,0.0,0.0,0.0,0.0,0.0,0.0,0.0,0.0,0.0,0.0,0.0,0.0,0.0,0.0,0.0,0.0,0.0,0.0,0.0,0.0,0.0
s__Erysipelatoclostridium_ramosum,0.0,0.0,0.0,0.0,0.0,0.0,0.0,0.0,0.0,0.0,0.0,0.0,0.0,0.0,0.0,0.0,0.0,0.0,0.0,0.0,0.0,0.0,0.0,0.0,0.0,0.0,0.0,0.0,0.0,0.0,0.0,0.0,0.0,0.0,0.0,0.0,0.0,0.0,0.0,0.0,0.0,0.0,0.0,0.0,0.0,0.0,0.0,0.0,0.0,0.0,0.0,0.0,0.0,0.0,0.0,0.0,0.0,0.0,0.0,0.0,0.0,0.0,0.0,0.0,0.0,0.0,0.0,0.0,0.0,0.0,0.0,0.0,0.0,0.0
s__Escherichia_coli,0.0,0.0,0.0,0.0,0.0,0.0,0.0,0.0,0.0,0.0,0.0,0.0,0.0,0.0,0.0,0.0,0.0,0.0,0.0,0.0,0.0,0.0,0.0,0.0,0.0,0.0,0.0,0.0,0.0,0.0,0.0,0.0,0.0,0.0,0.0,0.0,0.0,0.0,0.0,0.0,0.0,0.0,0.0,0.0,0.0,0.0,0.0,0.0,0.0,0.0,0.0,0.0,0.0,0.0,0.0,0.0,0.0,0.0,0.0,0.0,0.0,0.0,0.0,0.0,0.0,0.0,0.0,0.0,0.0,0.0,0.0,0.0,0.0,0.0
s__Eubacterium_SGB6276,0.0,0.0,0.0,0.0,0.0,0.0,0.0,0.0,0.0,0.0,0.0,0.0,0.0,0.0,0.0,0.0,0.0,0.0,0.0,0.0,0.0,0.0,0.0,0.0,0.0,0.0,0.0,0.0,0.0,0.0,0.0,0.0,0.0,0.0,0.0,0.0,0.0,0.0,0.0,0.0,0.0,0.0,0.0,0.0,0.0,0.0,0.0,0.0,0.0,0.0,0.0,0.0,0.0,0.0,0.0,0.0,0.0,0.0,0.0,0.0,0.0,0.0,0.0,0.0,0.0,0.0,0.0,0.0,0.0,0.0,0.0,0.0,0.0,0.0
s__Eubacterium_ramulus,0.0,0.0,0.0,0.0,0.0,0.0,0.0,0.0,0.0,0.0,0.0,0.0,0.0,0.0,0.0,0.0,0.0,0.0,0.0,0.0,0.0,0.0,0.0,0.0,0.0,0.0,0.0,0.0,0.0,0.0,0.0,0.0,0.0,0.0,0.0,0.0,0.0,0.0,0.0,0.0,0.0,0.0,0.0,0.0,0.0,0.0,0.0,0.0,0.0,0.0,0.0,0.0,0.0,0.0,0.0,0.0,0.0,0.0,0.0,0.0,0.0,0.0,0.0,0.0,0.0,0.0,0.0,0.0,0.0,0.0,0.0,0.0,0.0,0.0
s__Eubacterium_sp_AF16_48,0.0,0.0,0.0,0.0,0.0,0.0,0.0,0.0,0.0,0.0,0.0,0.0,0.0,0.0,0.0,0.0,0.0,0.0,0.0,0.0,0.0,0.0,0.0,0.0,0.0,0.0,0.0,0.0,0.0,0.0,0.0,0.0,0.0,0.0,0.0,0.0,0.0,0.0,0.0,0.0,0.0,0.0,0.0,0.0,0.0,0.0,0.0,0.0,0.0,0.0,0.0,0.0,0.0,0.0,0.0,0.0,0.0,0.0,0.0,0.0,0.0,0.0,0.0,0.0,0.0,0.0,0.0,0.0,0.0,0.0,0.0,0.0,0.0,0.0
s__Eubacterium_ventriosum,0.0,0.0,0.0,0.0,0.0,0.0,0.0,0.0,0.0,0.0,0.0,0.0,0.0,0.0,0.0,0.0,0.0,0.0,0.0,0.0,0.0,0.0,0.0,0.0,0.0,0.0,0.0,0.0,0.0,0.0,0.0,0.0,0.0,0.0,0.0,0.0,0.0,0.0,0.0,0.0,0.0,0.0,0.0,0.0,0.0,0.0,0.0,0.0,0.0,0.0,0.0,0.0,0.0,0.0,0.0,0.0,0.0,0.0,0.0,0.0,0.0,0.0,0.0,0.0,0.0,0.0,0.0,0.0,0.0,0.0,0.0,0.0,0.0,0.0
s__Faecalibacillus_intestinalis,0.0,0.0,0.0,0.0,0.0,0.0,0.0,0.0,0.0,0.0,0.0,0.0,0.0,0.0,0.0,0.0,0.0,0.0,0.0,0.0,0.0,0.0,0.0,0.0,0.0,0.0,0.0,0.0,0.0,0.0,0.0,0.0,0.0,0.0,0.0,0.0,0.0,0.0,0.0,0.0,0.0,0.0,0.0,0.0,0.0,0.0,0.0,0.0,0.0,0.0,0.0,0.0,0.0,0.0,0.0,0.0,0.0,0.0,0.0,0.0,0.0,0.0,0.0,0.0,0.0,0.0,0.0,0.0,0.0,0.0,0.0,0.0,0.0,0.0
s__Faecalibacterium_SGB15315,0.0,0.0,0.0,0.0,0.0,0.0,0.0,0.0,0.0,0.0,0.0,0.0,0.0,0.0,0.0,0.0,0.0,0.0,0.0,0.0,0.0,0.0,0.0,0.0,0.0,0.0,0.0,0.0,0.0,0.0,0.0,0.0,0.0,0.0,0.0,0.0,0.0,0.0,0.0,0.0,0.0,0.0,0.0,0.0,0.0,0.0,0.0,0.0,0.0,0.0,0.0,0.0,0.0,0.0,0.0,0.0,0.0,0.0,0.0,0.0,0.0,0.0,0.0,0.0,0.0,0.0,0.0,0.0,0.0,0.0,0.0,0.0,0.0,0.0
s__Faecalibacterium_SGB15346,0.0,0.0,0.0,0.0,0.0,0.0,0.0,0.0,0.0,0.0,0.0,0.0,0.0,0.0,0.0,0.0,0.0,0.0,0.0,0.0,0.0,0.0,0.0,0.0,0.0,0.0,0.0,0.0,0.0,0.0,0.0,0.0,0.0,0.0,0.0,0.0,0.0,0.0,0.0,0.0,0.0,0.0,0.0,0.0,0.0,0.0,0.0,0.0,0.0,0.0,0.0,0.0,0.0,0.0,0.0,0.0,0.0,0.0,0.0,0.0,0.0,0.0,0.0,0.0,0.0,0.0,0.0,0.0,0.0,0.0,0.0,0.0,0.0,0.0
s__Faecalibacterium_prausnitzii,0.0,0.0,0.0,0.0,0.0,0.0,0.0,0.0,0.0,0.0,0.0,0.0,0.0,0.0,0.0,0.0,0.0,0.0,0.0,0.0,0.0,0.0,0.0,0.0,0.0,0.0,0.0,0.0,0.0,0.0,0.0,0.0,0.0,0.0,0.0,0.0,0.0,0.0,0.0,0.0,0.0,0.0,0.0,0.0,0.0,0.0,0.0,0.0,0.0,0.0,0.0,0.0,0.0,0.0,0.0,0.0,0.0,0.0,0.0,0.0,0.0,0.0,0.0,0.0,0.0,0.0,0.0,0.0,0.0,0.0,0.0,0.0,0.0,0.0
s__Faecalicatena_fissicatena,0.0,0.0,0.0,0.0,0.0,0.0,0.0,0.0,0.0,0.0,0.0,0.0,0.0,0.0,0.0,0.0,0.0,0.0,0.0,0.0,0.0,0.0,0.0,0.0,0.0,0.0,0.0,0.0,0.0,0.0,0.0,0.0,0.0,0.0,0.0,0.0,0.0,0.0,0.0,0.0,0.0,0.0,0.0,0.0,0.0,0.0,0.0,0.0,0.0,0.0,0.0,0.0,0.0,0.0,0.0,0.0,0.0,0.0,0.0,0.0,0.0,0.0,0.0,0.0,0.0,0.0,0.0,0.0,0.0,0.0,0.0,0.0,0.0,0.0
s__Flavonifractor_plautii,0.0,0.0,0.0,0.0,0.0,0.0,0.0,0.0,0.0,0.0,0.0,0.0,0.0,0.0,0.0,0.0,0.0,0.0,0.0,0.0,0.0,0.0,0.0,0.0,0.0,0.0,0.0,0.0,0.0,0.0,0.0,0.0,0.0,0.0,0.0,0.0,0.0,0.0,0.0,0.0,0.0,0.0,0.0,0.0,0.0,0.0,0.0,0.0,0.0,0.0,0.0,0.0,0.0,0.0,0.0,0.0,0.0,0.0,0.0,0.0,0.0,0.0,0.0,0.0,0.0,0.0,0.0,0.0,0.0,0.0,0.0,0.0,0.0,0.0
s__Fusicatenibacter_saccharivorans,0.0,0.0,0.0,0.0,0.0,0.0,0.0,0.0,0.0,0.0,0.0,0.0,0.0,0.0,0.0,0.0,0.0,0.0,0.0,0.0,0.0,0.0,0.0,0.0,0.0,0.0,0.0,0.0,0.0,0.0,0.0,0.0,0.0,0.0,0.0,0.0,0.0,0.0,0.0,0.0,0.0,0.0,0.0,0.0,0.0,0.0,0.0,0.0,0.0,0.0,0.0,0.0,0.0,0.0,0.0,0.0,0.0,0.0,0.0,0.0,0.0,0.0,0.0,0.0,0.0,0.0,0.0,0.0,0.0,0.0,0.0,0.0,0.0,0.0
s__Fusobacterium_nucleatum,0.5458924345031879,0.0,0.0044486823333224,0.17260251530208817,0.542582741789168,0.021510083601118602,0.0,0.0068264023346295,0.18459449802861894,0.0171004337223557,0.18373484689473954,0.0,0.0,0.0,0.0,0.0,1.4826036887581533,0.0,0.4865974135041559,0.0,0.0,0.1886454525701929,1.1516128256437652,0.0,0.5459730116318074,1.8263164825083487,1.4845477252493655,0.0,1.8180102289691822,0.1518878052021176,0.0,0.0,0.4694635374982238,0.4299299961967651,0.0,0.28053093175817007,0.0,0.15258969123712168,0.0,0.0320634538262649,0.0,0.0,0.0,0.0,0.0,0.0,0.0032193424748401004,0.1664046836864586,0.15665515406618122,0.0,0.035934332823914394,0.895034719328727,0.2001960019068693,0.0164582362220355,0.08146689979373962,3.944637050648055,0.35616876407578146,0.0,0.0,0.7026839644049324,0.41959383102070924,0.07148362390232968,0.9862476356081302,0.0,0.09202268426379949,0.0,0.8892415082856449,0.0,0.0047965662341642006,0.0,0.14295634124110085,0.7832706938209412,0.0,0.5199479285533145
s__Fusobacterium_pseudoperiodonticum,0.28649182051288624,0.0,0.0011870034068028,1.2228187231843628,1.0455063636806168,0.056241768711570606,0.45589377517362034,0.0,0.38946845459793217,2.508732324679512,0.9065393520740687,2.0912976715908598,1.0014114665059832,0.0,0.24788512281457833,0.2211720507915003,3.149550390383614,5.083639673094956,0.17092677438402307,0.0,0.13676618913431673,0.11122391904355872,0.0,3.2396993264212646,0.9371813224165297,3.4007402715000725,7.439714282750681,2.9782061836498466,0.25124735973801077,3.5456329394995225,0.0,0.0,0.3298128880728443,0.7357791133655375,0.6586476033549185,1.3708280284286434,0.0,1.1322971790491294,0.0,0.1915749507824895,0.0,0.8775484846690456,0.0,0.0,0.4977154798748622,0.0,0.018484490372146105,1.1946120622282943,1.4095168871130825,0.0,0.10439111495449319,0.0,3.85675852801992,0.7168273483579689,0.012635281853266104,2.472739797792066,2.0749273886036033,0.0,0.0,0.430504906162721,0.208956742044785,0.5088530265427297,0.0,0.037890158635357,0.4730572937957543,3.29639286352598,1.564443689826987,0.18604497053182026,0.9801903013670559,0.0,5.33686572903246,0.8833771146842525,0.0,0.09982370644899627
s__GGB10485_SGB49305,0.10087544817801078,0.14825074301122257,0.013346046999967599,0.0,9.142228145477,0.03885488939976961,1.6094406276932909,0.3686471927439974,0.22859667488428292,0.0,0.015744625898362605,0.0,0.0258408261338803,0.9738785217131941,0.14285700875965773,0.0,0.0,0.0,2.628989959044219,0.972548893372761,0.0,1.2935111636223084,0.3742833245901256,2.7455361494387747,0.009501152928364101,0.0,0.0,2.3907838186752444,0.06082408614935238,0.1497102592296863,0.8628297290737658,0.6474129481948875,17.358446583912713,0.0099120002488835,0.0,0.35230871204764685,1.1223421855256206,0.059835826492750994,0.710209282711697,0.0,0.692208018388469,0.0,0.4784184150826404,3.357476225302665,0.1964561669479486,0.5974775461853913,0.0068069492180202005,0.0372561726969289,0.34709692383298574,3.8296190383904203,0.0,0.4256767493111266,0.1632335384171017,0.0,16.882429438391195,2.3787979493966223,1.3205192712721554,0.0,1.430342000803761,17.342813661603362,2.7510191864253057,0.0,0.37558876567961136,0.23085457554526623,0.08502627168199499,2.4962414710304057,1.2210691035334917,0.20514854191602036,0.0244984620409878,0.45122959374622035,0.0,1.5390936378281583,0.3383094710463404,5.4130470309984995
s__GGB1088_SGB1395,0.0,0.0,0.0,0.03869295758472879,0.0,0.0,0.0,0.0,0.0,0.0,0.002260204135932,0.12875242377012378,0.0,0.0,0.0,0.0,0.0,0.0,0.2990240326018413,0.0,0.0,0.0,0.0,0.0,0.11186555580691192,2.2298261603177285,0.0,0.0,0.43257533262434494,3.364070109986754,0.0,0.0,0.0,2.1929878506852547,0.0,0.08164806438914621,0.0,0.0,0.0,3.8386463194890745,0.0,0.0,0.0,0.0,0.0,0.0,0.11415004369277201,0.0,0.10863730776815332,0.0,3.885196275642211,0.0,3.4543655246668887,0.0,0.0,0.11691390901617121,0.0,0.0,0.0,0.0,0.30707780051098893,0.0,0.0,0.0,0.019634764858413797,0.0,0.0,0.0,0.0,0.0,0.0,0.0,0.0,0.0
s__GGB1144_SGB1468,6.049810835419319,0.0,0.7343835251358699,2.2514426026415038,1.7535005318455543,1.9786752502243303,0.242085165834638,0.3236530440226691,1.1669073222036925,0.5558928319895113,2.5867707179801815,3.5890820839187785,0.0,0.0,0.0,0.0,0.0,0.0,0.0,0.0,0.0,0.0,0.0,0.0,0.0,0.004295931165469301,0.0,0.0,0.0,0.0,0.0,0.0,0.0,0.0,0.0,0.0,0.0,0.0,0.0,0.0,0.0,0.0,0.0,0.0,0.0,0.0,0.018139985088860403,0.0,0.0,0.0,0.0,0.0,0.0,0.0,0.0,0.16950038317451813,0.3925713991156524,0.0,0.0,0.0,0.0,0.0,0.005561136885383701,0.0,0.0,0.0,0.0,0.0,0.0,0.0,0.0,0.0,0.0,0.0
s__GGB1202_SGB1567,0.6916001310178694,0.0,0.992386456931082,0.0,0.0,0.756071549795727,0.0,0.5760903970229038,0.29563962574896374,0.0,0.45724149107203205,0.0,0.0,0.0,0.0,0.0,0.0,0.0,0.0,0.0,0.0,0.0,0.0,0.0,0.0,0.0,0.0,0.0,0.0,0.0,0.0,0.0,0.0,0.0,0.0,0.0,0.0,0.0,0.0,0.0,0.0,0.0,0.0,0.0,0.0,0.0,0.0,0.0,0.0,0.0,0.0,0.0,0.0,0.0,0.0,0.04869170432436231,0.0,0.0,0.0,0.0,0.0,0.0,0.0,0.0,0.0,0.0,0.0,0.0,0.0,0.0,0.0,0.0,0.0,0.0
s__GGB12785_SGB19823,0.0,0.10214601056085099,0.0,0.0,0.0480850013684417,0.05115087361967941,0.0,0.0,0.13002777413824354,0.0,0.06766348983636142,0.13477176130309867,0.0,0.0,0.0,0.0,0.0,0.0,0.0,0.0,0.0,0.0,0.0,0.0,0.0,0.0,0.0,0.0,0.0,0.0,0.0,0.0,0.0,0.0,0.0,0.0,0.0,0.0,0.0,0.0653931210706083,0.0,0.0,0.0,0.0,0.0,0.0,0.0,0.0,0.0,0.0,0.33746345137162015,0.0,0.0,0.0,0.0,0.19826502874835655,0.0,0.0,0.0,0.0,0.0,0.0,0.0,0.0,0.019736604925107797,0.0,0.0,0.0,0.0,0.0,0.0,0.06176960363672421,0.0,0.0
s__GGB13493_SGB15238,0.0,0.0,0.0,0.0,0.0,0.0,0.0,0.0,0.0,0.0,0.0,0.0,0.0,0.0,0.0,0.0,0.0,0.0,0.0,0.0,0.0,0.0,0.0,0.0,0.0,0.0,0.0,0.0,0.0,0.0,0.0,0.0,0.0,0.0,0.0,0.0,0.0,0.0,0.0,0.0,0.0,0.0,0.0,0.0,0.0,0.0,0.0,0.0,0.0,0.0,0.0,0.0,0.0,0.0,0.0,0.0,0.0,0.0,0.0,0.0,0.0,0.0,0.0,0.0,0.0,0.0,0.0,0.0,0.0,0.0,0.0,0.0,0.0,0.0
s__GGB14025_SGB14906,0.0,0.0,0.0,0.0,0.0,0.0,0.0,0.0,0.0,0.0,0.0,0.0,0.0,0.0,0.0,0.0,0.0,0.0,0.0,0.0,0.0,0.0,0.0,0.0,0.0,0.0,0.0,0.0,0.0,0.0,0.0,0.0,0.0,0.0,0.0,0.0,0.0,0.0,0.0,0.0,0.0,0.0,0.0,0.0,0.0,0.0,0.0,0.0,0.0,0.0,0.0,0.0,0.0,0.0,0.0,0.0,0.0,0.0,0.0,0.0,0.0,0.0,0.0,0.0,0.0,0.0,0.0,0.0,0.0,0.0,0.0,0.0,0.0,0.0
s__GGB1420_SGB1957,0.0,0.0,0.0,0.0,0.0,0.0,0.0,0.0,0.0,0.0,0.0,0.0,0.0,0.0,0.0,0.0,0.0,0.0,0.0,0.0,0.0,0.0,0.0,0.0,0.0,0.0,0.0,0.0,0.0,0.0,0.0,0.0,0.0,0.0,0.0,0.0,0.0,0.0,0.0,0.0,0.0,0.0,0.0,0.0,0.0,0.0,0.0,0.0,0.0,0.0,0.0,0.0,0.0,0.0,0.0,0.0,0.0,0.0,0.0,0.0,0.0,0.0,0.0,0.0,0.0,0.0,0.0,0.0,0.0,0.0,0.0,0.0,0.0,0.0
s__GGB16040_SGB9347,0.0,0.0,0.0,0.0,0.0,0.0,0.0,0.0,0.0,0.0,0.0,0.0,0.0,0.0,0.0,0.0,0.0,0.0,0.0,0.0,0.0,0.0,0.0,0.0,0.0,0.0,0.0,0.0,0.0,0.0,0.0,0.0,0.0,0.0,0.0,0.0,0.0,0.0,0.0,0.0,0.0,0.0,0.0,0.0,0.0,0.0,0.0,0.0,0.0,0.0,0.0,0.0,0.0,0.0,0.0,0.0,0.0,0.0,0.0,0.0,0.0,0.0,0.0,0.0,0.0,0.0,0.0,0.0,0.0,0.0,0.0,0.0,0.0,0.0
s__GGB1843_SGB2516,0.0,0.0,0.0,0.0,0.0,0.0,0.0,0.0,0.010497470545595702,0.0,0.0,0.0,0.0,0.0,0.0,0.0,0.0,0.0,0.07857108838842959,0.0,0.0,0.135536767484076,0.1383327141669572,0.0,0.024096164070054504,0.4852862958256486,2.1283956689053745,0.0,0.0,0.450163919938785,0.0,0.0,0.5556274814430989,0.0269143364422265,0.0,0.0,0.0,0.03953736167577529,0.0,0.0,0.0,0.0,0.0,0.0,0.0,0.0,0.12932015564984634,0.1839013208327881,0.04269369179217151,0.0,0.0,0.0,0.1540289405363692,0.0,0.14287682305341814,0.3377261144033902,1.0703195813788198,0.0,0.0,0.23337546016145794,0.06827809696901072,0.0,0.22009501668823844,0.0,0.0,0.14042705299788133,0.2216551889276993,0.0,0.0158766342350825,0.0,0.0,0.0916141649368757,0.0,0.08789637303791527
s__GGB1843_SGB2524,0.0,0.0,0.0,0.0,0.0,0.0,0.0411113800946092,0.0,0.0,0.0,0.0043887458950138,0.0,0.0335784055770154,0.0596170544549148,0.17885025817410952,0.0,0.0,0.0,0.0,0.0,0.0,0.3240840524293472,0.0,0.17620835096777662,0.13173160283895063,0.0,0.5959442095428437,0.13621069848589953,0.0,0.33858455697110923,0.0,0.0,0.158858130763861,0.2726644156055811,0.0,0.6628197924487236,0.0,0.18560297155237607,0.0,0.0,0.0,0.2019082268865871,0.0,0.0,0.15909976086873479,0.0,0.013518862495823902,0.1403113654888703,0.574718481144831,0.0,0.0,0.0,0.6081918039699009,0.0,0.2707385150501436,0.07155046254993921,0.8159687138054806,0.0,0.0,0.0,0.0,0.0,0.0,0.0,0.10723759022773728,0.14928982200867633,0.0,0.26580367534074045,0.05727100083590611,0.0,0.0,0.1804421886027724,0.0,0.07516161945590828
s__GGB2653_SGB3574,0.0,0.0,0.0,0.0,0.0,0.0,0.0,0.0,0.0,0.0,0.0,0.0,0.0,0.0,0.0,0.0,0.0,0.0,0.0,0.0,0.0,0.0,0.0,0.0,0.0,0.0,0.0,0.0,0.0,0.0,0.0,0.0,0.0,0.0,0.0,0.0,0.0,0.0,0.0,0.0,0.0,0.0,0.0,0.0,0.0,0.0,0.0,0.0,0.0,0.0,0.0,0.0,0.0,0.0,0.0,0.0,0.0,0.0,0.0,0.0,0.0,0.0,0.0,0.0,0.0,0.0,0.0,0.0,0.0,0.0,0.0,0.0,0.0,0.0
s__GGB2998_SGB3989,0.0,0.0,0.0,0.0,0.0,0.0,0.0,0.0,0.0,0.0,0.0,0.0,0.0,0.0,0.0,0.0,0.0,0.0,0.0,0.0,0.0,0.0,0.0,0.0,0.0,0.0,0.0,0.0,0.0,0.0,0.0,0.0,0.0,0.0,0.0,0.0,0.0,0.0,0.0,0.0,0.0,0.0,0.0,0.0,0.0,0.0,0.0,0.0,0.0,0.0,0.0,0.0,0.0,0.0,0.0,0.0,0.0,0.0,0.0,0.0,0.0,0.0,0.0,0.0,0.0,0.0,0.0,0.0,0.0,0.0,0.0,0.0,0.0,0.0
s__GGB3033_SGB4029,0.0,0.0,0.0,0.0,0.0,0.0,0.0,0.0,0.0,0.0,0.0,0.0,0.0,0.0,0.0,0.0,0.0,0.0,0.0,0.0,0.0,0.0,0.0,0.0,0.0,0.0,0.0,0.0,0.0,0.0,0.0,0.0,0.0,0.0,0.0,0.0,0.0,0.0,0.0,0.0,0.0,0.0,0.0,0.0,0.0,0.0,0.0,0.0,0.0,0.0,0.0,0.0,0.0,0.0,0.0,0.0,0.0,0.0,0.0,0.0,0.0,0.0,0.0,0.0,0.0,0.0,0.0,0.0,0.0,0.0,0.0,0.0,0.0,0.0
s__GGB3109_SGB4643,0.0,0.0,0.0,0.0,0.0,0.0,0.0,0.0,0.0,0.0,0.0,0.0,0.0,0.0,0.0,0.0,0.0,0.0,0.0,0.0,0.0,0.0,0.0,0.0,0.0,0.0,0.0,0.0,0.0,0.0,0.0,0.0,0.0,0.0,0.0,0.0,0.0,0.0,0.0,0.0,0.0,0.0,0.0,0.0,0.0,0.0,0.0,0.0,0.0,0.0,0.0,0.0,0.0,0.0,0.0,0.0,0.0,0.0,0.0,0.0,0.0,0.0,0.0,0.0,0.0,0.0,0.0,0.0,0.0,0.0,0.0,0.0,0.0,0.0
s__GGB3175_SGB4191,0.0,0.0,0.0,0.0,0.0,0.0,0.0,0.0,0.0,0.0,0.0,0.0,0.0,0.0,0.0,0.0,0.0,0.0,0.0,0.0,0.0,0.0,0.0,0.0,0.0,0.0,0.0,0.0,0.0,0.0,0.0,0.0,0.0,0.0,0.0,0.0,0.0,0.0,0.0,0.0,0.0,0.0,0.0,0.0,0.0,0.0,0.0,0.0,0.0,0.0,0.0,0.0,0.0,0.0,0.0,0.0,0.0,0.0,0.0,0.0,0.0,0.0,0.0,0.0,0.0,0.0,0.0,0.0,0.0,0.0,0.0,0.0,0.0,0.0
s__GGB3256_SGB4303,0.0,0.0,0.0,0.0,0.0,0.0,0.0,0.0,0.0,0.0,0.0,0.0,0.0,0.0,0.0,0.0,0.0,0.0,0.0,0.0,0.0,0.0,0.0,0.0,0.0,0.0,0.0,0.0,0.0,0.0,0.0,0.0,0.0,0.0,0.0,0.0,0.0,0.0,0.0,0.0,0.0,0.0,0.0,0.0,0.0,0.0,0.0,0.0,0.0,0.0,0.0,0.0,0.0,0.0,0.0,0.0,0.0,0.0,0.0,0.0,0.0,0.0,0.0,0.0,0.0,0.0,0.0,0.0,0.0,0.0,0.0,0.0,0.0,0.0
s__GGB3304_SGB4367,0.0,0.0,0.0,0.0,0.0,0.0,0.0,0.0,0.0,0.0,0.0,0.0,0.0,0.0,0.0,0.0,0.0,0.0,0.0,0.0,0.0,0.0,0.0,0.0,0.0,0.0,0.0,0.0,0.0,0.0,0.0,0.0,0.0,0.0,0.0,0.0,0.0,0.0,0.0,0.0,0.0,0.0,0.0,0.0,0.0,0.0,0.0,0.0,0.0,0.0,0.0,0.0,0.0,0.0,0.0,0.0,0.0,0.0,0.0,0.0,0.0,0.0,0.0,0.0,0.0,0.0,0.0,0.0,0.0,0.0,0.0,0.0,0.0,0.0
s__GGB3321_SGB4394,0.0,0.0,0.0,0.0,0.0,0.0,0.0,0.0,0.0,0.0,0.0,0.0,0.0,0.0,0.0,0.0,0.0,0.0,0.0,0.0,0.0,0.0,0.0,0.0,0.0,0.0,0.0,0.0,0.0,0.0,0.0,0.0,0.0,0.0,0.0,0.0,0.0,0.0,0.0,0.0,0.0,0.0,0.0,0.0,0.0,0.0,0.0,0.0,0.0,0.0,0.0,0.0,0.0,0.0,0.0,0.0,0.0,0.0,0.0,0.0,0.0,0.0,0.0,0.0,0.0,0.0,0.0,0.0,0.0,0.0,0.0,0.0,0.0,0.0
s__GGB3345_SGB9340,0.0,0.0,0.0,0.0,0.0,0.0,0.0,0.0,0.0,0.0,0.0,0.0,0.0,0.0,0.0,0.0,0.0,0.0,0.0,0.0,0.0,0.0,0.0,0.0,0.0,0.0,0.0,0.0,0.0,0.0,0.0,0.0,0.0,0.0,0.0,0.0,0.0,0.0,0.0,0.0,0.0,0.0,0.0,0.0,0.0,0.0,0.0,0.0,0.0,0.0,0.0,0.0,0.0,0.0,0.0,0.0,0.0,0.0,0.0,0.0,0.0,0.0,0.0,0.0,0.0,0.0,0.0,0.0,0.0,0.0,0.0,0.0,0.0,0.0
s__GGB33469_SGB15236,0.0,0.0,0.0,0.0,0.0,0.0,0.0,0.0,0.0,0.0,0.0,0.0,0.0,0.0,0.0,0.0,0.0,0.0,0.0,0.0,0.0,0.0,0.0,0.0,0.0,0.0,0.0,0.0,0.0,0.0,0.0,0.0,0.0,0.0,0.0,0.0,0.0,0.0,0.0,0.0,0.0,0.0,0.0,0.0,0.0,0.0,0.0,0.0,0.0,0.0,0.0,0.0,0.0,0.0,0.0,0.0,0.0,0.0,0.0,0.0,0.0,0.0,0.0,0.0,0.0,0.0,0.0,0.0,0.0,0.0,0.0,0.0,0.0,0.0
s__GGB33469_SGB15237,0.0,0.0,0.0,0.0,0.0,0.0,0.0,0.0,0.0,0.0,0.0,0.0,0.0,0.0,0.0,0.0,0.0,0.0,0.0,0.0,0.0,0.0,0.0,0.0,0.0,0.0,0.0,0.0,0.0,0.0,0.0,0.0,0.0,0.0,0.0,0.0,0.0,0.0,0.0,0.0,0.0,0.0,0.0,0.0,0.0,0.0,0.0,0.0,0.0,0.0,0.0,0.0,0.0,0.0,0.0,0.0,0.0,0.0,0.0,0.0,0.0,0.0,0.0,0.0,0.0,0.0,0.0,0.0,0.0,0.0,0.0,0.0,0.0,0.0
s__GGB33512_SGB15203,0.0,0.0,0.0,0.0,0.0,0.0,0.0,0.0,0.0,0.0,0.0,0.0,0.0,0.0,0.0,0.0,0.0,0.0,0.0,0.0,0.0,0.0,0.0,0.0,0.0,0.0,0.0,0.0,0.0,0.0,0.0,0.0,0.0,0.0,0.0,0.0,0.0,0.0,0.0,0.0,0.0,0.0,0.0,0.0,0.0,0.0,0.0,0.0,0.0,0.0,0.0,0.0,0.0,0.0,0.0,0.0,0.0,0.0,0.0,0.0,0.0,0.0,0.0,0.0,0.0,0.0,0.0,0.0,0.0,0.0,0.0,0.0,0.0,0.0
s__GGB33928_SGB15225,0.0,0.0,0.0,0.0,0.0,0.0,0.0,0.0,0.0,0.0,0.0,0.0,0.0,0.0,0.0,0.0,0.0,0.0,0.0,0.0,0.0,0.0,0.0,0.0,0.0,0.0,0.0,0.0,0.0,0.0,0.0,0.0,0.0,0.0,0.0,0.0,0.0,0.0,0.0,0.0,0.0,0.0,0.0,0.0,0.0,0.0,0.0,0.0,0.0,0.0,0.0,0.0,0.0,0.0,0.0,0.0,0.0,0.0,0.0,0.0,0.0,0.0,0.0,0.0,0.0,0.0,0.0,0.0,0.0,0.0,0.0,0.0,0.0,0.0
s__GGB34228_SGB72916,0.0,0.0,0.0,0.0,0.0,0.0,0.0,0.0,0.0,0.0,0.0,0.0,0.0,0.0,0.0,0.0,0.0,0.0,0.0,0.0,0.0,0.0,0.0,0.0,0.0,0.0,0.0,0.0,0.0,0.0,0.0,0.0,0.0,0.0,0.0,0.0,0.0,0.0,0.0,0.0,0.0,0.0,0.0,0.0,0.0,0.0,0.0,0.0,0.0,0.0,0.0,0.0,0.0,0.0,0.0,0.0,0.0,0.0,0.0,0.0,0.0,0.0,0.0,0.0,0.0,0.0,0.0,0.0,0.0,0.0,0.0,0.0,0.0,0.0
s__GGB34540_SGB54300,0.0,0.0,0.0,0.0,0.0,0.0,0.0,0.0,0.0,0.0,0.0,0.0,0.0,0.0,0.0,0.0,0.0,0.0,0.0,0.0,0.0,0.0,0.0,0.0,0.0,0.0,0.0,0.0,0.0,0.0,0.0,0.0,0.0,0.0,0.0,0.0,0.0,0.0,0.0,0.0,0.0,0.0,0.0,0.0,0.0,0.0,0.0,0.0,0.0,0.0,0.0,0.0,0.0,0.0,0.0,0.0,0.0,0.0,0.0,0.0,0.0,0.0,0.0,0.0,0.0,0.0,0.0,0.0,0.0,0.0,0.0,0.0,0.0,0.0
s__GGB34797_SGB14322,0.0,0.0,0.0,0.0,0.0,0.0,0.0,0.0,0.0,0.0,0.0,0.0,0.0,0.0,0.0,0.0,0.0,0.0,0.0,0.0,0.0,0.0,0.0,0.0,0.0,0.0,0.0,0.0,0.0,0.0,0.0,0.0,0.0,0.0,0.0,0.0,0.0,0.0,0.0,0.0,0.0,0.0,0.0,0.0,0.0,0.0,0.0,0.0,0.0,0.0,0.0,0.0,0.0,0.0,0.0,0.0,0.0,0.0,0.0,0.0,0.0,0.0,0.0,0.0,0.0,0.0,0.0,0.0,0.0,0.0,0.0,0.0,0.0,0.0
s__GGB3510_SGB4687,0.0,0.0,0.0,0.0,0.0,0.0,0.0,0.0,0.0,0.0,0.0,0.0,0.0,0.0,0.0,0.0,0.0,0.0,0.0,0.0,0.0,0.0,0.0,0.0,0.0,0.0,0.0,0.0,0.0,0.0,0.0,0.0,0.0,0.0,0.0,0.0,0.0,0.0,0.0,0.0,0.0,0.0,0.0,0.0,0.0,0.0,0.0,0.0,0.0,0.0,0.0,0.0,0.0,0.0,0.0,0.0,0.0,0.0,0.0,0.0,0.0,0.0,0.0,0.0,0.0,0.0,0.0,0.0,0.0,0.0,0.0,0.0,0.0,0.0
s__GGB3537_SGB4727,0.0,0.0,0.0,0.0,0.0,0.0,0.0,0.0,0.0,0.0,0.0,0.0,0.0,0.0,0.0,0.0,0.0,0.0,0.0,0.0,0.0,0.0,0.0,0.0,0.0,0.0,0.0,0.0,0.0,0.0,0.0,0.0,0.0,0.0,0.0,0.0,0.0,0.0,0.0,0.0,0.0,0.0,0.0,0.0,0.0,0.0,0.0,0.0,0.0,0.0,0.0,0.0,0.0,0.0,0.0,0.0,0.0,0.0,0.0,0.0,0.0,0.0,0.0,0.0,0.0,0.0,0.0,0.0,0.0,0.0,0.0,0.0,0.0,0.0
s__GGB3570_SGB4777,0.0,0.0,0.0,0.0,0.0,0.0,0.0,0.0,0.0,0.0,0.0,0.0,0.0,0.0,0.0,0.0,0.0,0.0,0.0,0.0,0.0,0.0,0.0,0.0,0.0,0.0,0.0,0.0,0.0,0.0,0.0,0.0,0.0,0.0,0.0,0.0,0.0,0.0,0.0,0.0,0.0,0.0,0.0,0.0,0.0,0.0,0.0,0.0,0.0,0.0,0.0,0.0,0.0,0.0,0.0,0.0,0.0,0.0,0.0,0.0,0.0,0.0,0.0,0.0,0.0,0.0,0.0,0.0,0.0,0.0,0.0,0.0,0.0,0.0
s__GGB3612_SGB4882,0.0,0.0,0.0,0.0,0.0,0.0,0.0,0.0,0.0,0.0,0.0,0.0,0.0,0.0,0.0,0.0,0.0,0.0,0.0,0.0,0.0,0.0,0.0,0.0,0.0,0.0,0.0,0.0,0.0,0.0,0.0,0.0,0.0,0.0,0.0,0.0,0.0,0.0,0.0,0.0,0.0,0.0,0.0,0.0,0.0,0.0,0.0,0.0,0.0,0.0,0.0,0.0,0.0,0.0,0.0,0.0,0.0,0.0,0.0,0.0,0.0,0.0,0.0,0.0,0.0,0.0,0.0,0.0,0.0,0.0,0.0,0.0,0.0,0.0
s__GGB3619_SGB4894,0.0,0.0,0.0,0.0,0.0,0.0,0.0,0.0,0.0,0.0,0.0,0.0,0.0,0.0,0.0,0.0,0.0,0.0,0.0,0.0,0.0,0.0,0.0,0.0,0.0,0.0,0.0,0.0,0.0,0.0,0.0,0.0,0.0,0.0,0.0,0.0,0.0,0.0,0.0,0.0,0.0,0.0,0.0,0.0,0.0,0.0,0.0,0.0,0.0,0.0,0.0,0.0,0.0,0.0,0.0,0.0,0.0,0.0,0.0,0.0,0.0,0.0,0.0,0.0,0.0,0.0,0.0,0.0,0.0,0.0,0.0,0.0,0.0,0.0
s__GGB3653_SGB4964,0.0,0.0,0.0,0.0,0.0,0.0,0.0,0.0,0.0,0.0,0.0,0.0,0.0,0.0,0.0,0.0,0.0,0.0,0.0,0.0,0.0,0.0,0.0,0.0,0.0,0.0,0.0,0.0,0.0,0.0,0.0,0.0,0.0,0.0,0.0,0.0,0.0,0.0,0.0,0.0,0.0,0.0,0.0,0.0,0.0,0.0,0.0,0.0,0.0,0.0,0.0,0.0,0.0,0.0,0.0,0.0,0.0,0.0,0.0,0.0,0.0,0.0,0.0,0.0,0.0,0.0,0.0,0.0,0.0,0.0,0.0,0.0,0.0,0.0
s__GGB3746_SGB5089,0.0,0.0,0.0,0.0,0.0,0.0,0.0,0.0,0.0,0.0,0.0,0.0,0.0,0.0,0.0,0.0,0.0,0.0,0.0,0.0,0.0,0.0,0.0,0.0,0.0,0.0,0.0,0.0,0.0,0.0,0.0,0.0,0.0,0.0,0.0,0.0,0.0,0.0,0.0,0.0,0.0,0.0,0.0,0.0,0.0,0.0,0.0,0.0,0.0,0.0,0.0,0.0,0.0,0.0,0.0,0.0,0.0,0.0,0.0,0.0,0.0,0.0,0.0,0.0,0.0,0.0,0.0,0.0,0.0,0.0,0.0,0.0,0.0,0.0
s__GGB3886_SGB5269,0.4710680014710488,0.0,0.4193012121265748,0.0,0.0,0.15359987815510454,0.0,0.3793483297371232,0.0,0.0,0.25560056092559386,0.0,0.0,0.0,0.0,0.0,0.0,0.0,0.0,0.0,0.0,0.0,0.0,0.0,0.0,0.0,0.0,0.0,0.0,0.0,0.0,0.0,0.0,0.0,0.0,0.0,0.0,0.0,0.0,0.0,0.0,0.0,0.0,0.0,0.0,0.0,0.0,0.0,0.0,0.0,0.0,0.0,0.0,0.0,0.0,0.0,0.0,0.0,0.0,0.0,0.0,0.0,0.0,0.0,0.0,0.0,0.0,0.0,0.0,0.0,0.0,0.0,0.0,0.0
s__GGB3887_SGB5270,0.0,0.0,0.2982887952451988,0.0,0.6592487929221459,0.544525925646209,0.0,0.550995855107248,0.31434278679559247,0.0,0.0,0.0,0.0,0.0,0.0,0.0,0.0,0.0,0.0,0.0,0.0,0.0,0.0080452968525303,0.0,0.0,0.0,0.0,0.0,0.0,0.0,0.0,0.0,0.0,0.0,0.0,0.0,0.0,0.0,0.0,0.0,0.0,0.0,0.0,0.0,0.0,0.0,0.0,0.0,0.0,0.0,0.0,0.0,0.0,0.0,0.0,0.0019403035172886004,0.0,0.0,0.0,0.0,0.0,0.0,0.004058781822666,0.0,0.0,0.0,0.0,0.0,0.0,0.0,0.0,0.0,0.0,0.0
s__GGB4538_SGB6256,0.5155535193488153,0.0,0.2619974563032964,0.0,0.0549455521740424,0.42608898611141593,0.0,0.21282060611798162,0.21294549409212055,0.0,0.12507925800788122,0.0,0.0,0.0,0.0,0.0,0.0,0.0,0.0,0.0,0.0,0.0,0.0,0.0,0.0,0.0,0.0,0.0,0.0,0.0,0.0,0.0,0.0,0.0,0.0,0.0,0.0,0.0,0.0,0.0,0.0,0.0,0.0,0.0,0.0,0.0,0.0,0.0,0.0,0.0,0.0,0.0,0.0,0.0,0.0,0.28321349952715447,0.0,0.0,0.0,0.0,0.0,0.0,0.0,0.0,0.0,0.0,0.0,0.0,0.0,0.0,0.0,0.0,0.0,0.0
s__GGB45432_SGB63101,0.0,0.0,0.0,0.0,0.0,0.0,0.0,0.0,0.0,0.0,0.0,0.0,0.0,0.0,0.0,0.0,0.0,0.0,0.0,0.0,0.0,0.0,0.0,0.0,0.0,0.0,0.0,0.0,0.0,0.0,0.0,0.0,0.0,0.0,0.0,0.0,0.0,0.0,0.0,0.0,0.0,0.0,0.0,0.0,0.0,0.0,0.0,0.0,0.0,0.0,0.0,0.0,0.0,0.0,0.0,0.0,0.0,0.0,0.0,0.0,0.0,0.0,0.0,0.0,0.0,0.0,0.0,0.0,0.0,0.0,0.0,0.0,0.0,0.0
s__GGB4571_SGB6317,0.0,0.0,0.0,0.0,0.0,0.0,0.0,0.0,0.0,0.0,0.0,0.0,0.0,0.0,0.0,0.0,0.0,0.0,0.0,0.0,0.0,0.0,0.0,0.0,0.0,0.0,0.0,0.0,0.0,0.0,0.0,0.0,0.0,0.0,0.0,0.0,0.0,0.0,0.0,0.0,0.0,0.0,0.0,0.0,0.0,0.0,0.0,0.0,0.0,0.0,0.0,0.0,0.0,0.0,0.0,0.0,0.0,0.0,0.0,0.0,0.0,0.0,0.0,0.0,0.0,0.0,0.0,0.0,0.0,0.0,0.0,0.0,0.0,0.0
s__GGB47687_SGB2286,0.0,0.0,0.0,0.0,0.0,0.0,0.0,0.0,0.0,0.0,0.0,0.0,0.0,0.0,0.0,0.0,0.0,0.0,0.0,0.0,0.0,0.0,0.0,0.0,0.0,0.0,0.0,0.0,0.0,0.0,0.0,0.0,0.0,0.0,0.0,0.0,0.0,0.0,0.0,0.0,0.0,0.0,0.0,0.0,0.0,0.0,0.0,0.0,0.0,0.0,0.0,0.0,0.0,0.0,0.0,0.0,0.0,0.0,0.0,0.0,0.0,0.0,0.0,0.0,0.0,0.0,0.0,0.0,0.0,0.0,0.0,0.0,0.0,0.0
s__GGB4768_SGB6601,0.0,0.0,0.0,0.0,0.0,0.0,0.0,0.0,0.0,0.0,0.0,0.0,0.0,0.0,0.0,0.0,0.0,0.0,0.0,0.0,0.0,0.0,0.0,0.0,0.0,0.0,0.0,0.0,0.0,0.0,0.0,0.0,0.0,0.0,0.0,0.0,0.0,0.0,0.0,0.0,0.0,0.0,0.0,0.0,0.0,0.0,0.0,0.0,0.0,0.0,0.0,0.0,0.0,0.0,0.0,0.0,0.0,0.0,0.0,0.0,0.0,0.0,0.0,0.0,0.0,0.0,0.0,0.0,0.0,0.0,0.0,0.0,0.0,0.0
s__GGB4769_SGB6602,0.0,0.0,0.0,0.0,0.0,0.0,0.0,0.0,0.0,0.0,0.0,0.0,0.0,0.0,0.0,0.0,0.0,0.0,0.0,0.0,0.0,0.0,0.0,0.0,0.0,0.0,0.0,0.0,0.0,0.0,0.0,0.0,0.0,0.0,0.0,0.0,0.0,0.0,0.0,0.0,0.0,0.0,0.0,0.0,0.0,0.0,0.0,0.0,0.0,0.0,0.0,0.0,0.0,0.0,0.0,0.0,0.0,0.0,0.0,0.0,0.0,0.0,0.0,0.0,0.0,0.0,0.0,0.0,0.0,0.0,0.0,0.0,0.0,0.0
s__GGB4964_SGB6927,0.0,0.0,3.201554623522772,0.0530960924196097,0.0,0.19310690700880212,0.0721840570467332,6.430964732723292,3.888055152972427,0.0,0.0,0.0,0.0,0.0,0.0,0.0,0.0,0.0,0.0,0.0,0.0,0.0,0.0,0.0,0.0,0.0,0.0,0.0,0.0,0.0,0.0,0.0,0.0,0.0,0.0,0.0,0.0,0.0,0.0,0.0,0.0,0.0,0.0,0.0,0.0,0.0,0.0,0.0,0.0,0.0,0.0,0.0,0.0,0.0,0.0,0.0,0.0,0.0,0.0,0.0,0.0,0.0,0.0,0.0,0.0,0.0,0.0,0.0,0.0,0.0,0.0,0.0,0.0,0.0
s__GGB51647_SGB4348,0.0,0.0,0.0,0.0,0.0,0.0,0.0,0.0,0.0,0.0,0.0,0.0,0.0,0.0,0.0,0.0,0.0,0.0,0.0,0.0,0.0,0.0,0.0,0.0,0.0,0.0,0.0,0.0,0.0,0.0,0.0,0.0,0.0,0.0,0.0,0.0,0.0,0.0,0.0,0.0,0.0,0.0,0.0,0.0,0.0,0.0,0.0,0.0,0.0,0.0,0.0,0.0,0.0,0.0,0.0,0.0,0.0,0.0,0.0,0.0,0.0,0.0,0.0,0.0,0.0,0.0,0.0,0.0,0.0,0.0,0.0,0.0,0.0,0.0
s__GGB6518_SGB9205,0.0,0.0,0.0,0.0,0.0,0.0,0.0,0.0,0.0,0.0,0.0,0.0,0.0,0.0,0.0,0.0,0.0,0.0,0.0,0.0,0.0,0.0,0.0,0.0,0.0,0.0,0.0,0.0,0.0,0.0,0.0,0.0,0.0,0.0,0.0,0.0,0.0,0.0,0.0,0.0,0.0,0.0,0.0,0.0,0.0,0.0,0.0,0.0,0.0,0.0,0.0,0.0,0.0,0.0,0.0,0.0,0.0,0.0,0.0,0.0,0.0,0.0,0.0,0.0,0.0,0.0,0.0,0.0,0.0,0.0,0.0,0.0,0.0,0.0
s__GGB6612_SGB9346,0.0,0.0,0.0,0.0,0.0,0.0,0.0,0.0,0.0,0.0,0.0,0.0,0.0,0.0,0.0,0.0,0.0,0.0,0.0,0.0,0.0,0.0,0.0,0.0,0.0,0.0,0.0,0.0,0.0,0.0,0.0,0.0,0.0,0.0,0.0,0.0,0.0,0.0,0.0,0.0,0.0,0.0,0.0,0.0,0.0,0.0,0.0,0.0,0.0,0.0,0.0,0.0,0.0,0.0,0.0,0.0,0.0,0.0,0.0,0.0,0.0,0.0,0.0,0.0,0.0,0.0,0.0,0.0,0.0,0.0,0.0,0.0,0.0,0.0
s__GGB77437_SGB9391,0.0,0.0,0.0,0.0,0.0,0.0,0.0,0.0,0.0,0.0,0.0,0.0,0.0,0.0,0.0,0.0,0.0,0.0,0.0,0.0,0.0,0.0,0.0,0.0,0.0,0.0,0.0,0.0,0.0,0.0,0.0,0.0,0.0,0.0,0.0,0.0,0.0,0.0,0.0,0.0,0.0,0.0,0.0,0.0,0.0,0.0,0.0,0.0,0.0,0.0,0.0,0.0,0.0,0.0,0.0,0.0,0.0,0.0,0.0,0.0,0.0,0.0,0.0,0.0,0.0,0.0,0.0,0.0,0.0,0.0,0.0,0.0,0.0,0.0
s__GGB79630_SGB13983,0.0,0.0,0.0,0.0,0.0,0.0,0.0,0.0,0.0,0.0,0.0,0.0,0.0,0.0,0.0,0.0,0.0,0.0,0.0,0.0,0.0,0.0,0.0,0.0,0.0,0.0,0.0,0.0,0.0,0.0,0.0,0.0,0.0,0.0,0.0,0.0,0.0,0.0,0.0,0.0,0.0,0.0,0.0,0.0,0.0,0.0,0.0,0.0,0.0,0.0,0.0,0.0,0.0,0.0,0.0,0.0,0.0,0.0,0.0,0.0,0.0,0.0,0.0,0.0,0.0,0.0,0.0,0.0,0.0,0.0,0.0,0.0,0.0,0.0
s__GGB79734_SGB15291,0.0,0.0,0.0,0.0,0.0,0.0,0.0,0.0,0.0,0.0,0.0,0.0,0.0,0.0,0.0,0.0,0.0,0.0,0.0,0.0,0.0,0.0,0.0,0.0,0.0,0.0,0.0,0.0,0.0,0.0,0.0,0.0,0.0,0.0,0.0,0.0,0.0,0.0,0.0,0.0,0.0,0.0,0.0,0.0,0.0,0.0,0.0,0.0,0.0,0.0,0.0,0.0,0.0,0.0,0.0,0.0,0.0,0.0,0.0,0.0,0.0,0.0,0.0,0.0,0.0,0.0,0.0,0.0,0.0,0.0,0.0,0.0,0.0,0.0
s__GGB79977_SGB1466,0.0,0.0,0.0,0.6168847801183109,0.0,0.0,0.0,0.0964819663301516,0.0,0.0,0.0,0.0,0.0,0.0,0.0,0.0,0.28144908880716624,0.0,0.19198937121439327,0.0,0.0,0.0,18.151666908595363,0.0,0.24226832606849283,4.373201953403299,0.0,0.0,0.3274898090753591,0.0,0.0,0.0,0.0,0.2431695827481869,0.0,0.6652593864779015,0.0,0.0,0.0,4.588077229809668,0.0,0.0,0.0,0.0,0.0,0.0,1.324111996054108,0.0,0.6144096623246917,0.0,3.9120009507364664,0.0,0.0,0.0,0.0,1.3533546219091985,0.014745804231372001,0.0,0.0,0.0,0.1593753052630157,0.0,17.014486095219322,0.0,0.08230714190129039,0.0,0.0,0.0,0.0,0.0,0.0,0.0,0.0,0.0
s__GGB80011_SGB15265,0.0,0.0,0.0,0.0,0.0,0.0,0.0,0.0,0.0,0.0,0.0,0.0,0.0,0.0,0.0,0.0,0.0,0.0,0.0,0.0,0.0,0.0,0.0,0.0,0.0,0.0,0.0,0.0,0.0,0.0,0.0,0.0,0.0,0.0,0.0,0.0,0.0,0.0,0.0,0.0,0.0,0.0,0.0,0.0,0.0,0.0,0.0,0.0,0.0,0.0,0.0,0.0,0.0,0.0,0.0,0.0,0.0,0.0,0.0,0.0,0.0,0.0,0.0,0.0,0.0,0.0,0.0,0.0,0.0,0.0,0.0,0.0,0.0,0.0
s__GGB80011_SGB15267,0.0,0.0,0.0,0.0,0.0,0.0,0.0,0.0,0.0,0.0,0.0,0.0,0.0,0.0,0.0,0.0,0.0,0.0,0.0,0.0,0.0,0.0,0.0,0.0,0.0,0.0,0.0,0.0,0.0,0.0,0.0,0.0,0.0,0.0,0.0,0.0,0.0,0.0,0.0,0.0,0.0,0.0,0.0,0.0,0.0,0.0,0.0,0.0,0.0,0.0,0.0,0.0,0.0,0.0,0.0,0.0,0.0,0.0,0.0,0.0,0.0,0.0,0.0,0.0,0.0,0.0,0.0,0.0,0.0,0.0,0.0,0.0,0.0,0.0
s__GGB80140_SGB15224,0.0,0.0,0.0,0.0,0.0,0.0,0.0,0.0,0.0,0.0,0.0,0.0,0.0,0.0,0.0,0.0,0.0,0.0,0.0,0.0,0.0,0.0,0.0,0.0,0.0,0.0,0.0,0.0,0.0,0.0,0.0,0.0,0.0,0.0,0.0,0.0,0.0,0.0,0.0,0.0,0.0,0.0,0.0,0.0,0.0,0.0,0.0,0.0,0.0,0.0,0.0,0.0,0.0,0.0,0.0,0.0,0.0,0.0,0.0,0.0,0.0,0.0,0.0,0.0,0.0,0.0,0.0,0.0,0.0,0.0,0.0,0.0,0.0,0.0
s__GGB9062_SGB13981,0.0,0.0,0.0,0.0,0.0,0.0,0.0,0.0,0.0,0.0,0.0,0.0,0.0,0.0,0.0,0.0,0.0,0.0,0.0,0.0,0.0,0.0,0.0,0.0,0.0,0.0,0.0,0.0,0.0,0.0,0.0,0.0,0.0,0.0,0.0,0.0,0.0,0.0,0.0,0.0,0.0,0.0,0.0,0.0,0.0,0.0,0.0,0.0,0.0,0.0,0.0,0.0,0.0,0.0,0.0,0.0,0.0,0.0,0.0,0.0,0.0,0.0,0.0,0.0,0.0,0.0,0.0,0.0,0.0,0.0,0.0,0.0,0.0,0.0
s__GGB9063_SGB13982,0.0,0.0,0.0,0.0,0.0,0.0,0.0,0.0,0.0,0.0,0.0,0.0,0.0,0.0,0.0,0.0,0.0,0.0,0.0,0.0,0.0,0.0,0.0,0.0,0.0,0.0,0.0,0.0,0.0,0.0,0.0,0.0,0.0,0.0,0.0,0.0,0.0,0.0,0.0,0.0,0.0,0.0,0.0,0.0,0.0,0.0,0.0,0.0,0.0,0.0,0.0,0.0,0.0,0.0,0.0,0.0,0.0,0.0,0.0,0.0,0.0,0.0,0.0,0.0,0.0,0.0,0.0,0.0,0.0,0.0,0.0,0.0,0.0,0.0
s__GGB9092_SGB14022,0.0,0.0,0.0,0.0,0.0,0.0,0.0,0.0,0.0,0.0,0.0,0.0,0.0,0.0,0.0,0.0,0.0,0.0,0.0,0.0,0.0,0.0,0.0,0.0,0.0,0.0,0.0,0.0,0.0,0.0,0.0,0.0,0.0,0.0,0.0,0.0,0.0,0.0,0.0,0.0,0.0,0.0,0.0,0.0,0.0,0.0,0.0,0.0,0.0,0.0,0.0,0.0,0.0,0.0,0.0,0.0,0.0,0.0,0.0,0.0,0.0,0.0,0.0,0.0,0.0,0.0,0.0,0.0,0.0,0.0,0.0,0.0,0.0,0.0
s__GGB9101_SGB14033,0.0,0.0,0.0,0.0,0.0,0.0,0.0,0.0,0.0,0.0,0.0,0.0,0.0,0.0,0.0,0.0,0.0,0.0,0.0,0.0,0.0,0.0,0.0,0.0,0.0,0.0,0.0,0.0,0.0,0.0,0.0,0.0,0.0,0.0,0.0,0.0,0.0,0.0,0.0,0.0,0.0,0.0,0.0,0.0,0.0,0.0,0.0,0.0,0.0,0.0,0.0,0.0,0.0,0.0,0.0,0.0,0.0,0.0,0.0,0.0,0.0,0.0,0.0,0.0,0.0,0.0,0.0,0.0,0.0,0.0,0.0,0.0,0.0,0.0
s__GGB9109_SGB14042,0.0,0.0,0.0,0.0,0.0,0.0,0.0,0.0,0.0,0.0,0.0,0.0,0.0,0.0,0.0,0.0,0.0,0.0,0.0,0.0,0.0,0.0,0.0,0.0,0.0,0.0,0.0,0.0,0.0,0.0,0.0,0.0,0.0,0.0,0.0,0.0,0.0,0.0,0.0,0.0,0.0,0.0,0.0,0.0,0.0,0.0,0.0,0.0,0.0,0.0,0.0,0.0,0.0,0.0,0.0,0.0,0.0,0.0,0.0,0.0,0.0,0.0,0.0,0.0,0.0,0.0,0.0,0.0,0.0,0.0,0.0,0.0,0.0,0.0
s__GGB9110_SGB14043,0.0,0.0,0.0,0.0,0.0,0.0,0.0,0.0,0.0,0.0,0.0,0.0,0.0,0.0,0.0,0.0,0.0,0.0,0.0,0.0,0.0,0.0,0.0,0.0,0.0,0.0,0.0,0.0,0.0,0.0,0.0,0.0,0.0,0.0,0.0,0.0,0.0,0.0,0.0,0.0,0.0,0.0,0.0,0.0,0.0,0.0,0.0,0.0,0.0,0.0,0.0,0.0,0.0,0.0,0.0,0.0,0.0,0.0,0.0,0.0,0.0,0.0,0.0,0.0,0.0,0.0,0.0,0.0,0.0,0.0,0.0,0.0,0.0,0.0
s__GGB9117_SGB14050,0.0,0.0,0.0,0.0,0.0,0.0,0.0,0.0,0.0,0.0,0.0,0.0,0.0,0.0,0.0,0.0,0.0,0.0,0.0,0.0,0.0,0.0,0.0,0.0,0.0,0.0,0.0,0.0,0.0,0.0,0.0,0.0,0.0,0.0,0.0,0.0,0.0,0.0,0.0,0.0,0.0,0.0,0.0,0.0,0.0,0.0,0.0,0.0,0.0,0.0,0.0,0.0,0.0,0.0,0.0,0.0,0.0,0.0,0.0,0.0,0.0,0.0,0.0,0.0,0.0,0.0,0.0,0.0,0.0,0.0,0.0,0.0,0.0,0.0
s__GGB9176_SGB14114,0.0,0.0,0.0,0.0,0.0,0.0,0.0,0.0,0.0,0.0,0.0,0.0,0.0,0.0,0.0,0.0,0.0,0.0,0.0,0.0,0.0,0.0,0.0,0.0,0.0,0.0,0.0,0.0,0.0,0.0,0.0,0.0,0.0,0.0,0.0,0.0,0.0,0.0,0.0,0.0,0.0,0.0,0.0,0.0,0.0,0.0,0.0,0.0,0.0,0.0,0.0,0.0,0.0,0.0,0.0,0.0,0.0,0.0,0.0,0.0,0.0,0.0,0.0,0.0,0.0,0.0,0.0,0.0,0.0,0.0,0.0,0.0,0.0,0.0
s__GGB9261_SGB14209,0.0,0.0,0.0,0.0,0.0,0.0,0.0,0.0,0.0,0.0,0.0,0.0,0.0,0.0,0.0,0.0,0.0,0.0,0.0,0.0,0.0,0.0,0.0,0.0,0.0,0.0,0.0,0.0,0.0,0.0,0.0,0.0,0.0,0.0,0.0,0.0,0.0,0.0,0.0,0.0,0.0,0.0,0.0,0.0,0.0,0.0,0.0,0.0,0.0,0.0,0.0,0.0,0.0,0.0,0.0,0.0,0.0,0.0,0.0,0.0,0.0,0.0,0.0,0.0,0.0,0.0,0.0,0.0,0.0,0.0,0.0,0.0,0.0,0.0
s__GGB9293_SGB14250,0.0,0.0,0.0,0.0,0.0,0.0,0.0,0.0,0.0,0.0,0.0,0.0,0.0,0.0,0.0,0.0,0.0,0.0,0.0,0.0,0.0,0.0,0.0,0.0,0.0,0.0,0.0,0.0,0.0,0.0,0.0,0.0,0.0,0.0,0.0,0.0,0.0,0.0,0.0,0.0,0.0,0.0,0.0,0.0,0.0,0.0,0.0,0.0,0.0,0.0,0.0,0.0,0.0,0.0,0.0,0.0,0.0,0.0,0.0,0.0,0.0,0.0,0.0,0.0,0.0,0.0,0.0,0.0,0.0,0.0,0.0,0.0,0.0,0.0
s__GGB9296_SGB14253,0.0,0.0,0.0,0.0,0.0,0.0,0.0,0.0,0.0,0.0,0.0,0.0,0.0,0.0,0.0,0.0,0.0,0.0,0.0,0.0,0.0,0.0,0.0,0.0,0.0,0.0,0.0,0.0,0.0,0.0,0.0,0.0,0.0,0.0,0.0,0.0,0.0,0.0,0.0,0.0,0.0,0.0,0.0,0.0,0.0,0.0,0.0,0.0,0.0,0.0,0.0,0.0,0.0,0.0,0.0,0.0,0.0,0.0,0.0,0.0,0.0,0.0,0.0,0.0,0.0,0.0,0.0,0.0,0.0,0.0,0.0,0.0,0.0,0.0
s__GGB9302_SGB14263,0.0,0.0,0.0,0.0,0.0,0.0,0.0,0.0,0.0,0.0,0.0,0.0,0.0,0.0,0.0,0.0,0.0,0.0,0.0,0.0,0.0,0.0,0.0,0.0,0.0,0.0,0.0,0.0,0.0,0.0,0.0,0.0,0.0,0.0,0.0,0.0,0.0,0.0,0.0,0.0,0.0,0.0,0.0,0.0,0.0,0.0,0.0,0.0,0.0,0.0,0.0,0.0,0.0,0.0,0.0,0.0,0.0,0.0,0.0,0.0,0.0,0.0,0.0,0.0,0.0,0.0,0.0,0.0,0.0,0.0,0.0,0.0,0.0,0.0
s__GGB9342_SGB14306,0.0,0.0,0.0,0.0,0.0,0.0,0.0,0.0,0.0,0.0,0.0,0.0,0.0,0.0,0.0,0.0,0.0,0.0,0.0,0.0,0.0,0.0,0.0,0.0,0.0,0.0,0.0,0.0,0.0,0.0,0.0,0.0,0.0,0.0,0.0,0.0,0.0,0.0,0.0,0.0,0.0,0.0,0.0,0.0,0.0,0.0,0.0,0.0,0.0,0.0,0.0,0.0,0.0,0.0,0.0,0.0,0.0,0.0,0.0,0.0,0.0,0.0,0.0,0.0,0.0,0.0,0.0,0.0,0.0,0.0,0.0,0.0,0.0,0.0
s__GGB9345_SGB14311,0.0,0.0,0.0,0.0,0.0,0.0,0.0,0.0,0.0,0.0,0.0,0.0,0.0,0.0,0.0,0.0,0.0,0.0,0.0,0.0,0.0,0.0,0.0,0.0,0.0,0.0,0.0,0.0,0.0,0.0,0.0,0.0,0.0,0.0,0.0,0.0,0.0,0.0,0.0,0.0,0.0,0.0,0.0,0.0,0.0,0.0,0.0,0.0,0.0,0.0,0.0,0.0,0.0,0.0,0.0,0.0,0.0,0.0,0.0,0.0,0.0,0.0,0.0,0.0,0.0,0.0,0.0,0.0,0.0,0.0,0.0,0.0,0.0,0.0
s__GGB9453_SGB14844,0.0,0.0,0.0,0.0,0.0,0.0,0.0,0.0,0.0,0.0,0.0,0.0,0.0,0.0,0.0,0.0,0.0,0.0,0.0,0.0,0.0,0.0,0.0,0.0,0.0,0.0,0.0,0.0,0.0,0.0,0.0,0.0,0.0,0.0,0.0,0.0,0.0,0.0,0.0,0.0,0.0,0.0,0.0,0.0,0.0,0.0,0.0,0.0,0.0,0.0,0.0,0.0,0.0,0.0,0.0,0.0,0.0,0.0,0.0,0.0,0.0,0.0,0.0,0.0,0.0,0.0,0.0,0.0,0.0,0.0,0.0,0.0,0.0,0.0
s__GGB9522_SGB14921,0.0,0.0,0.0,0.0,0.0,0.0,0.0,0.0,0.0,0.0,0.0,0.0,0.0,0.0,0.0,0.0,0.0,0.0,0.0,0.0,0.0,0.0,0.0,0.0,0.0,0.0,0.0,0.0,0.0,0.0,0.0,0.0,0.0,0.0,0.0,0.0,0.0,0.0,0.0,0.0,0.0,0.0,0.0,0.0,0.0,0.0,0.0,0.0,0.0,0.0,0.0,0.0,0.0,0.0,0.0,0.0,0.0,0.0,0.0,0.0,0.0,0.0,0.0,0.0,0.0,0.0,0.0,0.0,0.0,0.0,0.0,0.0,0.0,0.0
s__GGB9524_SGB14924,0.0,0.0,0.0,0.0,0.0,0.0,0.0,0.0,0.0,0.0,0.0,0.0,0.0,0.0,0.0,0.0,0.0,0.0,0.0,0.0,0.0,0.0,0.0,0.0,0.0,0.0,0.0,0.0,0.0,0.0,0.0,0.0,0.0,0.0,0.0,0.0,0.0,0.0,0.0,0.0,0.0,0.0,0.0,0.0,0.0,0.0,0.0,0.0,0.0,0.0,0.0,0.0,0.0,0.0,0.0,0.0,0.0,0.0,0.0,0.0,0.0,0.0,0.0,0.0,0.0,0.0,0.0,0.0,0.0,0.0,0.0,0.0,0.0,0.0
s__GGB9559_SGB14969,0.0,0.0,0.0,0.0,0.0,0.0,0.0,0.0,0.0,0.0,0.0,0.0,0.0,0.0,0.0,0.0,0.0,0.0,0.0,0.0,0.0,0.0,0.0,0.0,0.0,0.0,0.0,0.0,0.0,0.0,0.0,0.0,0.0,0.0,0.0,0.0,0.0,0.0,0.0,0.0,0.0,0.0,0.0,0.0,0.0,0.0,0.0,0.0,0.0,0.0,0.0,0.0,0.0,0.0,0.0,0.0,0.0,0.0,0.0,0.0,0.0,0.0,0.0,0.0,0.0,0.0,0.0,0.0,0.0,0.0,0.0,0.0,0.0,0.0
s__GGB9602_SGB15028,0.0,0.0,0.0,0.0,0.0,0.0,0.0,0.0,0.0,0.0,0.0,0.0,0.0,0.0,0.0,0.0,0.0,0.0,0.0,0.0,0.0,0.0,0.0,0.0,0.0,0.0,0.0,0.0,0.0,0.0,0.0,0.0,0.0,0.0,0.0,0.0,0.0,0.0,0.0,0.0,0.0,0.0,0.0,0.0,0.0,0.0,0.0,0.0,0.0,0.0,0.0,0.0,0.0,0.0,0.0,0.0,0.0,0.0,0.0,0.0,0.0,0.0,0.0,0.0,0.0,0.0,0.0,0.0,0.0,0.0,0.0,0.0,0.0,0.0
s__GGB9602_SGB15031,0.0,0.0,0.0,0.0,0.0,0.0,0.0,0.0,0.0,0.0,0.0,0.0,0.0,0.0,0.0,0.0,0.0,0.0,0.0,0.0,0.0,0.0,0.0,0.0,0.0,0.0,0.0,0.0,0.0,0.0,0.0,0.0,0.0,0.0,0.0,0.0,0.0,0.0,0.0,0.0,0.0,0.0,0.0,0.0,0.0,0.0,0.0,0.0,0.0,0.0,0.0,0.0,0.0,0.0,0.0,0.0,0.0,0.0,0.0,0.0,0.0,0.0,0.0,0.0,0.0,0.0,0.0,0.0,0.0,0.0,0.0,0.0,0.0,0.0
s__GGB9608_SGB15041,0.0,0.0,0.0,0.0,0.0,0.0,0.0,0.0,0.0,0.0,0.0,0.0,0.0,0.0,0.0,0.0,0.0,0.0,0.0,0.0,0.0,0.0,0.0,0.0,0.0,0.0,0.0,0.0,0.0,0.0,0.0,0.0,0.0,0.0,0.0,0.0,0.0,0.0,0.0,0.0,0.0,0.0,0.0,0.0,0.0,0.0,0.0,0.0,0.0,0.0,0.0,0.0,0.0,0.0,0.0,0.0,0.0,0.0,0.0,0.0,0.0,0.0,0.0,0.0,0.0,0.0,0.0,0.0,0.0,0.0,0.0,0.0,0.0,0.0
s__GGB9614_SGB15049,0.0,0.0,0.0,0.0,0.0,0.0,0.0,0.0,0.0,0.0,0.0,0.0,0.0,0.0,0.0,0.0,0.0,0.0,0.0,0.0,0.0,0.0,0.0,0.0,0.0,0.0,0.0,0.0,0.0,0.0,0.0,0.0,0.0,0.0,0.0,0.0,0.0,0.0,0.0,0.0,0.0,0.0,0.0,0.0,0.0,0.0,0.0,0.0,0.0,0.0,0.0,0.0,0.0,0.0,0.0,0.0,0.0,0.0,0.0,0.0,0.0,0.0,0.0,0.0,0.0,0.0,0.0,0.0,0.0,0.0,0.0,0.0,0.0,0.0
s__GGB9616_SGB15051,0.0,0.0,0.0,0.0,0.0,0.0,0.0,0.0,0.0,0.0,0.0,0.0,0.0,0.0,0.0,0.0,0.0,0.0,0.0,0.0,0.0,0.0,0.0,0.0,0.0,0.0,0.0,0.0,0.0,0.0,0.0,0.0,0.0,0.0,0.0,0.0,0.0,0.0,0.0,0.0,0.0,0.0,0.0,0.0,0.0,0.0,0.0,0.0,0.0,0.0,0.0,0.0,0.0,0.0,0.0,0.0,0.0,0.0,0.0,0.0,0.0,0.0,0.0,0.0,0.0,0.0,0.0,0.0,0.0,0.0,0.0,0.0,0.0,0.0
s__GGB9618_SGB15065,0.0,0.0,0.0,0.0,0.0,0.0,0.0,0.0,0.0,0.0,0.0,0.0,0.0,0.0,0.0,0.0,0.0,0.0,0.0,0.0,0.0,0.0,0.0,0.0,0.0,0.0,0.0,0.0,0.0,0.0,0.0,0.0,0.0,0.0,0.0,0.0,0.0,0.0,0.0,0.0,0.0,0.0,0.0,0.0,0.0,0.0,0.0,0.0,0.0,0.0,0.0,0.0,0.0,0.0,0.0,0.0,0.0,0.0,0.0,0.0,0.0,0.0,0.0,0.0,0.0,0.0,0.0,0.0,0.0,0.0,0.0,0.0,0.0,0.0
s__GGB9619_SGB15066,0.0,0.0,0.0,0.0,0.0,0.0,0.0,0.0,0.0,0.0,0.0,0.0,0.0,0.0,0.0,0.0,0.0,0.0,0.0,0.0,0.0,0.0,0.0,0.0,0.0,0.0,0.0,0.0,0.0,0.0,0.0,0.0,0.0,0.0,0.0,0.0,0.0,0.0,0.0,0.0,0.0,0.0,0.0,0.0,0.0,0.0,0.0,0.0,0.0,0.0,0.0,0.0,0.0,0.0,0.0,0.0,0.0,0.0,0.0,0.0,0.0,0.0,0.0,0.0,0.0,0.0,0.0,0.0,0.0,0.0,0.0,0.0,0.0,0.0
s__GGB9619_SGB15067,0.0,0.0,0.0,0.0,0.0,0.0,0.0,0.0,0.0,0.0,0.0,0.0,0.0,0.0,0.0,0.0,0.0,0.0,0.0,0.0,0.0,0.0,0.0,0.0,0.0,0.0,0.0,0.0,0.0,0.0,0.0,0.0,0.0,0.0,0.0,0.0,0.0,0.0,0.0,0.0,0.0,0.0,0.0,0.0,0.0,0.0,0.0,0.0,0.0,0.0,0.0,0.0,0.0,0.0,0.0,0.0,0.0,0.0,0.0,0.0,0.0,0.0,0.0,0.0,0.0,0.0,0.0,0.0,0.0,0.0,0.0,0.0,0.0,0.0
s__GGB9621_SGB15073,0.0,0.0,0.0,0.0,0.0,0.0,0.0,0.0,0.0,0.0,0.0,0.0,0.0,0.0,0.0,0.0,0.0,0.0,0.0,0.0,0.0,0.0,0.0,0.0,0.0,0.0,0.0,0.0,0.0,0.0,0.0,0.0,0.0,0.0,0.0,0.0,0.0,0.0,0.0,0.0,0.0,0.0,0.0,0.0,0.0,0.0,0.0,0.0,0.0,0.0,0.0,0.0,0.0,0.0,0.0,0.0,0.0,0.0,0.0,0.0,0.0,0.0,0.0,0.0,0.0,0.0,0.0,0.0,0.0,0.0,0.0,0.0,0.0,0.0
s__GGB9627_SGB15081,0.0,0.0,0.0,0.0,0.0,0.0,0.0,0.0,0.0,0.0,0.0,0.0,0.0,0.0,0.0,0.0,0.0,0.0,0.0,0.0,0.0,0.0,0.0,0.0,0.0,0.0,0.0,0.0,0.0,0.0,0.0,0.0,0.0,0.0,0.0,0.0,0.0,0.0,0.0,0.0,0.0,0.0,0.0,0.0,0.0,0.0,0.0,0.0,0.0,0.0,0.0,0.0,0.0,0.0,0.0,0.0,0.0,0.0,0.0,0.0,0.0,0.0,0.0,0.0,0.0,0.0,0.0,0.0,0.0,0.0,0.0,0.0,0.0,0.0
s__GGB9634_SGB15093,0.0,0.0,0.0,0.0,0.0,0.0,0.0,0.0,0.0,0.0,0.0,0.0,0.0,0.0,0.0,0.0,0.0,0.0,0.0,0.0,0.0,0.0,0.0,0.0,0.0,0.0,0.0,0.0,0.0,0.0,0.0,0.0,0.0,0.0,0.0,0.0,0.0,0.0,0.0,0.0,0.0,0.0,0.0,0.0,0.0,0.0,0.0,0.0,0.0,0.0,0.0,0.0,0.0,0.0,0.0,0.0,0.0,0.0,0.0,0.0,0.0,0.0,0.0,0.0,0.0,0.0,0.0,0.0,0.0,0.0,0.0,0.0,0.0,0.0
s__GGB9635_SGB15106,0.0,0.0,0.0,0.0,0.0,0.0,0.0,0.0,0.0,0.0,0.0,0.0,0.0,0.0,0.0,0.0,0.0,0.0,0.0,0.0,0.0,0.0,0.0,0.0,0.0,0.0,0.0,0.0,0.0,0.0,0.0,0.0,0.0,0.0,0.0,0.0,0.0,0.0,0.0,0.0,0.0,0.0,0.0,0.0,0.0,0.0,0.0,0.0,0.0,0.0,0.0,0.0,0.0,0.0,0.0,0.0,0.0,0.0,0.0,0.0,0.0,0.0,0.0,0.0,0.0,0.0,0.0,0.0,0.0,0.0,0.0,0.0,0.0,0.0
s__GGB9636_SGB15107,0.0,0.0,0.0,0.0,0.0,0.0,0.0,0.0,0.0,0.0,0.0,0.0,0.0,0.0,0.0,0.0,0.0,0.0,0.0,0.0,0.0,0.0,0.0,0.0,0.0,0.0,0.0,0.0,0.0,0.0,0.0,0.0,0.0,0.0,0.0,0.0,0.0,0.0,0.0,0.0,0.0,0.0,0.0,0.0,0.0,0.0,0.0,0.0,0.0,0.0,0.0,0.0,0.0,0.0,0.0,0.0,0.0,0.0,0.0,0.0,0.0,0.0,0.0,0.0,0.0,0.0,0.0,0.0,0.0,0.0,0.0,0.0,0.0,0.0
s__GGB9640_SGB15115,0.0,0.0,0.0,0.0,0.0,0.0,0.0,0.0,0.0,0.0,0.0,0.0,0.0,0.0,0.0,0.0,0.0,0.0,0.0,0.0,0.0,0.0,0.0,0.0,0.0,0.0,0.0,0.0,0.0,0.0,0.0,0.0,0.0,0.0,0.0,0.0,0.0,0.0,0.0,0.0,0.0,0.0,0.0,0.0,0.0,0.0,0.0,0.0,0.0,0.0,0.0,0.0,0.0,0.0,0.0,0.0,0.0,0.0,0.0,0.0,0.0,0.0,0.0,0.0,0.0,0.0,0.0,0.0,0.0,0.0,0.0,0.0,0.0,0.0
s__GGB9641_SGB15117,0.0,0.0,0.0,0.0,0.0,0.0,0.0,0.0,0.0,0.0,0.0,0.0,0.0,0.0,0.0,0.0,0.0,0.0,0.0,0.0,0.0,0.0,0.0,0.0,0.0,0.0,0.0,0.0,0.0,0.0,0.0,0.0,0.0,0.0,0.0,0.0,0.0,0.0,0.0,0.0,0.0,0.0,0.0,0.0,0.0,0.0,0.0,0.0,0.0,0.0,0.0,0.0,0.0,0.0,0.0,0.0,0.0,0.0,0.0,0.0,0.0,0.0,0.0,0.0,0.0,0.0,0.0,0.0,0.0,0.0,0.0,0.0,0.0,0.0
s__GGB9642_SGB15119,0.0,0.0,0.0,0.0,0.0,0.0,0.0,0.0,0.0,0.0,0.0,0.0,0.0,0.0,0.0,0.0,0.0,0.0,0.0,0.0,0.0,0.0,0.0,0.0,0.0,0.0,0.0,0.0,0.0,0.0,0.0,0.0,0.0,0.0,0.0,0.0,0.0,0.0,0.0,0.0,0.0,0.0,0.0,0.0,0.0,0.0,0.0,0.0,0.0,0.0,0.0,0.0,0.0,0.0,0.0,0.0,0.0,0.0,0.0,0.0,0.0,0.0,0.0,0.0,0.0,0.0,0.0,0.0,0.0,0.0,0.0,0.0,0.0,0.0
s__GGB9646_SGB15123,0.0,0.0,0.0,0.0,0.0,0.0,0.0,0.0,0.0,0.0,0.0,0.0,0.0,0.0,0.0,0.0,0.0,0.0,0.0,0.0,0.0,0.0,0.0,0.0,0.0,0.0,0.0,0.0,0.0,0.0,0.0,0.0,0.0,0.0,0.0,0.0,0.0,0.0,0.0,0.0,0.0,0.0,0.0,0.0,0.0,0.0,0.0,0.0,0.0,0.0,0.0,0.0,0.0,0.0,0.0,0.0,0.0,0.0,0.0,0.0,0.0,0.0,0.0,0.0,0.0,0.0,0.0,0.0,0.0,0.0,0.0,0.0,0.0,0.0
s__GGB9677_SGB15180,0.0,0.0,0.0,0.0,0.0,0.0,0.0,0.0,0.0,0.0,0.0,0.0,0.0,0.0,0.0,0.0,0.0,0.0,0.0,0.0,0.0,0.0,0.0,0.0,0.0,0.0,0.0,0.0,0.0,0.0,0.0,0.0,0.0,0.0,0.0,0.0,0.0,0.0,0.0,0.0,0.0,0.0,0.0,0.0,0.0,0.0,0.0,0.0,0.0,0.0,0.0,0.0,0.0,0.0,0.0,0.0,0.0,0.0,0.0,0.0,0.0,0.0,0.0,0.0,0.0,0.0,0.0,0.0,0.0,0.0,0.0,0.0,0.0,0.0
s__GGB9699_SGB15216,0.0,0.0,0.0,0.0,0.0,0.0,0.0,0.0,0.0,0.0,0.0,0.0,0.0,0.0,0.0,0.0,0.0,0.0,0.0,0.0,0.0,0.0,0.0,0.0,0.0,0.0,0.0,0.0,0.0,0.0,0.0,0.0,0.0,0.0,0.0,0.0,0.0,0.0,0.0,0.0,0.0,0.0,0.0,0.0,0.0,0.0,0.0,0.0,0.0,0.0,0.0,0.0,0.0,0.0,0.0,0.0,0.0,0.0,0.0,0.0,0.0,0.0,0.0,0.0,0.0,0.0,0.0,0.0,0.0,0.0,0.0,0.0,0.0,0.0
s__GGB9707_SGB15229,0.0,0.0,0.0,0.0,0.0,0.0,0.0,0.0,0.0,0.0,0.0,0.0,0.0,0.0,0.0,0.0,0.0,0.0,0.0,0.0,0.0,0.0,0.0,0.0,0.0,0.0,0.0,0.0,0.0,0.0,0.0,0.0,0.0,0.0,0.0,0.0,0.0,0.0,0.0,0.0,0.0,0.0,0.0,0.0,0.0,0.0,0.0,0.0,0.0,0.0,0.0,0.0,0.0,0.0,0.0,0.0,0.0,0.0,0.0,0.0,0.0,0.0,0.0,0.0,0.0,0.0,0.0,0.0,0.0,0.0,0.0,0.0,0.0,0.0
s__GGB9708_SGB15233,0.0,0.0,0.0,0.0,0.0,0.0,0.0,0.0,0.0,0.0,0.0,0.0,0.0,0.0,0.0,0.0,0.0,0.0,0.0,0.0,0.0,0.0,0.0,0.0,0.0,0.0,0.0,0.0,0.0,0.0,0.0,0.0,0.0,0.0,0.0,0.0,0.0,0.0,0.0,0.0,0.0,0.0,0.0,0.0,0.0,0.0,0.0,0.0,0.0,0.0,0.0,0.0,0.0,0.0,0.0,0.0,0.0,0.0,0.0,0.0,0.0,0.0,0.0,0.0,0.0,0.0,0.0,0.0,0.0,0.0,0.0,0.0,0.0,0.0
s__GGB9708_SGB15234,0.0,0.0,0.0,0.0,0.0,0.0,0.0,0.0,0.0,0.0,0.0,0.0,0.0,0.0,0.0,0.0,0.0,0.0,0.0,0.0,0.0,0.0,0.0,0.0,0.0,0.0,0.0,0.0,0.0,0.0,0.0,0.0,0.0,0.0,0.0,0.0,0.0,0.0,0.0,0.0,0.0,0.0,0.0,0.0,0.0,0.0,0.0,0.0,0.0,0.0,0.0,0.0,0.0,0.0,0.0,0.0,0.0,0.0,0.0,0.0,0.0,0.0,0.0,0.0,0.0,0.0,0.0,0.0,0.0,0.0,0.0,0.0,0.0,0.0
s__GGB9712_SGB15244,0.0,0.0,0.0,0.0,0.0,0.0,0.0,0.0,0.0,0.0,0.0,0.0,0.0,0.0,0.0,0.0,0.0,0.0,0.0,0.0,0.0,0.0,0.0,0.0,0.0,0.0,0.0,0.0,0.0,0.0,0.0,0.0,0.0,0.0,0.0,0.0,0.0,0.0,0.0,0.0,0.0,0.0,0.0,0.0,0.0,0.0,0.0,0.0,0.0,0.0,0.0,0.0,0.0,0.0,0.0,0.0,0.0,0.0,0.0,0.0,0.0,0.0,0.0,0.0,0.0,0.0,0.0,0.0,0.0,0.0,0.0,0.0,0.0,0.0
s__GGB9713_SGB15249,0.0,0.0,0.0,0.0,0.0,0.0,0.0,0.0,0.0,0.0,0.0,0.0,0.0,0.0,0.0,0.0,0.0,0.0,0.0,0.0,0.0,0.0,0.0,0.0,0.0,0.0,0.0,0.0,0.0,0.0,0.0,0.0,0.0,0.0,0.0,0.0,0.0,0.0,0.0,0.0,0.0,0.0,0.0,0.0,0.0,0.0,0.0,0.0,0.0,0.0,0.0,0.0,0.0,0.0,0.0,0.0,0.0,0.0,0.0,0.0,0.0,0.0,0.0,0.0,0.0,0.0,0.0,0.0,0.0,0.0,0.0,0.0,0.0,0.0
s__GGB9724_SGB15278,0.0,0.0,0.0,0.0,0.0,0.0,0.0,0.0,0.0,0.0,0.0,0.0,0.0,0.0,0.0,0.0,0.0,0.0,0.0,0.0,0.0,0.0,0.0,0.0,0.0,0.0,0.0,0.0,0.0,0.0,0.0,0.0,0.0,0.0,0.0,0.0,0.0,0.0,0.0,0.0,0.0,0.0,0.0,0.0,0.0,0.0,0.0,0.0,0.0,0.0,0.0,0.0,0.0,0.0,0.0,0.0,0.0,0.0,0.0,0.0,0.0,0.0,0.0,0.0,0.0,0.0,0.0,0.0,0.0,0.0,0.0,0.0,0.0,0.0
s__GGB9747_SGB15356,0.0,0.0,0.0,0.0,0.0,0.0,0.0,0.0,0.0,0.0,0.0,0.0,0.0,0.0,0.0,0.0,0.0,0.0,0.0,0.0,0.0,0.0,0.0,0.0,0.0,0.0,0.0,0.0,0.0,0.0,0.0,0.0,0.0,0.0,0.0,0.0,0.0,0.0,0.0,0.0,0.0,0.0,0.0,0.0,0.0,0.0,0.0,0.0,0.0,0.0,0.0,0.0,0.0,0.0,0.0,0.0,0.0,0.0,0.0,0.0,0.0,0.0,0.0,0.0,0.0,0.0,0.0,0.0,0.0,0.0,0.0,0.0,0.0,0.0
s__GGB9758_SGB15368,0.0,0.0,0.0,0.0,0.0,0.0,0.0,0.0,0.0,0.0,0.0,0.0,0.0,0.0,0.0,0.0,0.0,0.0,0.0,0.0,0.0,0.0,0.0,0.0,0.0,0.0,0.0,0.0,0.0,0.0,0.0,0.0,0.0,0.0,0.0,0.0,0.0,0.0,0.0,0.0,0.0,0.0,0.0,0.0,0.0,0.0,0.0,0.0,0.0,0.0,0.0,0.0,0.0,0.0,0.0,0.0,0.0,0.0,0.0,0.0,0.0,0.0,0.0,0.0,0.0,0.0,0.0,0.0,0.0,0.0,0.0,0.0,0.0,0.0
s__GGB9759_SGB15370,0.0,0.0,0.0,0.0,0.0,0.0,0.0,0.0,0.0,0.0,0.0,0.0,0.0,0.0,0.0,0.0,0.0,0.0,0.0,0.0,0.0,0.0,0.0,0.0,0.0,0.0,0.0,0.0,0.0,0.0,0.0,0.0,0.0,0.0,0.0,0.0,0.0,0.0,0.0,0.0,0.0,0.0,0.0,0.0,0.0,0.0,0.0,0.0,0.0,0.0,0.0,0.0,0.0,0.0,0.0,0.0,0.0,0.0,0.0,0.0,0.0,0.0,0.0,0.0,0.0,0.0,0.0,0.0,0.0,0.0,0.0,0.0,0.0,0.0
s__GGB9760_SGB15373,0.0,0.0,0.0,0.0,0.0,0.0,0.0,0.0,0.0,0.0,0.0,0.0,0.0,0.0,0.0,0.0,0.0,0.0,0.0,0.0,0.0,0.0,0.0,0.0,0.0,0.0,0.0,0.0,0.0,0.0,0.0,0.0,0.0,0.0,0.0,0.0,0.0,0.0,0.0,0.0,0.0,0.0,0.0,0.0,0.0,0.0,0.0,0.0,0.0,0.0,0.0,0.0,0.0,0.0,0.0,0.0,0.0,0.0,0.0,0.0,0.0,0.0,0.0,0.0,0.0,0.0,0.0,0.0,0.0,0.0,0.0,0.0,0.0,0.0
s__GGB9760_SGB15374,0.0,0.0,0.0,0.0,0.0,0.0,0.0,0.0,0.0,0.0,0.0,0.0,0.0,0.0,0.0,0.0,0.0,0.0,0.0,0.0,0.0,0.0,0.0,0.0,0.0,0.0,0.0,0.0,0.0,0.0,0.0,0.0,0.0,0.0,0.0,0.0,0.0,0.0,0.0,0.0,0.0,0.0,0.0,0.0,0.0,0.0,0.0,0.0,0.0,0.0,0.0,0.0,0.0,0.0,0.0,0.0,0.0,0.0,0.0,0.0,0.0,0.0,0.0,0.0,0.0,0.0,0.0,0.0,0.0,0.0,0.0,0.0,0.0,0.0
s__GGB9762_SGB15377,0.0,0.0,0.0,0.0,0.0,0.0,0.0,0.0,0.0,0.0,0.0,0.0,0.0,0.0,0.0,0.0,0.0,0.0,0.0,0.0,0.0,0.0,0.0,0.0,0.0,0.0,0.0,0.0,0.0,0.0,0.0,0.0,0.0,0.0,0.0,0.0,0.0,0.0,0.0,0.0,0.0,0.0,0.0,0.0,0.0,0.0,0.0,0.0,0.0,0.0,0.0,0.0,0.0,0.0,0.0,0.0,0.0,0.0,0.0,0.0,0.0,0.0,0.0,0.0,0.0,0.0,0.0,0.0,0.0,0.0,0.0,0.0,0.0,0.0
s__GGB9767_SGB15385,0.0,0.0,0.0,0.0,0.0,0.0,0.0,0.0,0.0,0.0,0.0,0.0,0.0,0.0,0.0,0.0,0.0,0.0,0.0,0.0,0.0,0.0,0.0,0.0,0.0,0.0,0.0,0.0,0.0,0.0,0.0,0.0,0.0,0.0,0.0,0.0,0.0,0.0,0.0,0.0,0.0,0.0,0.0,0.0,0.0,0.0,0.0,0.0,0.0,0.0,0.0,0.0,0.0,0.0,0.0,0.0,0.0,0.0,0.0,0.0,0.0,0.0,0.0,0.0,0.0,0.0,0.0,0.0,0.0,0.0,0.0,0.0,0.0,0.0
s__GGB9770_SGB15390,0.0,0.0,0.0,0.0,0.0,0.0,0.0,0.0,0.0,0.0,0.0,0.0,0.0,0.0,0.0,0.0,0.0,0.0,0.0,0.0,0.0,0.0,0.0,0.0,0.0,0.0,0.0,0.0,0.0,0.0,0.0,0.0,0.0,0.0,0.0,0.0,0.0,0.0,0.0,0.0,0.0,0.0,0.0,0.0,0.0,0.0,0.0,0.0,0.0,0.0,0.0,0.0,0.0,0.0,0.0,0.0,0.0,0.0,0.0,0.0,0.0,0.0,0.0,0.0,0.0,0.0,0.0,0.0,0.0,0.0,0.0,0.0,0.0,0.0
s__GGB9775_SGB15395,0.0,0.0,0.0,0.0,0.0,0.0,0.0,0.0,0.0,0.0,0.0,0.0,0.0,0.0,0.0,0.0,0.0,0.0,0.0,0.0,0.0,0.0,0.0,0.0,0.0,0.0,0.0,0.0,0.0,0.0,0.0,0.0,0.0,0.0,0.0,0.0,0.0,0.0,0.0,0.0,0.0,0.0,0.0,0.0,0.0,0.0,0.0,0.0,0.0,0.0,0.0,0.0,0.0,0.0,0.0,0.0,0.0,0.0,0.0,0.0,0.0,0.0,0.0,0.0,0.0,0.0,0.0,0.0,0.0,0.0,0.0,0.0,0.0,0.0
s__GGB9787_SGB15410,0.0,0.0,0.0,0.0,0.0,0.0,0.0,0.0,0.0,0.0,0.0,0.0,0.0,0.0,0.0,0.0,0.0,0.0,0.0,0.0,0.0,0.0,0.0,0.0,0.0,0.0,0.0,0.0,0.0,0.0,0.0,0.0,0.0,0.0,0.0,0.0,0.0,0.0,0.0,0.0,0.0,0.0,0.0,0.0,0.0,0.0,0.0,0.0,0.0,0.0,0.0,0.0,0.0,0.0,0.0,0.0,0.0,0.0,0.0,0.0,0.0,0.0,0.0,0.0,0.0,0.0,0.0,0.0,0.0,0.0,0.0,0.0,0.0,0.0
s__GGB9818_SGB15459,0.0,0.0,0.0,0.0,0.0,0.0,0.0,0.0,0.0,0.0,0.0,0.0,0.0,0.0,0.0,0.0,0.0,0.0,0.0,0.0,0.0,0.0,0.0,0.0,0.0,0.0,0.0,0.0,0.0,0.0,0.0,0.0,0.0,0.0,0.0,0.0,0.0,0.0,0.0,0.0,0.0,0.0,0.0,0.0,0.0,0.0,0.0,0.0,0.0,0.0,0.0,0.0,0.0,0.0,0.0,0.0,0.0,0.0,0.0,0.0,0.0,0.0,0.0,0.0,0.0,0.0,0.0,0.0,0.0,0.0,0.0,0.0,0.0,0.0
s__Gordonibacter_pamelaeae,0.0,0.0,0.0,0.0,0.0,0.0,0.0,0.0,0.0,0.0,0.0,0.0,0.0,0.0,0.0,0.0,0.0,0.0,0.0,0.0,0.0,0.0,0.0,0.0,0.0,0.0,0.0,0.0,0.0,0.0,0.0,0.0,0.0,0.0,0.0,0.0,0.0,0.0,0.0,0.0,0.0,0.0,0.0,0.0,0.0,0.0,0.0,0.0,0.0,0.0,0.0,0.0,0.0,0.0,0.0,0.0,0.0,0.0,0.0,0.0,0.0,0.0,0.0,0.0,0.0,0.0,0.0,0.0,0.0,0.0,0.0,0.0,0.0,0.0
s__Granulicatella_SGB8239,0.0,0.0,0.0,0.0,0.0,0.0,0.0,0.0,0.0,0.0,0.0,0.0,0.0,0.0,0.0,0.0,0.0,0.0,0.20319145296812907,0.0,0.0,0.0076243522027492,0.0445482370483723,0.0,0.0,0.0,0.20984289548534224,0.0,0.24562030599611273,0.8369246947382417,0.0,0.0,0.0,0.1411073320102621,0.0,1.2647840237477601,0.0,0.0,0.0,2.6010430459192686,0.0,0.0,0.0,0.0,0.0,0.0,1.2528944383542038,0.0,0.9992109759286707,0.0,2.796283738910983,6.235520493965124,0.9089020147343878,0.0,0.0,1.5459828564978526,0.21867810992773043,0.0,0.0,0.0,0.16964782616877944,0.0,0.16256935670609812,0.0,0.0,0.0,0.0,0.0,0.0,0.0,0.0,0.0429479418628308,0.0,0.0
s__Granulicatella_SGB8255,0.24512687676528083,0.0,0.0198384395467421,0.25144854207854506,0.10216228418920412,0.0,0.6138115105767378,0.0113988038983909,0.10631623523812551,0.0,0.19616596964238714,0.0,0.0381622796546794,0.3194743496434248,0.0,0.0,0.0,0.32501784593463146,0.2831935458121335,0.0,0.0,0.5680306003757374,0.0,0.29044192324935997,0.0,0.29132570336776203,0.0,0.33177759092923437,0.12551750904367648,0.9099281155517116,0.31950629618180454,0.07992159248657439,3.1400063556329725,0.0,0.07823390565264568,0.17680342232515842,0.0,0.0,0.1376425591353709,0.0,0.3842678524816778,0.2376668533670439,0.0,0.0,0.0318178582047865,0.297318114255837,0.0,0.0,0.15738066778290233,0.0,0.0,0.0,0.9569420116736729,0.258745855638518,1.0520037532920568,0.6458661408679994,0.5583676109607323,0.0,0.0,2.72034074185571,0.29863125660375095,0.0,0.0009692613307861,0.0,0.028942946954142495,0.27296908018544946,0.0,0.0,0.04813354215981901,0.0,0.5333736234391858,0.1358639282669422,0.0,0.798344359388225
s__Granulicatella_adiacens,0.0,0.0,0.0,0.0,0.0,0.0,0.0,0.0,0.031011696798158805,0.0,0.0,0.0,0.0,0.0,0.0,0.0,0.0,0.0,0.39950737671617126,0.0,0.0,0.4119877067955472,0.0,0.0,0.0,0.3953655998344261,0.0493331299290376,0.0,0.0,0.055455897064697494,0.0,0.0,2.183261276671429,0.0719644981573157,0.0,0.0377017994691728,0.0,0.012048121052662498,0.0,0.0,0.0,0.0,0.0,0.0,0.0,0.0,0.0,0.0,0.023450835674600105,0.0,0.0,0.0,0.0957278179596032,0.0,1.4723906210878788,0.21728566833752413,0.26220845389613967,0.0,0.0,2.2969710061209216,0.36441123780178036,0.0,0.0,0.0,0.0026987617673642997,0.0,0.0,0.0,0.0,0.0,0.0,0.0575234756735168,0.0,0.13633136278522337
s__Haemophilus_haemolyticus,0.2640814751855318,0.0,0.0047686571647216,0.0,0.0,0.22992123102048792,0.0,0.0034346678413230006,0.05259914687647841,4.210579504089577,0.0,3.581494867939127,54.08917627538361,20.575806067753813,10.419362553399306,10.026538580996473,0.0,2.033842003736299,3.9863983026498557,65.1689781004201,12.402429638249762,14.94810423045752,10.500833768662462,15.003032183912413,63.2917641282312,2.0628165887871686,4.830358545598606,15.03461538179947,4.829333347489464,13.742937677998562,18.2171154696654,19.010874995688972,0.7369951456564583,15.995243204552189,2.8935283350677476,10.55600026544577,63.83595411182309,0.0,21.927962421930864,17.005047377834227,23.79156345928576,2.9141885182168688,18.939204110389195,45.39078605062707,10.603659838931915,22.97295295951763,20.376442110995338,0.0,10.973953053012005,48.62707213996476,19.266467998358575,18.74617054651486,12.938062821140504,3.252149910325125,0.011518960835160203,1.5572422820178897,5.654873368552989,0.0,65.51059073926737,0.8200884695971655,3.989053996044261,3.9481556609203556,10.331841155514617,12.690290950203098,32.04043295063882,14.594762240188434,0.29934818299526383,11.884378352184962,53.325021683477345,20.82994244454806,1.7181310350187762,11.591807674006432,18.418410581251244,0.0
s__Haemophilus_parahaemolyticus,0.0,0.0,0.0,0.9391734827893603,0.0,0.0,14.061868474908715,0.0,0.0633090263042616,22.45664573383344,0.47647516995691114,1.4148403532441087,0.0,0.3223276676956481,2.7987854286059637,3.3174568559618445,0.0,0.0,0.0,0.0,4.073840327517822,0.0,0.0,0.0,0.0,0.0,0.0,0.0,0.0,0.5561802092542066,0.5386342572543734,0.23698860991843584,0.0,0.0,1.3061507757051716,0.09051117664192052,0.0,0.0,0.08087673531136871,0.0,0.5181340531342872,0.8907865781506199,0.0,0.0,3.0986971325189114,0.7451931542015828,0.20691700083678655,0.0,0.10225278706094032,0.0,0.0,0.0,0.6315474705924964,1.3417780831275814,0.0,0.0,0.0,0.0,0.0,0.0,0.0,0.7077541967613918,0.0,3.5652623954156164,0.0,0.0,0.046143164993269696,2.744991654483165,0.0,0.0,0.0,2.2337674725428234,0.0,0.0
s__Haemophilus_parainfluenzae,1.7006204394831719,0.11380335187908529,0.0552111410694619,2.0997766029241407,1.9800087707433789,0.46135710851462314,2.1905080960826826,0.1638121893571024,0.2901058153974451,2.0204044434951243,0.32473428063681004,1.5650825794999312,0.649186582377167,8.729272643834808,2.7553244403967545,2.8997803561221036,4.62623706140803,3.404402112283574,40.28179160863482,1.3602725992726814,7.865596459883176,2.336105877928341,16.838073811875137,9.728310871275488,0.7859491015043092,7.903142004873359,9.432304699625757,5.308525128797712,3.274862700478539,8.990133650460361,9.158420373033579,8.411510033336441,6.404117560901615,12.736027998627343,18.286134321832673,38.501605823602084,0.6810812057331003,36.19003172751255,11.16912353438563,5.4601110856356865,6.906324957088305,11.567909599474294,21.29501645580592,30.00846839216753,4.574264702802995,8.078074582723982,5.675641385681023,35.66904107697177,38.95769797399757,35.692530161915705,0.6739461166557265,5.509049947093462,9.136323776452873,13.19811872506939,0.6772633745991816,5.126579311464216,24.951326301268878,0.0,3.812318212396463,7.168695954749352,37.398395022230105,8.773205531288196,15.688039848271892,7.0607482330323865,4.76741867408714,5.848271076674005,20.884452474948052,4.504332213694928,0.6608229300808092,21.02292807882742,5.8344297252739885,4.580915078292409,21.680798214912766,17.57432788147567
s__Haemophilus_sputorum,0.0,0.0,0.0,1.0437323224411357,0.0,0.0,0.3776759845103336,0.0,0.054164264955692404,0.5566008800608381,0.012398207153414402,1.4106629987813244,0.6659696733335633,0.0,3.23246705825014,1.2082478382548616,0.0,0.9722789952166652,0.0,0.0,3.3035479979106683,0.0,0.0,0.0,0.17964709085880792,0.6247571294615749,0.0,0.0,0.37919500100566267,2.3455984802318595,0.0,0.0,0.0,5.615377250488323,0.5513443292501151,1.3275644022048925,0.0,0.2924883774919151,0.0,0.435650667833395,0.0,0.9750929700020528,0.7407290012680006,0.0,3.602527001729617,0.0,0.027726735558216104,0.0449663574660919,1.3755516834206367,0.0,1.2202022318308934,0.0,2.113375673416382,1.031613924081416,0.0,0.03601599886468971,0.2305044045819798,0.0,0.0,0.0,0.0,1.0077106623343717,0.0,1.8660507449568062,0.37881449607802864,0.0,0.0,3.2162544989169457,0.5059418063796342,0.3485143998977403,2.0420465561065866,0.8722690492676087,0.6442272966353407,0.0
s__Holdemanella_porci,0.0,0.0,0.0,0.0,0.0,0.0,0.0,0.0,0.0,0.0,0.0,0.0,0.0,0.0,0.0,0.0,0.0,0.0,0.0,0.0,0.0,0.0,0.0,0.0,0.0,0.0,0.0,0.0,0.0,0.0,0.0,0.0,0.0,0.0,0.0,0.0,0.0,0.0,0.0,0.0,0.0,0.0,0.0,0.0,0.0,0.0,0.0,0.0,0.0,0.0,0.0,0.0,0.0,0.0,0.0,0.0,0.0,0.0,0.0,0.0,0.0,0.0,0.0,0.0,0.0,0.0,0.0,0.0,0.0,0.0,0.0,0.0,0.0,0.0
s__Holdemania_filiformis,0.0,0.0,0.0,0.0,0.0,0.0,0.0,0.0,0.0,0.0,0.0,0.0,0.0,0.0,0.0,0.0,0.0,0.0,0.0,0.0,0.0,0.0,0.0,0.0,0.0,0.0,0.0,0.0,0.0,0.0,0.0,0.0,0.0,0.0,0.0,0.0,0.0,0.0,0.0,0.0,0.0,0.0,0.0,0.0,0.0,0.0,0.0,0.0,0.0,0.0,0.0,0.0,0.0,0.0,0.0,0.0,0.0,0.0,0.0,0.0,0.0,0.0,0.0,0.0,0.0,0.0,0.0,0.0,0.0,0.0,0.0,0.0,0.0,0.0
s__Hungatella_hathewayi,0.0,0.0,0.0,0.0,0.0,0.0,0.0,0.0,0.0,0.0,0.0,0.0,0.0,0.0,0.0,0.0,0.0,0.0,0.0,0.0,0.0,0.0,0.0,0.0,0.0,0.0,0.0,0.0,0.0,0.0,0.0,0.0,0.0,0.0,0.0,0.0,0.0,0.0,0.0,0.0,0.0,0.0,0.0,0.0,0.0,0.0,0.0,0.0,0.0,0.0,0.0,0.0,0.0,0.0,0.0,0.0,0.0,0.0,0.0,0.0,0.0,0.0,0.0,0.0,0.0,0.0,0.0,0.0,0.0,0.0,0.0,0.0,0.0,0.0
s__Hydrogenoanaerobacterium_saccharovorans,0.0,0.0,0.0,0.0,0.0,0.0,0.0,0.0,0.0,0.0,0.0,0.0,0.0,0.0,0.0,0.0,0.0,0.0,0.0,0.0,0.0,0.0,0.0,0.0,0.0,0.0,0.0,0.0,0.0,0.0,0.0,0.0,0.0,0.0,0.0,0.0,0.0,0.0,0.0,0.0,0.0,0.0,0.0,0.0,0.0,0.0,0.0,0.0,0.0,0.0,0.0,0.0,0.0,0.0,0.0,0.0,0.0,0.0,0.0,0.0,0.0,0.0,0.0,0.0,0.0,0.0,0.0,0.0,0.0,0.0,0.0,0.0,0.0,0.0
s__Intestinibacter_bartlettii,0.0,0.0,0.0,0.0,0.0,0.0,0.0,0.0,0.0,0.0,0.0,0.0,0.0,0.0,0.0,0.0,0.0,0.0,0.0,0.0,0.0,0.0,0.0,0.0,0.0,0.0,0.0,0.0,0.0,0.0,0.0,0.0,0.0,0.0,0.0,0.0,0.0,0.0,0.0,0.0,0.0,0.0,0.0,0.0,0.0,0.0,0.0,0.0,0.0,0.0,0.0,0.0,0.0,0.0,0.0,0.0,0.0,0.0,0.0,0.0,0.0,0.0,0.0,0.0,0.0,0.0,0.0,0.0,0.0,0.0,0.0,0.0,0.0,0.0
s__Isoptericola_variabilis,0.0,1.5363347577114357,0.7207071815357619,0.0,0.0,0.0,0.0,0.040969147344768,0.0,0.0,0.0,0.0,0.0,0.0,0.0,0.0,0.0,0.0,0.0,0.0,0.0,0.0,0.0,0.0,0.0,0.0,0.0,0.0,0.0,0.0,0.0,0.0,0.0,0.0,0.0,0.0,0.0,0.0,0.0,0.0,0.0,0.0,0.0,0.0,0.0,0.0,0.0,0.0,0.0,0.0,0.0,0.0,0.0,0.0,0.0,0.0,0.0,0.0,0.0,0.0,0.0,0.0,0.0,0.0,0.0,0.0,0.0,0.0,0.0,0.0,0.0,0.0,0.0,0.0
s__Lachnoanaerobaculum_orale,0.1087924603230444,0.19565656486164756,0.2513557127171004,0.011594276065528698,0.0169740543996432,0.40949098517129073,0.0,0.8516473579300674,0.19929542855838794,0.0,0.40479597762659947,0.17438536149738298,0.0,0.0,0.0,0.0,0.0,0.0,0.0,0.0,0.0,0.0,0.0653878754812466,0.0,0.0,0.09269136169401193,0.0,0.0,0.0,0.0,0.0,0.0,0.0,0.0,0.0999010257216835,0.0,0.0,0.0,0.0,0.0,0.0,0.3326632180482619,0.0,0.0,0.0,0.0,0.0,0.0,0.0,0.0,0.0,0.0,0.0,0.48529292984338956,0.0,0.34254146619812476,0.0,0.0,0.0,0.0,0.0,0.275761461657709,0.057840669914653704,0.0,0.0,0.0,0.0,0.0,0.0,0.0,0.0,0.0181281680950811,0.0,0.0
s__Lachnoanaerobaculum_sp_ICM7,0.0,0.0,0.0,0.0,0.0,0.0,0.0,0.0,0.0,0.2235608145170396,0.23711296884286445,0.0,0.0,0.0,0.0,0.0,0.0,0.17021882702310231,0.0,0.0,0.0,0.0071553291058696,0.0,0.1542189909671693,0.0,0.0,0.0,0.2793977108695438,0.0,0.14649957100752897,0.0,0.0,0.0,0.0,0.0,0.06139271946805341,0.0,0.0,0.0,0.0,0.0,0.0,0.0,0.0,0.0,0.0,0.0,0.0,0.028696857934018105,0.0,0.0,0.0,0.2541429494861079,0.0,0.0,0.09067024173488891,0.0,0.0,0.0,0.0,0.026437458383394404,0.0,0.0,0.0,0.0,0.16128557460809484,0.0,0.0,0.0,0.0,0.0,0.01967332067768,0.0,0.0
s__Lachnospira_eligens,0.0,0.0,0.0,0.0,0.0,0.0,0.0,0.0,0.0,0.0,0.0,0.0,0.0,0.0,0.0,0.0,0.0,0.0,0.0,0.0,0.0,0.0,0.0,0.0,0.0,0.0,0.0,0.0,0.0,0.0,0.0,0.0,0.0,0.0,0.0,0.0,0.0,0.0,0.0,0.0,0.0,0.0,0.0,0.0,0.0,0.0,0.0,0.0,0.0,0.0,0.0,0.0,0.0,0.0,0.0,0.0,0.0,0.0,0.0,0.0,0.0,0.0,0.0,0.0,0.0,0.0,0.0,0.0,0.0,0.0,0.0,0.0,0.0,0.0
s__Lachnospira_pectinoschiza,0.0,0.0,0.0,0.0,0.0,0.0,0.0,0.0,0.0,0.0,0.0,0.0,0.0,0.0,0.0,0.0,0.0,0.0,0.0,0.0,0.0,0.0,0.0,0.0,0.0,0.0,0.0,0.0,0.0,0.0,0.0,0.0,0.0,0.0,0.0,0.0,0.0,0.0,0.0,0.0,0.0,0.0,0.0,0.0,0.0,0.0,0.0,0.0,0.0,0.0,0.0,0.0,0.0,0.0,0.0,0.0,0.0,0.0,0.0,0.0,0.0,0.0,0.0,0.0,0.0,0.0,0.0,0.0,0.0,0.0,0.0,0.0,0.0,0.0
s__Lachnospira_sp_NSJ_43,0.0,0.0,0.0,0.0,0.0,0.0,0.0,0.0,0.0,0.0,0.0,0.0,0.0,0.0,0.0,0.0,0.0,0.0,0.0,0.0,0.0,0.0,0.0,0.0,0.0,0.0,0.0,0.0,0.0,0.0,0.0,0.0,0.0,0.0,0.0,0.0,0.0,0.0,0.0,0.0,0.0,0.0,0.0,0.0,0.0,0.0,0.0,0.0,0.0,0.0,0.0,0.0,0.0,0.0,0.0,0.0,0.0,0.0,0.0,0.0,0.0,0.0,0.0,0.0,0.0,0.0,0.0,0.0,0.0,0.0,0.0,0.0,0.0,0.0
s__Lacrimispora_amygdalina,0.0,0.0,0.0,0.0,0.0,0.0,0.0,0.0,0.0,0.0,0.0,0.0,0.0,0.0,0.0,0.0,0.0,0.0,0.0,0.0,0.0,0.0,0.0,0.0,0.0,0.0,0.0,0.0,0.0,0.0,0.0,0.0,0.0,0.0,0.0,0.0,0.0,0.0,0.0,0.0,0.0,0.0,0.0,0.0,0.0,0.0,0.0,0.0,0.0,0.0,0.0,0.0,0.0,0.0,0.0,0.0,0.0,0.0,0.0,0.0,0.0,0.0,0.0,0.0,0.0,0.0,0.0,0.0,0.0,0.0,0.0,0.0,0.0,0.0
s__Lacrimispora_celerecrescens,0.0,0.0,0.0,0.0,0.0,0.0,0.0,0.0,0.0,0.0,0.0,0.0,0.0,0.0,0.0,0.0,0.0,0.0,0.0,0.0,0.0,0.0,0.0,0.0,0.0,0.0,0.0,0.0,0.0,0.0,0.0,0.0,0.0,0.0,0.0,0.0,0.0,0.0,0.0,0.0,0.0,0.0,0.0,0.0,0.0,0.0,0.0,0.0,0.0,0.0,0.0,0.0,0.0,0.0,0.0,0.0,0.0,0.0,0.0,0.0,0.0,0.0,0.0,0.0,0.0,0.0,0.0,0.0,0.0,0.0,0.0,0.0,0.0,0.0
s__Lancefieldella_parvula,0.17661293808525838,0.12129510858586627,1.8355614247426444,0.129182755735449,0.1473856654355003,0.8826286773696642,0.0,2.787275886581697,2.0769899470229913,0.0,0.968343866140603,0.0,0.0,0.0,0.0,0.0,0.0,0.8558632797471486,0.029905757176872192,0.0,0.0,0.002116057692895,0.0,0.0,0.0,0.18167450918985315,0.0,0.0,0.13231244186409027,0.0,0.0,0.0,0.0,0.0,0.0979067591208571,0.0,0.0,0.0,0.0,0.0,0.0,0.1088775552796532,0.0,0.0,0.0,0.0,0.0,0.0,0.0,0.0,0.0,0.0,0.0,0.0966814940818293,0.0,0.6844031180252708,0.0,0.0,0.0,0.0,0.0352536786154896,0.0,0.014987203327280102,0.0,0.0,0.0,0.0,0.0,0.0,0.0,0.7734982081077952,0.0166925145143958,0.0,0.0
s__Lancefieldella_rimae,0.0,0.0,0.0,0.0,0.0,0.0,0.0,0.0,0.0,0.0,0.0,0.0,0.0,0.0,0.0,0.0,0.0,0.0,0.0,0.0,0.0,0.0,0.0,0.0,0.0,0.0,0.0,0.0,0.19001038704573914,0.0,0.0,0.0,0.0,0.0,0.0,0.0031893775152016003,0.0,0.0,0.0,0.0,0.0,0.0,0.0,0.0,0.0,0.0,0.0,0.0,0.005268345758406501,0.0,0.0,0.0,0.0,0.0,0.0,0.12822998573380934,0.0,0.0,0.0,0.0,0.0,0.0,0.0,0.0,0.0,0.0,0.0,0.0,0.0,0.0,0.0,0.0,0.0,0.0
s__Lautropia_mirabilis,0.0,0.0,0.0,0.0,3.5707638300021713,0.9238396835062045,0.5503311668305263,0.5149103760993468,0.09618768538263002,0.0,0.012672503771852802,0.0,0.0,0.0,2.3547052855841613,1.6883625916490623,1.7985947641091353,1.1483409833567033,0.20786457689332707,0.0,2.686821566340712,0.6083665867073076,0.0,0.0,0.0,1.6432846269893238,0.0,0.0,1.8165946179649335,0.9650502281972686,0.0,0.0,0.0,0.7063325140859893,0.0,0.5508222830727936,0.0,3.217515015506601,0.0,1.4326315336743067,0.0,0.0,0.0,0.8348624761064316,2.5871091083461266,0.0,0.0,2.9175759085770436,0.5560671977501349,1.1959084537091995,1.5725444168282425,0.0,0.923645379339879,0.0,0.0,0.32718899165258986,1.0554483294703074,0.0,0.0,0.0,0.24322461712732946,0.0,0.0,2.156942915220894,0.028606874734055696,0.0,2.431173605482435,2.622469941643505,0.0,0.0,0.8838385457802769,0.0,0.0,0.0
s__Leptotrichia_sp_oral_taxon_215,0.0,0.0,0.0,0.0,0.0,0.0,0.0,0.0,0.09007254545884591,0.3394875941931781,0.36529726457146916,0.0,0.0,0.0,0.0,0.0,0.0,0.6650463508435761,0.0,0.0,0.0,0.0,0.0234888484738517,0.6231960706753468,0.07174588557444181,0.0,0.2797947438206422,0.5931540291664285,0.0,0.36280776910256074,0.0,0.0,0.0,0.0,0.0,0.20273250198382942,0.0,0.0,0.0,0.0,0.0,0.0,0.0,0.0,0.0,0.0,0.0,0.0,0.22814615953777642,0.0,0.0,0.0,0.41260610500155,0.0,0.0,0.7396521984701117,0.17466878391932242,0.0,0.0,0.0978886737477339,0.0,0.0,0.031089057184950506,0.0,0.006049299961564899,0.5390308777610674,0.0,0.0,0.03766503635376551,0.0,0.751348055467974,0.007750096024541,0.0,0.0
s__Leptotrichia_sp_oral_taxon_221,0.0,0.0,0.5595946930419425,0.0,0.0,0.09836787375925732,0.0,0.0668472228617304,0.44406871673284043,0.120797292166691,0.37493056181103945,0.0,0.0,0.0,0.0,0.0,0.0,0.0,0.0,0.0,0.0,0.0,0.0,0.0,0.0,3.437822413482135,0.0,0.0,0.0,0.0,0.0,0.0,0.0,0.0,0.0,0.0,0.0,0.0,0.0,0.0,0.0,0.0,0.0,0.0,0.0,0.0,0.0,0.0,0.0,0.0,0.0,0.0,0.0,0.0,0.0,0.38840061064324205,0.04057662138840211,0.0,0.0,0.0,0.0,0.0,0.0,0.0,0.009175790009041299,0.0,0.0,0.0,0.0,0.0,0.0,0.417580527086825,0.0,0.0
s__Leptotrichia_wadei,0.17165469252289567,3.2949669350163564,0.0772687608984827,0.0,0.9981917984988865,0.7601211254370219,0.0561326437497536,2.3266761957232616,3.288313084431861,0.4195399382560603,1.4757706665221315,0.0,0.0,0.0,0.0,0.0,0.0,0.0647862087077204,0.0,0.0,0.0,0.0,0.0907690168415121,0.0,0.0,2.679023835701219,0.0,0.0,0.08493666025510417,0.0,0.0,0.0,0.0,0.0,0.5049013794107273,0.0,0.0,0.0,0.0,0.0,0.0,0.3421762018150331,0.0,0.0,0.0,0.0,0.0,0.0,0.0,0.0,0.0,0.0,0.0,0.7031790549055433,0.0,0.31319614584906397,0.0,0.0,0.0,0.0,0.0,0.26352776657967275,0.0677271354886787,0.0,0.0,0.0,0.0,0.0,0.0,0.0,0.0,0.7492165042248962,0.0,0.0
s__Megasphaera_micronuciformis,0.738570550517821,0.0,2.3642630639014492,0.11281218237932018,0.8641848185916198,2.2287917675598243,0.0,2.8169642967351214,1.7212050693727494,0.3673911250036256,1.6454615265528418,1.0959360700304364,0.0,0.0,0.0,0.0,0.0,0.5401791485069265,0.0,0.0,0.0,0.0,0.031131270066692595,0.0,0.0,0.29271103621916955,0.0,0.0,0.09192034120942848,0.0,0.0,0.0,0.0,0.0,0.0,0.0,0.0,0.0,0.0,0.0,0.0,0.0,0.0,0.0,0.0,0.0,0.0,0.0,0.0,0.0,0.0,0.0,0.0,0.0,0.0,0.43162547440065274,0.0,0.0,0.0,0.0,0.0,0.0,0.008008521745618601,0.0,0.0,0.0,0.0,0.0,0.0,0.0,0.16102789021013314,0.0,0.0,0.0
s__Methylobacterium_SGB15164,0.0,0.0,0.0,0.0,0.0,0.0,0.0,0.0,0.0,0.0,0.0,0.0,0.0,0.0,0.0,0.0,0.0,0.0,0.0,0.0,0.0,0.0,0.0,0.0,0.0,0.0,0.0,0.0,0.0,0.0,0.0,0.0,0.0,0.0,0.0,0.0,0.0,0.0,0.0,0.0,0.0,0.0,0.0,0.0,0.0,0.0,0.0,0.0,0.0,0.0,0.0,0.0,0.0,0.0,0.0,0.0,0.0,0.0,0.0,0.0,0.0,0.0,0.0,0.0,0.0,0.0,0.0,0.0,0.0,0.0,0.0,0.0,0.0,0.0
s__Mogibacterium_diversum,0.10392667621637729,0.0,0.13704212375758,0.0,0.0,0.1297862697086629,0.0,0.2950701675806555,0.09446605549549242,0.0,0.5718645619850421,0.0,0.0,0.0,0.0,0.0,0.0,0.0,0.0,0.0,0.0,0.0,0.0,0.0,0.0,0.0,0.0,0.0,0.005933769459488098,0.0,0.0,0.0,0.0,0.0,0.0,0.0,0.0,0.0,0.0,0.0,0.0,0.0,0.0,0.0,0.0,0.0,0.0,0.0,0.0,0.0,0.0,0.0,0.0,0.0,0.0,0.23309135246376284,0.0,0.0,0.0,0.0,0.0,0.0,0.0,0.0,0.0,0.0,0.0,0.0,0.0,0.0,0.0,0.0698360301112323,0.0,0.0
s__Neisseria_sicca,0.0,0.0,0.0,0.0577115299569114,4.712684779336094,0.21671014788943183,0.0220956586445629,0.0204577403298805,0.36207888821165346,0.4615937024917063,0.0027319943196461006,0.0,0.0,0.05811473926833511,0.4282685619982368,0.2836103043459404,1.9823125826498564,0.5960919352997027,1.2822806096883803,0.0,0.4280205310678245,2.013516154900659,0.0,0.0,0.09513333893656312,5.627921705465123,0.0,0.0,1.0197589804297607,0.09473119704946399,0.16843561713671937,0.040916438531535294,0.0,1.973790356130198,0.0,2.5588543666438976,0.0,1.465561065044363,0.0,0.5548840206064104,0.0650328922295564,0.0,1.7787633223780213,0.0,0.5216704846700325,0.0,0.0053338921446615005,1.5100531011272833,2.8258089561654636,0.0,0.556084843839548,0.6263668748153967,0.0917738428699798,0.0,0.0,1.4138014497324838,0.49866592097525114,0.0,0.0,0.0,1.3193411964607893,0.0,0.0,0.8864988744269775,0.16647795702307358,0.0,0.37294205124062063,0.5373228907379209,0.0,1.7196595532333416,0.389994030873747,0.0,1.5547695483801018,0.0
s__Neisseria_sp_oral_taxon_014,0.0,0.0,0.0,0.0,2.4104257870617056,0.29415696723177354,0.1765445228047154,1.0726467668451942,0.0,0.0,0.004739845566614901,0.0,0.0,0.0,0.0,0.0,0.0,0.0,0.0,0.0,0.0,0.0,0.0,0.0,0.0,0.0,0.0,0.0,1.0837445978219598,2.1430549158020775,0.0,0.0,0.0,0.0,0.0,0.0,0.0,0.0,0.0,0.5095305581772177,0.0,0.0,0.0,0.0,0.0,0.0,0.0,0.0,0.0,0.0,0.5867500599166207,0.0,2.2470584506372604,0.0,0.0,0.7559110921770286,1.1576197603356377,0.0,0.0,0.0,0.0,0.0,0.0,0.0,0.0,0.0,1.9341713992343448,0.0,0.0,0.0,0.0,0.0,0.0,0.0
s__Neisseria_subflava,2.048298628311198,0.0,0.0,7.634515256557717,13.933570790734203,0.35844529533448627,35.45394542582565,0.0223897409906045,0.261989587045829,24.19111676452938,4.092275137941035,18.817830615403313,0.026953179576744105,0.10388671635619101,1.0523149520922581,0.751799113824921,0.9300658742700437,11.81548550212001,0.0,0.3408728983296003,1.2009853034511606,5.514915370781315,0.0,2.4604081468377843,0.34747864538363243,0.4381290058333478,0.0,2.4036277669007493,0.13950846446902687,10.949321034808044,0.4375814516767034,0.23581407749713504,0.0,0.8757770730851822,2.9597966411154126,3.8488960221524136,0.9472667288891807,0.2816784032667894,0.43001567910457117,0.2694104499860834,0.0173307494761384,3.199104808813296,0.2261879112969801,0.0,1.198409839978885,0.3091221984909298,0.015775966075970604,0.2891610899051752,3.9583358679806153,0.0,0.21076466987313408,0.0,11.451880443319114,3.030492866394639,0.14191997646646873,0.2338844692299689,1.4219266117403488,0.0,0.5258650126325404,0.0,0.0,2.987780990093193,0.0,1.2277951905560436,0.6435884854732168,2.6354910268406266,0.15621477313745558,1.1135052413158824,0.019653930144487002,0.1158955977144401,10.859692699017291,0.2205918226388666,0.29530702305618034,0.0
s__Odoribacter_splanchnicus,0.0,0.0,0.0,0.0,0.0,0.0,0.0,0.0,0.0,0.0,0.0,0.0,0.0,0.0,0.0,0.0,0.0,0.0,0.0,0.0,0.0,0.0,0.0,0.0,0.0,0.0,0.0,0.0,0.0,0.0,0.0,0.0,0.0,0.0,0.0,0.0,0.0,0.0,0.0,0.0,0.0,0.0,0.0,0.0,0.0,0.0,0.0,0.0,0.0,0.0,0.0,0.0,0.0,0.0,0.0,0.0,0.0,0.0,0.0,0.0,0.0,0.0,0.0,0.0,0.0,0.0,0.0,0.0,0.0,0.0,0.0,0.0,0.0,0.0
s__Oribacterium_SGB5287,0.0,0.0,0.0476659281096993,0.0,0.0,0.0,0.0,0.0549010187761384,1.0202892964257673,0.0,0.6672978414721257,0.0,0.0,0.0,0.0,0.0,0.0,0.0,0.0,0.0,0.0,0.0,0.0,0.0,0.0,0.0,0.0,0.0,0.0,0.0,0.0,0.0,0.0,0.0,0.0,0.0,0.0,0.0,0.0,0.0,0.0,0.0,0.0,0.0,0.0,0.0,0.0,0.0,0.0,0.0,0.0,0.0,0.0,0.0,0.0,0.0,0.0,0.0,0.0,0.0,0.0,0.0,0.0,0.0,0.0,0.0,0.0,0.0,0.0,0.0,0.0,0.0,0.0,0.0
s__Oribacterium_asaccharolyticum,0.0,0.0,0.0068226891469285,0.0,0.0485741672012623,0.0,0.0,0.0,0.029536014037758303,0.0,0.0032915594212604006,0.0,0.0,0.0,0.0,0.0,0.0,0.0,0.007434515335558999,0.0,0.0,0.0423865989411752,0.0,0.0,0.0,0.0,0.0,0.0,0.0,0.0,0.0,0.0,0.0,0.0,0.0,0.0,0.0,0.0,0.0,0.0,0.0,0.0,0.0,0.0,0.0,0.0,0.0,0.0,0.0,0.0,0.0,0.0,0.0,0.0,0.0,0.007350492886663001,0.0,0.0,0.0,0.0,0.0,0.0,0.0,0.0,0.0,0.0,0.0,0.0,0.0,0.0,0.0,0.0,0.0,0.0
s__Oribacterium_sinus,0.0,0.0,0.0,0.7196865363108569,0.0115443136550887,0.0,0.0750642713515006,0.0201894069047772,0.09257673438557941,0.0445319324852487,0.004542352001339401,0.0,0.0,0.0,0.0,0.0,0.0,1.2897531539325198,0.055876252100935886,0.0,0.0,0.0669285051732116,0.0,0.05768800640770821,0.0,0.08054521103725913,0.0,0.06909374753880027,0.07886132969521137,0.012604335446345698,0.0,0.0,0.0,0.0,0.0,0.010966982332974001,0.0,0.0,0.0,0.0,0.0,0.0,0.0,0.0,0.0,0.0,0.0,0.0,0.007132357922926401,0.0,0.0,0.0,0.012646317088310998,0.0,0.0,0.08922563619646591,0.0,0.0,0.0,0.0,0.07510030550945532,0.0,0.0,0.0,0.0,0.04412460443453291,0.0,0.0,0.0,0.0,1.3923044700726552,0.1817318435142298,0.0,0.0
s__Oscillibacter_SGB15077,0.0,0.0,0.0,0.0,0.0,0.0,0.0,0.0,0.0,0.0,0.0,0.0,0.0,0.0,0.0,0.0,0.0,0.0,0.0,0.0,0.0,0.0,0.0,0.0,0.0,0.0,0.0,0.0,0.0,0.0,0.0,0.0,0.0,0.0,0.0,0.0,0.0,0.0,0.0,0.0,0.0,0.0,0.0,0.0,0.0,0.0,0.0,0.0,0.0,0.0,0.0,0.0,0.0,0.0,0.0,0.0,0.0,0.0,0.0,0.0,0.0,0.0,0.0,0.0,0.0,0.0,0.0,0.0,0.0,0.0,0.0,0.0,0.0,0.0
s__Oscillibacter_sp_ER4,0.0,0.0,0.0,0.0,0.0,0.0,0.0,0.0,0.0,0.0,0.0,0.0,0.0,0.0,0.0,0.0,0.0,0.0,0.0,0.0,0.0,0.0,0.0,0.0,0.0,0.0,0.0,0.0,0.0,0.0,0.0,0.0,0.0,0.0,0.0,0.0,0.0,0.0,0.0,0.0,0.0,0.0,0.0,0.0,0.0,0.0,0.0,0.0,0.0,0.0,0.0,0.0,0.0,0.0,0.0,0.0,0.0,0.0,0.0,0.0,0.0,0.0,0.0,0.0,0.0,0.0,0.0,0.0,0.0,0.0,0.0,0.0,0.0,0.0
s__Oscillibacter_valericigenes,0.0,0.0,0.0,0.0,0.0,0.0,0.0,0.0,0.0,0.0,0.0,0.0,0.0,0.0,0.0,0.0,0.0,0.0,0.0,0.0,0.0,0.0,0.0,0.0,0.0,0.0,0.0,0.0,0.0,0.0,0.0,0.0,0.0,0.0,0.0,0.0,0.0,0.0,0.0,0.0,0.0,0.0,0.0,0.0,0.0,0.0,0.0,0.0,0.0,0.0,0.0,0.0,0.0,0.0,0.0,0.0,0.0,0.0,0.0,0.0,0.0,0.0,0.0,0.0,0.0,0.0,0.0,0.0,0.0,0.0,0.0,0.0,0.0,0.0
s__Parabacteroides_distasonis,0.0,0.0,0.0,0.0,0.0,0.0,0.0,0.0,0.0,0.0,0.0,0.0,0.0,0.0,0.0,0.0,0.0,0.0,0.0,0.0,0.0,0.0,0.0,0.0,0.0,0.0,0.0,0.0,0.0,0.0,0.0,0.0,0.0,0.0,0.0,0.0,0.0,0.0,0.0,0.0,0.0,0.0,0.0,0.0,0.0,0.0,0.0,0.0,0.0,0.0,0.0,0.0,0.0,0.0,0.0,0.0,0.0,0.0,0.0,0.0,0.0,0.0,0.0,0.0,0.0,0.0,0.0,0.0,0.0,0.0,0.0,0.0,0.0,0.0
s__Parabacteroides_goldsteinii,0.0,0.0,0.0,0.0,0.0,0.0,0.0,0.0,0.0,0.0,0.0,0.0,0.0,0.0,0.0,0.0,0.0,0.0,0.0,0.0,0.0,0.0,0.0,0.0,0.0,0.0,0.0,0.0,0.0,0.0,0.0,0.0,0.0,0.0,0.0,0.0,0.0,0.0,0.0,0.0,0.0,0.0,0.0,0.0,0.0,0.0,0.0,0.0,0.0,0.0,0.0,0.0,0.0,0.0,0.0,0.0,0.0,0.0,0.0,0.0,0.0,0.0,0.0,0.0,0.0,0.0,0.0,0.0,0.0,0.0,0.0,0.0,0.0,0.0
s__Parabacteroides_merdae,0.0,0.0,0.0,0.0,0.0,0.0,0.0,0.0,0.0,0.0,0.0,0.0,0.0,0.0,0.0,0.0,0.0,0.0,0.0,0.0,0.0,0.0,0.0,0.0,0.0,0.0,0.0,0.0,0.0,0.0,0.0,0.0,0.0,0.0,0.0,0.0,0.0,0.0,0.0,0.0,0.0,0.0,0.0,0.0,0.0,0.0,0.0,0.0,0.0,0.0,0.0,0.0,0.0,0.0,0.0,0.0,0.0,0.0,0.0,0.0,0.0,0.0,0.0,0.0,0.0,0.0,0.0,0.0,0.0,0.0,0.0,0.0,0.0,0.0
s__Paraprevotella_clara,0.0,0.0,0.0,0.0,0.0,0.0,0.0,0.0,0.0,0.0,0.0,0.0,0.0,0.0,0.0,0.0,0.0,0.0,0.0,0.0,0.0,0.0,0.0,0.0,0.0,0.0,0.0,0.0,0.0,0.0,0.0,0.0,0.0,0.0,0.0,0.0,0.0,0.0,0.0,0.0,0.0,0.0,0.0,0.0,0.0,0.0,0.0,0.0,0.0,0.0,0.0,0.0,0.0,0.0,0.0,0.0,0.0,0.0,0.0,0.0,0.0,0.0,0.0,0.0,0.0,0.0,0.0,0.0,0.0,0.0,0.0,0.0,0.0,0.0
s__Parasutterella_SGB9260,0.0,0.0,0.0,0.0,0.0,0.0,0.0,0.0,0.0,0.0,0.0,0.0,0.0,0.0,0.0,0.0,0.0,0.0,0.0,0.0,0.0,0.0,0.0,0.0,0.0,0.0,0.0,0.0,0.0,0.0,0.0,0.0,0.0,0.0,0.0,0.0,0.0,0.0,0.0,0.0,0.0,0.0,0.0,0.0,0.0,0.0,0.0,0.0,0.0,0.0,0.0,0.0,0.0,0.0,0.0,0.0,0.0,0.0,0.0,0.0,0.0,0.0,0.0,0.0,0.0,0.0,0.0,0.0,0.0,0.0,0.0,0.0,0.0,0.0
s__Parasutterella_excrementihominis,0.0,0.0,0.0,0.0,0.0,0.0,0.0,0.0,0.0,0.0,0.0,0.0,0.0,0.0,0.0,0.0,0.0,0.0,0.0,0.0,0.0,0.0,0.0,0.0,0.0,0.0,0.0,0.0,0.0,0.0,0.0,0.0,0.0,0.0,0.0,0.0,0.0,0.0,0.0,0.0,0.0,0.0,0.0,0.0,0.0,0.0,0.0,0.0,0.0,0.0,0.0,0.0,0.0,0.0,0.0,0.0,0.0,0.0,0.0,0.0,0.0,0.0,0.0,0.0,0.0,0.0,0.0,0.0,0.0,0.0,0.0,0.0,0.0,0.0
s__Phascolarctobacterium_faecium,0.0,0.0,0.0,0.0,0.0,0.0,0.0,0.0,0.0,0.0,0.0,0.0,0.0,0.0,0.0,0.0,0.0,0.0,0.0,0.0,0.0,0.0,0.0,0.0,0.0,0.0,0.0,0.0,0.0,0.0,0.0,0.0,0.0,0.0,0.0,0.0,0.0,0.0,0.0,0.0,0.0,0.0,0.0,0.0,0.0,0.0,0.0,0.0,0.0,0.0,0.0,0.0,0.0,0.0,0.0,0.0,0.0,0.0,0.0,0.0,0.0,0.0,0.0,0.0,0.0,0.0,0.0,0.0,0.0,0.0,0.0,0.0,0.0,0.0
s__Phocaeicola_dorei,0.0,0.0,0.0,0.0,0.0,0.0,0.0,0.0,0.0,0.0,0.0,0.0,0.0,0.0,0.0,0.0,0.0,0.0,0.0,0.0,0.0,0.0,0.0,0.0,0.0,0.0,0.0,0.0,0.0,0.0,0.0,0.0,0.0,0.0,0.0,0.0,0.0,0.0,0.0,0.0,0.0,0.0,0.0,0.0,0.0,0.0,0.0,0.0,0.0,0.0,0.0,0.0,0.0,0.0,0.0,0.0,0.0,0.0,0.0,0.0,0.0,0.0,0.0,0.0,0.0,0.0,0.0,0.0,0.0,0.0,0.0,0.0,0.0,0.0
s__Phocaeicola_massiliensis,0.0,0.0,0.0,0.0,0.0,0.0,0.0,0.0,0.0,0.0,0.0,0.0,0.0,0.0,0.0,0.0,0.0,0.0,0.0,0.0,0.0,0.0,0.0,0.0,0.0,0.0,0.0,0.0,0.0,0.0,0.0,0.0,0.0,0.0,0.0,0.0,0.0,0.0,0.0,0.0,0.0,0.0,0.0,0.0,0.0,0.0,0.0,0.0,0.0,0.0,0.0,0.0,0.0,0.0,0.0,0.0,0.0,0.0,0.0,0.0,0.0,0.0,0.0,0.0,0.0,0.0,0.0,0.0,0.0,0.0,0.0,0.0,0.0,0.0
s__Phocaeicola_vulgatus,0.0,0.0,0.0,0.0,0.0,0.0,0.0,0.0,0.0,0.0,0.0,0.0,0.0,0.0,0.0,0.0,0.0,0.0,0.0,0.0,0.0,0.0,0.0,0.0,0.0,0.0,0.0,0.0,0.0,0.0,0.0,0.0,0.0,0.0,0.0,0.0,0.0,0.0,0.0,0.0,0.0,0.0,0.0,0.0,0.0,0.0,0.0,0.0,0.0,0.0,0.0,0.0,0.0,0.0,0.0,0.0,0.0,0.0,0.0,0.0,0.0,0.0,0.0,0.0,0.0,0.0,0.0,0.0,0.0,0.0,0.0,0.0,0.0,0.0
s__Porphyromonas_endodontalis,1.6987134219591753,0.0,0.0,2.9565651443642107,0.0,0.6608171160100226,0.1860366159331837,0.0236348080830918,0.988931037767184,0.0,0.008985957220041002,0.0643268730528215,0.0,0.0,0.0,0.0,0.0,0.0,0.0,0.0,0.0,0.2378056176314107,0.0,0.0,0.0,0.0,0.0,0.0,0.7687003688256372,0.06176601203593159,0.0,0.0,0.0,0.0,0.0,0.29006549190888153,0.0,0.0,0.0,0.0,0.0,0.0,0.0,0.0,0.0,0.0,0.0,0.0,0.28186765982425194,0.0357888281471322,0.0,0.0,0.0545392434428669,0.0,0.0,0.6399177651215818,0.0,0.0,0.0,0.0,0.0,0.0,0.0,0.0,0.0,0.0,0.0,0.0,0.0,0.0,0.0,0.0,0.0,0.0
s__Porphyromonas_pasteri,0.0055361296605484995,0.0,0.0,1.8651193443257397,2.976390655660767,0.3049067498431839,7.110828649218413,0.0398850803073542,0.24911090113684062,3.3554934499653086,1.7814248743803853,2.818628808067013,1.2142499076807662,1.914187324221019,1.8746110335423414,1.8341585466993025,1.9028570822515543,15.290632057423112,1.1469277116919574,0.07688443470904,2.0690890386667755,3.104387525643572,0.0,1.7408278270843933,1.402383460552437,5.325415386458226,0.0,1.9396558261163606,0.7999853720196239,9.148903772495128,1.9073382494022615,1.729498990382598,0.5659586543843206,1.8442590828047296,1.1419053246566182,1.9063301086301894,0.0,2.5570708303322096,1.700644532670127,13.660067322788482,2.522826981634932,1.1192559293554096,0.0,0.0,2.1118933248457714,1.9999695024589468,0.017949913208427204,2.286110609540843,1.865920823683535,0.0,14.303293907471607,0.1315159482634467,9.268565834005454,1.2683546434851671,0.10448028693619603,0.7658250517543994,2.8010869699094463,0.0,0.0,0.5299574528809805,1.2350661967072292,1.3055354095007203,0.0,2.5256518273217456,0.20248860460572357,2.0051094967250793,0.0,2.2194104710350446,1.3050617324070057,0.0,14.634684086494165,0.5726189472449602,0.0,0.0
s__Prevotella_copri_clade_A,0.0,0.0,0.0,0.0,0.0,0.0,0.0,0.0,0.0,0.0,0.0,0.0,0.0,0.0,0.0,0.0,0.0,0.0,0.0,0.0,0.0,0.0,0.0,0.0,0.0,0.0,0.0,0.0,0.0,0.0,0.0,0.0,0.0,0.0,0.0,0.0,0.0,0.0,0.0,0.0,0.0,0.0,0.0,0.0,0.0,0.0,0.0,0.0,0.0,0.0,0.0,0.0,0.0,0.0,0.0,0.0,0.0,0.0,0.0,0.0,0.0,0.0,0.0,0.0,0.0,0.0,0.0,0.0,0.0,0.0,0.0,0.0,0.0,0.0
s__Prevotella_histicola,9.497652288062785,21.278477725401967,18.888867786606166,5.23083745814863,0.0,11.236141905124505,1.385603826942853,1.0979774421749449,19.207945165417456,1.155759740408108,4.35149641423005,1.03027156641472,0.0,0.0,0.0,0.0,0.0,0.34605066877344176,0.0,0.0,0.0,0.172316904290476,0.5076228272052128,0.0,0.0,1.0280569083540596,0.0,0.0,0.0,0.0,0.2746486570918072,0.0,0.0,0.0,2.3027561820211746,0.0,0.0,0.0,0.10457770736408091,0.0,0.0,1.999850024898784,0.0,0.0,0.0,0.1443477140941005,0.0,0.0,0.0,0.0,0.0,0.0,0.0,1.9714607128642296,0.0,0.30372123305295196,0.0,0.0,0.0,0.0,0.0,1.4901777521550332,0.5091772085952095,0.0,0.0,0.0,0.0,0.0,0.0,0.0,0.06619394196529538,0.0,0.0,0.0
s__Prevotella_jejuni,0.0,0.0,13.260345353996469,39.265160474927455,3.9094867109541216,18.123849486634885,0.2988695369088289,17.2654205047739,0.05590825367253341,0.2244834226099583,9.997683839353957,16.52460554974154,0.0,0.0,0.0,0.0,0.0,0.010880809869801802,0.08881171402358158,0.0,0.0,0.2620202984470272,0.0430710277628461,0.0,0.0,0.3151562270641487,0.0,0.0,0.0037867594363744993,0.0,0.0,0.0,0.0,0.0,0.0,0.0,0.0,0.0,0.0,0.0,0.0,0.0589707922276846,0.0,0.0,0.0,0.0,0.0,0.0,0.0,0.0,0.0,0.0,0.0,0.1381129446156516,0.0,1.3863397817031047,0.0,0.0,0.0,0.0,0.0645589290947225,0.0,0.029574586355591806,0.0,0.0,0.0,0.0,0.0,0.0,0.0,0.012248636810089995,0.0,0.0,0.0
s__Prevotella_melaninogenica,5.912101054823427,0.0,0.21573528874423684,0.7113218291387257,2.4999431344719407,9.465004776921546,1.8742311325727896,0.130281244556167,7.2522988230759715,11.373955481584836,5.874939833036782,3.549216307470827,0.0353875078796717,0.7990803669453393,0.0,0.0,0.0,7.593232622125605,0.47628970953515437,0.0,0.0,1.109741369756864,0.06166433141445729,1.6499880829826798,0.16794229057292512,1.820383339791215,0.2197727690736375,1.7865116160855998,1.01423809751318,0.029706813302904794,0.5347801402919956,0.49355987857041866,0.0,0.0231521173696566,0.277906916315978,0.04487510117878741,0.0,0.0,0.3190731226230187,0.06007711762944531,0.9416196458310088,0.6866457122166943,0.0,0.0,0.0,0.9263024726375058,0.0,0.0,0.045975246141689304,0.0,0.051658211908000295,0.0,0.0245722743424787,0.6060231549015563,0.0,3.9277549937676834,1.0797737745016447,0.0,0.0,0.0,0.3236012120006296,0.18072234936210005,0.05509039088853891,0.0,0.017027659151072697,1.7225417117865398,0.0,0.0,0.019090333611973005,0.0,6.756501974018548,2.09970419452959,0.0,0.0
s__Prevotella_nanceiensis,0.0,0.0,0.0,0.10431136310820538,0.0,0.0,0.029821780958439098,0.0,0.0,0.0,0.07805384574281432,0.0,0.0027747717750211,0.0,0.0,0.0,0.0,0.9640192970076218,0.09568724324369018,0.0,0.0,0.0,0.39271791980608356,0.4722576658283829,0.0,0.15706036287043307,0.42294936725831855,0.4591816083028697,0.18385247917723063,1.2480835211267904,0.0,0.0,0.0,0.3457141692646113,0.22746370229493224,0.16994346296791032,0.0,0.0,0.0,0.3106722640973698,0.0,0.3356360254753642,0.0,0.0,0.0,0.0,0.0160135559265119,0.0,0.16935722498368433,0.0,0.4041256036399263,0.0,1.2951589578025926,0.4512330174844076,0.0,0.5189108070798617,0.7094978489144662,0.0,0.0,0.0,0.07852821324901421,0.23864587562228146,0.36569018433894945,0.0,0.009603518289151399,0.42093421785799007,0.0,0.0,0.017267638442990705,0.0,0.9016792303905693,0.9581284333259976,0.0,0.0
s__Prevotella_nigrescens,0.0,0.0,0.0100946898422028,3.515231067611339,0.646995188809452,0.022530366295160604,0.05904439324763079,0.0424932811993657,0.09030731317073132,0.1174286998274043,0.0,0.0,0.0,0.0,0.0,0.0,0.0,0.0,0.17615888442468539,0.0,0.0,0.39902958030503466,0.012391466320665198,0.0,0.11181018778286163,0.0,0.0,0.0,2.633555525277218,0.018993922898340596,0.0,0.0,0.0066367978071703,0.0161823653698318,0.0,0.14541323309660292,0.0,0.0,0.0,0.0,0.0,0.0,0.0,0.0,0.0,0.0,0.0,0.0,0.1361175350079807,0.0,0.0,0.0,0.0,0.0,0.0,2.2456109838741143,0.0,0.0,0.0,0.0,0.13781085297993573,0.0,0.0090625934428493,0.0,0.0,0.0,0.0,0.0,0.0,0.0,0.0,0.0418164521763662,0.0,0.04056519820784259
s__Prevotella_oris,1.9373217660970246,0.0,0.001992101369678,0.7781157482440805,0.3987924452250327,0.07695245556273642,0.0,0.0542677518928962,0.0,0.0,0.008217926688413603,0.0,0.0,0.0,0.0,0.0,0.0,0.0,0.07383088612938199,0.0,0.0,0.6483862551363356,0.0130995501104182,0.0,0.0,0.16295152580418806,0.0,0.0,0.24382719872404263,0.06271968180488219,0.0,0.0,0.0,0.4550596902583984,0.0,0.07726127145597392,0.0,0.0,0.0,0.0,0.0,0.0,0.0,0.0,0.0,0.0,0.0,0.0,0.08121288927577582,0.0,0.0,0.0,0.056668306952667905,0.0,0.0,0.36032994223985304,0.0,0.0,0.0,0.0,0.08151923078645722,0.0,0.04056358669339011,0.0,0.0,0.0,0.0,0.0,0.0,0.0,0.0,0.0784742847068824,0.0,0.11278331121784346
s__Prevotella_oulorum,0.0,0.0,0.0,0.0,1.5143351270229235,0.10473149262413162,0.0,0.0325971444815433,0.0,0.7931103918820754,0.0,0.0,0.0,0.0,0.0,0.0,0.0,0.0,0.004170036421298899,0.0,0.0,0.0814464061486784,0.2091777181657812,0.0,0.0,0.0,0.0,0.0,0.4397359649541833,0.0,0.0,0.0,0.0,0.0,0.0,0.0,0.0,0.0,0.0,0.0,0.0,0.0,0.0,0.0,0.0,0.0,0.0,0.0,0.0,0.0,0.0,0.0,0.0,0.0,0.0,0.08527421516490621,0.0,0.0,0.0,0.0,0.0,0.0,0.19852895207825122,0.0,0.0,0.0,0.0,0.0,0.0,0.0,0.0,0.0,0.0,0.0
s__Prevotella_pallens,6.345190513362203,1.1276982521857442,3.4660602696334983,1.24374286494189,1.4934232876688778,9.02709313361321,0.5954370047200784,4.679187533615492,2.478677502053663,1.5505716361735786,5.1088622933326,4.746307947773206,0.0,0.0,0.0,0.0,0.0,1.6400871027369641,0.020548329604149096,0.0,0.0,0.0405105065536579,0.0039432942084475,0.5651936310931569,0.05813642526096061,0.19473022181977664,0.2862333497523978,0.45085605228699643,0.02720332479835699,0.0,0.0,0.0,0.0,0.0,0.0,0.0,0.0,0.0,0.0,0.0,0.0,0.060062843935600595,0.0,0.0,0.0,0.0,0.0,0.0,0.0,0.0,0.0,0.0,0.0,0.019438478553446,0.0,1.6100553609665633,0.7160211281258742,0.0,0.0,0.0,0.014675029865364602,0.023816031754064992,0.011316126036926801,0.0,0.004959611247949899,0.4884510655298039,0.0,0.0,0.0,0.0,1.5136749937730822,0.40515847364716756,0.0,0.0
s__Prevotella_salivae,8.715012296217873,1.0619512668571105,7.526809246075321,0.3996869916677055,4.46203620658748,5.707997827744541,0.10447609479941168,1.7914905460230925,8.39779756583897,0.45097298142198866,1.6438267187069522,1.899281900707233,0.0,0.0,0.0,0.0,0.0,0.22215519563783762,0.07383088612938199,0.0,0.0,0.1262544731714321,0.11709020047437191,0.0,0.0,0.440479873702423,0.0,0.0,0.0,0.0,0.0,0.0,0.0,0.0,0.0,0.0,0.0,0.0,0.0,0.0,0.0,0.1302089653076947,0.0,0.0,0.0,0.0,0.0,0.0,0.0,0.0,0.0,0.0,0.0,0.0418571994382969,0.0,0.49674602602470874,0.0,0.0,0.0,0.0,0.06237447808423071,0.0,0.13183165675352393,0.0,0.0,0.0,0.0,0.0,0.0,0.0,0.15126745815517934,0.4403319863739402,0.0,0.0
s__Prevotella_sp_HJM029,0.5265679902601087,0.0,0.1446595890986413,0.0,0.0,1.1188398986070447,0.0,1.5393429931219773,1.0843026258656854,0.0,1.0041231170497176,0.0,0.0,0.0,0.0,0.0,0.0,0.0,0.0,0.0,0.0,0.0,0.0,0.0,0.0,0.0,0.0,0.0,0.0,0.0,0.0,0.0,0.0,0.0,0.0,0.0,0.0,0.0,0.0,0.0,0.0,0.0,0.0,0.0,0.0,0.0,0.0,0.0,0.0,0.0,0.0,0.0,0.0,0.0,0.0,0.14519701941051832,0.0,0.0,0.0,0.0,0.0,0.0,0.0,0.0,0.0,0.0,0.0,0.0,0.0,0.0,0.0,0.0,0.0,0.0
s__Prevotella_vespertina,18.153281214351857,0.0,6.471635469808742,0.24622678700953987,5.383979280892002,3.7096532101196624,0.2844159067298224,6.489697552809931,4.469038163392084,0.0,17.004964000763305,3.2673928977299225,0.0,0.0,0.0,0.0,0.0,0.0,0.0,0.0,0.0,0.0,0.0198751794778752,0.0,0.0,0.0,0.0,0.0,0.0,0.0,0.0,0.0,0.0,0.0,0.0,0.0,0.0,0.0,0.0,0.0,0.0,0.0,0.0,0.0,0.0,0.0,0.0,0.0,0.0,0.0,0.0,0.0,0.0,0.0,0.0,0.009843145580405801,0.06944099146544382,0.0,0.0,0.0,0.0,0.0,0.023625744937910205,0.0,0.0,0.0,0.0,0.0,0.0,0.0,0.0,0.0,0.0,0.0
s__Pseudoflavonifractor_sp_An184,0.0,0.0,0.0,0.0,0.0,0.0,0.0,0.0,0.0,0.0,0.0,0.0,0.0,0.0,0.0,0.0,0.0,0.0,0.0,0.0,0.0,0.0,0.0,0.0,0.0,0.0,0.0,0.0,0.0,0.0,0.0,0.0,0.0,0.0,0.0,0.0,0.0,0.0,0.0,0.0,0.0,0.0,0.0,0.0,0.0,0.0,0.0,0.0,0.0,0.0,0.0,0.0,0.0,0.0,0.0,0.0,0.0,0.0,0.0,0.0,0.0,0.0,0.0,0.0,0.0,0.0,0.0,0.0,0.0,0.0,0.0,0.0,0.0,0.0
s__Rheinheimera_SGB14999,0.0,0.0,0.0,0.0,0.0,0.0,0.0,0.0,0.0,0.0,0.0,0.0,0.0,0.0,0.0,0.0,0.0,0.0,0.0,0.0,0.0,0.0,0.0,0.0,0.0,0.0,0.0,0.0,0.0,0.0,0.0,0.0,0.0,0.0,0.0,0.0,0.0,0.0,0.0,0.0,0.0,0.0,0.0,0.0,0.0,0.0,0.0,0.0,0.0,0.0,0.0,0.0,0.0,0.0,0.0,0.0,0.0,0.0,0.0,0.0,0.0,0.0,0.0,0.0,0.0,0.0,0.0,0.0,0.0,0.0,0.0,0.0,0.0,0.0
s__Romboutsia_timonensis,0.0,0.0,0.0,0.0,0.0,0.0,0.0,0.0,0.0,0.0,0.0,0.0,0.0,0.0,0.0,0.0,0.0,0.0,0.0,0.0,0.0,0.0,0.0,0.0,0.0,0.0,0.0,0.0,0.0,0.0,0.0,0.0,0.0,0.0,0.0,0.0,0.0,0.0,0.0,0.0,0.0,0.0,0.0,0.0,0.0,0.0,0.0,0.0,0.0,0.0,0.0,0.0,0.0,0.0,0.0,0.0,0.0,0.0,0.0,0.0,0.0,0.0,0.0,0.0,0.0,0.0,0.0,0.0,0.0,0.0,0.0,0.0,0.0,0.0
s__Roseburia_faecis,0.0,0.0,0.0,0.0,0.0,0.0,0.0,0.0,0.0,0.0,0.0,0.0,0.0,0.0,0.0,0.0,0.0,0.0,0.0,0.0,0.0,0.0,0.0,0.0,0.0,0.0,0.0,0.0,0.0,0.0,0.0,0.0,0.0,0.0,0.0,0.0,0.0,0.0,0.0,0.0,0.0,0.0,0.0,0.0,0.0,0.0,0.0,0.0,0.0,0.0,0.0,0.0,0.0,0.0,0.0,0.0,0.0,0.0,0.0,0.0,0.0,0.0,0.0,0.0,0.0,0.0,0.0,0.0,0.0,0.0,0.0,0.0,0.0,0.0
s__Roseburia_hominis,0.0,0.0,0.0,0.0,0.0,0.0,0.0,0.0,0.0,0.0,0.0,0.0,0.0,0.0,0.0,0.0,0.0,0.0,0.0,0.0,0.0,0.0,0.0,0.0,0.0,0.0,0.0,0.0,0.0,0.0,0.0,0.0,0.0,0.0,0.0,0.0,0.0,0.0,0.0,0.0,0.0,0.0,0.0,0.0,0.0,0.0,0.0,0.0,0.0,0.0,0.0,0.0,0.0,0.0,0.0,0.0,0.0,0.0,0.0,0.0,0.0,0.0,0.0,0.0,0.0,0.0,0.0,0.0,0.0,0.0,0.0,0.0,0.0,0.0
s__Roseburia_intestinalis,0.0,0.0,0.0,0.0,0.0,0.0,0.0,0.0,0.0,0.0,0.0,0.0,0.0,0.0,0.0,0.0,0.0,0.0,0.0,0.0,0.0,0.0,0.0,0.0,0.0,0.0,0.0,0.0,0.0,0.0,0.0,0.0,0.0,0.0,0.0,0.0,0.0,0.0,0.0,0.0,0.0,0.0,0.0,0.0,0.0,0.0,0.0,0.0,0.0,0.0,0.0,0.0,0.0,0.0,0.0,0.0,0.0,0.0,0.0,0.0,0.0,0.0,0.0,0.0,0.0,0.0,0.0,0.0,0.0,0.0,0.0,0.0,0.0,0.0
s__Roseburia_inulinivorans,0.0,0.0,0.0,0.0,0.0,0.0,0.0,0.0,0.0,0.0,0.0,0.0,0.0,0.0,0.0,0.0,0.0,0.0,0.0,0.0,0.0,0.0,0.0,0.0,0.0,0.0,0.0,0.0,0.0,0.0,0.0,0.0,0.0,0.0,0.0,0.0,0.0,0.0,0.0,0.0,0.0,0.0,0.0,0.0,0.0,0.0,0.0,0.0,0.0,0.0,0.0,0.0,0.0,0.0,0.0,0.0,0.0,0.0,0.0,0.0,0.0,0.0,0.0,0.0,0.0,0.0,0.0,0.0,0.0,0.0,0.0,0.0,0.0,0.0
s__Roseburia_sp_AF02_12,0.0,0.0,0.0,0.0,0.0,0.0,0.0,0.0,0.0,0.0,0.0,0.0,0.0,0.0,0.0,0.0,0.0,0.0,0.0,0.0,0.0,0.0,0.0,0.0,0.0,0.0,0.0,0.0,0.0,0.0,0.0,0.0,0.0,0.0,0.0,0.0,0.0,0.0,0.0,0.0,0.0,0.0,0.0,0.0,0.0,0.0,0.0,0.0,0.0,0.0,0.0,0.0,0.0,0.0,0.0,0.0,0.0,0.0,0.0,0.0,0.0,0.0,0.0,0.0,0.0,0.0,0.0,0.0,0.0,0.0,0.0,0.0,0.0,0.0
s__Roseburia_sp_AM16_25,0.0,0.0,0.0,0.0,0.0,0.0,0.0,0.0,0.0,0.0,0.0,0.0,0.0,0.0,0.0,0.0,0.0,0.0,0.0,0.0,0.0,0.0,0.0,0.0,0.0,0.0,0.0,0.0,0.0,0.0,0.0,0.0,0.0,0.0,0.0,0.0,0.0,0.0,0.0,0.0,0.0,0.0,0.0,0.0,0.0,0.0,0.0,0.0,0.0,0.0,0.0,0.0,0.0,0.0,0.0,0.0,0.0,0.0,0.0,0.0,0.0,0.0,0.0,0.0,0.0,0.0,0.0,0.0,0.0,0.0,0.0,0.0,0.0,0.0
s__Rothia_aeria,0.0,0.0,0.0,0.0,0.9441512031155928,0.05176093956043671,0.3273983749494439,0.2572351546410709,0.031906049986293705,0.0,0.0,0.0,0.0104879038897266,0.0,0.0,0.0,0.0,0.0,0.305407654040357,0.0,0.0,1.0850467583304957,0.0,0.09966483519822801,0.004495883553512601,0.4789753350581283,0.0,0.08020146172078949,0.10558098740045256,1.066218696187187,0.0,0.0,0.0,0.2389009111081579,0.0,0.21880248834113733,0.0,0.06293119356162989,0.0,0.0145143637261863,0.0,0.0,0.0,0.0,0.0,0.0,0.0,0.06129655213599809,0.21768760026738063,0.0,0.0,0.0239711456255358,1.1242896051435645,0.0,0.0,0.42227802679913595,0.6032094533720067,0.0,0.0,0.0,0.3053078350768528,0.0,0.0,0.0,0.27799283005193104,0.0732781731972152,0.29638023670322766,0.0,0.0,0.0,0.0,0.0,0.0,0.0
s__Rothia_mucilaginosa,0.2834521501564589,2.9287312542134494,0.3497221689504112,0.24740230059144044,2.2624653517726085,0.3920515139680214,2.2927767273638646,0.5959792704915671,0.9248841700827111,0.0920247932687228,0.8341908759947794,1.3419723801217105,0.0155485008714848,2.4522215134560854,9.866103234813774,9.842620907387772,0.8899976164466102,0.7049128199082596,0.5146137976107854,0.7738895012199608,11.863633734067001,1.6561205550790177,1.9501970487311706,11.23902602018371,0.0,0.15256852604920357,0.7186572078612209,11.447074722806592,0.06622700148224168,0.33221086401526495,2.5579131926530643,2.3227339612525926,10.36080967625506,2.1274143015934706,1.0366432410726834,5.679083939156545,0.8531505449205403,4.7263874089991935,2.2080200982516973,0.3361116427695919,2.244129794113253,0.9753841837908277,0.1383084393847801,0.8927772602705688,10.0859364857338,2.513293581946067,0.11999475401607831,4.101340055774624,6.001695023277298,0.8082046577755653,0.48010522373972697,0.0,0.3251384131401095,1.002176428399738,7.522568392143225,0.6704527606199262,15.223280899245509,0.0,0.3916330774322003,10.771989601548004,0.5445780357595762,0.7224512108870924,1.8520160877995722,11.946795506571178,0.03205925299495349,11.921822597432653,6.9669347263491925,11.42344903850536,0.0013550299611514002,0.03788599808914,0.6427776778790608,0.0775861261357754,0.0,17.35274725735213
s__Ruminococcus_bicirculans,0.0,0.0,0.0,0.0,0.0,0.0,0.0,0.0,0.0,0.0,0.0,0.0,0.0,0.0,0.0,0.0,0.0,0.0,0.0,0.0,0.0,0.0,0.0,0.0,0.0,0.0,0.0,0.0,0.0,0.0,0.0,0.0,0.0,0.0,0.0,0.0,0.0,0.0,0.0,0.0,0.0,0.0,0.0,0.0,0.0,0.0,0.0,0.0,0.0,0.0,0.0,0.0,0.0,0.0,0.0,0.0,0.0,0.0,0.0,0.0,0.0,0.0,0.0,0.0,0.0,0.0,0.0,0.0,0.0,0.0,0.0,0.0,0.0,0.0
s__Ruminococcus_bromii,0.0,0.0,0.0,0.0,0.0,0.0,0.0,0.0,0.0,0.0,0.0,0.0,0.0,0.0,0.0,0.0,0.0,0.0,0.0,0.0,0.0,0.0,0.0,0.0,0.0,0.0,0.0,0.0,0.0,0.0,0.0,0.0,0.0,0.0,0.0,0.0,0.0,0.0,0.0,0.0,0.0,0.0,0.0,0.0,0.0,0.0,0.0,0.0,0.0,0.0,0.0,0.0,0.0,0.0,0.0,0.0,0.0,0.0,0.0,0.0,0.0,0.0,0.0,0.0,0.0,0.0,0.0,0.0,0.0,0.0,0.0,0.0,0.0,0.0
s__Ruminococcus_callidus,0.0,0.0,0.0,0.0,0.0,0.0,0.0,0.0,0.0,0.0,0.0,0.0,0.0,0.0,0.0,0.0,0.0,0.0,0.0,0.0,0.0,0.0,0.0,0.0,0.0,0.0,0.0,0.0,0.0,0.0,0.0,0.0,0.0,0.0,0.0,0.0,0.0,0.0,0.0,0.0,0.0,0.0,0.0,0.0,0.0,0.0,0.0,0.0,0.0,0.0,0.0,0.0,0.0,0.0,0.0,0.0,0.0,0.0,0.0,0.0,0.0,0.0,0.0,0.0,0.0,0.0,0.0,0.0,0.0,0.0,0.0,0.0,0.0,0.0
s__Ruminococcus_gnavus,0.0,0.0,0.0,0.0,0.0,0.0,0.0,0.0,0.0,0.0,0.0,0.0,0.0,0.0,0.0,0.0,0.0,0.0,0.0,0.0,0.0,0.0,0.0,0.0,0.0,0.0,0.0,0.0,0.0,0.0,0.0,0.0,0.0,0.0,0.0,0.0,0.0,0.0,0.0,0.0,0.0,0.0,0.0,0.0,0.0,0.0,0.0,0.0,0.0,0.0,0.0,0.0,0.0,0.0,0.0,0.0,0.0,0.0,0.0,0.0,0.0,0.0,0.0,0.0,0.0,0.0,0.0,0.0,0.0,0.0,0.0,0.0,0.0,0.0
s__Ruminococcus_lactaris,0.0,0.0,0.0,0.0,0.0,0.0,0.0,0.0,0.0,0.0,0.0,0.0,0.0,0.0,0.0,0.0,0.0,0.0,0.0,0.0,0.0,0.0,0.0,0.0,0.0,0.0,0.0,0.0,0.0,0.0,0.0,0.0,0.0,0.0,0.0,0.0,0.0,0.0,0.0,0.0,0.0,0.0,0.0,0.0,0.0,0.0,0.0,0.0,0.0,0.0,0.0,0.0,0.0,0.0,0.0,0.0,0.0,0.0,0.0,0.0,0.0,0.0,0.0,0.0,0.0,0.0,0.0,0.0,0.0,0.0,0.0,0.0,0.0,0.0
s__Ruminococcus_sp_BSD2780120874_150323_B10,0.0,0.0,0.0,0.0,0.0,0.0,0.0,0.0,0.0,0.0,0.0,0.0,0.0,0.0,0.0,0.0,0.0,0.0,0.0,0.0,0.0,0.0,0.0,0.0,0.0,0.0,0.0,0.0,0.0,0.0,0.0,0.0,0.0,0.0,0.0,0.0,0.0,0.0,0.0,0.0,0.0,0.0,0.0,0.0,0.0,0.0,0.0,0.0,0.0,0.0,0.0,0.0,0.0,0.0,0.0,0.0,0.0,0.0,0.0,0.0,0.0,0.0,0.0,0.0,0.0,0.0,0.0,0.0,0.0,0.0,0.0,0.0,0.0,0.0
s__Ruminococcus_torques,0.0,0.0,0.0,0.0,0.0,0.0,0.0,0.0,0.0,0.0,0.0,0.0,0.0,0.0,0.0,0.0,0.0,0.0,0.0,0.0,0.0,0.0,0.0,0.0,0.0,0.0,0.0,0.0,0.0,0.0,0.0,0.0,0.0,0.0,0.0,0.0,0.0,0.0,0.0,0.0,0.0,0.0,0.0,0.0,0.0,0.0,0.0,0.0,0.0,0.0,0.0,0.0,0.0,0.0,0.0,0.0,0.0,0.0,0.0,0.0,0.0,0.0,0.0,0.0,0.0,0.0,0.0,0.0,0.0,0.0,0.0,0.0,0.0,0.0
s__Ruthenibacterium_lactatiformans,0.0,0.0,0.0,0.0,0.0,0.0,0.0,0.0,0.0,0.0,0.0,0.0,0.0,0.0,0.0,0.0,0.0,0.0,0.0,0.0,0.0,0.0,0.0,0.0,0.0,0.0,0.0,0.0,0.0,0.0,0.0,0.0,0.0,0.0,0.0,0.0,0.0,0.0,0.0,0.0,0.0,0.0,0.0,0.0,0.0,0.0,0.0,0.0,0.0,0.0,0.0,0.0,0.0,0.0,0.0,0.0,0.0,0.0,0.0,0.0,0.0,0.0,0.0,0.0,0.0,0.0,0.0,0.0,0.0,0.0,0.0,0.0,0.0,0.0
s__Sanguibacter_SGB15121,0.0,0.0,0.0,0.0,0.0,0.0,0.0,0.0,0.0,0.0,0.0,0.0,0.0,0.0,0.0,0.0,0.0,0.0,0.0,0.0,0.0,0.0,0.0,0.0,0.0,0.0,0.0,0.0,0.0,0.0,0.0,0.0,0.0,0.0,0.0,0.0,0.0,0.0,0.0,0.0,0.0,0.0,0.0,0.0,0.0,0.0,0.0,0.0,0.0,0.0,0.0,0.0,0.0,0.0,0.0,0.0,0.0,0.0,0.0,0.0,0.0,0.0,0.0,0.0,0.0,0.0,0.0,0.0,0.0,0.0,0.0,0.0,0.0,0.0
s__Selenomonas_SGB5880,1.6078469263616086,0.0,0.9919013337995868,0.0,0.0,0.819413223852441,0.0,1.2603298976994832,0.8010945094316201,0.0,0.14505902369493104,0.0,0.0,0.0,0.0,0.0,0.0,1.8421300610949214,0.0,0.0,0.0,0.0,0.05223949200603291,0.07823097380582351,0.0,0.27952938423913426,0.0,0.19172835091339113,0.0,0.0,0.0,0.0,0.0,0.0,0.0,0.0,0.0,0.0,0.0,0.0,0.0,0.0,0.0,0.0,0.0,0.0,0.0,0.0,0.0,0.0,0.0,0.0,0.0,0.0,0.0,0.06732994832984622,0.0,0.0,0.0,0.0,0.0,0.0,0.030822510318984905,0.0,0.0,0.15026756520915802,0.0,0.0,0.0,0.0,1.5848709968440813,0.0,0.0,0.0
s__Selenomonas_noxia,0.0,0.0,0.0,0.0,0.0705010256584409,0.005532666980044201,0.0,0.0217994074553776,0.0,0.0,0.0,0.0,0.0,0.0,0.0,0.0,0.0,0.0,0.054646482646931796,0.0,0.0,0.0942081973893474,0.0,0.0,0.0,0.11698366300754283,0.0,0.0,1.1099569949173609,0.0,0.0,0.0,0.0,0.0,0.0,0.0,0.0,0.0,0.0,0.0,0.0,0.0,0.0,0.0,0.0,0.0,0.0,0.0,0.0,0.0,0.0,0.0,0.0,0.0,0.0,0.041624467425630404,0.0,0.0,0.0,0.0,0.055059367777302505,0.0,0.0,0.0,0.0,0.0,0.0,0.0,0.0,0.0,0.0,0.0,0.0,0.0
s__Selenomonas_sputigena,0.0,0.0,0.021686036153852,0.0,0.1751580555951467,0.0,0.0,0.0092843365085764,0.0,0.0,0.0,0.0,0.0,0.0,0.0,0.0,0.0,0.0,0.0,0.0,0.0,0.0067081210367535005,0.0114880490716711,0.0,0.0,0.0,0.0,0.0,0.0,0.0,0.0,0.0,0.0,0.0,0.0,0.0,0.0,0.0,0.0,0.0,0.0,0.0,0.0,0.0,0.0,0.0,0.0,0.0,0.0,0.0,0.0,0.0,0.0,0.0,0.0,0.014389404186607202,0.0,0.0,0.0,0.0,0.0,0.0,0.0,0.0,0.0,0.0,0.0,0.0,0.0,0.0,0.0,0.0,0.0,0.0
s__Senegalimassilia_anaerobia,0.0,0.0,0.0,0.0,0.0,0.0,0.0,0.0,0.0,0.0,0.0,0.0,0.0,0.0,0.0,0.0,0.0,0.0,0.0,0.0,0.0,0.0,0.0,0.0,0.0,0.0,0.0,0.0,0.0,0.0,0.0,0.0,0.0,0.0,0.0,0.0,0.0,0.0,0.0,0.0,0.0,0.0,0.0,0.0,0.0,0.0,0.0,0.0,0.0,0.0,0.0,0.0,0.0,0.0,0.0,0.0,0.0,0.0,0.0,0.0,0.0,0.0,0.0,0.0,0.0,0.0,0.0,0.0,0.0,0.0,0.0,0.0,0.0,0.0
s__Slackia_isoflavoniconvertens,0.0,0.0,0.0,0.0,0.0,0.0,0.0,0.0,0.0,0.0,0.0,0.0,0.0,0.0,0.0,0.0,0.0,0.0,0.0,0.0,0.0,0.0,0.0,0.0,0.0,0.0,0.0,0.0,0.0,0.0,0.0,0.0,0.0,0.0,0.0,0.0,0.0,0.0,0.0,0.0,0.0,0.0,0.0,0.0,0.0,0.0,0.0,0.0,0.0,0.0,0.0,0.0,0.0,0.0,0.0,0.0,0.0,0.0,0.0,0.0,0.0,0.0,0.0,0.0,0.0,0.0,0.0,0.0,0.0,0.0,0.0,0.0,0.0,0.0
s__Solobacterium_SGB6829,0.3018519798424676,0.0,0.1611228102625558,0.0,0.0,0.14003117016221162,0.0243872160111126,0.2772635614907893,0.0,0.0,0.19901865447412873,0.5733939798949561,0.0,0.0,0.0,0.0,0.0,0.0,0.0,0.0,0.0,0.0236911201493111,0.0,0.0,0.0,0.05500750948357582,0.0,0.0,0.0,0.0,0.0,0.0,0.0,0.0,0.0,0.0,0.0,0.0,0.0,0.0,0.0,0.0,0.0,0.0,0.0,0.0,0.0,0.0,0.0,0.0,0.0,0.0,0.013174580966682998,0.0,0.0,0.14164215676206174,0.013742222814232503,0.0,0.0,0.0,0.0,0.0,0.0,0.0,0.0,0.0,0.0,0.0,0.0,0.0,0.18996288983689583,0.0483255595125235,0.0,0.0
s__Staphylococcus_SGB6340,0.0,0.0,0.0,0.0,0.0,0.0,0.0,0.0,0.0,0.0,0.0,0.0,0.0,0.0,0.0,0.0,0.0,0.0,0.0,0.0,0.0,0.0,0.0,0.0,0.0,0.0,0.0,0.0,0.0,0.0,0.0,0.0,0.0,0.0,0.0,0.0,0.0,0.0,0.0,0.0,0.0,0.0,0.0,0.0,0.0,0.0,0.0,0.0,0.0,0.0,0.0,0.0,0.0,0.0,0.0,0.0,0.0,0.0,0.0,0.0,0.0,0.0,0.0,0.0,0.0,0.0,0.0,0.0,0.0,0.0,0.0,0.0,0.0,0.0
s__Stomatobaculum_SGB5266,0.0,0.0,0.0,0.0,0.1835227913367695,0.0,0.0,0.0,0.15287849809480372,0.3466968109193027,0.9628579337718401,0.49100909424318917,0.0,0.0,0.0,0.0,0.0,2.107488848448479,0.0,0.0,0.0,0.0,0.0,2.2848496244305334,0.0,0.0,0.0,2.1093674742490918,0.0,0.1550667044319698,0.0,0.0,0.0,0.0,0.0,0.11170654862015493,0.0,0.0,0.0,0.0,0.0,0.0,0.0,0.0,0.0,0.0,0.0,0.0,0.09347965196323782,0.0,0.0,0.0,0.1761519914427455,0.0,0.0,0.1351131062403963,0.0,0.0,0.0,0.0,0.0,0.0,0.0,0.0,0.0,2.271760042894538,0.0,0.0,0.0,0.0,1.8230588860589523,0.0734616637302674,0.0,0.0
s__Stomatobaculum_longum,0.17419738255486777,0.0,0.2087268077597338,0.0,0.0629189552493905,0.38397339944202713,0.0,0.8228927480959711,0.19286726501875653,0.0,0.34695230673033006,0.0,0.0,0.0,0.0,0.0,0.0,0.0,0.0,0.0,0.0,0.0,0.0,0.0,0.0,0.3531619242804993,0.0,0.0,0.13441226485373928,0.0,0.0,0.0,0.0,0.0,0.0,0.0,0.0,0.0,0.0,0.0,0.0,0.1513705006256067,0.0,0.0,0.0,0.0,0.0,0.0,0.0,0.0,0.0,0.0,0.0,0.061478141807952996,0.0,0.09855892099861442,0.0,0.0,0.0,0.0,0.0,0.20567529759971734,0.0,0.0,0.0,0.0,0.0,0.0,0.0,0.0,0.0,0.0,0.0,0.0
s__Streptococcus_SGB15012,0.0,0.0,0.0,0.0,0.0,0.0,0.0,0.0,0.0,0.0,0.0,0.0,0.0,0.0,0.0,0.0,0.0,0.0,0.0,0.0,0.0,0.0,0.0,0.0,0.0,0.0,0.0,0.0,0.0,0.0,0.0,0.0,0.0,0.0,0.0,0.0,0.0,0.0,0.0,0.0,0.0,0.0,0.0,0.0,0.0,0.0,0.0,0.0,0.0,0.0,0.0,0.0,0.0,0.0,0.0,0.0,0.0,0.0,0.0,0.0,0.0,0.0,0.0,0.0,0.0,0.0,0.0,0.0,0.0,0.0,0.0,0.0,0.0,0.0
s__Streptococcus_australis,0.0,0.0,0.0,0.0,0.5109092541125895,0.0,0.6237135612157342,0.0,0.010184446929752601,0.0,0.08740187449918321,0.0,0.0,0.0,0.7355514116790056,1.0525187593548817,0.0,0.0,0.0516838562350298,0.0,0.0,0.0,0.0,0.17495061826993233,0.0,0.0,0.0,0.05826843286990529,0.0,0.10859119769160348,0.0,0.0,0.0943373402591226,0.037188088525014,0.3562229388286812,0.24855882101806484,0.0,7.841171953593311,0.0,0.0,0.0,0.0,0.0,0.0,0.5769303252771235,0.0,0.0,6.45464941638218,0.373193094136294,0.0,0.0,0.0,0.2901129172043936,1.2910288137127144,0.0,0.004263002618276601,0.42745725769551257,0.0,0.0,0.0,0.07748639815170132,0.7285739798661403,0.0,0.5199002468505262,0.09157458797035709,0.39907692631180136,0.0,0.48098547507320083,0.0,0.0,0.0,0.0365483335285948,0.0,0.043948186518957585
s__Streptococcus_cristatus,0.0,0.0,0.0,0.0,0.7484359533952063,0.14486962417518232,0.0,0.0,0.0747455676973823,0.0452507085576468,0.0,0.0,0.0,0.0,0.0,0.0,1.7710862137394126,0.029126304210821404,0.16014952207803068,0.0,0.0,0.8485827649064189,0.0,0.0,0.14104450448552333,0.17022802158935044,0.0,0.0,0.5441962603096149,0.02838757012253409,0.0,0.0,0.0,0.0212710078333739,0.0,0.0703901213003982,0.0,0.42925598090395606,0.0,0.0,0.0,0.0,0.0,0.0,0.0,0.0,0.0,0.3774957786446611,0.0648720880251098,0.0,0.0,0.11734736394012052,0.0473516530977313,0.0,0.0,0.29181031876069774,0.5322858984494064,0.0,0.0,0.0,0.14323277241110152,0.0,0.0,0.0,0.04313945225115659,0.0,0.0,0.0,0.0,0.0,0.09848930059128866,0.0090884171590764,0.0,0.0
s__Streptococcus_gordonii,0.0,0.0,0.000856706806649,0.0,1.2966930188453585,0.0,0.0,0.0,0.11500264057777562,0.0,0.0,0.0,0.0,0.7092116563230116,0.0509495866095324,0.0,1.226084223723532,0.0,0.9473808481965711,0.0,0.0,0.2843152568195939,2.1840356161262964,0.0,0.0,0.5934542043242739,0.0,0.0,0.13087323734309383,0.0,0.6757230564303721,0.5908752284598932,0.4305745178349927,0.0,0.0,0.5517511193316078,0.0,0.4025762978219116,0.6911255232391309,0.0,0.7338422697405392,0.0,0.0,0.0,0.0,1.035852272982831,0.00017819238790620003,0.3273854098575499,0.5249147549287043,0.0,0.0,0.9130865452814314,0.0,0.0,0.005888286688900902,3.712508768543198,0.5070937240123699,0.0,0.0,0.5275139013645646,0.9523422243850089,0.0,2.247074890461356,0.0,0.0014461289470401998,0.0,0.048898315136066586,0.0,0.0,0.0,0.0,0.8618423109739872,0.0,0.0
s__Streptococcus_infantis,0.0978357778215835,0.08905117530866939,0.0134905517625349,0.0,0.3088470777110763,0.020784315499167903,1.1507086851390629,0.007030335737708099,0.13746208501452672,0.0,0.22152194905082911,1.6620717594940233,0.157208545368057,1.4197959315575348,0.0,0.0,0.0,0.9664486200102804,0.5665212482920098,0.0,0.0,1.0107884038293231,0.0200583045959137,0.9516634458228488,0.0,0.23521272625528877,1.8623383043418824,1.2453086380885867,0.058736059918076976,1.9518441271267224,1.2155884899366263,1.5618505035914494,0.0771895547918219,0.264681758470812,0.13668937901703418,9.822521772537444,0.0,0.0,1.0589490749500738,0.0,1.3594738094903431,0.46983704647091645,0.0,0.0,0.0,1.134409794142697,0.0,0.0384226151733522,9.199491604634362,0.0,0.0,0.0,2.3417297408401403,0.1672463339369969,0.20842081425926526,0.3764755335515941,2.868178668512035,0.0,0.0,0.0474537704488473,0.46979139501056655,0.13384823017631656,0.0,0.0,0.13635366529527507,1.2638434769809743,0.0,0.0,0.15862244536379322,0.0,0.45785532654094374,0.3576480733711438,0.0,2.9103511163708013
s__Streptococcus_mitis,2.0600527908681245,0.0,0.0486155308351351,0.5232891513459933,9.07586057110605,2.0637373754479342,19.94181546635145,0.0197600734246118,0.14987123549972212,8.610100563209357,0.8865486145222862,17.508959109620527,40.49059431822093,34.95321098795497,58.52519042473192,62.96291248277719,65.0747023488888,5.128403145896587,27.346953514491197,28.403392365763587,49.93874341950272,42.06704150701727,34.92286342736253,34.219479386704485,27.77445015953196,10.176641133163184,65.71342410123273,39.04008012615532,55.293600671471886,23.040900035381288,43.785209633451096,44.145836779073434,9.09409671547167,47.55121742756376,54.70066820835224,15.421434832680292,29.634769083852774,33.878590179352805,37.51195027391515,46.28501878024729,33.49240789686037,59.42291376868523,55.37898753996164,13.107889723803504,55.042235353734284,32.01386124211226,70.56643083498109,37.0771237768102,14.635174311367566,5.935911551663688,47.1289208880205,31.89678931483041,22.836319198166024,54.44868679575065,54.039616147497796,27.494369933170322,19.29558620331017,100.0,25.290865374098363,10.33954614451558,29.50905415735774,63.20361511018873,38.13662901571042,51.281939815740586,58.78484636102036,36.723361754470915,57.10846096529053,53.55075855156628,41.27415265959414,54.3262683303402,8.010236525665848,58.34505885145553,56.083168677028716,28.293249691417355
s__Streptococcus_oralis,0.0,0.0,0.0011663598692933,0.0,0.0,0.0,0.1541860708841635,0.0464216825428647,0.14513116360267334,0.0,0.0,0.0,0.4615166658048971,0.5352349112974631,0.0,0.0,0.0,0.0,2.8916687144191457,0.0,0.0,1.3392245542971557,0.50724436862791,1.0940178250070403,0.07346229432024491,3.712076338277031,1.012530867992382,0.4924942916076101,0.7119225707967707,2.3383505899878143,0.27509830407076336,0.3593428555168152,22.686176890604713,0.7157621785563375,0.0,0.5983719850450656,0.0,1.3276267463525255,0.6874252804471129,0.4265674178591079,0.4167576850376863,0.0,0.0,0.2990206515122262,0.0,0.3781365980475455,0.0,1.5497588030247074,0.6522591548390249,0.0,0.0,29.348459224178754,1.4589527760907148,0.0,7.58821052146055,2.760513718724841,1.8092634214188885,0.0,0.0,21.10234799236185,3.8171096957362325,0.0,0.527314511247531,0.0,0.1153847955631879,0.34070670857995605,0.16430102680861408,0.0,0.46018256450571554,0.0,0.0,2.5507427499798436,0.0,16.672889252920715
s__Streptococcus_parasanguinis,1.408592489309711,14.712655979896097,2.67424642314587,2.71219443143131,1.1277473693273004,0.5102780859370438,0.6819380394423291,1.7327255259254677,2.117772452401414,0.0,1.5661349445004686,0.8070736535569719,0.0,0.4258793353411744,0.0,0.0,0.0,3.2564179836900493,0.5534968718019024,0.0,0.0,0.742758065233914,0.5178167921093985,0.0,0.032345999654707004,0.9736651023600011,0.0,0.0,0.3305805597679643,0.0,0.6297734175343556,0.34862257778047273,1.2491728522929946,0.0335705701860057,0.0,0.0,0.0,0.0,0.49794695858380067,0.0,0.4925318095899928,0.3070000029121256,0.0,1.8707791298254985,0.0,0.6901769065817455,0.0,0.0,0.0,0.5388847915246956,0.0,0.0,0.0,0.1547658089083071,0.35115043014545433,1.4106289826677105,0.0,0.0,0.0,1.263674521544463,0.480209545983695,0.0,0.4704188711303937,0.0,0.0,0.0,0.0,0.0,0.0,0.0,2.751697943229426,0.2867292197964771,0.0,0.5474819784328806
s__Streptococcus_salivarius,0.927203477845177,21.735044685600712,7.983578478781866,1.5078127107417343,1.05104616673754,2.0816501736742135,0.4721554230913789,11.283924992435743,7.987602476106277,0.2534490255273756,1.3400816153130353,1.783807104901473,0.0418660499094508,0.3458026934889955,0.0,0.0,0.0,2.6396128733150266,0.7371349904513866,0.22270899189874022,0.0,0.3851334076207739,0.4797878092632145,0.5506668184330727,0.290161666878726,4.7112651489296224,0.0,0.5532729423717644,0.302881771118095,0.24566533248265637,0.20466431658315484,0.5677262621925651,0.1145256291553379,0.0239479714042408,0.9244598792858603,0.13259976904428694,0.0,0.0,0.36591409697568533,0.1657693120306634,0.5369658073254987,1.110519515692037,0.0,0.1815486170485737,0.0,1.3270708790279817,0.0,0.0,0.08249649046691071,0.11794486559989083,0.31923543759595974,0.0,0.2851664463432631,1.4097397725381742,0.14331844455508566,2.279856632814272,0.004846842071409401,0.0,0.0,0.0925780217853812,0.6375796372422129,1.2163111513032014,0.4017588216108355,0.0,0.1370461777487955,0.6056015223356502,0.022869986144721098,0.0,0.03128560326232191,0.0,2.5969803454910854,1.069890414615538,0.0,0.394808022567695
s__Streptococcus_sanguinis,0.0,0.0,0.0021056408259809,0.0,0.0,0.16642178128945093,0.1805074454065281,0.0272197426424682,0.24094992829521983,0.0,0.0008667773142652001,0.0,0.2273234832602361,1.92028304915077,2.194555663805314,1.3778337281801618,3.629286558377803,0.48068630676288543,2.633405949356298,0.0,1.4371768440274257,2.9669964807997338,0.1986297113667252,0.23270151131255762,0.5524289232369823,7.838437165429932,0.0,0.12281241047541257,1.7268094900202295,1.4475753422959157,1.9358587149239215,1.5881279971264528,3.3247251123351655,0.56153531336993,0.0670542817079868,0.25374016063048077,0.0,2.3698368384397024,1.9963942590355401,0.0,2.7315411549943707,0.1531784528976103,0.0,0.0,2.12114866760756,2.1963714727756103,0.0,2.3751451637661796,0.29257177758337216,0.16536378654581052,0.0,1.1194650950103278,1.47417638058563,0.2262429678445169,2.635670725536277,0.49603788605489113,0.797197179571269,0.0,0.0,3.505470134424657,2.7033421428321898,0.0,0.14554670458416302,1.9754056890105256,0.530311779290559,0.09146629939968431,1.247948617121815,2.237934205022204,0.24398933291633987,0.0,0.6454710953974995,0.0369011636458737,0.0,2.1854819925371833
s__Streptococcus_thermophilus,0.0,0.0,0.0,0.0,0.0,0.0,0.0,0.0,0.0,0.0,0.0,0.0,0.0,0.0,0.0,0.0,0.0,0.0,0.0,0.0,0.0,0.0,0.0,0.0,0.0,0.0,0.0,0.0,0.0,0.0,0.0,0.0,0.0,0.0,0.0,0.0,0.0,0.0,0.0,0.0,0.0,0.0,0.0,0.0,0.0,0.0,0.0,0.0,0.0,0.0,0.0,0.0,0.0,0.0,0.0,0.0,0.0,0.0,0.0,0.0,0.0,0.0,0.0,0.0,0.0,0.0,0.0,0.0,0.0,0.0,0.0,0.0,0.0,0.0
s__Streptococcus_vestibularis,0.0,0.7373294615430874,0.0268778858375187,0.0,0.0,1.5389018539588484,0.0,0.0,0.0,0.0,0.023205493919876703,0.0,0.0,5.368874580027251,0.0,0.0,0.0,0.0,0.2766422285389936,0.0,0.0,0.0,0.4929484010796565,0.0,0.0,0.0,0.0,0.0,0.3540443121634372,0.0,1.2713233035649059,2.2058145974946717,0.0,0.5052467280149563,0.0,0.0,0.0,0.0,0.48190538123179616,0.0,3.446721997319909,0.0,0.0,2.429238019153171,0.0,1.6521658903872325,0.09094939478736232,0.0,0.0,1.6291115415754394,0.0,0.0,0.0,0.0,0.14353925530590936,0.5058668688358992,0.0,0.0,0.0,0.0,0.16636554849658522,0.0,0.40616896066590463,0.0,0.0,0.0,0.0,0.0,0.0,0.0,0.0,0.2069652801781374,0.0,0.4348724158593937
s__Sutterella_wadsworthensis,0.0,0.0,0.0,0.0,0.0,0.0,0.0,0.0,0.0,0.0,0.0,0.0,0.0,0.0,0.0,0.0,0.0,0.0,0.0,0.0,0.0,0.0,0.0,0.0,0.0,0.0,0.0,0.0,0.0,0.0,0.0,0.0,0.0,0.0,0.0,0.0,0.0,0.0,0.0,0.0,0.0,0.0,0.0,0.0,0.0,0.0,0.0,0.0,0.0,0.0,0.0,0.0,0.0,0.0,0.0,0.0,0.0,0.0,0.0,0.0,0.0,0.0,0.0,0.0,0.0,0.0,0.0,0.0,0.0,0.0,0.0,0.0,0.0,0.0
s__Tannerella_serpentiformis,0.0,0.0,0.0,0.0,1.0623825849136928,0.0,0.0,0.0,0.0,0.3233097685637445,0.03133564569039371,0.0,0.0,0.0,0.0,0.0,0.0,0.5437975611898453,0.0,0.0,0.0,0.0387762118465947,0.018935137205273,0.27162833831079075,0.0,0.018611037296652803,0.0,0.3337962244858444,0.34102069092434106,0.04363039192965439,0.0,0.0,0.0,0.0,0.0,0.0,0.0,0.0,0.0,0.0,0.0,0.0,0.0,0.0,0.0,0.0,0.0,0.0,0.004520508542699701,0.0,0.0,0.0,0.0258048900586793,0.0,0.0,0.12021384127551402,0.008610272385681,0.0,0.0,0.0,0.0,0.0,0.056495819818188804,0.0,0.0,0.32061566281526793,0.0,0.0,0.0,0.0,0.09991296413675838,0.0,0.0,0.0
s__Veillonella_atypica,5.811341183465037,8.703081430883564,14.315147546587873,7.192002449027898,3.189104418072429,8.625764409994236,0.856338169115034,20.98275077610089,12.435053189420064,3.163494414627156,12.74203247869462,3.5378793402411333,0.0,0.0,0.0,0.0,0.0,0.8163164584459781,0.09298175044488559,0.0,0.0,0.2575264027280879,0.294465189807332,0.0,0.0,1.5571980845464346,0.0,0.0,0.0,0.0,0.0,0.0,0.0,0.0,1.1600414197442026,0.0,0.0,0.0,0.0,0.0,0.0,0.8676957514820371,0.0,0.0,0.0,0.0,0.0,0.0,0.0,0.0,0.0,0.0,0.0,1.0254588113479728,0.0,1.8885526482947907,0.0,0.0,0.0,0.0,0.09148928924460051,0.9763507159968238,0.3186567782625631,0.0,0.0,0.0,0.0,0.0,0.0,0.0,1.019330272755975,0.7538641285284541,0.0,0.0
s__Veillonella_dispar,2.0535227005587307,11.385675950044476,3.8895521198745597,7.3716704196484795,0.162292994191387,3.9639455236359216,1.834002737885456,2.453007572261933,6.141992878265594,3.9238844032136497,6.930268642816573,1.8851819588722445,0.0,0.7876995188051985,0.0,0.0,0.0,0.6181604168922701,0.4403804414782839,0.0,0.0,1.4720889808804414,0.349634683702009,0.0,0.0,2.2078287538287253,0.0,0.0,0.3077538323243967,0.0,0.950500184087604,0.6692912839336979,0.0,0.24078202064443097,0.12900558711383478,0.0,0.0,0.0,0.5240428399654664,0.0,1.2098098003472002,0.3691498790006554,0.0,0.0,0.0,0.8764203434395955,0.0,0.0,0.0,0.0,0.0,0.0,0.0,0.421600893732085,0.0,2.7984275327086574,0.11573118433097823,0.0,0.0,0.026178581912547,0.35451959553376483,0.4288662147739301,0.33446785372101606,0.0,0.026407129293496395,0.0,0.22251757332197264,0.0,0.0,0.0,0.5979002117026023,0.43310505224744705,0.0,0.0
s__Veillonella_parvula,0.0,0.37157644293699404,0.010889466036323,0.0,1.6697797995545252,0.30118324392885304,0.0,0.361305590233162,0.33433158055014295,0.0,0.044787151858617605,0.0,0.0,1.727802968877427,0.34964870859745456,0.0,3.2873499184735517,0.044533326411888105,2.501954774445759,0.0,0.0,1.6763103632725689,6.2343359352157215,0.4877487402234756,0.19716553367078482,5.023132959629342,2.3016055530382884,0.6219796979852187,1.6409644793707163,0.48482981604027336,1.5227830235997242,1.4482625408830576,1.3940708221521194,0.0,0.0,0.07520216456895822,0.0,0.18693636044357487,1.5549865787986574,0.0,1.094668899650703,0.0,0.0,0.0,0.30377207566765424,1.6171156588527462,0.0,0.2226272110500142,0.07314294439582711,0.0,0.0,0.2738839825938318,0.5219567278246797,0.0,0.9513017836479086,8.14295816408206,4.714164046330809,0.0,0.0,1.3723799833382182,2.540886201528712,0.0,5.978561393255029,0.0,0.04257933188433839,0.514860645310504,0.36513579250269623,0.17702642816020028,0.0,0.0,0.09865603596148095,0.44577043680246203,0.0,0.782921612072609
s__Veillonella_rogosae,0.08689065300208448,0.0,0.0309859498019296,0.018771095828609596,0.8857814901116235,0.0,1.0669407004870406,0.0,0.22158718177236383,0.4456840768892829,2.064202744260875,0.17495549911435987,0.3716971812108017,2.55157966820667,0.33783174204092237,0.0838326741538801,0.12458113375639888,8.394934784824024,1.6302494665595433,2.314982900641722,0.0,0.6546471681039717,0.0,3.453838799334838,0.09350551902925681,0.18888103866937536,1.0122525785414926,4.003389630896527,1.4003813891980683,4.911796672519028,1.6652033512403335,2.1010890157834647,0.8576508220475019,0.9288098919350526,3.198217078734929,0.5314622020156171,2.8685361011027215,0.2607013387462392,2.9585329001208502,0.0,3.1773927824880226,3.1835612728372222,0.3131107748228002,0.6032645493679709,0.13259011395377676,3.0199915769740864,0.0,0.3384199556845101,0.5512899689692194,0.8008222547083863,0.0,0.0,5.054156652331008,3.47162955271549,0.17537280521778206,0.8405621441685055,2.8148405970579553,0.0,2.748296266943822,0.9336484537368837,1.706672366403452,3.204375423086894,0.0,0.0,0.2639694528683124,3.964075822408203,0.0,0.0,0.35437031338003944,0.45852479402552043,7.815245923127842,2.8786800941642725,0.26594703546538023,0.9747298949566746
s__Vescimonas_SGB15087,0.0,0.0,0.0,0.0,0.0,0.0,0.0,0.0,0.0,0.0,0.0,0.0,0.0,0.0,0.0,0.0,0.0,0.0,0.0,0.0,0.0,0.0,0.0,0.0,0.0,0.0,0.0,0.0,0.0,0.0,0.0,0.0,0.0,0.0,0.0,0.0,0.0,0.0,0.0,0.0,0.0,0.0,0.0,0.0,0.0,0.0,0.0,0.0,0.0,0.0,0.0,0.0,0.0,0.0,0.0,0.0,0.0,0.0,0.0,0.0,0.0,0.0,0.0,0.0,0.0,0.0,0.0,0.0,0.0,0.0,0.0,0.0,0.0,0.0
s__Vescimonas_coprocola,0.0,0.0,0.0,0.0,0.0,0.0,0.0,0.0,0.0,0.0,0.0,0.0,0.0,0.0,0.0,0.0,0.0,0.0,0.0,0.0,0.0,0.0,0.0,0.0,0.0,0.0,0.0,0.0,0.0,0.0,0.0,0.0,0.0,0.0,0.0,0.0,0.0,0.0,0.0,0.0,0.0,0.0,0.0,0.0,0.0,0.0,0.0,0.0,0.0,0.0,0.0,0.0,0.0,0.0,0.0,0.0,0.0,0.0,0.0,0.0,0.0,0.0,0.0,0.0,0.0,0.0,0.0,0.0,0.0,0.0,0.0,0.0,0.0,0.0
s__Victivallis_lenta,0.0,0.0,0.0,0.0,0.0,0.0,0.0,0.0,0.0,0.0,0.0,0.0,0.0,0.0,0.0,0.0,0.0,0.0,0.0,0.0,0.0,0.0,0.0,0.0,0.0,0.0,0.0,0.0,0.0,0.0,0.0,0.0,0.0,0.0,0.0,0.0,0.0,0.0,0.0,0.0,0.0,0.0,0.0,0.0,0.0,0.0,0.0,0.0,0.0,0.0,0.0,0.0,0.0,0.0,0.0,0.0,0.0,0.0,0.0,0.0,0.0,0.0,0.0,0.0,0.0,0.0,0.0,0.0,0.0,0.0,0.0,0.0,0.0,0.0
s__Victivallis_vadensis,0.0,0.0,0.0,0.0,0.0,0.0,0.0,0.0,0.0,0.0,0.0,0.0,0.0,0.0,0.0,0.0,0.0,0.0,0.0,0.0,0.0,0.0,0.0,0.0,0.0,0.0,0.0,0.0,0.0,0.0,0.0,0.0,0.0,0.0,0.0,0.0,0.0,0.0,0.0,0.0,0.0,0.0,0.0,0.0,0.0,0.0,0.0,0.0,0.0,0.0,0.0,0.0,0.0,0.0,0.0,0.0,0.0,0.0,0.0,0.0,0.0,0.0,0.0,0.0,0.0,0.0,0.0,0.0,0.0,0.0,0.0,0.0,0.0,0.0
s__Waltera_intestinalis,0.0,0.0,0.0,0.0,0.0,0.0,0.0,0.0,0.0,0.0,0.0,0.0,0.0,0.0,0.0,0.0,0.0,0.0,0.0,0.0,0.0,0.0,0.0,0.0,0.0,0.0,0.0,0.0,0.0,0.0,0.0,0.0,0.0,0.0,0.0,0.0,0.0,0.0,0.0,0.0,0.0,0.0,0.0,0.0,0.0,0.0,0.0,0.0,0.0,0.0,0.0,0.0,0.0,0.0,0.0,0.0,0.0,0.0,0.0,0.0,0.0,0.0,0.0,0.0,0.0,0.0,0.0,0.0,0.0,0.0,0.0,0.0,0.0,0.0
