clade_name,010083,010084,010085,010086,010087,010088,010089,010090,010091,010092,010093,010094,010095,010096,010097,010098,010099,010100,010101,010102,010103,010104,010105,010106,010107,010108,010109,010110,010111,010112,010113,010114,010115,010116,010117,010118,010119,010120,010121,010122,010123,010124,010125,010126,010127,010128,010129,010130,010131,010132,010133,010134,010135,010136,010137,010138,010139,010140,010141,010142,010143,010144,010145,010146,010147,010148,010149,010150,010151,010152,010153,010154,010155,010156,010157,010158,010159,010160,010161,010162,010163,010164,010165,010166,010167,010168,010169,010170,010171,010172,010173,010174,010175,010176,010177,010178
g__Abiotrophia,0.0,0.0,0.0,0.0,0.0,0.0,0.0,0.0,0.0,0.0,0.0,0.0,0.0,0.0,0.0,0.0,0.0,0.0,0.0,0.0,0.0,0.0,0.0,0.0,0.0,0.0,0.0,0.0,0.0,0.0,0.0,0.0,0.0,0.0,0.0,0.0,0.0,0.0,0.0,0.0,0.0,0.0,0.0,0.0,0.0,0.0,0.0,0.0,0.0,0.0,0.0,0.0,0.0,0.0,0.0,0.0,0.0,0.0,0.0,0.0,0.0,0.0,0.0,0.0,0.0,0.0,0.0,0.0,0.0,0.0,0.0,0.0,0.0,0.0,0.0,0.0,0.0,0.0,0.0,0.0,0.0,0.0,0.0,0.0,0.0,0.0,0.0,0.0,0.0,0.0,0.0,0.0,0.0,0.0,0.0,0.0
g__Actinomyces,0.0,0.0,0.009614315716101302,0.0,0.0,0.0,0.0,0.0,0.0,0.0,0.0,0.0,0.0,0.0,0.0,0.0,0.0,0.0,0.0,0.0,0.0,0.0,0.0,0.0,0.0,0.0,0.0,0.0,0.0,0.0,0.0,0.0,0.0,0.0,0.0,0.0,0.0,0.0,0.0,0.0,0.0,0.0,0.0,0.0,0.0,0.0,0.0,0.0,0.0,0.0,0.0,0.0,0.0,0.0,0.0,0.0,0.0,0.0,0.0,0.0,0.0,0.0,0.0,0.0,0.0,0.0,0.0,0.0,0.0,0.0,0.0,0.0,0.0,0.0,0.0,0.0,0.0,0.0,0.0,0.0,0.0,0.0,0.0,0.0,0.0,0.0,0.0,0.0,0.0,0.0,0.0,0.0,0.0,0.0,0.0,0.0
g__Adlercreutzia,0.0168058838283806,0.0,0.0,0.0,0.010982801883243198,0.0051590179750924,0.0,0.0,0.0,0.0,0.0,0.0,0.0,0.0,0.0896190051185972,0.0035385667347667,0.0,0.0,0.0338116716813596,0.059964964947874295,0.0,0.060393709360837995,0.0,0.0031028132299415,0.787174532280259,0.0070758927941054,0.0,0.008522150314211701,0.026959540639039905,0.0105542894800809,0.0,0.06790646296071241,0.0,0.030917863352754992,0.08387664686373202,0.0,0.0,0.0014649765204758003,0.0,0.03905796533731639,0.0,0.14064551308511167,0.022801400498230106,0.028937016675570203,0.0,1.3201900186841133,0.5629821605210567,0.0082950707691007,0.0176407803136945,0.0016520664537375998,0.0,0.0790129274298996,0.029942190998757903,0.0,0.012235309348396502,0.0,0.06960628140664293,0.0029797122693934,0.11198245045549853,0.0054998705181237,0.035889849643909,0.0559558946625988,0.0404243713841,0.0,0.0,0.0,0.0,0.0157330129552894,0.0,0.0,0.2657928233570935,0.0,0.0624752568924274,0.004902628491195899,0.0788376556575559,0.0129165261003053,0.10667178906480539,0.02533426807399491,0.033507025117813095,0.0,0.0986640742345762,0.0824537668672333,0.0663420335021326,0.0660884694589466,0.005855886949321701,0.0278021486429864,0.0,0.0,0.0,0.2752967409806742,0.0065431902605298,0.0,0.0,0.0,0.0,0.0025735646481974
g__Agathobaculum,0.0889785202692906,0.030360302534378703,0.17249145516133593,0.0,0.12602968116704638,0.0729148988470561,0.08589466372552941,0.08096834873638241,0.010582965436034904,0.0,0.0033977171847693,0.17447859835165896,0.1226429980276113,0.3150217542383645,0.1036557167636798,0.022292970429024204,0.0484223491664976,0.0418806828583745,0.0238297276525622,0.2177373366238071,0.04788306399280501,0.44687771334764437,0.0279429898969998,0.0459367714774147,0.2277473082527598,0.0143557470213002,0.03449360262060341,0.031099293146614006,0.13683354951346352,0.0739638856413317,0.0744039295947934,0.09876531677137394,0.04126946099934971,0.1265432142862048,0.025676524550129604,0.010015689876399801,0.024110086972280207,0.0653879764017091,0.032081122430693,0.06130327795258409,0.6057041488014699,0.1378753056261302,0.13056239816862683,0.051019666348638505,0.0,0.037907707920369606,0.0395624884477686,0.0,0.0,0.0450233495084404,0.059033947633842,0.1415751536844288,0.0015669284716339,0.04573837064014801,0.029416164008177804,0.0738516425133431,0.4623554799582129,0.0673688969413367,0.15261594849556726,0.0230220710633021,0.0018656192147583999,0.0755062340057192,0.0358605391693156,0.0270500010543686,0.0,0.3159782916752383,0.07721941449721141,0.0252247178198088,0.04311028249340961,0.022851568875996507,0.20777562929959287,0.0003841885289949,0.0,0.03719932545897149,0.0104872298684403,0.0790287452189674,0.07270630767908348,0.11232932972141704,0.08750883799177028,0.0482758187248807,0.0758183361480731,0.05229822436437959,0.012797039345539602,1.3331733812369284,0.032141949316778315,0.0281681757859679,0.0024036349478743,0.0,0.0471875909598446,0.21949350267086712,0.010421060012837,0.21658591065515953,0.020162322739065205,0.3183087490946107,0.035730995550061706,0.0177867546868036
g__Aggregatibacter,0.0,0.0,0.0,0.0,0.0,0.0,0.0,0.0,0.0,0.0,0.0,0.0,0.0,0.0,0.0,0.0,0.0,0.0,0.0,0.0,0.0,0.0,0.0,0.0,0.0,0.0,0.0,0.0,0.0,0.0,0.0,0.0,0.0,0.0,0.0,0.0,0.0,0.0,0.0,0.0,0.0,0.0,0.0,0.0,0.0,0.0,0.0,0.0,0.0,0.0,0.0,0.0,0.0,0.0,0.0,0.0,0.0,0.0,0.0,0.0,0.0,0.0,0.0,0.0,0.0,0.0,0.0,0.0,0.0,0.0,0.0,0.0,0.0,0.0,0.0,0.0,0.0,0.0,0.0,0.0,0.0,0.0,0.0,0.0,0.0,0.0,0.0,0.0,0.0,0.0,0.0,0.0,0.0,0.0,0.0,0.0
g__Akkermansia,3.6280912664792537,0.0,0.0,2.1419533355239375,0.858931650556243,0.071082396987128,0.8199297531747174,0.0,1.1903608122815967,0.0,2.710286190065192,0.12879785970044208,4.047179487179559,8.744997826202612,3.99456101963462,0.0,3.363329942801801,0.0,0.0,0.0,0.1955605796550164,0.0,2.0180805698274336,0.0,0.044577584465144,1.154343264581606,0.0,1.1652795009638675,0.5321578891358208,2.021835279527554,18.643900637811075,0.21371905874444228,0.0,0.10921263746231828,0.47052879635197353,1.3764889598099408,0.24379290013090468,1.8635573274492834,0.0,0.4295947292905493,1.0135150967871156,0.0,0.0,0.0,0.0,0.0,0.0,0.0,0.0,1.1774513625281908,0.3886865913614718,0.0,0.3478368019480226,0.47222237265476835,0.025877149932146404,0.9731926325791016,1.3297855634195828,0.2516829380647742,0.0,0.1633102255858872,0.2437314902881019,0.0,0.0,0.026504638129885398,0.0,0.6231298121305988,1.9219449663575683,0.0434842996958601,0.7200268546432633,0.0,0.0,0.30558995910470954,0.0,2.736525921637362,1.455270762817573,0.40005823767029064,0.0,0.05463757147956312,2.8260092218322472,0.0,0.0,0.0,1.125749902610048,0.0,0.0,1.829594631304836,0.1810330931644747,0.0,0.487986692526978,0.0,1.8873786549923235,2.7065007381964437,0.0159546409434585,0.004651659182498801,2.6996111852958005,0.1031581061200995
g__Alistipes,10.989847603487416,31.41877557283524,13.12484674295417,55.22869934586135,40.22744025796518,21.74152572937679,8.084629799066494,12.456320321536806,12.632468092359215,30.08156088234249,34.38385779236126,21.034734065626463,10.52110453648929,5.662433634123314,37.739220719561004,52.823016503250955,13.051067635683827,19.192254044527065,24.57606549078489,25.664017167273244,26.648378630864627,14.165764427680926,22.320773007887002,33.54563008487735,28.435041660420328,18.10411885993737,30.978182171674106,26.61378388325045,29.444352762813292,16.578464673140004,35.85284195815146,28.683681462321335,24.0555810619963,19.023829900317242,27.937485184127127,20.81914358242128,12.372007085949404,31.348044000272186,20.556443732123793,18.939038693691426,19.720132691794152,17.08215033795447,26.720756913619383,40.86606402897096,4.906339851458233,31.602935876400267,37.07586212379278,4.3851377282689725,30.728724212410864,16.681096529153848,2.4897837836596652,19.42614311881305,16.510703986852388,19.16038524829259,23.98545616454681,31.635879911337874,8.911726162777265,3.563907122026053,10.503044112550944,16.170600455964255,30.987235549934066,12.338231993367488,31.157438558921584,30.811987222510616,11.134149695096857,30.977629038719673,7.12442770973374,22.842108699004275,28.221180626887154,1.2322827099002165,29.325579405754056,15.323215408265273,23.240191152201916,8.806055807580519,15.823446156866835,29.29857598132347,27.314286836539996,20.293677650432628,13.47233198513815,17.001003225720414,13.353716762131098,26.355729517304045,23.46507596416091,29.748537987711714,6.052566236133573,31.228290015082116,17.156711702456715,35.72338127642263,16.02319212016071,33.008390345776014,78.87246189707035,37.18348428715007,38.71828583239015,18.875773152767845,9.7416695980029,17.746122791742234
g__Alloprevotella,0.0,0.0,0.0,0.0,0.0,0.0,0.0,0.0,0.0,0.0,0.0,0.0,0.0,0.0,0.0,0.0,0.0,0.0,0.0,0.0,0.0,0.0,0.0,0.0,0.0,0.0,0.0,0.0,0.0,0.0,0.0,0.0,0.0,0.0,0.0,0.0,0.0,0.0,0.0,0.0,0.0,0.0,0.0,0.0,0.0,0.0,0.0,0.0,0.0,0.0,0.0,0.0,0.0,0.0,0.0,0.0,0.0,0.0,0.0,0.0,0.0,0.0,0.0,0.0,0.0,0.0,0.0,0.0,0.0,0.0,0.0,0.0,0.0,0.0,0.0,0.0,0.0,0.0,0.0,0.0,0.0,0.0,0.0,0.0,0.0,0.0,0.0,0.0,0.0,0.0,0.0,0.0,0.0,0.0,0.0,0.0
g__Anaerobutyricum,0.0034959607963797002,0.000945334329816,0.00046222671712020007,0.0,0.009788262713259999,0.0,0.006053163483209301,0.006612999334026401,0.0,0.025661281790185397,0.0,0.007840221142732398,0.0,0.0204694752203344,0.0035459874697807998,0.005141329314631601,0.025669495095844104,0.010516362644217,0.0077316791899354,0.0258909132772701,0.019352565325809604,0.014551221023890098,0.0058505635096861,0.0145870060992984,0.0049666909789255,0.0109197813407923,0.011565292082522402,0.0,0.015345962777943202,0.0,0.0,0.0,0.005352104778919701,0.017916358892957895,0.0,0.011311354069856004,0.0051214237032620015,0.0,0.0096397356679767,0.028764504487091395,0.0,0.031435832469224594,0.0,0.0020989449194217,0.0,0.0,0.0199449188214916,0.0016962215952646001,0.0023521040418258,0.0015976027244935002,0.1558614219871269,0.0234465381758253,0.0,0.0018567674143507005,0.0006200836628976001,0.0144588039216882,0.0,0.0307903601170653,0.09789085650158995,0.0,0.0,0.0088411454359868,0.0064101688942978,0.0018178764149439997,0.013096553972948101,0.0003772124452947,0.006279702995167001,0.0,0.0008955970459007003,0.009681922344286503,0.0067566424244016,0.0,0.0104609732471069,0.005155341300020299,0.0142697168776848,0.0109195631834818,0.0042776329032294,0.010541870437456703,0.008068409422545398,0.0,0.0008631540288617,0.015149314650013398,0.0098558628749514,0.042927314759750694,0.0,0.0,0.0,0.0,0.0,0.015704346843816604,0.0060513070766089,0.006239439049735002,0.0,0.00014845720795200003,0.0032657361524248006,0.0025355316731009
g__Anaeromassilibacillus,0.0,0.0276887055153263,0.0,0.0,0.017500578713636798,0.0080186546354944,0.0137497197672902,0.0,0.0,0.0,0.1061613267322604,0.011167600218771898,0.0,0.0,0.0113986932852127,0.0,0.0059401746533511,0.0160132022693788,0.0077316791899354,0.0368546113631194,0.013268550690120501,0.010921791374799998,0.0093143299656694,0.0041433908375437,0.0159884527500599,0.0019454782848537,0.0,0.0,0.0,0.0026235974984536,0.0204328584583652,0.0035879919463380015,0.0,0.0,0.047099564225288305,0.0,0.002481920717734701,0.0,0.0019813301213199,0.026534254636203694,0.0226061471454222,0.14712757955037986,0.0005572643706289001,0.017403751623539302,0.0,0.0020154215313407005,0.2539294471294173,0.0,0.0062193021286118,0.11885801178703849,0.0,0.0417653375148125,0.0,0.017298883077035105,0.011085885973269002,0.0,0.0,0.0402603652030994,0.022180778503121206,0.0096731391022277,0.0103192062816332,0.0,0.0397612504640136,0.05388185693894399,0.0037418725636993006,0.2257113535161929,0.012266353183893302,0.0,0.0,0.008035716527822602,0.1062248319506966,0.012149962229465202,0.1421530031245719,0.007935182197090298,0.0019608210248591,0.0041922058395726,0.0126983819517251,0.0066572826661108015,0.006876134909150199,0.0,0.0128220138803522,0.0240922394729256,0.0809894818854405,0.006322892699485499,0.020348389287587507,0.0,0.0,0.0,0.0780792175782155,0.046894924603041906,0.0672278481837936,0.0024035833806367005,0.0,0.004024839860034501,0.004375659550634701,0.0
g__Anaerostipes,0.0818812986525307,0.0256199303877723,0.057119666568129106,0.055529599636731604,0.0174193964399486,0.0,0.006477706623434401,0.036990734790686305,0.003174889630810301,0.312261583299665,0.0254828788857708,0.005967728464313499,0.0385207100591503,0.0400282322634723,0.0334353489797466,0.04128674775535011,0.05318670518668169,0.0071905437113461,0.0,0.0387327086992787,0.008824935905009702,0.012541075372086399,0.0273608442741474,0.0200547684374272,0.0127233133102107,0.0129907743537012,0.0314951935621602,0.02420290689234701,0.023103771096843202,0.0666681282141155,0.0023911883580119,0.0035030690600341007,0.027962016804153104,0.0677649842338864,0.0,0.14653345045038932,0.0011293395858474004,0.0,0.0057386711804036,0.05016632517155269,0.0129001799858765,0.07515693280001959,0.00016253544143340006,0.0006449882825306001,0.0,0.0,0.0145904212715248,0.010177329571588001,0.023298544089967,0.0025961044273019,0.24691989312922402,0.0084826906408472,0.0038267164715414,0.0,0.0011040513997934,0.0230257298987075,0.10994397033889734,0.012826462584917698,0.14220551968436654,0.00139569578475,0.0052936945218773,0.0217891455261095,0.0200756607967465,0.0,0.0016036596701568,0.0,0.0,0.0014886270938598,0.011222604957892403,0.16121656283941643,0.0802040671674082,0.011173483051603102,0.0023014141143635,0.005559681794139599,0.0050854842064089,0.0579827388756968,0.04435017510045909,0.025179447546876007,0.017668274901090093,0.030403160043177502,0.0007100137979347,0.014076163671263898,0.0020841449162445,0.06566694327897038,0.0,0.0,0.0015616837231951,0.0099735289731016,0.0576587581296683,0.009356025349203602,0.0016701149965687003,0.0,0.061177965814126406,0.00036289539721610003,0.021558127542151903,0.0167218313841012
g__Anaerotignum,0.2144961488621917,0.0,0.13745467000363512,0.0,0.0,0.0277326396127004,0.09342688072951072,0.0,0.007909374167983901,0.30200270732863355,0.0,0.2741922012700427,0.8173767258382502,0.0,0.0490794113464287,0.0,0.2323234374706309,0.0827143486452889,0.21629468699006876,0.0,0.0,0.03573592269871409,0.3595185830342629,0.215683358666652,0.0,0.0143400576802933,1.0799626912244151,0.0,0.11098447050258893,0.10439282466448388,0.0,0.0,0.13968265295457902,0.1511317738195434,0.0,2.1047345009256135,0.04535742941297431,0.03696981398013081,0.0,0.28681584941353333,0.2160718483293933,0.035432376827034595,0.0,0.0,0.1267726877552925,0.0,0.3763463550894526,0.4472443895281955,0.185350036521174,0.1358688498876059,0.3722973776930415,0.011037028946181,0.0,0.025546025009110206,0.11689333245208501,0.8253539020824147,0.4734924849832906,0.0668037790971348,0.0,0.0514887375641281,0.0205101512422518,0.1512691464273121,0.0,0.0,0.20569905009891779,0.0,0.0,0.3429441738891089,0.0,0.22700899191095847,0.0,0.005810851501048601,0.0032312784029951995,0.3235987516997991,0.0321827657241363,0.0,0.006268480921084599,0.0,0.21637726772410523,3.2457337374518698,0.1100660605190686,0.4870138000061572,0.0,0.0,0.23354847447602106,0.0,0.0105787097423397,0.0,0.0,0.0,0.1873274190671912,0.6037603897361095,0.18990094672839403,0.0,0.0,0.0
g__Bacteroides,4.013405114253683,0.6192624885172232,8.586577721920294,3.3516044165062207,6.330558909800921,2.553865633493526,10.927726734453968,2.705908469546215,9.68401214701638,10.236765838619474,0.7260886953267602,3.9895948680229067,3.517080867850047,1.7734284961548628,9.36431487534386,9.514800055368184,8.270860969525149,1.5233020578042271,27.769345161392245,4.369600775044425,7.452980222384219,4.901472152503074,5.723713978466167,12.269261375310663,5.772214675100251,3.0470582956292054,22.110851420859312,9.222277740025458,15.172669071638767,18.008253430413763,18.815932785645202,20.35376539054827,4.006414515781944,5.808772157921107,1.8462199228043,5.378877917789474,0.6021087133801337,10.820602429312203,57.439940802373165,14.295172424047268,5.92197191707281,30.95830564038358,29.109830538227044,14.829406611873331,0.060261433307666194,18.742056868082415,12.423521582892409,38.31380471586838,8.130630349050119,3.739043940065936,1.968541232147477,7.840026748115761,6.554706962524095,9.731209707180136,4.287424809184361,3.643686311000443,2.5558407904013563,2.4176255118169383,0.6282365530788215,6.900181772102516,0.8191117763597788,8.814465140646988,11.861191888340892,3.833537783834125,4.3393545804380524,5.0653470266480625,1.8479700650744137,2.5114231643759144,16.673297033274064,4.877986852116855,32.57079121229452,14.81266086894171,11.395161404680957,3.9289765813567383,7.375811716652052,6.293534853801113,7.265048322454956,6.010217310314228,43.300604370117945,10.899964961732971,4.157729425992814,7.979521417589538,7.102025710946674,6.290856709808192,9.062295841371618,7.050271600097205,0.8056386831502109,24.48373262524326,6.5810612275406895,5.711193388010807,2.136065641467712,14.239272445188467,17.86637217007189,6.957529526901615,3.7500896476590344,14.93821162865828
g__Barnesiella,0.3360544965531946,0.8927244192872883,0.5302664898803542,0.0,2.508033565854838,1.112807180419273,0.13507319329160414,0.12398789564079292,0.07096156823950221,2.5267977905087053,0.1218844363577229,0.38116676500621305,3.2850690335306116,0.0240472966306683,0.8475400846889688,0.0,0.2353775118425334,1.0293255624136797,0.8851041699522949,0.0,0.8732325989394684,0.934159354296551,3.8555795674454734,0.8297944234878316,1.2483716458356873,0.5704016816463084,1.4879366983494693,0.7392113182547133,0.9204184589568728,2.3245672831162625,1.7176429368760138,1.0265903110842018,0.37557576086358285,1.4431527076704818,0.8886930441516669,0.5092165941266141,0.0,0.08988762439049651,0.3128243080666369,0.7461758363294002,0.1743250899620912,1.7266604546863167,0.0,0.38826108207388205,0.0,0.0,1.825731680983711,1.8565090643346258,0.2028848662023493,0.0668633049353173,0.029435027748578504,0.9094969345080967,1.481386968335574,0.376846419804272,0.21686291810463976,0.5400718809109324,0.5377339895791021,0.1850846563655256,1.1249359313136806,0.8983858847343106,0.4175722207433341,0.8330212789258634,1.3623754291595145,2.8028018565608717,0.5471746189377829,0.6459134438264088,0.18761659315225201,0.6078241966910689,0.3899827580983396,0.27011726286753684,3.2407507659204597,2.776322396926644,0.6088053963744012,0.14225204008732598,0.10597288854995611,1.6134610596480172,0.21474255241241696,0.11339899881786754,1.8983271463536595,0.2662633337889656,0.024168312808134,0.9205310237216223,0.1134982469809116,0.0,0.5899724315311115,0.5574752529844393,0.2774636681071671,0.5280887007643325,0.9413781301761235,1.9159073553742272,0.0,0.5053287114290703,0.12183768343054281,1.1850844053455798,2.721446793687485,1.8591405663262264
g__Bifidobacterium,0.40005585113270636,0.2026714600140582,0.578130066438141,0.0,0.7072715658390132,0.1839738491479505,1.3529642081373336,0.24122258701467764,0.0,2.865467524316224,0.558023041723099,0.680765593553223,0.0582051282051072,0.2885025082696251,0.7274304952713644,0.0,0.09939485043355331,2.8755246055940513,1.8245416575950757,0.9531343981088063,2.671837594600722,0.3884494797351787,0.3146206018715964,0.6691292408740359,0.6849588055905,5.1893436740734185,0.1757281880316199,0.31351024355909957,0.10956554731105841,0.0041809841413713,0.2827965081260795,1.3272704054037914,0.2284474927573061,0.0,0.3594972795851264,0.453749826987644,0.5476640398578015,0.0,0.0,0.30758862526824077,0.085960090345629,1.7379383743809393,1.0298245569225646,0.590382918611318,0.0,0.0,1.7319812096885614,0.018001835640067104,8.710964343586106,0.6059634515698246,0.4079275282082775,1.0635197218744932,0.2533627404235537,0.7106622547809659,0.022186895938315902,0.835884787374307,0.0036331083465910015,2.2014251244543663,0.498035852203774,0.1265661157675524,1.8758568001995122,0.7522103576585599,2.270630049389493,1.7618131063072207,2.0852624270260485,0.6692628941901444,0.17298488517353622,0.0629866803383407,0.7312715731084491,0.09746096469331803,0.8570404509886947,0.19556796911375543,0.675127966761064,1.2031909540944585,0.7962830929661973,0.1533979102986668,7.069232277887955,3.2160586606532733,0.2758265417368353,0.0,0.012766326523651398,1.7051474759846543,2.473548889754579,0.020119330643768498,0.02345626224951791,0.3179502734620583,0.46132137183182836,0.0687573664068107,0.9227421461616071,1.3746010200478074,0.0836658978418051,0.15300619136737303,0.0,0.2237085171384363,0.8522931017406875,0.3743458962166189
g__Bilophila,0.3210597731374104,0.3446086144618344,0.0,0.8578749731368571,0.12829118736265407,0.0358680141118941,0.0,0.05411910409047311,1.1551863771612885,0.48426685816567416,0.6716558792035102,0.0340955321516384,0.0927613412228508,1.2390754475800332,0.5971982772635809,0.0,0.4282423084282064,0.730371393892282,0.0,0.718530771771164,0.8428540548711642,0.8601078219792715,0.4777960199576973,0.9264357038447916,0.4101505673831158,0.2369718065679727,0.9332548194368776,0.3200788548013028,0.24103186562178364,0.0,0.0,0.0,0.5070482122695502,0.10456924301239108,0.2050490940336217,0.026304039736992905,0.2844228615101189,2.4833495890145487,2.2756038411523525,0.8536281304272885,0.2184027603918525,0.0,2.268274962599452,0.3403679690947842,0.1602585715473982,0.0,0.0,0.7226341730432698,1.04439776495022,0.6158940048686794,0.0244199283660256,0.6422445237560048,0.367823134494374,1.4587228998993547,0.27879566443550885,0.0769838190069043,0.5282267901674546,0.1627881886945503,0.016881776450578603,0.3883765349544463,0.2010671108705837,0.7426276967989113,0.5184565405501725,0.531310739795689,0.5879639996222333,0.0,0.09501190631684592,2.778228842409451,0.8497225749940785,0.04773996867744831,2.13434169417544,0.015479596147421401,0.9475084635085184,0.44500198505908256,1.0699504557454231,0.4196737953993944,0.0,0.06104151146494512,0.5238093622944923,0.9845478099511634,1.2446820314580738,0.9374331516369584,0.0387417218542997,0.24287882785645246,0.02579534558402361,0.3190483548909908,0.3364953128439374,0.0,0.0,0.539802483399086,0.0,0.036695803804353104,0.016398853684343705,0.07116048834503001,0.43737385293686865,0.5684028128174227
g__Bittarella,0.0,0.0,0.0,0.0,0.0,0.0,0.0,0.0,0.0,0.0,0.0,0.0,0.0,0.0039030779021822005,0.0,0.0020815098439803,0.0039092151960355,0.0,0.0,0.004304989348505,0.0,0.0,0.0,0.0,0.0,0.0,0.005282911198189101,0.0012193230449564004,0.0,0.0,0.0,0.0,0.0,0.0,0.0,0.0,0.0,0.0,0.0,0.0,0.0,0.0,0.0,0.0,0.0,0.0,0.0016250549332867002,0.0,0.0,0.0013434386546876,0.0,0.0,0.000415715716964,0.0,0.0,0.0,0.00016977141806500003,0.0,0.0,0.0,0.0,0.0,0.0,0.0003635752829887,0.0,0.0,0.0,0.0,0.0,0.0,0.0081056043094834,0.0,0.0,0.0,0.0,0.0,0.0,0.0027023219278927003,0.0,0.0,0.0,0.0,0.0,0.0,0.0,0.0,0.0,0.0,0.0,0.005177383352749501,0.0004575657524845,0.0,0.0,0.0,0.0,0.0
g__Blautia,0.31261471121359047,0.021304273664697802,0.12445454358461412,0.41689582391143903,0.10267238128017417,0.0540412968884036,0.15393112568159173,0.1507436703314508,0.024090171321500306,0.39398029450298255,0.0169192447568108,0.25932002920545977,0.2426429980275297,0.5220800369491183,0.0947968830156371,0.31709720963196386,0.419767252046163,0.3592654312994272,0.1841755221960625,0.2366158734835209,0.16231652698692903,0.16249794099661347,0.11194660327488871,0.21723476528163138,0.2245741445717345,0.18778572251139403,0.17292015415153472,0.18302956674827356,0.18040374534027112,0.23720196561358417,0.066932748802363,0.11045282899893552,0.19340394956202525,0.27393169781072524,0.0023861012713250005,0.12732471462992923,0.13376108164465775,0.05792016926075111,0.1345559269437194,0.4930710712003549,0.0503427674018619,0.4077241705527447,0.05269631204760582,0.13885832482547583,0.0473670654820076,0.022940239194968903,0.3458444247228772,0.1300837813090761,0.11486108070914618,0.23524700118165479,2.402330939524659,0.21429754648175553,0.0082610174524918,0.12383091347538443,0.10458240314479171,0.14968417502531162,0.5978840029994248,0.22128644796031469,0.3247631744679371,0.033828349317504704,0.025745545163667498,0.1067782210075181,0.2082069665403208,0.1773156655136118,0.1089003705641637,0.034565233737177,0.18152528124691394,0.0242277473808013,0.07192418251337081,0.735909803546206,0.20165796882072579,0.0534182133856727,0.2876186477773489,0.20606202431549345,0.1596487827981817,0.14865335301399818,0.20268985089888736,0.07559464101409963,0.13824217418245247,0.2306947789839238,0.0740224188944817,0.3243598833269675,0.39602649006614143,0.7559673296703705,0.17369738411958216,0.009023364785674,0.0233437766971529,0.0,0.12272477277818601,0.08815327442518651,0.061039271381426605,0.05347149876922181,0.14654084752088564,0.11038618173502182,0.09421542076338711,0.1008888052726893
g__Butyricicoccus,0.2937449469150744,0.096136391193025,0.0,0.0,0.23968486433049804,0.3218783680975589,0.16718782760862644,0.07358422227154841,0.03790372620642751,0.08160597630255298,0.0,0.0,0.442406311637055,1.1464423987015726,0.0,0.0,0.0191337759399717,0.2400748555616691,0.0436397514476477,0.0,0.06590669779408162,0.36449524405122397,0.0349287373712566,0.0,0.0,0.0952342999117799,0.0,0.0,0.0,0.0,0.0,0.020710568897352507,0.24637886421054084,0.23998491253985954,0.0,0.008185307126914003,0.047156493636954115,0.0,0.0,0.21669164737119148,0.7188582132091389,0.0,0.5616644372221955,0.0,0.1234175206170004,0.0,0.0,0.011085628877439501,0.2118906699660978,0.1288974925443599,0.1520591244160668,0.0217500000476557,0.0,0.14482785831934092,0.015986059309338902,0.0092780146944791,0.6594091649062749,0.0,0.14600391938573276,0.0519585757491035,0.0838945640636699,0.0171404142162196,0.0,0.0,0.0524010645924343,0.0136802380160235,0.029326212987431207,0.1568931014152381,0.0,0.15485495392153645,0.0,0.016824255998903904,0.0,0.29719026317761194,0.05361264195711439,0.10354465166591778,0.0,0.12441940543005384,0.0,0.10191343505428609,0.0,0.1049005081727412,0.0438644331904855,0.0,0.06860220632808103,0.0368891703230732,0.0055270023942648,0.0,0.0,0.6232375658997125,0.034443262018266,0.30797146781897794,0.07550382670765951,0.5372171498426453,0.34550634705423583,0.1321772661187514
g__Butyricimonas,0.1610458566862447,1.0051918035403384,0.07689141439292621,0.0,0.0,0.06376406153376529,0.0847990685249447,0.07615464604096242,0.20262201323649223,0.6989282011145386,0.10543324447836991,0.1156095839293825,0.0,0.7638106616909536,0.0,0.0,0.18698570341973708,0.0474237144131607,0.0,0.0,0.6885318815863769,0.056931791849416394,1.0469015808600837,0.051328855444084595,0.0166016244758533,0.1172307560034232,0.08017174696709391,0.0,0.0,0.7954172580243325,0.0,0.07981689776483092,0.04882430277912201,0.07367995439472239,0.31864826325539025,0.38651925161611134,0.14907282533187646,0.03806556877592611,0.0,3.039830546760077,0.128039836150441,0.0,0.07299002287801341,0.0,1.4538399723429243,0.015589878315961002,0.089635224269844,0.34643410994381313,0.8236284319793822,0.11032536087210341,0.2780266206719447,0.0953492552483505,0.0425948719227841,0.016246714875569605,0.33771873640257444,0.3736432596577521,0.0,0.2302769591179822,0.06593271580418321,0.0684996436139002,0.0664976648860422,0.694586053292693,0.1351206392485589,0.0,0.0453924778858025,0.08546376635560081,0.019488011628335602,0.1162631417433676,0.0,0.22285162467955327,0.0,0.27916098988092714,0.1469882974254584,0.38152052748231935,0.061380023307196704,0.10960635470422102,0.0,0.6077409419083657,0.0,0.2758085119420479,0.0156481472329162,0.0,0.10134398130110808,0.0,0.703949583103367,0.0256696426795286,0.0550934857826284,0.0423341229806071,0.06265865627988079,1.6453173265323855,0.0,0.04313279765249281,0.0,0.16127401357191573,0.5404900055667026,0.1053766963340678
g__Campylobacter,0.0,0.0,0.0,0.0,0.0,0.0,0.0,0.0,0.0,0.0,0.0,0.0,0.0,0.0,0.0,0.0,0.0,0.0,0.0,0.0,0.0,0.0,0.0,0.0,0.0,0.0,0.0,0.0,0.0,0.0,0.0,0.0,0.0,0.0,0.0,0.0,0.0,0.0,0.0,0.0,0.0,0.0,0.0,0.0,0.0,0.0,0.0,0.0,0.0,0.0,0.0,0.0,0.0,0.0,0.0,0.0,0.0,0.0,0.0,0.0,0.0,0.0,0.0,0.0,0.0,0.0,0.0,0.0,0.0,0.0,0.0,0.0,0.0,0.0,0.0,0.0,0.0,0.0,0.0,0.0,0.0,0.0,0.0,0.0,0.0,0.0,0.0,0.0,0.0,0.0,0.0,0.0,0.0,0.0,0.0,0.0
g__Candidatus_Borkfalkia,0.12219014783488939,0.0,0.018743293379226304,0.07072087592164891,0.0,0.0717943881556285,0.16570877408785903,0.004556660318498701,0.04089759142846351,0.33907839782284754,0.0232292909570973,0.0341763591737134,0.0,0.0,0.0,0.0,0.0480253194981625,0.0,0.0,0.0,0.019290271660597904,0.31564870471238127,1.063783803922887,0.23539757443249518,0.5419365005492431,0.8523705182220613,0.23726696442137146,0.014802319545761606,0.11244966292861072,0.1010025137418396,0.0,0.03447869183935901,0.0,0.0,0.0,0.17952147213775335,0.0,0.26588728327726974,0.0,0.007963135685541698,0.013529156256698299,0.36723315401805234,1.095976481586006,0.7658853234884088,0.0,0.0,0.3394611154166542,0.0,0.0,0.0086415783733972,0.0,0.0,0.4854387042631312,0.0,0.037840227428519405,0.1355131927273797,0.07537850962086051,0.0,0.0,0.0653904203310521,0.0099460824386814,0.1575577676164589,0.0656359687188946,0.23779641383882122,0.0756541298097091,0.0574746029147353,0.0,0.3319911561893429,0.0,0.019782371591064007,0.2711413389014523,0.13494622080945742,0.7850611722845618,0.0035632506044256996,0.0796852363586115,0.0447263041938207,0.0,0.18966922031395744,0.13558011298445327,0.0,0.0,0.0,0.3806194000778964,0.0,0.09642584795039683,0.0218661432372428,0.127881527141978,0.0,0.1235496717996053,0.15454087515456463,0.0,0.010437478515915602,0.10828919483355082,0.06710265799432501,0.0,0.0180149525373827
g__Candidatus_Cibionibacter,2.5941082109378817,1.0181113727145032,1.5667521246828888,0.0,4.536279894212573,1.7909846044165616,0.8027152135856084,0.7151152601385815,0.21422150035257445,1.586461891235074,0.63022453189944,0.8470671915034781,0.6266863905325532,2.504062995677358,1.7480859336321315,0.0,0.9642629014409085,1.0984440864398894,0.2946115965955997,0.5818077247850792,1.0108185408373473,11.898878506238557,0.6798442120098516,0.5259457620679505,1.9377299585588024,0.5019490868332911,0.5800731683200774,2.8517343821434733,1.9075263079155924,0.5257018512654902,0.569462020591091,1.2985133930291621,3.0114145467295512,0.055720733399126594,2.8150548466126284,2.0036932599343134,2.124471606958314,0.0,0.0,2.401435823416858,1.1471170564305255,6.67900303189905,0.6788873195188916,0.38940894257668474,0.1400617811266367,15.831047213027837,0.2533332039524436,0.03346481056979231,1.0092327500185934,7.784174038483858,0.2697336785557114,2.6483722669771814,0.580840131617724,0.9666331159110361,0.5729573045174913,0.2578881748655111,2.117406103248547,0.8470431493161111,2.68589063328706,3.929850947981496,0.2655359148605873,1.201497404838621,2.412433907323013,0.7898673022932058,3.23801160455658,1.219112901948164,2.4839155873950793,1.0645322576613996,2.1656089407563703,0.3643137177214708,0.0,2.301737508630258,3.9119390622737225,5.649748639204854,0.4718494413304488,2.020133351801721,1.164457766984151,2.5509496761506556,0.05781503567108818,0.0057546032898261,1.412983145246969,0.582470579565911,2.276431632255579,2.666734110855468,0.48957177763461646,1.0731120121037132,0.4246964935583092,0.0167852154277174,0.7419714177539486,0.30139029388709015,0.11552391335853542,0.26933304183025036,1.5410603728302161,0.8650766459821726,2.9495573967003255,1.4409426498232971
g__Candidatus_Nanosynsacchari,0.0,0.0,0.0,0.0,0.0,0.0,0.0,0.0,0.0,0.0,0.0,0.0,0.0,0.0,0.0,0.0,0.0,0.0,0.0,0.0,0.0,0.0,0.0,0.0,0.0,0.0,0.0,0.0,0.0,0.0,0.0,0.0,0.0,0.0,0.0,0.0,0.0,0.0,0.0,0.0,0.0,0.0,0.0,0.0,0.0,0.0,0.0,0.0,0.0,0.0,0.0,0.0,0.0,0.0,0.0,0.0,0.0,0.0,0.0,0.0,0.0,0.0,0.0,0.0,0.0,0.0,0.0,0.0,0.0,0.0,0.0,0.0,0.0,0.0,0.0,0.0,0.0,0.0,0.0,0.0,0.0,0.0,0.0,0.0,0.0,0.0,0.0,0.0,0.0,0.0,0.0,0.0,0.0,0.0,0.0,0.0
g__Capnocytophaga,0.0,0.0,0.0,0.0,0.0,0.0,0.0,0.0,0.0,0.0,0.0,0.0,0.0,0.0,0.0,0.0,0.0,0.0,0.0,0.0,0.0,0.0,0.0,0.0,0.0,0.0,0.0,0.0,0.0,0.0,0.0,0.0,0.0,0.0,0.0,0.0,0.0,0.0,0.0,0.0,0.0,0.0,0.0,0.0,0.0,0.0,0.0,0.0,0.0,0.0,0.0,0.0,0.0,0.0,0.0,0.0,0.0,0.0,0.0,0.0,0.0,0.0,0.0,0.0,0.0,0.0,0.0,0.0,0.0,0.0,0.0,0.0,0.0,0.0,0.0,0.0,0.0,0.0,0.0,0.0,0.0,0.0,0.0,0.0,0.0,0.0,0.0,0.0,0.0,0.0,0.0,0.0,0.0,0.0,0.0,0.0
g__Catonella,0.0,0.0,0.0,0.0,0.0,0.0,0.0,0.0,0.0,0.0,0.0,0.0,0.0,0.0,0.0,0.0,0.0,0.0,0.0,0.0,0.0,0.0,0.0,0.0,0.0,0.0,0.0,0.0,0.0,0.0,0.0,0.0,0.0,0.0,0.0,0.0,0.0,0.0,0.0,0.0,0.0,0.0,0.0,0.0,0.0,0.0,0.0,0.0,0.0,0.0,0.0,0.0,0.0,0.0,0.0,0.0,0.0,0.0,0.0,0.0,0.0,0.0,0.0,0.0,0.0,0.0,0.0,0.0,0.0,0.0,0.0,0.0,0.0,0.0,0.0,0.0,0.0,0.0,0.0,0.0,0.0,0.0,0.0,0.0,0.0,0.0,0.0,0.0,0.0,0.0,0.0,0.0,0.0,0.0,0.0,0.0
g__Clostridium,1.7528873793077464,0.3510889497951737,0.29505086920577045,0.6927654122893954,1.352195145485551,0.5379268357874117,0.5215717901765093,3.4057413920012123,2.124572086147527,1.3705604643774814,0.1764385995233603,2.8326099314855697,0.674773175542282,1.6018665385878257,1.751668730660387,0.5787534045695101,0.4667847270015426,0.8791709965184475,0.3997970530377545,0.8295336416014407,2.4022929052290296,1.6651711555266353,1.13898246475497,1.229073511321211,2.8782127515804596,1.7170728584755088,2.980597080810806,1.1067782168068248,0.19895770837731883,1.1625292294517708,0.5459298536171814,0.3055950063643884,5.857969702717935,1.503373961844109,0.7327924491305945,1.001322194460216,1.177717342059855,0.09599764841490331,0.3536109638801192,0.6096159223825887,1.6830911692471195,2.2154871021111204,0.387194250517701,0.6004622270264163,4.873314480802632,0.06304119995826911,0.6669622941659747,5.326693920752746,3.51232703824115,0.91295733874233,7.649894928751117,0.5080845760474344,0.0144860938295953,1.1947679388875352,0.14726230794229142,0.2837074675827726,4.609158183330294,6.424824770656337,0.34626399253067164,0.3216456939192121,0.0264684726093742,1.112258875583057,0.2155012966614018,0.6059891029215718,2.280834663281881,0.4829953887035335,0.8203385346019032,2.579777096529738,0.5815741853991091,4.265402975837784,0.8669210051469429,0.43290043290038305,0.2914543379679903,3.003390647755929,1.1557079120519318,0.2943891573694039,0.5607465572453247,0.5666009054748457,1.8327520481168487,1.817983272762701,0.3034404066624625,0.4546225262975113,3.593805999220857,1.4151203491421152,1.0636613426075996,0.8584768783040592,0.0850099139756615,0.0036803440247327006,0.4281899308111491,0.23819407358356032,0.5004282243485652,1.0101306100623568,0.5585234862062404,1.419679784400523,1.2324845549889472,0.68399770179406
g__Collinsella,1.0284653342843688,0.6490610706527516,1.0147494234299252,0.08292043477630752,0.14370422189571166,0.19677801819473062,0.38963473814656513,0.39619577282120544,0.0007937224077023003,0.4277866728745947,0.1652573363388118,0.45955550526317385,0.1852662721893395,0.3488484293905527,0.4448067050328368,0.0,0.1679130089672043,1.3100493160438078,0.47499821132789943,1.5921753098982558,0.9932101981373793,0.3895215574161574,0.0843092398298761,0.3447717407879412,0.6327165745529297,0.5688327475456237,0.20708060021007793,0.3041883222153914,0.4509708056553141,0.3368267911713152,0.022280128434516502,0.5198872945914315,0.32533151191860055,0.10695523339125688,0.32157901807777767,0.11408014731905472,0.19498179268213195,0.4210199595308803,0.0786885770980173,0.5225218064108672,0.3594784380767587,0.20652827308767946,0.29490894880666196,1.0066299329441677,0.2007508337754301,0.07128071739518022,0.4665076762801448,0.04023875358571251,0.5230888677882294,1.2460393522229318,0.2631452146609836,0.0763251535414672,0.3412493067407313,0.5931907696997075,0.2334388130933097,0.4931230948747917,0.2311777399790921,0.7351326913822602,1.109343735008628,0.1847845943928281,1.9078638298527228,0.3814383859148488,0.2469930391806663,3.4655268823928913,0.5036382286331488,0.3094650901198061,0.4383442014059363,0.816095418538414,0.11271254673966075,0.9140906568333039,0.46684730922926015,0.11810595695518862,0.8808255707100122,0.6622339155246133,0.2919599253724026,0.2343811298617793,2.485963848890319,2.720126288511433,0.09814680455525267,0.0,0.051413352073961,0.6428889796694842,0.4956174522789114,0.17256370399838167,0.18550730137497398,0.1550522806116637,0.1626459648061537,0.0226412324394467,1.01396924406083,1.1024038212073788,0.28197489496860734,0.1285587850643309,0.20758308166418712,0.15729865944789023,0.3817923043034072,0.214594723152888
g__Coprobacter,0.0536819522287214,0.0017262626892295,0.0,0.0,0.08302627104765509,0.0067113921621678,0.0,0.0,0.19439236511453306,0.011343949391048299,0.2229318520210843,0.011733389373402098,0.0097633136094675,0.0,0.0014110330762102,0.0,0.2919389692101991,0.0,0.2138905578887117,0.0,0.0007682885376125,0.022669975962002098,0.10116235561151211,0.0150221567352047,0.0257838710696078,0.0,1.4497069828544578,0.12692759567981093,0.0,0.5724234505530277,0.0,0.10589883922089721,0.0,0.004543382877161399,0.039370670976865405,0.4510351020109399,0.03570551551069111,0.08107394451119962,0.0,0.013352906158520497,0.0122342051108885,0.0,0.07749457654060861,0.23716984388986326,0.0,0.0,0.0933179027157811,0.21339562004940865,0.0,0.266599954649856,0.0,0.0,0.0,0.0012223718811141002,0.022277639888984003,0.0273261235709659,0.0,0.0112509825344338,0.0,0.0418017796917461,0.0,0.0,0.026966917417376095,0.0,0.0033112602448609,0.0727139857046534,0.0,0.0,0.0,0.0,0.0,0.014166952006688802,0.2384985667304133,0.004397202873546599,0.0540427575367616,0.0,0.08208212570912028,0.0,0.0,0.0,0.0,0.0,0.015290222049084699,0.0,0.07198815213395353,0.0,0.0181834304813775,0.0,0.0,0.0,0.0,0.0,0.43022003954726773,0.0,0.028644561546106805,0.0085447417383504
g__Coprococcus,0.2922707465792587,0.0403890667289585,0.0888053080267166,0.0,0.04978792870616949,0.1444058153571023,0.2542054764147472,0.17006858357964894,0.0018241690422638004,0.08921558210524168,0.0,0.047620587181363395,0.031972386587771406,0.8841989312071141,0.0056932117161876995,0.0,0.2806847051497256,1.2079959461962169,0.0433704889883197,0.10291729493492138,0.25862253340444014,0.47610299762968844,0.4420813859955657,0.0435718223692404,0.2992278021871206,0.6722098154399638,0.05666041244542341,0.0,0.0,0.149485157925569,0.019817101799661598,0.07893582281942921,0.40972728659572144,2.791665892767596,0.08411006981421192,0.0423867286144974,0.03004568572580451,0.0018937501362248001,0.007288831016255001,0.4993472230243914,0.08320986076931709,0.944859732242468,0.06802108223989513,0.13262708209596433,0.442026823574403,0.0,0.0449403680831262,0.027292752636065207,0.0257671938275607,0.2708844346837128,1.1144993078834573,0.2117050837241365,0.0433410283378461,0.07572516438192803,0.05781902056725991,0.1580479327973455,0.3357908877907655,0.35783946885769446,0.16072857995650952,0.0862153069411394,0.024113128350754,0.0624584145316286,0.3000167080466967,0.41022199179628005,0.1795356395542844,0.0527720210967325,0.8583307377227554,0.015255013429737998,0.33729732694134995,1.0742469515197484,0.0872802005645996,0.140308852360021,0.007020475379169499,2.424703586828768,0.9781840317819941,0.4378589045142839,0.020661774023146097,0.23083740593420626,0.05119585647603048,0.22181737049586317,0.5573608313788052,0.5363787450286106,0.8239579275418821,0.10998415517265579,0.03682011598581911,0.0109967285130529,0.0973811650350698,0.0,0.08525078866236731,0.12269594961016182,0.0110616520663154,0.03751894879774731,0.011512513534606902,0.017418979066378903,1.116369491791685,0.1214139341664376
g__Corynebacterium,0.0,0.0,0.0,0.0,0.0,0.0,0.0,0.0,0.0,0.0,0.0,0.0,0.0,0.0,0.0,0.0,0.0,0.0,0.0,0.0,0.0,0.0,0.0,0.0,0.0,0.0,0.0,0.0,0.0,0.0,0.0,0.0,0.0,0.0,0.0,0.0,0.0,0.0,0.0,0.0,0.0,0.0,0.0,0.0,0.0,0.0,0.0,0.0,0.0,0.0,0.0,0.0,0.0,0.0,0.0,0.0,0.0,0.0,0.0,0.0,0.0,0.0,0.0,0.0,0.0,0.0,0.0,0.0,0.0,0.0,0.0,0.0,0.0,0.0,0.0,0.0,0.0,0.0,0.0,0.0,0.0,0.0,0.0,0.0,0.0,0.0,0.0,0.0,0.0,0.0,0.0,0.0,0.0,0.0,0.0,0.0
g__Cutibacterium,0.0,0.0,0.0,0.0,0.0,0.0,0.0,0.0,0.0,0.0,0.0,0.0,0.0,0.0,0.0,0.0,0.0,0.0,0.0,0.0,0.0,0.0,0.0,0.0,0.0,0.0,0.0,0.0,0.0,0.0,0.0,0.0,0.0,0.0,0.0,0.0,0.0,0.0,0.0,0.0,0.0,0.0,0.0,0.0,0.0,0.0,0.0,0.0,0.0,0.0,0.0,0.0,0.0,0.0,0.0,0.0,0.0,0.0,0.0,0.0,0.0,0.0,0.0,0.0,0.0,0.0,0.0,0.0,0.0,0.0,0.0,0.0,0.0,0.0,0.0,0.0,0.0,0.0,0.0,0.0,0.0,0.0,0.0,0.0,0.0,0.0,0.0,0.0,0.0,0.0,0.0,0.0,0.0,0.0,0.0,0.0
g__Desulfovibrio,0.1878973628029915,0.0,0.18430134778375404,0.0,0.06859902126650598,0.0,0.0067242155435651004,0.0,0.0,0.0,0.024824137798927698,1.9565123678815164,1.712859960552276,1.086313315241866,0.0,0.0,0.0,0.0100852379677338,0.0,0.0055489239477899,0.11395587822749793,0.0,0.0,0.0,0.0932021023205715,0.0467856148825038,0.0,0.0,0.0,0.0,0.0,0.0,0.31233354316981626,1.0067307788472746,0.0,0.28718499678449344,0.0,4.452504329720262,0.0,0.0,0.6511261018492563,0.0,0.0,0.0,3.2826034254940755,0.0,0.0,0.013919960446301104,0.0,0.0261607446135829,1.2292565819902002,0.0,0.7958291135523112,0.07544664926977843,0.017846310298031902,0.0,2.456694282251471,1.096653988618872,0.0,0.0,0.748299867039642,0.0,0.0010661944205525,0.1069274907269907,0.0,1.089464984500338,0.8322909026361448,0.0,0.0,1.343415553408356,0.7508274520369964,0.0,0.0086709844914908,0.1269376438725447,0.0,0.0,0.0,2.928261375332688,0.0,2.323151024358693,0.0,0.0,1.19474094273473,0.6284385713315601,1.437571174380141,0.0071454863999432005,0.0376569475166874,0.0,0.0,0.9991087094378972,0.0,1.8067374088449266,0.0,0.35911798603606354,0.06514396560258051,0.1595863635049745
g__Dialister,0.0,0.0,0.0025769139479453005,0.08285395216674821,1.0248682179748594,0.19809695265444682,0.28326613911018744,0.0,0.0,0.20667125685603338,0.5633103057095782,0.0,0.0,0.0,0.2355566347572633,0.0,0.0,0.0,0.0249837096212094,0.7339945862014976,0.1537615302978488,0.031592789160831594,0.0,0.0,0.0,0.459995788980864,0.0,0.0,0.0,0.0,0.5255277829917461,0.0,0.7088262033224537,0.0,0.0,0.10562748091413243,0.12083933568568213,0.0,0.0,0.0,0.0,2.838104915311599,0.12310898721146074,0.1282761441900632,0.0,0.08458842721245792,0.41798984913528037,0.0,0.0,0.0,0.0,0.0700727433612272,0.0,0.0,0.0,0.8285538013109762,0.0,0.0,0.0,0.0,0.0,0.0,0.1165272487437906,0.0412294370909095,0.0,0.6129827973521684,0.0,0.45523309100578174,0.07882359679290583,0.0,0.0,0.0,0.0,0.0,0.0,0.05180773297686671,0.0,0.0,0.9360588317580311,0.0,0.0,0.3378636998095955,0.0,0.0,0.0,0.0,0.146404454084929,0.0,0.0,0.0,0.0,0.0,0.0,0.0,0.12119509721217883,0.0
g__Dorea,0.09754994222185069,0.0206055482904862,0.0778043121592418,0.0,0.010611682917811399,0.014111431520105697,0.04404292706333201,0.06587295096330642,0.0013646455430675003,0.07513781137026648,0.0,0.03860837421832259,0.0406508875739536,0.20421770934861438,0.007374181554803701,0.052068968747165,0.09792889473505051,0.21793352396228383,0.0344078956984937,0.0770629679694027,0.0734234667296652,0.1015235228919094,0.0011351839645658,0.047242223385132696,0.037188865169345296,0.19548918894579267,0.04980690602616111,0.20584270758942136,0.018723616896907304,0.0699506200614975,0.0,0.0009766131924943003,0.09136807444010851,0.05389195035425369,0.0048500101928021,0.007486059784413502,0.010413561529966104,0.016448232315261904,0.0029976600799245,0.14731086194579499,0.020743884069067,0.25616206918071416,0.044755294766139216,0.028926084670782105,0.032729326496248504,0.0026378311219014,0.0677729744479256,0.029032747691835604,0.0010489112618952,0.0399219135358917,0.5740158195245855,0.0057186678477621,0.0454835631868039,0.03300404079006241,0.03504228894959881,0.1197337954732433,0.10288147934739231,0.0464766614892518,0.10323675237762142,0.0131554691790297,0.0078122804618013,0.006730678460944801,0.0225331089124102,0.0368847124592162,0.0122798754372202,0.0,0.07276082537063921,0.014654099740473499,0.0,0.32979919916271594,0.0152290697026355,0.0083240847948905,0.0852569319639219,0.059235882388470794,0.023896715586832,0.036766778241641394,0.06767538093126169,0.0393384884815455,0.018675541300337797,0.0640273267058962,0.000515108049482,0.0300303415553393,0.1177444487728689,0.32791319021489734,0.04396822379825971,0.0038671563367174994,0.0049973879142246,0.0,0.1308895896228276,0.028779822761292602,0.0003774917457996,0.0166604546657832,0.0098096980278802,0.012486900713304102,0.0372678125629674,0.0296276876001631
g__Dysosmobacter,1.5554919543410604,0.661432619925577,1.574517533530513,0.8998753617277142,0.05700155359676649,2.774769647513021,1.25707223820649,1.8473168280970433,2.745207309152928,3.2604483410636638,0.3224710973014283,2.428367051672746,0.2518343195266085,1.5513650472869045,6.43978318188455,1.7173392892268295,1.1831178709314671,0.9275647414537345,1.220682126434879,0.7461778280121267,1.3470589810957552,1.133476463148708,2.311161783653435,2.668741010828449,5.759476032496942,0.9291698424507645,0.11956751042927032,0.3836540961453196,1.167511594299001,1.7226732853202986,0.23214026033574342,0.6292361260684356,3.9163935697556296,0.2528149685891991,1.099785199013762,2.1072641310175384,0.421322456655021,2.7126124592799044,0.0,1.6043645417722894,1.6729412188376118,1.043021431332243,1.88232294724122,1.180197372973655,5.250639208680638,6.296354695220884,1.0902364945951684,0.781772118209768,1.833878308070103,3.049533127835659,3.5897294698057336,1.1348124477099226,0.5447794580154076,2.2234016133761694,4.017280068045906,3.751331598276874,1.813039904941602,5.988862041034473,0.8587900361879354,0.734094526468055,1.2331976211955586,3.337133124549216,2.0866855071022146,1.587696903283883,2.7068438849190115,0.355686188416584,2.454045133481372,2.436855238389973,1.8450183685848431,2.871568881576206,1.4418509271687143,0.713742247595725,2.0852671604711137,3.493931480965353,1.8431211615347225,1.2376071455582003,1.7646849926917,1.6472622593578936,0.8785110300295829,5.997023318516756,3.9450454889134323,9.434213340983792,1.619322165952452,5.1077124708406805,3.1164114339627886,0.9818598539360467,1.5424818033291419,0.0,1.5643620727591245,0.5482171663204937,0.7645351766826951,6.6227776731469,1.2563693628940342,4.25724137146095,0.6305645582675486,1.054210681383577
g__Eggerthella,0.0,0.0,0.0,0.06595074868559611,0.0,0.0,0.0,0.0,0.05152233172805652,0.0,0.0,0.0,0.0025641025641025,0.0,0.064183600188305,0.03671783364779631,0.0,0.0,0.0,0.0345618691605014,0.0,0.0,0.0,0.0,0.0052119596692428,0.0,0.0020108378209323006,0.0,0.0,0.0221987496102042,0.021438594334271,0.007462598633951702,0.0,0.0,0.0,0.0,0.011175209157630903,0.0,0.0398935173650184,0.0,0.0,0.0,0.032576746333018505,0.019262192437610803,0.0,0.1301725200830622,0.0,0.0,0.0,0.0,0.0,0.0155547765459134,0.0039759477545541,0.0,0.0,0.0,0.0,0.0,0.0,0.0,0.0,0.0,0.0,0.0,0.0,0.0,0.0,0.0,0.0,0.0,0.1381029312349948,0.0,0.0495733898876682,0.0,0.0,0.0,0.0062819325968808985,0.0,0.0,0.0,0.0,0.0195134619635945,0.0,0.0,0.0,0.0,0.0,0.0347701010071402,0.0,0.0,0.0444296345662474,0.0,0.0017028155067263003,0.0,0.0,0.0
g__Ellagibacter,0.0,0.0,0.027271376310076402,0.0,0.0,0.0,0.2565747010360328,0.03895360385096291,0.0,0.0,0.0057206462804791,0.6014608137125723,0.0,0.6194184630763415,0.0,0.0,0.0476130194579495,0.0,0.032619223647091,0.0,0.06314501196971202,0.0,0.0,0.0,0.0,0.0744459230776454,0.0,0.022026480812116507,0.0,0.0,0.0,0.0,0.0,0.03889021443908419,0.0,0.0,0.0,0.0,0.0,0.0,0.1056433477619618,0.0,0.0,0.0,0.1446340186974319,0.0,0.0,0.0,0.0,0.0734534161738611,0.1451100978206483,0.0,0.0,0.034829862080858705,0.0,0.130501710337669,0.5221150191171198,0.0,0.37533816308452383,0.0,0.1272468905666162,0.0,0.0,0.0239050748565152,0.0,0.05959956635655231,0.029305280644114008,0.0,0.0,0.10549668122116643,0.0,0.0044181680834418004,0.0,0.16620921436387548,0.0,0.0,0.0,0.13131595618352565,0.0,0.0141410046712453,0.0,0.0,0.1713089209193572,0.0,0.015473935905191204,0.0,0.0,0.0,0.0205719715137117,0.0,0.0345347751687614,0.0,0.045075253957029805,0.0192004655618043,0.0,0.0163288239747706
g__Enterocloster,0.47898874911364603,0.7605009175908253,0.0,0.0646875791039174,0.0,0.0117070023280944,0.9890211774443753,0.0,0.012810958159410706,0.0,0.0135041922802826,1.2401559422679658,0.1182840236686171,0.0,0.0,0.039257275657470704,0.0,0.1519868457702255,0.0,0.0013293026600199,0.0,0.00018984708933689998,0.0,0.0,0.0,0.046142351901237,0.006496552959935101,0.052168670923458615,0.0,1.9623910293570943,0.0042692461670942,0.0006899984512188002,0.029400167408012403,0.44160824323958014,0.025987755150737205,0.45566247413041244,0.24586773332351247,0.0,0.41472421886569494,0.0325387734655061,0.3139454892165026,0.0,0.0,0.03308024649045501,0.7097494249341855,0.0,0.0014146161649474,0.0,0.0,0.1661506833473046,0.7687852347607391,0.0,0.20274135735017088,0.034319251041902914,0.0,2.54192206603105,0.37291989692158833,0.0326740862643748,1.4833688710359105,1.0628292494721945,2.151910143383338,0.0,0.0,0.1583552145057543,0.359056430407987,0.0,0.051263308783865105,0.0,0.0,0.0,0.11829449092246049,0.0,0.0145639994206946,1.4843086826308867,0.0340170821667328,0.0,0.0,0.0,0.0,0.3863636720732458,0.0013225747216432,0.0,0.1046552395792696,0.015642039056565197,0.010501339166102101,0.0,0.0831087337908935,0.0,0.0,0.0,0.0,0.0,0.0,0.34715893317328783,2.638053126056593,0.0
g__Erysipelatoclostridium,0.0,0.0,0.0,0.0,0.0,0.0,0.0,0.0,0.0,0.0,0.0,0.0,0.0,0.0,0.0,0.0,0.0,0.0,0.0,0.0,0.0,0.0,0.0,0.0,0.0,0.0,0.0,0.0,0.0,0.0,0.0,0.0,0.0,0.0,0.0,0.0,0.0,0.0,0.0081922354239034,0.0,0.0,0.0,0.0,0.0,0.0,0.0,0.0,0.0,0.0,0.0,0.0,0.0,0.0,0.0,0.0,0.0,0.0,0.0,0.0,0.0,0.0,0.0,0.0,0.0,0.0,0.0,0.0,0.0,0.0,0.0,0.0133239568649321,0.0,0.0,0.0,0.0,0.0,0.0,0.0,0.0,0.0,0.0,0.0,0.0,0.0,0.0,0.0,0.0,0.0,0.0,0.0,0.0,0.0,0.0,0.0,0.0,0.0
g__Escherichia,0.0129519029504437,0.0034251243833919,0.24994909728275863,0.0,0.009939029792966599,0.0,0.0,0.0,0.0,0.0,0.0,0.0,0.0,0.0,0.0261470563948138,0.0019670268025614003,0.0,0.0,0.0,0.0,0.0,0.0,0.0025759943811303,0.1081822320048963,0.0,0.0114532189350264,0.0,0.0,0.0,0.0,0.0,0.013746892220437306,0.0012014929095532003,0.0,0.0,0.0,0.0,0.8383953433279501,0.0,0.004288942020938,0.0863917407275943,0.0,0.00025541283653820004,0.0025908851349113002,0.0,1.3273329096995916,0.0,0.0,0.127956578887975,0.0008169559386613,0.0,0.0,0.0031764944526999996,0.00038682654465620013,0.0,0.0107848455481445,0.0,0.0,0.0,0.0015062459459181,0.014225346512533899,0.0,0.1696549365776777,0.0042720095751186,1.127951847445656,0.0,0.009733539642509103,0.005094109229447,0.0,0.008175225495319802,0.0251451228578737,0.028926194662244907,0.0389148204792212,0.010057969791216198,0.0049969309988345,0.0104097003111014,0.3372873189168881,0.0,0.034894585973930595,0.0,0.0,0.0,0.051675107128923,0.5509461098146173,0.0,0.0177921019936226,0.0030147285786897,0.0,0.0010942538039208,0.0,0.0,1.832304292338956,0.0,0.13793324143279861,0.0,0.0
g__Eubacterium,0.0692663557788773,0.0725030329476333,0.058055675670278604,0.013745279526962802,0.5234980931443604,0.0405017927003797,0.0061901128832817015,0.05031020341399081,0.002534341722839801,0.08240921247060039,0.2464385076463208,0.066493696839378,0.10475345167651391,0.411406094656134,0.09354535802632849,0.021210585310145004,0.159437952585181,0.043081673028565304,0.0843368488752661,0.0388790539462552,0.046491838803096305,0.1257011080927697,0.0777746552133322,0.1066875841685283,0.0911479770391455,0.0352225705604376,0.0778039556868275,0.17086255829970365,0.0,0.19982468618358357,0.0014265029260243,0.013311662428129903,0.04043205685027581,0.037490052420351895,0.025054063348914205,0.0,0.0027445578307224005,0.0029180426627364005,0.0360745805508705,0.20519728275504295,0.0437200172561283,0.5956384014260264,0.0,0.023175850151949406,0.0009868138642082,0.028393732750363002,0.0360434845994329,0.06755339295204092,0.007787371489828899,0.032296991441751605,0.3689867565319873,0.0288983348573586,0.0,0.006282063085220202,0.0062310846125327,0.027529291775954402,0.5706356904000539,0.0691669991728515,0.07261508564919872,0.03327559851164,0.0140038042307812,0.1957600718471359,0.0122092263524252,0.05579062717462101,0.0200457458769614,0.13920396606192612,0.12295658464534442,0.022793748804147702,0.025242568590009208,0.170591565455206,0.0408593455191816,0.0022090840417206005,0.0015691459870659002,0.1414180878181982,0.0286912392540684,0.0045037887060274005,0.03536445566850319,0.017213227696941905,0.030711346948478695,0.0020229492793585,0.0030906482968926,0.12498631732502198,0.0510128554733074,0.13335037666208946,0.4281667507973322,0.0003819413665893,0.0617883560046742,0.0,0.0030975799987912004,0.021559037553134205,0.0216428600925222,0.004379131364721701,0.026035802312973602,0.0,0.5668079969126317,0.0353326338646447
g__Faecalibacillus,0.0041067009355064,0.0,0.18423201377618584,0.0,0.0,0.0,0.006025773603194901,0.0054913598710114005,0.03623273166387461,0.10216600383239917,0.0,0.0,0.0,0.0388139413605919,0.0175826991148651,0.0,0.0972417280013845,0.0,0.0,0.0118661604421967,0.007579062600772902,0.0,0.0020811706017041,0.020357481923275,0.0,0.0,0.062526347627207,0.04978246883545871,0.0,0.0926764851508376,0.0,0.025604250220612808,0.020134108454032105,0.10556935874007928,0.0,0.0,0.0,0.007717925083482801,0.0,0.023188879859871996,0.0,0.019435249959213398,0.020874194549815206,0.0,0.0,0.0,0.0253929447129417,0.014740712831106602,0.0038248178337798,0.0035764515536957,0.1276391960500177,0.0076248904636828,0.0,0.04488735224192651,0.019933421163395002,0.0,0.05094840256128932,0.0,0.023657933942547008,0.0,0.0029150300230602,0.0225591807737601,0.0047718701505219,0.0,0.0027470096201761,0.0,0.0,0.0818608330329743,0.006611938684551402,0.03498884904822911,0.0,0.0,0.0,0.029365228385411092,0.0069830529401435,0.0285664837108722,0.05484248222159079,0.013399012892468302,0.03695023168668759,0.0551695585021211,0.0125435770968483,0.0089429248229122,0.0239189715621351,0.0,0.004285593242240902,0.0,0.0,0.0,0.0,0.0,0.0,0.00026340639787790005,0.0006663191113276001,0.004552687710530801,0.017737429690621902,0.0041329166271545
g__Faecalibacterium,13.101386864496204,3.083502477392476,22.77356368247724,6.049402229926483,4.1989791445058415,4.256843460687969,5.134753416442475,6.7754267487645405,8.755022731095828,11.276632563419817,0.2095836773666073,12.347647798945678,5.521163708086848,18.338264583146216,7.378929987851668,3.3503566146740305,15.544337601046188,7.567608432860353,5.96475969864148,10.233069440331938,9.551155454049379,8.707504264579926,1.6308518551452897,14.844350401454975,7.503903604499406,6.80407496116109,6.152818677042471,13.51097777514989,6.201234154715095,3.075275564591583,8.738069329889472,8.66651854699921,4.561558853309763,5.4096116836377215,5.741945222376915,2.5796468430730712,5.344402612188749,0.27140178839092377,0.0,6.355969034982394,7.4042099971709225,7.878393367269354,4.960779037014695,0.9068207292237396,7.193083618988612,1.6239851759818595,10.929499856024899,3.0695044855212155,11.491787024819436,11.10179579623541,11.632736077609234,6.286264693878825,5.666823466107633,7.963737332397828,4.231496287589379,3.4579567102733835,6.947233175779886,10.9043255489779,10.983752696981181,2.0659337743731734,1.3785643383855413,9.78664890071771,7.493786491966869,11.047035007209843,10.98527662238403,3.783503695047404,9.526414105385287,4.46362785524484,4.457994618899133,13.015628631593193,5.6034811736394525,3.5312688642570893,2.482156485466328,8.568505767285558,9.381820178290594,9.615659701656675,15.125104620408619,18.781461114502545,1.91337447297099,4.980186881232872,5.777089915172869,13.068582217316068,9.02687962602279,7.7749364634728755,7.0889600828069055,6.794163999575455,2.7113138010607436,0.0,5.00259169804796,13.617930231372902,1.1232552874868467,1.8009424680915993,3.6353136789760967,7.046851280352789,20.21719066434944,6.877718406895092
g__Faecalicatena,0.1843592819970177,0.0,0.0,0.0,0.0009393948812487999,0.0228770932832039,0.06999483837711151,0.0,0.0066979031246484026,0.41966976001838463,0.0051832522359492,0.2504425279459398,0.0,0.402710904440709,0.0313985534088797,0.0,0.6659409167934291,0.0457608049467024,0.3342316441857946,0.0,0.4169315012627837,0.37208912762470453,0.0030417108794137,0.0687727200660649,0.2173693767937121,0.0545675280219265,0.1149985061497544,0.0,0.008097116038613203,0.2030592584419651,0.0,0.043852055415145204,0.2089323351961172,0.06076417414014419,0.0660327590955373,0.005408883855221902,0.05745186846607801,0.047045993950237903,0.0,0.057486119553955294,0.5988964056349311,0.16173412797044567,0.058628855659924414,0.015446922766370002,0.0035525299111506,0.0,0.0,0.04263535054934261,0.1107607912308357,0.040375777946288,0.0119641259779857,0.0118948291233453,0.0,0.038883804268849714,0.0740924357203731,0.0035893049547984,0.08700785175830363,0.3155412544588646,0.005744493375544102,0.0010087702206608,0.0,0.104824613064407,0.0115721101742902,0.0,0.1489027701141958,0.0,0.2084652070962356,0.0933464787755057,0.12415628677060374,0.018889514199083808,0.0,0.060285583341448915,0.026094316599714,0.2043688484963873,0.1763600381132907,0.0399109326213144,0.0400590905214212,0.056284298904374114,0.0,0.007011581482825801,0.0194209656493934,0.075853888347915,0.0700233735878191,0.0076786120350507995,0.032076520412329404,0.0477744992708613,0.0001222187261631,0.0,0.0099492922787262,0.13586326381327712,0.0100550074108493,0.04089384327055501,0.0,0.10748301855728923,0.14053337795790963,0.0687509413161233
g__Flavonifractor,0.0014320803262277,0.0019728716448337,0.24114367832163225,0.14315367903956303,0.04529970871800029,0.0155354138571224,0.0016023079808494003,0.020002570423769704,0.18829323503429085,0.0169525107048836,0.258607882461172,0.0023439836406106995,0.0,0.0,0.098686426364868,0.744285474912079,0.0413216262518278,0.0210635199081829,0.03333084586109,0.1526015062828338,0.007994353702185302,0.05325769229693919,0.0,0.0955439439707563,0.029232962027192305,0.0245538186757759,0.08828648894270992,0.18413089078888717,0.11286608603918061,0.0025636980121876,0.9724029154435723,0.044945437576303614,0.0,0.0,0.017999503068474504,0.0,0.005331533393652302,0.10308432345299791,0.2016542361299839,0.0,0.3257110453412921,0.020924373336368596,0.028141850716759207,0.19865639101942903,0.0,0.027534214744349705,0.0158881270096172,0.06741112920534571,0.05783845028974869,0.0,0.0,0.0,0.1507129364655155,0.02406061107762931,0.012280681323730502,0.0,0.033869397903949716,0.0,0.0,0.0,0.0001399214411068,0.007244035292711699,0.0078924391862857,0.0127251349046088,0.060553001249063,0.0167608063192642,0.0023444224515289003,0.0900824248724718,0.018984446022366108,0.0,0.4056707044409142,0.032848119229056304,0.1017852696943501,0.052690620639908384,0.0461868229790793,0.0107920974653867,1.2004140963877246,0.06426459334769713,0.09224710135967307,0.0,0.0195323403627948,0.1548556862335154,0.0183093104791589,0.04408935990452039,0.006346603732784401,0.0309849933645511,0.0,0.0,0.029241828575546202,0.053082529097791514,0.1578144280319265,0.6686077523136948,0.006909975969324601,0.016280807138746405,0.013681940351009201,0.0227563967660817
g__Fusicatenibacter,1.4619223530259444,0.1011918747829139,0.17028432258710144,0.0,0.20742070927327627,0.1155993529984507,0.5007417864254977,0.13204967928120911,0.0,1.7408946134418894,0.0,0.6497010747299752,0.0816370808678326,0.3561558585741286,0.3746844960716243,0.5147261617686858,1.191852523635111,0.7660623581811614,1.5377002062550382,0.232762115313211,0.19740862505628326,0.47465122577006824,0.1150174214354388,0.8897506132785954,0.5084419950277825,0.1638280987938834,0.0,0.0,0.5265130425260458,0.21889668261070808,0.4205310100697752,0.45419944203539536,0.10467551863531731,0.051163063154427584,0.19332607474407043,0.13987003459834882,0.3029256461201147,0.06369670269516321,0.0,0.3958979414793682,0.2172928022668674,1.0151441657569538,0.12776446664109722,0.09919701145224773,0.177725176943936,0.07219951250504202,2.143728042029769,0.44192591407467025,0.1151683375434436,1.489964240930851,0.698803292396354,0.3094943039208712,0.0003730782075318,0.46074136080935535,0.15787935017044383,0.327134671399114,0.6502245311889484,0.8030495813846668,0.18877108639387896,0.1900219082781803,0.0160093448866468,1.285630885600424,0.5133856158670387,0.2251258152266682,0.2152616133172507,0.049251371607305805,0.37776599984591186,0.0625906235886031,0.401271703578155,0.724302657450505,0.0641821865323054,0.17759114752789631,0.3678891824935217,0.9336222009213375,1.4860999295116442,0.2588545477360459,0.696420159327022,0.31987328362091083,0.19846231533749026,0.5914278800905635,0.1959777300691837,0.8454283410588374,0.371231008959884,0.061246614689061986,0.3223682122827718,0.1990710231110921,0.0448542725018398,0.0,0.2732099228281632,0.14035186002375133,0.2358865845496215,0.04726498551923251,0.10965885078462101,0.14867164614134382,0.15748105446135022,0.6132563681145746
g__Fusobacterium,0.0,0.0,0.0,0.0,0.0,0.0,0.0,0.0,0.0,0.0,0.0,0.0,0.0,0.0,0.0,0.0,0.0,0.0,0.0,0.0,0.0,0.0,0.0,0.0,0.0,0.0,0.0,0.0,0.0,0.0,0.0,0.0,0.0,0.0,0.0,0.0,0.0,0.0,0.0,0.0,0.0,0.0,0.0,0.0,0.0,0.0,0.0,0.0,0.0,0.0,0.0,0.0,0.0,0.0,0.0,0.0,0.0,0.0,0.0,0.0,0.0,0.0,0.0,0.0,0.0,0.0,0.0,0.0,0.0,0.0,0.0,0.0,0.0,0.0,0.0,0.0,0.0,0.0,0.0,0.0,0.0,0.0,0.0,0.0,0.0,0.0,0.0,0.0,0.0,0.0,0.0,0.0,0.0,0.0,0.0,0.0
g__GGB10485,0.0,0.0,0.0,0.0,0.0,0.0,0.0,0.0,0.0,0.0,0.0,0.0,0.0,0.0,0.0,0.0,0.0,0.0,0.0,0.0,0.0,0.0,0.0,0.0,0.0,0.0,0.0,0.0,0.0,0.0,0.0,0.0,0.0,0.0,0.0,0.0,0.0,0.0,0.0,0.0,0.0,0.0,0.0,0.0,0.0,0.0,0.0,0.0,0.0,0.0,0.0,0.0,0.0,0.0,0.0,0.0,0.0,0.0,0.0,0.0,0.0,0.0,0.0,0.0,0.0,0.0,0.0,0.0,0.0,0.0,0.0,0.0,0.0,0.0,0.0,0.0,0.0,0.0,0.0,0.0,0.0,0.0,0.0,0.0,0.0,0.0,0.0,0.0,0.0,0.0,0.0,0.0,0.0,0.0,0.0,0.0
g__GGB1088,0.0,0.0,0.0,0.0,0.0,0.0,0.0,0.0,0.0,0.0,0.0,0.0,0.0,0.0,0.0,0.0,0.0,0.0,0.0,0.0,0.0,0.0,0.0,0.0,0.0,0.0,0.0,0.0,0.0,0.0,0.0,0.0,0.0,0.0,0.0,0.0,0.0,0.0,0.0,0.0,0.0,0.0,0.0,0.0,0.0,0.0,0.0,0.0,0.0,0.0,0.0,0.0,0.0,0.0,0.0,0.0,0.0,0.0,0.0,0.0,0.0,0.0,0.0,0.0,0.0,0.0,0.0,0.0,0.0,0.0,0.0,0.0,0.0,0.0,0.0,0.0,0.0,0.0,0.0,0.0,0.0,0.0,0.0,0.0,0.0,0.0,0.0,0.0,0.0,0.0,0.0,0.0,0.0,0.0,0.0,0.0
g__GGB1144,0.0,0.0,0.0,0.0,0.0,0.0,0.0,0.0,0.0,0.0,0.0,0.0,0.0,0.0,0.0,0.0,0.0,0.0,0.0,0.0,0.0,0.0,0.0,0.0,0.0,0.0,0.0,0.0,0.0,0.0,0.0,0.0,0.0,0.0,0.0,0.0,0.0,0.0,0.0,0.0,0.0,0.0,0.0,0.0,0.0,0.0,0.0,0.0,0.0,0.0,0.0,0.0,0.0,0.0,0.0,0.0,0.0,0.0,0.0,0.0,0.0,0.0,0.0,0.0,0.0,0.0,0.0,0.0,0.0,0.0,0.0,0.0,0.0,0.0,0.0,0.0,0.0,0.0,0.0,0.0,0.0,0.0,0.0,0.0,0.0,0.0,0.0,0.0,0.0,0.0,0.0,0.0,0.0,0.0,0.0,0.0
g__GGB1202,0.0,0.0,0.0,0.0,0.0,0.0,0.0,0.0,0.0,0.0,0.0,0.0,0.0,0.0,0.0,0.0,0.0,0.0,0.0,0.0,0.0,0.0,0.0,0.0,0.0,0.0,0.0,0.0,0.0,0.0,0.0,0.0,0.0,0.0,0.0,0.0,0.0,0.0,0.0,0.0,0.0,0.0,0.0,0.0,0.0,0.0,0.0,0.0,0.0,0.0,0.0,0.0,0.0,0.0,0.0,0.0,0.0,0.0,0.0,0.0,0.0,0.0,0.0,0.0,0.0,0.0,0.0,0.0,0.0,0.0,0.0,0.0,0.0,0.0,0.0,0.0,0.0,0.0,0.0,0.0,0.0,0.0,0.0,0.0,0.0,0.0,0.0,0.0,0.0,0.0,0.0,0.0,0.0,0.0,0.0,0.0
g__GGB12785,0.0,0.0,0.0,0.0,0.0,0.0,0.0,0.0,0.0,0.0,0.0,0.0,0.0,0.0,0.0,0.0,0.0,0.0,0.0,0.0,0.0,0.0,0.0,0.0,0.0,0.0,0.0,0.0,0.0,0.0,0.0,0.0,0.0,0.0,0.0,0.0,0.0,0.0,0.0,0.0,0.0,0.0,0.0,0.0,0.0,0.0,0.0,0.0,0.0,0.0,0.0,0.0,0.0,0.0,0.0,0.0,0.0,0.0,0.0,0.0,0.0,0.0,0.0,0.0,0.0,0.0,0.0,0.0,0.0,0.0,0.0,0.0,0.0,0.0,0.0,0.0,0.0,0.0,0.0,0.0,0.0,0.0,0.0,0.0,0.0,0.0,0.0,0.0,0.0,0.0,0.0,0.0,0.0,0.0,0.0,0.0
g__GGB13493,0.0508809715906555,0.0,0.0,0.0,0.0,0.1339010276250093,0.0,0.032761219315566706,0.0,0.0,0.0,0.07481888011465859,0.00603550295858,0.1911207146101887,0.3344271089146874,0.0,0.0,0.1234248359531925,0.0,0.0,0.014410601219004202,0.0,0.0,0.0,0.1100949833661701,0.0706334132129937,0.0,0.0,0.0,0.00764317444755,0.0,0.0,1.0142056511672821,0.33066683430509564,0.0,0.45944663621923015,0.0,0.0,0.0,0.0,0.0010729595208137,0.0,0.0,0.0,0.3435427999264243,0.0,0.0,0.0,0.0,0.0029410413791814,0.3122800772390928,0.0,0.0133242216975677,0.07196521036785383,0.0,0.0,0.10064049662891422,0.0,0.03322427393120831,0.0083741747085,0.2981026302782248,0.0,0.104773105375744,0.0,0.1233927023981771,0.0,0.2194128226511278,0.0,0.0,0.43761172924433506,0.0,0.0,0.0,0.08246018951943639,0.0401778553222563,0.108969026113743,0.0,0.0,0.0,0.1475770959718284,0.0,0.0,0.0447993767043166,0.0,0.016897014577233003,0.0,0.0,0.0,0.09932457604817119,0.0,0.0,0.0,0.023197776468447104,0.20746070049036291,0.08409804209509711,0.0
g__GGB14025,0.0298420267980142,0.1892449724311685,0.0,0.37421398857262217,0.16669040281715988,0.05420470469757051,0.032306363477111306,0.0,0.0,0.0,0.0100891398037541,0.05205260222595219,0.0,0.0441264640607517,0.0756436427376925,0.009325164101032202,0.0715722329055262,0.0996051975775046,0.1329387227881275,0.1809558978841867,0.0,0.0021553228377671997,0.0693480973224969,0.2087777072707522,0.031195111549709997,0.0,0.0,0.034259044263112014,0.0,0.0,0.0,0.0,0.0,0.0,0.36203899615678453,0.0,0.0,0.0,0.0,0.0,0.1092938767063456,0.18254900694084428,0.0,0.15319018310342422,0.0,1.454689767349193,0.2144487959804306,0.0,0.0,0.0,0.0113085574312468,0.0117613935402311,0.1396165246357749,0.05332017091541801,0.0,0.0,0.013989164848556305,0.0821989591556524,0.17092798656209546,0.081019449366225,0.1936862548522132,0.0733815071186729,0.035483470410811,0.05737217965561949,0.0146705162418059,0.395280921424385,0.046407005134274905,0.0,0.0,0.015680807946654402,0.0302096464264342,0.0,0.3599388428257364,0.05496503591931339,0.0174070305174595,0.0,0.0,0.0,0.0,0.0,0.0,0.0073510842044337,0.1079859758472652,0.0,0.0,0.0,0.0015616837231951,0.0,0.0786179271432252,1.5860816322969582,0.0,0.0028480816770558005,0.0,0.18024354569915152,0.042049021047548506,0.001610062612419
g__GGB1420,3.135813654338414,0.0,0.0,0.0,0.0,0.0,0.0,0.34539485214220883,0.5287444481206343,0.0,0.3045117350390579,0.2657457774616466,0.3030374753451539,0.0,0.751221739921582,0.0,0.0,1.9878850886446544,0.0,0.0,0.0,0.46467866984194794,0.0,0.0,0.0,0.514186772818663,0.0,0.9124994116438581,3.4048758519322915,0.0,0.0,0.0,0.0,2.517548459178889,1.3976328837953387,0.0,0.0,0.10197665827896892,0.0,0.06343345248964889,1.4510235910499891,0.0,0.0,0.0,0.0,0.046206502461185704,0.0,0.0,0.0,2.125501497480272,3.3709990241863315,0.0,0.0,0.9167789108357006,0.0,0.5959600679665198,0.0,0.41435125327725947,0.4760192020828286,0.0,0.0,0.0,0.0,0.0,0.42528163530520274,0.0,0.7497337405930049,0.0,0.0,1.4118307510688843,0.0,0.0,0.0,0.0,0.4842089390161887,0.2781726854562252,0.0,0.4447993744124554,0.0,0.0,0.0587919268368261,0.0,2.6647253603428713,0.8308053155134906,0.0,0.0399287870321839,0.0,0.0,0.0,0.0,0.0,0.0,0.0,1.3235125041382605,0.021920987114643603,0.0
g__GGB16040,0.0,0.0,0.0,0.0,0.09709399933105568,0.0516368676963967,0.0,0.0,0.0,0.0,0.0,3.3148508876154716,1.8607692307692536,0.0,0.0,0.0,0.0,0.0,0.0,0.0,0.0,0.0,0.1050190703629164,0.0,0.0,0.0,0.0,0.0,0.7058525954727017,0.0,0.0,0.0,0.0,0.40453252447781496,0.0,16.564675957470453,14.567141208157155,0.0,0.0,0.4481515517678068,0.6380039302383839,0.0,0.0,0.31886471567549596,0.0,0.0,0.4570145496195237,0.0,0.0,1.5773785263676263,0.0,0.0,0.0067047483582159,0.0,0.11857209553946081,0.0,0.20691740433762215,0.0,0.0,7.103110411697186,0.0,0.0,0.0,0.0,0.0796484302844502,0.0,0.0,0.0,0.0,0.0,0.6012228457818132,2.2045858343606475,0.0,0.0,0.0,0.0,0.0,0.014454607395551404,0.0,0.0,0.0,0.0,0.0,0.0,0.0,0.0,0.0,0.0,0.0,0.0,0.0,0.41259319647613346,6.037727234868267,1.3473976193732102,0.0,0.0
g__GGB1843,0.0,0.0,0.0,0.0,0.0,0.0,0.0,0.0,0.0,0.0,0.0,0.0,0.0,0.0,0.0,0.0,0.0,0.0,0.0,0.0,0.0,0.0,0.0,0.0,0.0,0.0,0.0,0.0,0.0,0.0,0.0,0.0,0.0,0.0,0.0,0.0,0.0,0.0,0.0,0.0,0.0,0.0,0.0,0.0,0.0,0.0,0.0,0.0,0.0,0.0,0.0,0.0,0.0,0.0,0.0,0.0,0.0,0.0,0.0,0.0,0.0,0.0,0.0,0.0,0.0,0.0,0.0,0.0,0.0,0.0,0.0,0.0,0.0,0.0,0.0,0.0,0.0,0.0,0.0,0.0,0.0,0.0,0.0,0.0,0.0,0.0,0.0,0.0,0.0,0.0,0.0,0.0,0.0,0.0,0.0,0.0
g__GGB2653,0.0,0.0,0.0,0.009972391434314101,0.030280988085670195,0.0,0.0,0.0,0.0,0.004424844855638599,0.0,0.008150058060744198,0.0041420118343195,0.0,0.004012241877572,0.0,0.0172097090856729,0.0392477428698515,0.0005000588530802,0.002414696575082,0.020847613290893702,0.005628407825050299,0.0,0.0,0.0,0.0960501456441482,0.0,0.07861355889846562,0.0,0.0737722072852839,0.0045258114415591,0.0,0.05921903689054341,0.0,0.0,0.03701897695589321,0.0,0.0,0.0,0.0132385343712956,0.0298332078258413,0.013872936168069498,0.0,0.018005011886915404,0.0,0.03482529851949501,0.0414330552774509,0.0,0.0,0.0,0.0,0.0,0.0054043043205334,0.0,0.0,0.0,0.0,0.0,0.024736491882445005,0.0004145631043811,0.0470252643319979,0.2648921251917611,0.0,0.0,0.0,0.0073933639277774,0.0,0.0,0.0,0.005608260493376302,0.0626557296623521,0.0100689410307425,0.0053234730524166,0.0025776706500100994,0.0,0.007166405928458899,0.0,0.0,0.0,0.0,0.0012668873649424,0.0005544613390203,0.0,0.0039874098104862995,0.0,0.0,0.0,0.0,0.036396564985772,0.0642064414454952,0.0239078105673119,0.0,0.016559263840774403,0.0,0.0,0.0
g__GGB2998,0.2263950515727789,0.05588432943941779,0.0,0.0,0.0,0.0318411788145786,0.0,0.0,0.02959052835731541,0.0,0.0,0.05498931736189689,0.0,0.2738876499025612,0.0,0.0,0.0493385714780819,0.1603013931023862,0.0199254219919728,0.0,0.07836543083645632,0.021642568184419595,0.1262382783159459,0.0319173531640941,0.0,0.12043138156884461,0.0,0.0,0.0,0.0,0.0,0.0,0.09956007155070702,0.0,0.0,0.0,0.11131874033986575,0.0,0.0,0.0,0.0,0.0,0.0,0.0,0.1293384038022522,0.0,0.0,0.0,0.0373264078349112,0.4492531479581713,0.7434802888565951,0.0,0.0,0.10797102514447234,0.0,0.4825752788991333,0.03600851777156971,0.23770911500830733,0.11224036648459702,0.0853585431920683,0.1663199529957063,0.1673828469800209,0.0,0.0,0.1533425316084299,0.0,0.20861173349943632,0.0,0.0,0.26729918172407185,0.0,0.04715914193411941,0.0,0.11902773295634499,0.05120905489438521,0.5921632376972139,0.0,0.004067557485213501,0.0,0.5223333600441138,0.0,0.0,0.0415465523957928,0.14233913763489917,0.17808112071861634,0.0,0.0008826908000668001,0.0,0.0,0.0,0.0,0.0,0.0,0.08313603645315411,0.13758781201651862,0.1848402589690584
g__GGB3033,0.0694769558268503,0.1378955076753518,0.0,0.0,0.15217037329465116,0.0,0.022528176311944703,0.0,0.0,0.0,0.0,0.029043843270995698,0.006903353057199099,0.24142705201609538,0.10294406529915812,0.0666603527534642,0.012598056784099499,0.0467000408490537,0.0,0.0804167132125807,0.0,0.5440682556123518,0.0,0.0,0.0312564287223056,0.0,0.0,0.26307222469946484,0.0,0.0,0.0,0.0,0.0,0.0,0.060508415934799616,0.0,0.002337470305591401,0.0,0.0,0.0,0.108849893456342,0.10241008048930249,0.0,0.0,0.0,0.18586335916232313,0.0697721427471465,0.0,0.0,0.3260925015608372,0.12013293618988688,0.044758107021785,0.0,0.010258639964288104,0.011705969636166701,0.185526432522081,0.0,0.0,0.11111491472120971,0.0,0.2641483605696204,0.0,0.3199233380206799,0.0,0.2393610544715652,0.1592087994107416,0.09854947233746661,0.0,0.0,0.0,0.0,0.0019529583557242004,0.0055094459101429,0.0,0.0,0.0,0.0,0.006446163765494102,0.0,0.0,0.0114855173195336,0.0098729890044951,0.0,0.0,0.0,0.0,0.0,0.0,0.0389049313978475,0.607361022270321,0.0053420801602577,0.0,0.0,0.0,0.0,0.0
g__GGB3109,0.0065496614920129,0.0,0.04257108064676421,0.0,0.0,0.0,0.0,0.23767072871511813,0.0,0.07122027356814459,0.0,0.18871762540984408,0.006982248520710199,0.0,0.0,0.10072426135020401,0.1522914185549362,0.0,0.0,0.0,0.016092530179723803,0.0,0.0141315849947891,0.0,0.0844184173485819,0.0264365395966023,0.0,0.06097926324829751,0.0,0.0,0.0,0.0,0.004332656249601701,0.13034365405137477,0.0,0.0,0.14237557895068692,0.0,0.0,0.007834467424913498,0.0,0.25215457538631,0.0,0.0,0.0,0.0,0.0,0.0,0.1344725427876204,0.0429537277971599,0.1148883878159563,0.0,0.0,0.0,0.0071385241192128005,0.0,0.012495176369584304,0.7470001661103995,0.0,0.0069370226133119,0.0,0.2044871379871651,0.0,0.0,0.0338104913791259,0.0081603625665434,0.011554653511107701,0.0,0.0,0.0,0.0,0.010693247390359402,0.0,0.18074020087127227,0.0885279066578348,0.0222498492363813,0.0,0.06479942789590892,0.23786904365091463,0.053323371781121294,0.0133788874473599,0.0,0.0006232956758861,0.0,0.0,0.0413451529332723,0.0,0.0,0.0,0.0,0.0,0.0,0.0,0.13781777471551804,0.035240067893161205,0.0
g__GGB3175,2.431567093911009,0.2480749088403054,0.9509159137956462,0.0,0.0,0.0724713633650341,0.3957426813898206,0.0,0.0,0.0,0.0,0.010291974146129899,0.1943392504930778,0.0793409002448943,1.4188244327616295,0.0,1.773073417351942,0.3083927194744111,0.0,0.0,1.054278754600149,0.0,0.1748328841837063,0.0,0.8725433658038304,0.23590493137951926,0.0,2.2169784047400123,0.23332032653739262,0.0,0.0,0.020466415599229106,1.094578245041202,1.4684984976833242,0.32539159293524567,0.0,0.13960475740866174,0.0,0.0,6.31369436312939,2.0188041705813413,1.0425396561219997,2.111846209894098,0.0,7.028548854029635,0.0,0.0,0.20384206229027332,0.0,0.0686969171532074,3.6386676618198215,2.308645272367776,0.0486174201300791,0.15767049960193114,0.5659095243489325,0.0,0.042884260203203316,0.0,2.0472670983087116,0.4193167613114207,0.0,1.802695294485717,0.0713310072091446,0.0,0.0572565897048544,0.007053872727012101,0.03784567671754151,0.0,1.4146784596526902,0.924916552711088,0.0,0.6356239133667452,0.0,4.701090026158402,7.064180328739962,0.000708142878306,0.0,0.05113299772933112,0.0,0.0912094801295118,7.560686341102679,0.1312284788514142,1.3371055707051287,0.0,5.731130385739475,0.0299823972772675,0.0,0.0,0.0,0.0,0.24236113994726988,0.0,4.90785978918407,2.0777575967615336,0.0,4.233868820719184
g__GGB3256,0.0,0.0,0.0,0.0,1.068103577447661,0.0,0.28325244417016765,0.0,0.0,0.0,0.0,5.049291012304653,0.0,4.9548489779899665,0.0,0.0,0.0,0.0,0.0,0.0,0.20820619369298402,0.5464357604911476,0.0,0.0,3.9078353842395033,0.0,0.0,1.8635320537084399,0.0,2.448068043899633,0.0,0.0,0.0,0.0,0.8784743060984073,0.0,0.0,0.0,0.0,0.0,0.0,0.0,1.4031220271977585,0.0,0.3764694891955351,0.0,0.0,0.0,0.0,0.0337675121313425,0.0,0.0,0.0,0.6466811442948154,0.0,0.0,0.15313381909462595,0.0,0.0,0.49393812010004284,0.0,0.7539500669217573,0.0,0.0,0.0,1.7718674455349464,0.0,0.0,0.0,0.14402905804381305,0.0,0.0,3.822765076993937,0.0,0.0,0.2934685716276418,0.0,0.03156931293886191,0.0,0.0,0.0,0.0,0.0,0.0,0.806378533038149,0.0,0.0,0.0,0.3072664681409545,2.0651790088904187,0.0577219196759301,0.0,0.0,0.0,0.0,0.5707608572734005
g__GGB3304,0.1314986699553729,4.980870680318805,0.0,0.0,0.22076939456115727,0.0,0.0,0.19831987755435845,0.0,4.39195444833603,0.0,0.5727806920409644,0.0,0.0,0.0,0.0,0.0,0.7891737203026177,0.0,0.0,0.0,0.0,0.0,1.8481415094732347,0.0,1.9546565493428365,0.0,0.04390874061890821,0.0,0.0,0.0,0.0,0.29620441108096995,0.17772056480820808,0.0,0.0,0.20744392369339792,0.0,0.0,0.0,2.98133519082773,0.0,0.0,0.6508150410830185,0.0,0.0,0.0,0.0,0.0,1.0397670549991176,0.1675305421191146,0.0147922874995451,0.0,0.16387519737823894,0.8922852669180424,0.0,2.0088882128214154,2.1245862224269954,0.7855184370101181,0.0,9.979920107189262,0.0,0.1129645990946268,0.0,4.1152431415337265,1.1276011627196556,4.506210207615437,1.8450645114988284,0.0,0.2955078949519856,0.0,0.0,0.0,0.0,0.1197365870986453,0.0,0.0,0.052779725154142115,0.0,0.0,0.2060989071495292,0.0,1.192208804051422,0.4614572410678563,0.0,0.0,0.0637031160478924,0.0,0.260449240007056,0.0,0.0,0.0,0.0,0.0,1.9923124997865698,0.0
g__GGB3321,0.0012004202734556,0.0139882079817729,0.0,0.0,0.0,0.0437349329245865,0.0015749181008349,0.0,0.0,0.0,0.0,0.0014414152272719998,0.0038658777120315,1.0106803390040098,0.0223434020154707,0.0,0.0616770319405786,0.0443904443678866,0.0,0.0,0.0025332757186143006,0.0,0.233542270248576,0.0,0.1750911863002618,0.0704922091439076,0.0,0.0,0.0,0.0,0.0,0.0,0.013362057509276102,0.013187240237798999,0.0,0.0,0.04129968601731801,0.0,0.0,0.0,0.0,0.0,0.0,0.0,0.0,0.0,0.0,0.0,0.0,0.1444559645317395,0.0,0.0119710780279823,0.0,0.020439914619645203,0.0008166955560114001,0.0,0.020627227294898107,0.0,0.0,0.0163199675424727,0.0269581976532597,0.0,0.0,0.0132159615366437,0.000148487006496,0.1885936488992041,0.45596923447906273,0.0286936286623617,0.0,0.07407926174083132,0.0,0.0,0.0,0.0,0.015382957201475898,0.0,0.0,0.0,0.0,0.0,0.0,0.0,0.0044409816906895,0.0,0.020888177749396507,0.0,0.0976935017797075,0.0,0.0,0.017127840271180205,0.0,0.0,0.0,0.0070599650003885005,0.06157940391990701,0.024746789129451604
g__GGB3345,2.1592191118701547,0.0,0.0,0.0,0.0,0.0,0.0,0.0,0.7076801137167554,0.0,0.0,3.4331681767849203,1.2420907297830384,0.0,0.0,0.0,0.9034715510681854,0.0,0.0,0.0,6.34834742173801,0.0659774472825294,0.0,0.0,4.653206934113835,0.0,0.0,0.7007043098349741,9.405517451984181,0.0,0.0,0.0,0.0,2.8471580282861693,1.271221388181835,0.0,0.0,0.8126808367612405,0.0,0.4259062391525392,0.0008016364235964,0.0,0.0,0.0,0.0,0.0,0.0,0.0,0.0,0.029628268708790796,0.0808643802402042,0.0,0.2477772266879567,6.987975110032926,2.4692336416258396,4.590754898554809,0.026501318359947505,20.68211436272726,1.7159387885543744,8.398426650106353,0.0087917305495496,0.0,0.0,0.5982267706298103,10.861586945972892,0.0,0.0,0.0,0.0,0.0,0.0,26.81648738669069,0.0,1.9253936191532435,6.169742330406773,0.0,0.0,0.12810694889414773,0.0,0.0,10.9029858029262,0.0,0.0,12.650365223953553,6.468497781796699,0.0,0.0,0.0,0.0,0.0,0.0,0.0,0.0,0.8626518449189652,0.0,15.914974495087089
g__GGB33469,0.22171973050770472,1.6911483140510286,0.0,0.0338728895718635,0.0,0.09917686817728039,0.39170267408766235,0.8885487621072521,1.2622692774285456,0.06992382220915008,2.2660693387401185,1.1458846921702788,0.4711242603550262,0.7336485430135302,1.1493416549111293,0.0,0.24095119757127728,0.4124477396055919,0.0157518538720325,0.0,0.21206840093612894,0.28155440096262613,0.1886442890859368,0.0110679618263159,0.7055613755771776,0.93119376744066,0.0,0.13560707799981134,0.0,0.1258009010559899,0.0,0.07156876243256272,0.2925999323523,0.29249098824292075,0.2655056382016785,0.06519453163896861,0.3597209218037331,0.0085754723149809,0.0,0.18596852602787067,2.4642550318718635,0.0,1.5020712820075954,0.0,0.3266024952574868,0.0,0.0,0.0,0.3131688795868832,1.262741562524418,0.775832596638147,0.0383913234846149,1.5220844710886383,0.7196521036787963,0.6596631493807139,2.2652577628878108,0.2476625446732056,1.470282507547743,9.764372605191236,0.1803902254863904,1.0097547398679736,0.0,0.3602826975498936,0.8927227498507646,2.270930579948704,0.7865256696841112,9.413714368965419,0.3116420335301475,0.10921861258527703,0.6256140138431376,0.0,0.058172546431968106,0.0,0.29941413589525007,0.5756844024404074,0.5762158600777396,0.0,0.0,0.0,0.19677600805720902,2.7771563223457383,0.0158110910869088,0.2368328788468665,0.0,0.24918598264237055,0.0,0.262661622382952,0.0,1.238005084408222,0.0,0.0,0.0,0.21766424303372645,0.7274568142105821,1.0288349560982595,0.0694608901845941
g__GGB33512,0.0327693674648626,0.0,0.0,0.14327002360628413,0.009231584265112499,0.0031280923468886,0.0093399490849521,0.005047377583567901,0.007603025168519702,0.0,0.0342718718075979,0.018994350191156195,0.0,0.0629696568218423,0.1016557307513105,0.0,0.083849611880593,0.0214022607254199,0.0,0.0,0.0030939187055209006,0.0,0.0,0.0,0.0464170996425275,0.0130378423767219,0.0,0.07503425576650663,0.0,0.0198027701595616,0.0,0.012473048925879401,0.0036226831666838007,0.0,0.008584777400093802,0.0,0.0,0.0,0.0,0.008963888823760499,0.0,0.0157562392627087,0.03629184213720971,0.0,0.0,0.0,0.0,0.0,0.0,0.0108382821195759,0.0049495425278789,0.0,0.0,0.027603942226682308,0.0,0.0,0.0,0.007192408926122001,0.19024824183331385,0.0,0.0104008271222789,0.0,0.3188831483420888,0.008489482857789,0.0181302634931629,0.1394302935291023,0.09827735187433881,0.0,0.0,0.0,0.45906119589256167,0.0,0.3047746439026595,0.010967735902984799,0.007109557522392601,0.2385874985589121,0.0,0.010781138524822204,0.0,0.0,0.3971065406331836,0.0015739547688323001,0.3511492014024014,0.18528923759356697,0.12449484796448095,0.0,0.0,0.0,0.0464973693296807,0.0,0.0,0.0,0.0,0.00036289539721610003,0.011120578662832802,0.0
g__GGB33928,0.072446416503294,0.5609257700193295,0.05558276273369911,0.0,0.0,0.110148535364134,0.029334561495529706,0.26237016439026795,0.3664769530862632,0.0,0.0,0.35204209471309195,0.2377120315581608,0.343709376819399,0.0,0.0,0.015255101487655002,0.4619346935419541,0.0078086113211785,0.0,0.10795492181210622,0.32065173389020735,0.4985640650530174,0.1335155668518139,0.3453383159667823,0.1534731337293333,0.022012129992455304,0.0,0.07680692928055552,0.4655867268488767,0.0,0.03850191357799761,0.46264758793017413,0.06083561097782179,0.0,0.8481047620594807,0.19259179495393847,0.012767925446749302,0.0,0.20605507115925106,0.0147871087983422,0.0,0.24698421293255687,0.29284654427848783,0.121838618434271,0.0,0.0,0.0,0.0,0.3913582037716896,0.42631622594430524,0.6855729638158894,0.0689661715065901,0.3469060452478695,0.10751645754972641,0.5355344576661608,0.07060793277322662,0.169021609763863,0.27458678335097414,0.1655350475793898,0.3566947337417371,1.374926454503901,0.0,0.0570449619009355,0.0969026204392794,0.1377076900289398,0.31182911839666366,1.3214228598220106,0.13009376348231672,0.8290180884537044,0.5595943553281557,0.16361628978571371,0.1632957923873348,0.2553662933171591,0.2186378695008992,0.4529281849646391,0.0,0.6860801286305134,0.0,0.5161466705004255,0.21712500377628366,0.0,0.4404752629528495,0.0,0.27041766214016816,0.0459125351087622,0.0874950280743051,0.0,0.1538689195051476,0.0,0.1510996506142303,0.0,0.26118475239765016,0.23035610100564313,0.13720360776330454,0.3302656780797668
g__GGB34228,0.0615373340182015,0.007631177126197299,0.0,0.0,0.0,0.029530125513533498,0.0,0.0,0.009636068528600104,0.0,0.0,0.057562310898428594,0.0,0.10228232480326419,0.1781091837762453,0.0,0.0,0.0,0.016348077889167,0.0,0.09937916056793793,0.0,0.0,0.0,0.1280915735182044,0.0,0.0,0.0,0.0,0.0,0.0,0.04266313500688791,0.17980523435845103,0.07568018585006339,0.0023082936211731,0.014211173931401103,0.0,0.0,0.0,0.0,0.0,0.0,0.0,0.0,0.0073353163906163,0.0,0.0,0.0,0.0,0.0,0.1412750218222373,0.0,0.0,0.08592191209906452,0.0,0.23647085992295833,0.0,0.0683278847981586,0.0,0.0037725242498687,0.0027751085819533,0.0,0.0,0.0,0.2084906058210477,0.0,0.0,0.0,0.0,0.012779021422718403,0.0,0.021274439793095304,0.0,0.030881505238358194,0.0,1.037556782436699,0.0,0.0,0.0,0.3269321718854591,0.0,0.0,0.0382158161277634,0.0,0.0,0.0333721269057477,0.0132267821425405,0.0,0.0,0.0,0.0,0.0,0.0,0.058624101895725006,0.06627523368156452,0.0
g__GGB34540,0.1069848243711431,0.0,0.0,0.046704033217350505,0.18473606251126348,0.0057776332526487,0.16676328446841582,0.23753052378224843,0.14760451792363372,0.0,0.0,0.0024786953440939998,0.2017751479289896,0.0089337116427731,0.0,0.0,0.0,0.0174451520876983,0.0,0.0,0.0,0.0,0.9686903164296295,0.0,0.0,0.0,0.0,0.0,0.0,0.2916745584239681,0.0,0.0,0.0,0.16673357917128867,0.0,2.0693196796377844,0.0,0.0,0.0,0.0,0.1614249099762205,0.0,0.13055078849423504,0.0,0.0,0.0,0.0,0.0,0.0,0.0,0.0125213592427138,0.1776027611253134,0.0566119531486112,0.0,0.0,0.0482863100522869,0.590515923455486,0.0,0.05528781787563211,0.0,0.0,0.0,0.1524397973970346,0.0374664329119744,0.0,0.0840429328116616,0.0,0.0,0.0,0.0,0.0,0.0,0.0,0.0,0.0,0.405369309257589,0.0,0.0,0.0,0.0,0.1550336010549273,0.0,0.0,0.0,0.03387581528502981,0.0,0.0100083556869119,0.0,0.0,0.0,0.0422218798105138,0.011375863808356002,0.09097723718182942,0.023027362477902904,0.2695833176805469,0.1516755046848883
g__GGB34797,0.0,0.0,0.0,0.0,0.0,0.0246395632249192,0.09513874823042662,1.182067789085039,0.0,0.0,0.0537394044529648,0.0,0.0,0.124529868845728,0.0,0.0,0.2962604844464417,0.0161517780582485,0.0,0.0,0.024668291423886206,0.04254808296315869,0.0,0.0,0.0,0.0173210324716016,0.0,0.015261204562680705,0.008328462211145003,0.0,0.0,0.0,0.0,0.008929604711402398,0.0,0.003249443532795001,0.0,0.0020485850530232003,0.0,0.0,0.0,0.0,0.0,0.019229396423244803,0.0,0.0,0.0477579093703268,0.0,0.0,0.0,0.0392029990949888,0.0,0.0,0.0,0.023033839477883802,0.0186068214402053,0.0,0.025995420832984,0.0,0.0,0.0341524917501619,0.0,0.0,0.0147066201968978,0.0352953614440837,0.0295608819629153,0.062336518398684405,0.0,0.0,0.17606031698111846,0.0376644357913643,0.0,0.0,0.10217178860772728,0.0,0.0972563429065607,0.17559817584512566,0.034243485680001406,0.0,0.0033388483251549994,0.0,0.0,0.1713089209193572,0.06443654253744949,0.039551772747077815,0.0063338609959406,0.0,0.0,0.0815471604029441,0.0,0.0,0.0,0.0,0.0,0.0,0.0101040937173075
g__GGB3510,0.0,0.0,0.0,0.0028753728635604004,0.0,0.0,0.0,0.0,0.0,0.0,0.0,0.0,0.0,0.0,0.0031042727676626994,0.0,0.0019240668542987,0.006389883597877,0.0,0.0,0.0,0.0,0.0,0.0,0.0038016646999184003,0.0,0.0,0.0015208760560746005,0.0,0.0,0.0,0.011326589960777303,0.0,0.0,0.0,0.0,0.0,0.0,0.0,0.0,0.0033792058471606,0.0,0.0,0.013413569875680103,0.0,0.0,0.46882250273189324,0.0,0.0,0.0037398427414281,0.0,0.028555214786492998,0.0,0.0,0.0,0.0,0.0,0.0,0.006729263668494401,0.0,0.0085468680276126,0.0,0.0092056786555028,0.0,0.0057761445526947,0.0018609147301208,0.0,0.0,0.007021038569716002,0.0,0.19846305909291792,0.0,0.0,0.0,0.0008349302428431,0.0,0.0,0.0,0.0061977718239425985,0.0,0.0,0.0,0.0009738994935721999,0.04745017674477519,0.0,0.0,0.0,0.0,0.0,0.006876391637022001,0.0,0.0,0.0,0.010952842897799001,0.0,0.0
g__GGB3537,0.0,0.0,0.0,0.15359144874082484,0.0176861381963527,0.0,0.0,0.0,0.0,0.0,0.1484421033325306,0.0,0.0,0.014831696028293,0.0083434999288961,0.0,0.0024279891256626,0.0,0.0,0.0,0.0,0.0,0.0,0.0,0.0,0.0,0.0,0.013425664495004305,0.022255501797559904,0.0215997547475436,0.0,0.0,0.0,0.0,0.006120868478616701,0.0,0.0,0.0,0.0,0.0014582402871188998,0.0,0.0,0.0,0.0059251465954512006,0.0,0.033787949201893104,0.0,0.0,0.0,0.0031770508725725,0.0,0.0,0.012673999678726401,0.0,0.0,0.0,0.0,0.0036475788125332,0.0,0.0,0.0284740132652496,0.0,0.0,0.0,0.013556863693085702,0.0,0.0,0.0,0.0,0.0,0.0212757321875203,0.0,0.0145872460279104,0.0,0.0,0.0,0.0,0.0,0.0,0.0,0.0004315770144308,0.0,0.0,0.0,0.0008342185318864003,0.0,0.0,0.0,0.0,0.0,0.0,0.011672196005968702,0.0,0.0,0.0,0.0
g__GGB3570,0.027335886227115403,0.0116591234010664,0.0,0.0,0.0,0.012150537810116,0.004697364422490501,0.08337520008411511,0.0019494936329537006,0.0,0.0262109611396501,0.0829150534940126,0.0854043392504639,0.1349163928187654,0.0,0.0,0.0934699461520654,0.0,0.0154633583798709,0.0,0.04044935327753501,0.022357286638391895,0.0571521465237079,0.0185601206010528,0.0329733095545264,0.0090213710789591,0.0,0.0,0.0,0.0054867929419715,0.0,0.0,0.0030401411499306006,0.023702742745946595,0.010711519837579302,0.009501537418679103,0.0,0.0,0.0,0.023632070535368796,0.0349266823326771,0.0,0.0,0.0,0.0020065215238904,0.0,0.0,0.0,0.0,0.0235827947626956,0.1043665126408075,0.0,0.0,0.06487854806975492,0.020810612686518702,0.0349618619417716,0.04132236315701361,0.0010959861220756,0.05603811905122372,0.027402621199592695,0.0010027703279325,0.0066165991649965,0.0,0.0,0.0,0.022720762954902,0.03566871301255021,0.0116768455527539,0.0,0.2175502839146912,0.0,0.004930419455435001,0.0,0.024184615804508095,0.0105378317013399,0.0190915319991356,0.061110963142656294,0.0,0.0,0.0,0.0098705839752113,0.0377391427526836,0.0640825866770437,0.07672915735321069,0.042054428342750916,0.0187310411864881,0.0,0.0,0.0259927365115965,0.0017334476413861002,0.0,0.0010371626916445002,0.0,0.019810789638940902,0.023521838169753805,0.0033595794668588
g__GGB3612,0.3461422388512105,0.0,0.0,0.0,0.0,0.0,0.0,1.1450303193167202,0.0,0.0,0.0,0.0027481187510606997,0.1954240631163423,0.0156990466732224,0.0,0.0,0.0751302295488,0.0,0.0,0.0,0.08741877684723741,0.0,0.0,0.0,0.0181038952040468,0.0005805056172545,0.11786603227309472,0.0,0.0,0.0,0.0,0.0,0.0,0.17632040278945457,0.0,0.06334358279118363,0.0035981284479328014,0.0,0.0,0.005189619845334899,0.0,0.008343470686715797,0.0,0.0,0.0,0.0,0.0,0.0,0.0,0.0,0.2259744780608525,0.0302708151408216,0.0,0.0,0.033590385738910405,0.0,0.06784065865876021,0.0049319375493407,0.006846498227179102,0.0217922005203046,0.0,0.0090835639398768,0.0,0.0,0.0,0.0,0.0,0.000737484982279,0.0,0.017187504795621103,0.0,0.0,0.0,0.0,0.0,0.0,0.0,0.0,0.0018089682272202996,0.0,0.0408745198183595,0.0,0.0,0.0,0.262795194770402,0.0870667173587485,0.0,0.0,0.0,0.0,0.0,0.0,0.0,0.05939937842615021,0.0,0.0
g__GGB3619,0.2285221120573337,0.0281545224314701,0.0,0.0,0.0,0.0050773140705094,0.0,0.19098248606710233,0.033503440577755506,0.0,0.0,0.011154129048423599,0.0442998027613344,0.7718553389226999,0.0039140830548792,0.0,0.0675561251064874,0.0060357454707657,0.0,0.0,0.010465335755587902,0.015589796277321998,0.0814712799184499,0.0,0.0,0.0564345596017659,0.0,0.020807157767160005,0.0,0.1336597136540877,0.0,0.0,0.36947727412569564,0.0,0.0016080247698059002,0.15761857743886346,0.018988663269018005,0.0,0.0,0.0,1.1708948260411978,0.0,0.0,0.0,0.2809459071401104,0.0,0.0,0.0,0.0016952101202348,0.0091499065130088,5.028472980906431,0.022512489094024,0.0919904265999955,0.0,0.020719868735850803,0.00480831418473,0.09743181682749853,0.1586439911704634,0.2960641545020184,0.1653001284869265,0.0,0.0,0.0084385387675442,0.0,0.0380275223636278,0.0,0.04718150183698871,0.1031796118725665,0.0,0.8052457603922613,0.0,0.0,0.0,0.8172732237385312,0.006590888735171801,0.0,0.0,0.0,0.0,0.0,0.1338306399911198,0.0,0.0,0.0,1.6586063708778895,0.0,0.0,0.0,0.0,0.0,0.0703507344445041,0.0,0.025924749127756903,0.0035464777455223003,0.017203812672251805,0.0002408755089445
g__GGB3653,0.09828704238977409,0.0,0.0,0.013479349088714501,0.23085919143383246,0.005520849552531,0.0,0.04872121417471731,0.0,0.048504191060836095,0.0,0.025729935365317494,0.0842406311636746,0.0471405075518836,0.0164416028010602,0.0,0.22134404010366,0.0107165276725842,0.0,0.013939384774337999,0.04015864950655511,0.013769497714855198,0.0641378939979647,0.0,0.4401653233606954,0.05127276641048851,0.0,0.015680756578149605,0.0,0.4729184239678316,0.0,0.0,0.06773871388556231,0.006657913272821599,0.0,0.0,0.017557291003234405,0.0,0.0,0.4073923060954878,0.0502687701935199,0.021285704744051098,0.002739883155592901,0.0001311840574637,0.0,0.024185058376091903,0.0988360748633482,0.0,0.1559805211881113,0.0175191662401857,0.3221136054401257,0.0037743207795229,0.0,0.0,0.0,0.0132905867430037,0.0039726511827210004,0.0935869399553606,0.07554594961629592,0.0106680905527425,0.0242763700320384,0.0,0.0320898515844143,0.0068897516126381,0.10401514805044332,0.0176283949434421,0.08111283035421742,0.0100926185537837,0.0,0.18362170301940345,0.0,0.0,0.0027314763478557,0.10694806069453669,0.0,0.0,0.0,0.009444052154250303,0.0,0.0,0.030112938135928,0.0,0.0532723022983998,0.09797635534337407,0.16587863003649925,0.0,0.0,0.0,0.0015824593472083999,0.1305022038892597,0.0,0.0,0.023025027069214003,0.020948961566573502,0.05406607630122201,0.0
g__GGB3746,0.10016138281674211,0.0,0.17535726080749123,0.09044959030920692,0.0,0.0113101547915488,0.007532217003993601,0.0,0.0028267657677830006,0.04137370858647299,0.0,0.011154129048423599,0.0098422090729783,0.0150485336895254,0.0347482232332744,0.08873476464887992,0.018813098130922,0.0050195230190551,0.0318114362690379,0.0,0.06426629794350901,0.0,0.0210736715473273,0.0016270849864325001,0.0168315638730258,0.0,0.041370905937157205,0.07833822788832243,0.0,0.1591888747006904,0.0,0.0,0.18115236277219024,0.10602655450129668,0.0,0.0,0.017596686570182703,0.011279128169843002,0.0,0.0,0.0,0.008376318996505998,0.0,0.0076305393424813015,0.0224335685130066,0.0,0.0747992911019178,0.043051198424326705,0.0085290259174317,0.0924067939508198,0.0103579830384753,0.0,0.0,0.029042936972797907,0.0,0.0,0.02397172423077871,0.0,0.0,0.017093818670651,0.0,0.0,0.0,0.0133613916498393,0.0,0.00011316373358839999,0.11236481892683763,0.0,0.0,0.016936388654126805,0.0,0.015559635424295401,0.0775390583682697,0.09284668596210799,0.0,0.0965623628858192,0.0,0.09897254060906722,0.012138587933791297,0.0021407909849523,0.189448387495995,0.0103022493959949,0.0,0.0014126823328579998,0.5477217164749519,0.1080098356267421,0.0,0.0,0.0,0.0,0.0193321530424748,0.0137135955895233,0.0,0.012635357921256102,0.04546416996511761,0.0
g__GGB3886,0.0,0.0,0.0,0.0,0.0,0.0,0.0,0.0,0.0,0.0,0.0,0.0,0.0,0.0,0.0,0.0,0.0,0.0,0.0,0.0,0.0,0.0,0.0,0.0,0.0,0.0,0.0,0.0,0.0,0.0,0.0,0.0,0.0,0.0,0.0,0.0,0.0,0.0,0.0,0.0,0.0,0.0,0.0,0.0,0.0,0.0,0.0,0.0,0.0,0.0,0.0,0.0,0.0,0.0,0.0,0.0,0.0,0.0,0.0,0.0,0.0,0.0,0.0,0.0,0.0,0.0,0.0,0.0,0.0,0.0,0.0,0.0,0.0,0.0,0.0,0.0,0.0,0.0,0.0,0.0,0.0,0.0,0.0,0.0,0.0,0.0,0.0,0.0,0.0,0.0,0.0,0.0,0.0,0.0,0.0,0.0
g__GGB3887,0.0,0.0,0.0,0.0,0.0,0.0,0.0,0.0,0.0,0.0,0.0,0.0,0.0,0.0,0.0,0.0,0.0,0.0,0.0,0.0,0.0,0.0,0.0,0.0,0.0,0.0,0.0,0.0,0.0,0.0,0.0,0.0,0.0,0.0,0.0,0.0,0.0,0.0,0.0,0.0,0.0,0.0,0.0,0.0,0.0,0.0,0.0,0.0,0.0,0.0,0.0,0.0,0.0,0.0,0.0,0.0,0.0,0.0,0.0,0.0,0.0,0.0,0.0,0.0,0.0,0.0,0.0,0.0,0.0,0.0,0.0,0.0,0.0,0.0,0.0,0.0,0.0,0.0,0.0,0.0,0.0,0.0,0.0,0.0,0.0,0.0,0.0,0.0,0.0,0.0,0.0,0.0,0.0,0.0,0.0,0.0
g__GGB4538,0.0,0.0,0.0,0.0,0.0,0.0,0.0,0.0,0.0,0.0,0.0,0.0,0.0,0.0,0.0,0.0,0.0,0.0,0.0,0.0,0.0,0.0,0.0,0.0,0.0,0.0,0.0,0.0,0.0,0.0,0.0,0.0,0.0,0.0,0.0,0.0,0.0,0.0,0.0,0.0,0.0,0.0,0.0,0.0,0.0,0.0,0.0,0.0,0.0,0.0,0.0,0.0,0.0,0.0,0.0,0.0,0.0,0.0,0.0,0.0,0.0,0.0,0.0,0.0,0.0,0.0,0.0,0.0,0.0,0.0,0.0,0.0,0.0,0.0,0.0,0.0,0.0,0.0,0.0,0.0,0.0,0.0,0.0,0.0,0.0,0.0,0.0,0.0,0.0,0.0,0.0,0.0,0.0,0.0,0.0,0.0
g__GGB45432,0.0,0.0,0.0,0.017435064357659104,0.008326981786872899,0.0,0.0,0.0,0.0003759737720695001,0.0,0.0,0.004068293445197899,0.0,0.0021683766123234,0.0023312720389562,0.0,0.0,0.0003079461974879,0.0,0.0044147482837361,0.0,0.0,0.0,0.0,0.0082778182982092,0.0,0.0,0.0,0.0,0.0018928237660075,0.0,0.0,0.0,0.005657797545144499,0.0,0.0,0.0006303290711705003,0.0,0.0,0.0089495923503574,0.0,0.017442452498606698,0.0,0.0006231242729533,0.0,0.03725565977787681,0.0073536658491898995,0.0,0.0,0.0030681234140840998,0.0,0.0012390447003484,0.0041251790375669,0.0,0.0,0.0,0.0,0.0,0.018124462772635005,0.0,0.0044658259953282,0.0,0.0222860638637456,0.0,0.0,0.0008047198832954,0.0,0.0,0.0,0.0,0.0131582948790449,0.0,0.0012088235752211,0.0016173619764768999,0.0,0.0,0.0018159762325028997,0.0,0.0,0.0,0.0039398804865794,0.0,0.0,0.0,0.0,0.0,0.0,0.0,0.0,0.0070371086368856,0.0,0.0,0.0,0.0,0.0,0.0
g__GGB4571,0.007202521640734499,0.0069324517519853,0.07007357031542372,0.043994866877696104,0.030246195682668793,0.0,0.0,0.0,0.0,0.07405273795024869,0.0,0.0,0.0132544378698225,0.8965369941312797,0.0933858499394418,0.0,0.0307239881813412,0.0,0.0,0.0,0.0,0.2095576842005322,0.0634684265316926,0.0,0.0201426911923096,0.0,0.0,0.7379395512078382,0.021453501732783004,0.0,0.0,0.0,0.0,0.0,0.22411196832083363,0.28167328243772627,0.0,0.0,0.0,0.0,0.0,0.07043772562682128,0.0,0.0,0.0,0.0,0.0,0.0014445241972576002,0.0,0.0,0.0,0.32119851078264,0.0052124355280884,0.0,0.012220185356618502,0.0,0.0,0.0,0.03055132599319981,0.0,0.0,0.0,0.0318428065357547,0.0,0.0,0.1225814709726113,0.013961872992588402,0.0,0.016994230364808707,0.0,0.0,0.0050744901538082,0.0,0.0,0.2082644937564802,0.0,0.0,0.0,0.0,0.0,0.0130865288246808,0.0,0.1566225165562796,0.05621108572839309,0.0,0.0,0.0,0.0,0.0,1.947040534204961,0.0,0.027180247681036104,0.0,0.0,0.0,0.0
g__GGB4768,0.0,0.9594047407831504,0.0,0.0,0.0,0.0248730029523028,0.08019756868250762,1.45955671873724,0.0,2.431818636601038,0.3435508120804087,0.0,0.0,0.0,0.0,0.0,0.0,0.05921805377692751,0.0,0.0,0.1999834298850199,0.0,0.0,0.0,0.0,0.0,0.0,0.0,0.0,0.0,0.0,0.0012738432945578002,1.016881703556766,0.027246009895414796,0.24550907211265335,1.143906954035383,38.44193159091166,0.0,0.0,0.0,0.1357108800808433,0.0,0.0,0.0,0.0,0.0,0.0,0.0,0.0,0.9055865807180551,0.2583595642698186,0.0,36.67466439749875,0.0,1.6518121340088554,0.0,0.9827218534692748,0.0,0.0,1.2760390540554496,0.0,0.0,0.0,0.0,3.850609598556514,0.0,0.0,0.0,0.15920619585092355,0.0,0.0,0.0,0.0,0.08089337010471659,0.0213792744000774,0.0,0.0,0.0,0.0,0.0,0.0,0.0,0.0,0.0,0.3337201272068676,0.0091665927981454,0.0,0.0,0.0,0.0,0.0,0.0,0.0,0.22925091956869315,0.10610440793270971,3.696323428363408
g__GGB47687,1.02724385400614,0.117098152419391,0.0,6.313105500754541,0.0,0.0773852696263708,0.0,0.0,0.0,0.0,0.0270950610193604,1.1414930906367329,0.0987376725838103,0.0,0.0,1.6597335042946793,3.9892777556951726,0.5780150126850826,0.0,0.0,0.0,3.6733289966302376,0.0,1.0276555256752231,0.0,0.3047183810357126,0.0,0.046557162716548015,0.9566318464971749,0.0,0.0,0.0,0.0,0.0,1.319617746576332,0.5926738210638384,0.3584733955170345,0.0,0.0,0.0,1.0524622941058543,0.0,0.0,8.53358853005318,0.0,0.0,0.0,11.518975193251704,3.815367037359691,0.0,0.0153403039936912,0.19878089438818142,0.0,1.4878741483046747,0.29219552115081826,0.8720148664947877,0.0,0.0377601468621316,0.7442049785296586,0.4433614213655142,0.0,6.684747284413728,0.0,0.0,0.294954589703676,0.1090269704383557,0.8012273051533687,0.0,0.0,0.0,0.873003166628852,0.0,15.901062904621858,0.11245719992691468,0.0,0.0,0.0,0.0,0.0,0.0,0.0,0.0,1.3938449552006336,0.0,0.6591471407732363,0.0,0.8091830262089823,0.0,0.6623097408284917,0.8055480426735739,0.0,0.0,0.0,0.4355074671501107,0.0,0.0
g__GGB4769,0.47210212754484826,0.0,0.0,0.0,0.0,0.0196556250453749,0.0,0.0177592914977394,0.0,0.0,0.003241699558938,0.49277541134217956,5.356804733727919,0.0025153168702951,0.0,0.0,0.0,0.063298340893659,0.0,0.0,0.08895535392246282,0.0,0.0,0.0,0.0,0.0,0.0,0.0,0.019217155398308705,0.0,0.0,0.0033013772050625007,0.0,0.020716682930453496,0.0,0.04855655810713151,0.0,0.0,0.0,0.0,0.0,0.0031315388666674996,0.0,0.0,0.0,0.0,0.0,0.0,0.0,0.0,0.1489123953917084,0.2400696762490271,6.27531402259217,0.011341754289326303,0.0,0.2603092626416318,0.0,0.2670609933401698,0.040774179510495015,8.447193089951725,0.0005013851639662,0.0,0.0062281357005449,0.0,0.0833457567462054,2.292936143716952,0.0,0.0317801398844999,0.0,0.051869434115357216,0.0,0.0,0.0,0.22648121926854914,0.0093739895446493,0.0,0.0,0.0,0.0,0.0,0.0484340784904863,0.0,0.0059407869107907,0.0,0.3773939209350613,0.0,0.0,0.0,0.0284337642280353,0.0,0.0,0.0,0.0,14.380076514845259,0.0,0.1523347429199054
g__GGB4964,0.0,0.0,0.0,0.0,0.0,0.0,0.0,0.0,0.0,0.0,0.0,0.0,0.0,0.0,0.0,0.0,0.0,0.0,0.0,0.0,0.0,0.0,0.0,0.0,0.0,0.0,0.0,0.0,0.0,0.0,0.0,0.0,0.0,0.0,0.0,0.0,0.0,0.0,0.0,0.0,0.0,0.0,0.0,0.0,0.0,0.0,0.0,0.0,0.0,0.0,0.0,0.0,0.0,0.0,0.0,0.0,0.0,0.0,0.0,0.0,0.0,0.0,0.0,0.0,0.0,0.0,0.0,0.0,0.0,0.0,0.0,0.0,0.0,0.0,0.0,0.0,0.0,0.0,0.0,0.0,0.0,0.0,0.0,0.0,0.0,0.0,0.0,0.0,0.0,0.0,0.0,0.0,0.0,0.0,0.0,0.0
g__GGB51647,0.0,2.2566089487539855,0.08985687380817102,0.0,0.0,0.0,0.0,0.0,0.3986157481209593,0.0,0.0,0.0,0.0,0.0,0.0,0.0,0.0,0.0,0.0,0.40403483602258333,0.5117216951601467,1.4853189570694467,2.8863216590335465,0.0,0.0,0.0,0.0,2.812676711703423,0.0,0.0,0.0,0.0,0.0,0.0,3.126052024269828,0.8752108796305197,0.0,0.0,0.0,5.350197834599033,0.0,0.0,0.0,2.021327685422394,0.0,0.021606504358052704,0.0,0.0,0.0,1.3046423248895846,0.0,0.0,0.0,0.0,0.0,2.618838162302986,0.5241183218502873,0.0,0.0,0.0,0.0,0.0,3.717624908902182,0.0,0.0,0.0,0.0,0.006323250866578999,0.0,6.936274256773174,1.4922831688723956,0.49870872634619756,0.0,0.5809614762066952,0.0,0.0,0.0,0.0,0.0,0.0,0.518546743758391,1.1049520194197466,0.0,0.0,0.8664586245601137,0.0,0.0,0.0,0.0,0.0,0.685753793248677,0.0,0.0,0.0,0.0,0.0
g__GGB6518,0.0,0.1614329624380316,0.0,0.0,0.0,0.0178581391445508,0.0,0.0,0.0,0.0,0.5410691263827746,0.13992504640816147,3.515443786982322,0.1121267546232475,0.0,0.0,0.1748152170477066,0.7846931031291668,0.0,0.0,0.0,0.24260224522101667,0.0,0.0,0.0,0.0,0.0,0.0,0.0,0.0,0.0,0.0,0.0,0.1408305818244501,0.0,0.5799022740140544,0.0,0.0,0.0,0.0,0.3312608359661939,0.0,0.0,0.026816207746566203,0.0,0.0,0.0,0.0,0.0,0.8982884409993402,1.1255456378960944,0.0818722613537746,0.3447455825141767,0.07091304216640122,0.17882607878298343,0.5105786298200763,0.7555676960982846,1.0472489892096897,0.4948001783841017,0.2541824580662373,0.0,0.0,0.0,0.0,0.1903900397291788,0.0,2.6190338635077546,0.0,0.0,0.4140068119438345,0.0,0.0,0.0,1.4091771645673323,0.1462645979962676,0.0,0.0,0.0,0.0,0.068917757488052,0.0,0.0,0.25784962991818,0.0,0.22260549020480044,0.0,0.2197492696412488,0.0,0.0,0.0,0.0,0.0,0.0,0.08747428597443381,0.6191664987551577,0.0
g__GGB6612,0.0,5.5538117866751096,0.0,13.050037637467424,0.0,1.2343359024931575,35.71673221749747,0.0,0.25516086664458915,0.0,31.158002690090925,0.0,6.615522682445896,2.712552406952288,0.0,0.0,10.864350385401462,0.0,0.0,0.0,0.0,0.0,0.0,0.0,0.0,0.0,0.0,0.0,0.44312045886741963,0.0,0.0,0.0,0.7250645620394458,0.3043209285645902,8.902025125646599,0.0,0.0,0.0,0.0,0.2026811034361234,1.264550626053397,0.0,0.0,12.320566172900893,0.0,0.0,7.579747232642578,0.0,0.0,2.296081897472796,0.9382497040927349,23.837828492195506,0.3418355724954316,0.6519419853021359,0.31069216309529757,0.0,0.7159939785473578,0.0,0.0,10.242748807647562,0.0,0.0,0.0,0.0,0.0,5.791770180048604,2.4780545312662765,0.0,0.0,0.6865236290523443,0.0,0.0,0.0,0.0,0.0,0.0,0.0,0.0,0.5617051910090469,0.0,0.0,0.0,0.0,0.0,19.91111156184397,0.0,0.0,0.0,0.0,0.0,0.0,0.0,0.0,0.5264127641528017,0.0,0.0
g__GGB77437,0.1462196133087981,0.10738449966809041,0.0,0.0,0.0,0.10957660803203621,0.0,0.0,0.0,0.0,0.1418373571723481,0.22894254006999307,0.5562130177514644,0.0,0.0,0.023344132900230602,0.0130408975680255,0.11272370559050121,0.0,0.0,0.03214353124930631,0.0,0.0,0.0,0.0,0.0,0.0329824996427361,0.0,0.0,0.0,0.0,0.0,0.03808368434523281,0.040576123808598596,0.05594370045921141,0.0,0.0,0.010278656399761702,0.0,0.0,0.0650065475196448,0.0,0.0,0.044963335695736406,0.0,0.21283444141995414,0.20446464552699284,0.0,0.0,0.1840510956922004,0.0,0.0,0.0,0.0,0.0,0.2871951884351001,0.18501689140723265,0.3243262682186317,0.0,0.1252395138335441,0.0898062449504285,0.0,0.0,0.0401023537136339,0.10429727336278989,0.1500425369900728,0.0,0.0,0.0,0.30742196077618844,0.0,0.0,0.0,0.12372819120045497,0.095928424719392,0.0,0.0,0.0,0.0,0.1292527107520251,0.0359740324286769,0.0,0.0409622126996188,0.15937107382540758,0.3023469675174799,0.0,0.0,0.0,0.0251341681423665,0.15146429258575783,0.0,0.0,0.04704953280541241,1.0527925378149383,0.19259305427009704,0.2356142807228938
g__GGB79630,0.20522974675133276,0.9348671497005433,0.0,0.0376125363597322,0.1077984619902238,0.0187802260677009,0.014201652787529802,0.11450069518277721,0.0031331147672470014,0.38886494838009267,0.0320876250459604,0.0,0.0069428007889545005,0.006548497369217001,0.0818767279786941,0.0,0.6410654810342681,0.0377388065021521,0.0,0.0174028889527388,0.0,0.19740747048296328,3.7871192421978104,0.3187951397836303,0.2194694899545485,0.8866046602991071,0.0,0.0,0.016718616734965303,0.0208210614260846,0.0,0.0,0.037009622501840304,0.0,0.40286207660316037,0.11095410037612075,0.21620287141155115,0.0,0.0,0.0,0.3328641088133839,0.6271180316416844,0.0,0.051041530358216305,0.0,15.109467027703898,0.0,0.0,0.46047204397204444,0.1685833965868994,0.0745709221915507,0.7438843136368879,0.0742319039214781,0.017747601868836706,0.2276765722259113,0.0306445375857796,0.002495639845555501,0.0100179981470986,0.23083484604988605,0.3347182504773722,0.0979916492551827,0.0,0.8961754175874047,0.3569945703667037,0.0393639054220784,1.1374715550381804,0.22372488537446233,0.1952150062351517,0.0,0.010351565388271804,0.0,0.48883187957995217,0.0,0.0,0.025731032029427003,0.0,0.3470128805176326,0.5565938695856606,0.043261064024826185,0.0,0.0552557796863266,0.222392654496155,0.6196338137904138,0.0,0.07427816379012901,0.0,0.0,0.0,0.0319858804222998,0.07116319158246871,1.2845357760938476,0.0,0.0,0.3249068472258039,0.05566692735634281,0.8890715035144939
g__GGB79734,0.1589187962016899,0.0246745960579561,0.06324417056997111,0.0,0.09615460444979329,0.1117359255103059,0.0384690864803761,0.20060989145798763,0.306864222781435,0.03163623153153519,0.0,0.10234048113629869,0.05930966469427129,0.0,0.06209772520607781,0.0,0.05370589782990369,0.0642067821762356,0.006327667794748001,0.0,0.20469698388608323,0.2227018032681518,0.0296312122032774,0.10803087526198428,0.0560745543237834,0.0840948677968874,0.0,0.0,0.12195027908058112,0.025301542998769896,0.0,0.18107682432140496,0.19844657889454453,0.1495458760227827,0.0,0.036607654989716604,0.026526348411748606,0.0,0.0,0.0,0.0739355439917033,0.0,0.6461364280700631,0.06184235108941571,0.0879909028918743,0.0,0.10081186107720852,0.023812762524480904,0.059480685093741895,0.0,0.6048930980759933,0.1300996935365729,0.0699148560914607,0.19130893592527407,0.19594643747567983,0.20477661994474863,0.041695860276750915,0.2688077212222319,0.12530029632207243,0.015615210265024701,0.0,0.2923994954272708,0.0,0.0,0.12348179460207,0.0745371791902463,0.07548203000187262,0.093373793034119,0.10260667390071473,0.20591523602541054,0.0,0.022266926826332405,0.0370202219911481,0.10993007183862678,0.0422272295547004,0.0763802908541081,0.22598815337816114,0.11300491020336884,0.0,0.1035042980797883,0.0365309059957017,0.0398854447101729,0.0468056096610544,0.0,0.013347496510186005,0.0900108487262162,0.0158612746842786,0.0,0.007440925866661599,0.0694641832981933,0.0,0.5567752735146152,0.1293769607827847,0.12498447385032171,0.33272088329409283,0.0322012522483593
g__GGB79977,0.0,0.0,0.0,0.0,0.0,0.0,0.0,0.0,0.0,0.0,0.0,0.0,0.0,0.0,0.0,0.0,0.0,0.0,0.0,0.0,0.0,0.0,0.0,0.0,0.0,0.0,0.0,0.0,0.0,0.0,0.0,0.0,0.0,0.0,0.0,0.0,0.0,0.0,0.0,0.0,0.0,0.0,0.0,0.0,0.0,0.0,0.0,0.0,0.0,0.0,0.0,0.0,0.0,0.0,0.0,0.0,0.0,0.0,0.0,0.0,0.0,0.0,0.0,0.0,0.0,0.0,0.0,0.0,0.0,0.0,0.0,0.0,0.0,0.0,0.0,0.0,0.0,0.0,0.0,0.0,0.0,0.0,0.0,0.0,0.0,0.0,0.0,0.0,0.0,0.0,0.0,0.0,0.0,0.0,0.0,0.0
g__GGB80011,0.6101715189970756,1.1579112495470252,0.10029164194715183,0.0,0.0,1.0285237668488163,0.08920883920728331,0.03956115856009601,0.0,0.36069531504753477,0.0,0.4738484170027647,0.271992110453641,0.618746266326501,0.0,0.0,0.0,0.2944119621084266,0.0706813955796029,0.0,1.2684859047085648,1.0629873556254867,1.1753083516212113,0.2203943372901449,0.4163742603999302,0.0686565562461247,0.0,0.0,0.0,0.8979771584091008,0.0,0.11742712103666123,1.0608454213835943,0.45072358372897803,0.0,0.07080907647727931,0.15598018140344785,0.0,0.0,0.0,0.0900546025400165,0.7009610320500845,0.0,0.0,0.0,1.6768010755237843,1.532426802089485,0.0091377098841677,0.4740972953134285,1.1680836010982305,0.2112241857592716,0.466281114080364,0.21402963797235397,0.14419346278610662,0.04290676467413881,0.378705534098729,0.680341980753701,0.2461687578880931,0.2313037842846309,0.3463674737104811,1.838999160587974,0.0,0.22634527406070454,0.4909538833839482,2.8624582677268537,0.0,0.9652112827005211,0.29585439205763886,0.21202430805175296,0.9842078638972888,0.0,0.0,0.0,0.014025560889761599,0.156410265492624,0.0,0.8484509991770117,0.0,0.0,0.0,0.8835077577360237,0.4385073757666581,0.684203350214258,1.1347826542660553,0.0,0.0,0.0,0.0,0.2828730256504879,3.1451972479739574,0.0,3.287657566414641,0.0,0.32393362775145124,9.03586504014529,0.0660506000842735
g__GGB80140,0.4852856905480611,0.6896967463373354,0.0,0.0,2.54483233077092,0.3061795464312692,0.09760383743173251,1.0326326981270793,0.5623871382436025,0.0,0.0,0.6135713958557389,0.085542406311614,2.625687239862597,0.0,0.0,0.3727039659751612,0.1666758793903829,0.1447670379667527,0.0,0.43773758544353103,0.11780570267152408,0.2976510569654009,0.11508788340079612,0.7047795816267903,0.6407840654032171,0.0,0.22708252837251586,0.11426958615253752,0.0,0.0,0.0,0.417573399383893,0.07120823981059278,0.1307427881385808,0.4957869319309539,0.11960494125462773,0.021367218518160903,0.0,0.051024113575759596,0.20166705844075913,0.30992380287071203,0.3772447595671089,0.3842271723068735,0.1257529800956225,0.0,0.0,0.0,0.0,0.6635679225336824,0.224401113548705,0.1158983350479763,0.2228769211795354,0.8237703364385087,1.2249828380503236,1.2420857518815078,0.023496364260196707,0.5621552567090644,3.846207954411756,0.0632761484987115,3.018968333562483,0.060362207468587,0.0,0.0445925084585488,0.5391266231857148,0.4043214463632825,1.1487251365626001,0.0,0.12171274421327043,1.4210104411301756,0.0,0.11562473937207632,0.3976215931225275,0.7601095863824138,0.2722758123744677,1.324128042429665,0.0,0.0,0.0,0.4667120750038608,0.0304609841153122,0.8657645521061217,0.357012076353705,0.0,0.05096911657565352,0.3598683384452267,1.171018354944085,0.0,1.2722636458078962,0.0,0.0,2.0945253614264914,0.0,0.9243110719550606,0.5578645756848011,0.19739114075089603
g__GGB9062,0.0187434042697478,0.0735990727503263,0.0,0.0,0.2768199558089943,0.0135161602152876,0.0,0.0,0.0053611074906228014,0.0,0.0,0.0679351120666558,0.240650887573965,0.0086518226831709,0.0,0.0,0.1484585552181871,0.006081937400389,0.3147101158828637,0.0,0.010174631984599503,0.07554797408028778,0.4818855929582482,0.0,0.1808703298158651,0.0470680230206349,0.0,0.037497461382515015,0.14167639605847573,0.9621414880973104,0.0,0.04962681168380011,0.0,0.11582768863252067,0.0,0.502347517291455,0.395465832881382,0.0266673368239339,0.0,0.0,0.0256400326870272,0.15146355644269338,0.0,0.018037807901281403,0.0,0.0,0.0,0.0,0.0971461349527092,0.1414423048468973,0.0180609134626577,0.0637440842763758,0.0103609147920287,0.8579039107389939,0.06902589847475381,0.011631379735597,0.07546339532986843,0.0,0.0,0.1385608082543306,0.0351785823182811,0.4194410513775891,0.0949693176550585,0.0,0.0,0.24242186484275363,0.0824315679832277,0.010775475018857,0.0,0.12073106047182484,0.0,0.20696556214064624,0.0,0.0,0.058938484869797296,0.2643072478990029,0.0,0.020675577667054707,0.0,1.0510105319060383,0.0768485522470615,0.0,0.030035060381769303,0.10688536811994209,0.06078345224490632,0.0,0.0,0.0,0.3203975137880078,0.0,0.0,0.0,0.34390703614470863,0.014301377699385201,0.0064674382626453,0.170983578375562
g__GGB9063,0.0184696242073806,0.46466607434849383,0.015588596034880602,0.0,0.08603001517411668,0.1837287374342231,0.18722352483926044,0.14268188669103943,0.376683944750218,0.0,0.1326323172482953,0.006062026656751899,1.4302564102564184,0.0298585459516955,1.2264454101364075,0.0,0.0,0.0,0.0,0.0,0.0,0.009905551073054799,0.0,0.139059007561396,0.8548686908078446,0.0959089415750621,0.22455942126897133,0.059065057177714514,0.09793654637177732,0.3926171726795458,0.0,0.12639710090250636,0.0,0.0,0.050808395549174705,0.418890290354231,0.03997336859672941,0.007146226929150701,0.0,0.0,0.0142567954719628,0.27858651533084866,0.32325977366242903,0.4641619913215046,0.0,0.0,0.39532091736805935,0.0,0.0,0.055934249933667496,0.0,0.0,0.3895789236821574,0.02734090017631581,0.24092518902340973,0.0,1.493886616121214,0.0,0.17247548273673105,0.3197248848689177,0.0369742408124952,0.3974094873475965,0.0751407019069921,0.44903365325533057,0.0,0.2643253341662098,0.013375767379706204,0.2362000512688656,0.0,0.0,0.0,0.0,0.027152037228035695,0.0,1.4641134331167724,0.1541485417496717,0.0,0.0,0.0,0.0929378251449003,0.0016149333443221,0.0,0.1462212699649304,0.39503838622460197,0.011286486019642503,0.3097385340803729,0.11216963090079439,0.0,0.0,0.0,0.3810721978129964,0.0,0.06418874105790512,0.263660001322912,0.027449259424957705,0.2441083118277929
g__GGB9092,0.0,0.0,0.0,0.4001422063018333,0.0,0.0,0.0,0.2784937316711005,0.41416992232103267,0.0,0.0,0.0,0.0,0.0,0.0483064106177291,0.0,0.0,0.0,0.0,0.0,0.0,0.09185248881158319,0.4414264721698657,0.0,0.0491150552360213,0.1923042527213732,0.0,0.3115698154875805,0.18078932229450392,0.42364510656536464,0.0,0.013258585624190205,0.0,0.2514719560406231,0.0008040123849028001,0.07041832060942163,0.0,0.0,0.0,0.0,0.0177593299996769,1.6671831150928196,0.07722755402966412,0.0,0.0,0.0,0.0,0.0,0.1599112896543972,0.5244130943149986,0.0,0.0198247152055759,0.0086980519241721,0.0,0.13411955908723752,0.0222469184462512,1.4191362607471711,0.0717357166464619,0.0,0.0,0.013793922069121,0.0,0.0,0.0026722783299677,0.0,0.0413927789970083,0.0,0.10880634914478401,0.0,0.0,0.0,0.0,0.0,0.0,0.0222268551011456,0.0,0.0,0.020211116085698106,0.0,0.0,0.0084923218968673,0.0,0.0,0.0,0.15369249658050205,0.0,0.0,0.0,0.0,0.05522924902454682,0.0,0.0,0.0,1.6415243388169793,0.0,0.0
g__GGB9101,0.0,0.0494587960961693,0.0,0.45537263419556323,0.0,0.0,0.0,0.0,0.0,0.0,0.1051558798102489,0.0,0.0,0.0343470855392053,0.1028827160349802,0.0,0.0,0.06098874441249189,0.0,0.0,0.004505908450322601,0.19280647043549906,0.0,0.0,0.025477285206711196,0.0342341420770151,0.0,0.009767695360135003,0.06488488985606411,0.0,0.0,0.0,0.0,0.0,0.0081957391493341,0.027764232716919912,0.0,0.0,0.0,0.0,0.0,0.0,0.0,0.0,0.0,0.0,0.0,0.0,0.0,0.0045386441036749,0.0,0.02140687997679,0.049395554677211406,0.07006202376815111,0.057123316945458504,0.0090748464894903,0.48826259835493746,0.0,0.0,0.0039659870319133,0.0742516447473711,0.0,0.0,0.061226077655284906,0.0,0.0826095255195415,0.0,0.0,0.0,0.0,0.0,0.0,0.0,0.03575886244867169,0.0,0.0,0.0,0.0,0.0,0.0,0.0092580230515028,0.0,0.0,0.0,0.0,0.0,0.1717716296930125,0.0,0.2638161747883589,0.0,0.0331277604798687,0.0,0.0,0.0,0.0,0.0
g__GGB9109,1.880131928294069,0.0,0.0,0.0,0.0,0.3422693282841744,0.30428787202133306,0.9340218953370184,1.3883597406170767,0.0,0.0,0.0,2.3050493096647107,0.1138614559130914,0.7965956557113664,0.0,0.4414206393429797,0.39729678668919516,0.0,0.0,0.0,0.2184804973993617,0.0,0.0,0.0,0.0,0.0,0.017463852643892403,0.0,0.0,0.0,0.25573465674328616,0.0,2.7703491404005627,0.36867858230311296,7.836814591071052,0.0,0.0,0.0,0.15081349792956797,0.427740862763033,0.8789003261837212,0.0,0.0,0.0,0.0,0.0,0.0,0.0,0.4591110829513355,0.0,3.580286379448526,0.3172976858171911,0.0,0.45008999531306654,3.148751632964496,1.578042308056043,0.0,0.3800040985201788,0.0,0.8731097925069939,0.0,3.1187877109391153,0.0,0.0191845212392846,0.7859598510161633,2.9551654324957655,0.0,0.0,0.0,0.0,0.40067662003096977,0.0,0.9803487992730163,0.7070594111059835,2.8034951666416146,0.0,0.09467978962986473,0.0,0.0,4.465624821191422,0.0,0.0,0.0,0.21320008518842282,0.0,0.0,0.0,0.0,0.0,0.0,0.0,0.2557554855646219,0.0,0.0,0.0
g__GGB9110,0.0,0.1489929106775346,0.0,0.0026925456872647006,0.0,0.0187802260677009,0.0,0.0,0.003745812766175401,0.0,1.0670565489351702,0.004970861858536499,0.0389546351084634,0.0,0.0,0.0,0.0,0.0,0.0,0.0,0.0,0.0,0.45219616619266345,0.0,0.0,0.0,0.0,0.19274481810649885,0.057420120022392204,0.0,0.0,0.0,0.0,0.1350727727065554,0.0012967941691983003,0.9126823107492169,0.2785923176017964,0.0,0.0,0.0,0.0033422072429946,0.0,0.0,0.5862178247868426,0.0003618317502097,0.0,0.0,0.0,0.0,0.1407161217903381,0.1500268619211964,0.029470201642134895,0.0,0.0,0.043269740476832706,0.0670624383299835,2.0695475404960173,0.3693815727058411,0.0,0.0195673785267921,0.0,0.0,0.0,0.0,0.0044991562968291,0.036677623430812,0.0,0.0,0.0,0.0,0.0,0.0,0.3424922641102861,1.4442537024322206,0.0,0.0,0.0,0.0,0.0,0.6870367838955886,0.0,0.0,0.0,0.6571934923649034,0.0,0.0,0.0051875059327006,0.0,0.0,0.34445097006484304,0.0,0.0,0.0,0.0,0.0,0.0073150088768964
g__GGB9117,0.0,0.0,0.0,0.005301988112576901,0.11400310719353308,0.0,0.08214225016354501,0.0,0.0,0.0,0.0,0.1397364500232948,0.0507297830374698,0.0,0.0887846551257198,0.0,0.0728702145135949,0.0,0.0,0.0,0.0,0.0066893180301689,0.0,0.0,0.0,0.0,0.0,0.11570457926601192,0.0070637698013043,0.0,0.0,0.0,0.0,0.0,2.657442483288254,0.031095940642950206,0.04668374683356291,0.0,0.0,0.0,1.6798722906847263,0.0,0.0,0.0,0.0,0.0,0.0,0.0,0.0,0.0,0.0,0.1568439968379525,0.0284605375459895,0.0,0.020281272974288903,0.05246818893829051,0.2894093363754012,0.0281702682939781,0.2106705019561713,0.8452527135227927,0.7832685671962767,0.0,0.6359979742305901,0.0,0.0,0.2876119157890822,0.25644213797929355,0.0,0.0,0.0,0.0,0.040964101904067705,2.2493765841109914,0.014910055720647498,0.0,0.0,0.0,0.0,0.0,0.0,1.4895950262280613,0.0,0.0,0.0,0.08909781065069702,0.0,0.0,0.0,0.0189221734708773,0.0,0.0,0.0,0.0,0.0,0.0,0.0
g__GGB9176,1.7926276083605939,0.0,0.0,0.012831143645484103,4.140759856803779,0.0,9.652043072777614,0.0,0.0,0.0,1.8670975989060792,1.288436616796406,0.4238461538461618,0.0,0.0,0.0,0.0,0.0,0.0,0.0,0.0,0.0,0.0159798973473516,0.0,0.0,0.2298017777278311,0.0,8.196001066186652,0.0,0.0,0.0,0.0,0.027561519167635308,0.6077989024444233,4.497359986430414,0.0,4.870040590565869,0.0,0.0,0.0,6.543153815283806,0.0,0.0,0.0,0.0,0.0,0.0,0.0,0.0,1.193554471808042,0.0,0.285285276698675,0.0,0.0,0.07980930461244572,3.1285194658843865,0.0,1.0841357721307905,1.5990793804575743,0.1379113260574729,3.5196772105634815,0.0,6.571970398802285,0.1913860289652885,0.0,1.421298772626146,0.38879734477410255,0.0,0.0,0.0,0.0,0.0,0.0,1.7890297875114967,0.0,0.0,0.0,0.0,0.0,0.0,0.0,0.0,1.3622126996494233,0.0,0.6596705720089203,0.0,0.4051414973722166,0.0,0.22642636404205252,0.0,0.0,0.0,0.0,0.1606966799854498,0.0,0.0426096097664568
g__GGB9261,0.0,8.797925196653626,0.0,0.000382275004982,0.0,0.0,2.901492159578405,2.2373202163829884,2.3222228906200417,0.0,0.1311934880323168,0.0,8.035345167653011,0.0,0.0,0.0,0.43314409779512825,2.4718687299267614,0.0,0.0,2.0396191863658477,0.0,0.0,0.0,0.0,0.0,0.0,1.1182241202289291,0.0,0.0,0.0,0.0,0.9390213221300933,4.247977265940835,0.31325359951153625,0.0,2.2453240744996656,0.0,0.0,0.0,1.7816924493495514,0.0,1.7249305915616822,0.0,1.1413160215480531,0.0,0.0,0.0,0.0,2.5135737229208837,2.1019822098363745,3.071877745556302,0.0035175945281577,0.8753729974956989,0.0,2.4622293376242896,18.592703597949072,1.0985719643325158,0.0,8.336739660174448,2.0909277153009183,0.0,0.0,3.4728529243450983,1.2063678355761875,5.599354111703738,0.0,0.0,0.0,0.7246095771790173,0.0,0.0,0.0,1.4544632999087086,1.1627415668250378,0.0,0.0,0.0,0.0,5.970371452768333,1.6962925724621336,0.0,2.469964939618266,0.0,1.2158326171594507,0.0,2.0847934510317976,0.0,5.049610942268757,0.0,0.0,0.0,0.0,0.0,3.3869099049564935,0.0
g__GGB9293,0.1421129123732943,0.0914097195439467,0.0,0.0,0.0,0.0093259171088209,0.0012736294206751003,0.0,0.002979940267515001,0.0019024014506725997,0.0,0.07937213569240488,0.0,0.60710208391832,0.0,0.0,0.024875435759149203,0.0132724811117351,0.0,0.0,0.0,0.06306273608740019,0.0,0.0,0.0,0.0787448025135462,0.0,0.0,0.0,0.0,0.0,0.0,0.08252071756066931,0.38840208652714936,0.013486659359664003,0.003557935007427501,0.0,0.0,0.0,0.2555065726606819,0.0,0.0,0.0,0.0,0.0412488195239156,0.0,0.0,0.0,0.0,0.0905731817329297,0.2605884973287312,0.0032596406732242995,0.0,0.017329829200607508,0.0,0.0377046327091283,0.0,0.0517168451354463,0.015193598805520703,0.0852756305712089,0.1251247487098217,0.0,0.0,0.0931661662658679,0.0119680527235784,0.0,0.20934436551552135,0.0,0.0,0.8937502493723026,0.0,0.0,0.0,0.03270103746189499,0.0,0.0,0.0,0.0,0.0,0.2904208834357002,0.0,0.0,0.0,0.0,0.0,0.0,0.0,0.0,0.0164474764066254,0.0,0.0,0.0,0.0,0.11888123307894742,0.014493038218931801,0.0
g__GGB9296,0.0,0.3423069308761871,0.0,0.0,0.07904833963692968,0.0085672379948368,0.06563984745479362,0.011707111895220201,0.0,0.012034450658329598,0.0,0.0,0.4325049309664514,0.3003635283390515,0.0,0.0,0.05734024633245811,0.0375694360935232,0.0,0.0,0.07583215511784251,0.15733856715699898,0.0,0.0,0.1966901603413399,0.1120062054481552,0.0,0.0,0.0,0.0,0.0,0.0,0.016183745402924405,0.07283699970995489,0.08551060751690721,0.13135566989847955,0.0,0.0,0.0,0.05973066587825509,0.0081643586526292,0.0,0.009891442578666504,0.005400410365595601,0.0033551671383085,0.0,0.0,0.0,0.0,0.030499688376696303,0.5688368280053707,0.0805379055226157,0.0254865712630899,0.030590243151421507,0.035647248620726206,0.10266766625422699,0.28474062237862807,0.3971408462040409,0.0,0.2982090597515349,0.0021454620969722,0.0671214057535235,0.0294503702750027,0.0,0.0,0.0028793883324166,0.17455481092232134,0.0,0.0,0.7782926278718238,0.0,0.0,0.0,0.28900236817169506,0.039406177370539,0.0,0.0,0.0,0.0,0.1814762266142874,0.0,0.0,0.053934553954011796,0.0,0.06580512066234151,0.0,0.0016839024493582,0.0,0.0824730674678094,0.0,0.0,0.0,0.0,0.21998059169435125,0.5644173926703888,0.0514205823304771
g__GGB9302,0.0155844035501273,0.10412378125511029,0.0,0.0,0.0,0.0001517358227967,0.024746756593120804,0.013366203600930101,0.0,0.0,0.0,0.18110641416304057,0.0,0.0361251543613106,0.0,0.0,0.0,0.0940775633325937,0.0,0.0,0.0,0.0023898398304775994,0.187989375260221,0.0,0.0,0.0012394579395439,0.0,0.0,0.0,0.0,0.0,0.0,0.0014927639179298001,0.0,0.03885195330918611,0.4759200809645922,0.026342502432654905,0.0,0.0,0.15038460372747828,0.0102732790900909,0.0,0.0,0.0,0.0,0.0,0.0,0.0,0.0,0.0,0.0463486962544436,0.0,0.0883662382982517,0.0,0.004748933418289801,0.1067818224052303,0.06166097904118502,0.0225362146351824,0.007549905579286302,0.0540590288113049,0.41220856550089163,0.0464302734509192,0.0,0.2338698007825441,0.3454847180142452,0.0,0.17805051225627241,0.0187239242723106,0.0,0.23041301071791234,0.0,0.0,0.0,0.37674425539560835,0.0,0.0934040456485885,0.0,0.0,0.0,0.0,0.0010441379381393,0.0,0.0,0.0,0.0,0.0,0.0,0.0,0.0,0.0,0.0,0.0,0.0,0.0,0.052742706095692905,0.0360932933665854
g__GGB9342,0.0885783801781383,0.3491434791454355,0.0,0.0,1.1770037988665094,0.1629409297110532,0.0544921662888915,0.0,0.0,0.0,0.5586991181016848,0.22102149190515993,1.6107692307692485,0.8224001977559566,0.0,0.0,0.0264024729451007,0.1407160149421568,0.0,0.0,0.0,0.13365235089325816,0.3722093576124847,0.0,0.0,0.1303784237672106,0.0,0.3304234341827032,0.0,2.79020192955414,0.0,0.0,0.12136898830288731,0.23405565501150827,0.5449907175473049,0.21524478490020107,0.8011088538910398,0.0,0.0,0.0,0.3889169941248697,0.0,0.15447832740813464,0.0,0.0,0.0,0.0,0.0,0.0,0.0562973414619819,0.028976129765861496,0.066813102687986,0.0918305359396198,0.07999572943494042,0.05706282097835741,0.1084071680451441,1.4413253850882903,0.3253537552080624,0.18907589624647406,0.0308158574256488,0.8703580041652168,0.0,0.4615191580184621,2.696019795947035,0.3491968931766684,1.566575859057341,0.18338825980217502,0.0,0.0,1.741155619742124,0.0,0.15617263703643203,0.0,0.7406507001029073,0.0,0.0,0.0,0.0,0.0,0.2711144840025721,0.0200056828947514,0.0,0.0111998441760811,0.0,0.4082109349364942,0.0,0.0,0.0,0.0,0.0,0.0,0.0,0.0,0.5874121813757841,1.9335292490429492,0.8031043021380071
g__GGB9345,0.5004699540070353,0.2354704511094298,0.0,0.0,1.0156366337097549,0.0032681561833164006,0.28074627014882914,0.0,0.0,0.0,0.2729441687458922,0.13995198874887838,1.1404142011834235,2.9525266466381384,0.0,0.0,0.0101089861709986,0.4923443805438856,0.0,0.0,0.0,0.0513368864518811,0.1999524678098909,0.0,0.0,0.1153323457415885,0.0,0.0,0.0,0.9204634255533927,0.0,0.0,0.011232138260522401,0.06845077787571249,0.48002132967049427,0.09049083255882243,0.35399543274058903,0.0,0.0,0.059258882255959086,0.497014582629842,0.0,0.025518064305039407,0.06661963718204832,0.1806198309456175,0.0,0.0,0.0,0.0,0.3269639212287429,1.435006770384211,0.0927758547168482,0.2644698116306783,0.11337112370788444,0.0,0.5083776409326909,0.3215470658151171,0.226201260726534,0.07315436461916383,0.21273996639828008,1.0207735533551288,0.0,0.4831160962201404,1.1062505135500964,0.3588930947008406,0.8535940424575329,1.6568159059016219,0.0,0.023307636700720807,0.47508383791398345,0.0,0.0,0.0,1.0171690555187587,0.0926013542062451,0.0,0.0,0.0,0.0,0.080878690605808,0.10591735244486192,0.0,0.2375340864822482,0.0,0.012758636370030604,0.0,0.015494618505789202,0.0,0.3763223005053118,0.0,0.0,0.0,0.023851756336972403,0.06576654312275061,1.20373327003927,0.10036902127969381
g__GGB9453,0.006128461396063599,0.0,0.0,0.24337621295440864,0.0,0.0041785711200974,0.0126267346866947,0.0,0.034854161166306415,0.0,0.0408939532595279,0.015801682818600095,0.0,0.0132054135690505,0.0134600285617634,0.03489651253431741,0.040787163236755,0.0,0.027830198477205505,0.0230249855239987,0.0,0.0125634103237731,0.0,0.026317153675906896,0.0012416727447312,0.0145283297723761,0.0,0.041981423547832915,0.0,0.0,0.0,0.0,0.0,0.0,0.013149492875672401,0.0,0.0019566464917590005,0.0,0.0,0.0,0.0705563381445466,0.020803929533787197,0.0,0.0,0.0,0.014611806102222201,0.0224701840415631,0.0,0.0078615369325894,0.12475824912179892,0.0,0.015440403188958,0.0,0.0015473061786255005,0.0,0.0,0.0,0.0,0.08511228960500021,0.0023215533845345,0.0092581353532392,0.0,0.0599799373415668,0.0,0.0,0.0123222732129624,0.0,0.0,0.0,0.0,0.0739207447026894,0.08874755019781791,0.3574747024608535,0.0,0.0,0.0,0.07862504502946609,0.033652352758266814,0.0,0.0,0.0059307034886319,0.0,0.04877288663809,0.026772608727538193,0.07756596623931261,0.0,0.0,0.0,0.03356833976951,0.017070441342657405,0.0678112445182049,0.0,0.0,0.0033650300469140007,0.0,0.0
g__GGB9522,0.0165110437612161,0.05263731152396021,0.0,0.0,0.0043374529084824,0.0011788706232676,0.026732522894173803,0.011309864585402302,0.0,0.0,0.0,0.07747270067329048,0.0148323471400395,0.0243075018241472,0.0,0.0,0.022050416965139,0.006158923949761,0.0,0.0,0.005128845102441001,0.023295354609222697,0.0,0.0,0.0099793698372857,0.0303274961663099,0.0,0.0,0.0,0.0167958159490049,0.0,0.0,0.0,0.0,0.0011411788688944003,0.0,0.014129876678743703,0.0006550708018387001,0.0,0.030337116561409697,0.087329038699779,0.0062521282967384,0.0,0.0,0.0,0.024896383622447404,0.0043373768363266,0.0,0.0,0.0,0.0513310172096596,0.0192909728731181,0.0077493673393051994,0.004131307496930501,0.004204469714282,0.0047067300822356,0.010831416472547303,0.0346091867611709,0.11843035118313933,0.0167898057274382,0.166879638760133,0.0,0.0036926733589869006,0.030976614110648,0.0102456034482247,0.0,0.08839728582860261,0.0,0.0,0.09734935751933822,0.0,0.0,0.0,0.019281987313311898,0.0069071501907942,0.0777682508955636,0.0,0.0,0.0,0.0022389924062803,0.0,0.0,0.0814959096221088,0.17017125811209108,0.021656967376821407,0.0,0.0,0.0,0.0357905167251556,0.0,0.0,0.0,0.0,0.010622937991238802,0.0,0.0706906230460486
g__GGB9524,0.0,0.0,0.0,0.0,0.1495377481336054,0.0,0.03966054626102341,0.0,0.0,0.0,0.0,0.20236392097271197,0.0316568047337283,0.0,0.027766676969230804,0.0,0.184725688384532,0.0,0.0,0.0,0.0,0.019933944380386696,0.0,0.0,0.0,0.0190939280053798,0.0,0.010842797399773903,0.0,0.0685849117746396,0.0,0.0,0.0,0.1980229140800581,0.034754083734519006,0.0,0.0,0.0011553066868792003,0.0,0.0721971906857892,0.21591152104467906,0.14187184998394287,0.11454104751303955,0.027865680206279303,0.0,0.013129878505647601,0.0,0.0,0.0008476050601173,0.0,0.076832633677751,0.0731226995466963,0.0,0.00020114980322120008,0.027828144871507504,0.0321005763881801,0.13561340875030856,0.028255892209765297,0.011840690427142003,0.0,0.0571345884519676,0.0,0.0097647806077438,0.0774415352766066,0.0,0.0766747163802449,0.0,0.0,0.0,0.0,0.1271337411694773,0.057003972989600804,0.0799799521259213,0.0,0.0,0.0,0.0,0.0,0.0,0.0,0.012654951810249799,0.0,0.0,0.0,0.00017992948726960005,0.0,0.0041146971141578,0.0,0.0,0.0,0.0,0.0,0.0012215850374341002,0.26433630638134176,0.0,0.0043484368193682
g__GGB9559,0.1056369840640806,0.0,0.0,0.0,0.0,0.0031981242651024995,0.007628081584044301,0.14130320485106332,0.0,0.0,0.0,0.0,0.0033925049309663,0.00045535908858760005,0.0,0.0,0.0,0.0019862529737978,0.0,0.0,0.048734410750723406,0.18035473487016376,0.0,0.0,0.0,0.0,0.0,0.04588850169190401,0.0,0.0,0.0,0.0,0.0,0.15276053371888038,0.0,0.0,0.036217657881014706,0.0040376182149701005,0.0,0.0037170830848128997,0.0,0.0006131684494173,0.010181684438369304,0.0,0.0,0.019502167170917302,0.0,0.0,0.0,0.02846637581825,0.0736203477987541,0.0,0.0,0.0,0.003206286256934401,0.0,0.03320728937351151,0.032982332361204,0.0,0.0335381551444296,0.008232044785122,0.0191653217193005,0.0,0.0242141138470558,0.0258961339329044,0.0,0.010089389478902002,0.0,0.0,0.008454243430313504,0.0,0.0,0.1038425944329272,0.0,0.0026565962272284,0.013171457536495602,0.0,0.0,0.0,0.0111556814628713,0.0583046624656982,0.0,0.0053174912349046,0.18054991621881977,0.004972596739088802,0.0110444711838765,0.0,0.0,0.0,0.0,0.0,0.0,0.0015670838359003,0.0,0.027598672190101405,0.0
g__GGB9602,0.1886765829805239,0.5079870475496306,0.0,0.0,0.0,0.5491903026335704,1.385243181734459,0.0192314432929464,0.24035863998866447,0.0,0.0,0.36069058607672566,1.4978895463510904,1.6656168109901979,0.6892957926551977,0.0,0.8039087265441388,1.1823594252553649,0.0021733327076186,0.0,0.22033269385425633,0.23690683254090628,0.0,0.0,0.9996078766813508,10.12792461083388,0.0,0.3802583470201067,0.0,0.1994173696769879,0.0,0.013789353663589205,0.3096938996563928,0.11019846582245589,0.20447850459917322,0.4760023453578316,0.278644845024373,0.0,0.0,0.16187896834359808,2.400346109609117,0.0,0.9413472284108227,0.0,0.5742598813783439,0.0,0.0,0.0,0.0,0.0014160569603465,4.8484866363992225,0.3433297553534787,0.5930770968247776,0.9698979319479162,5.371073944069415,0.42990392175580977,0.8093512813412809,1.743080303245663,0.9705614644378318,0.8058415810662866,2.0491728252506065,0.490740611345199,0.2768204782141978,0.7183338653651676,1.4396409227814144,1.0992850818261812,5.001113600664602,0.0,0.0,1.0960661540363115,0.0,0.05814053072123541,0.0,1.95453140601069,0.6654014521714074,0.6001652522220827,0.0,0.17449680865630865,0.0,0.18399018300028952,0.305500838860417,0.0,1.5551032333463324,0.0,1.4260720444210169,0.0255741573378815,0.205979293160215,0.0,1.080533544687039,0.0,0.0,0.0,0.0,0.425263919801416,0.3822191979180621,0.034939626455331996
g__GGB9608,0.11917856714886128,0.0,0.0,0.0,0.0,0.19994112650074752,0.029183917155473207,0.016333874680157703,0.0,0.0,0.0943386577526034,0.030485258498276397,0.1214990138066848,0.1556460732325519,0.0,0.0,0.0,0.160686325849262,0.0,0.0,0.08000583068702881,0.0731469667739601,0.1130817872394312,0.0,0.0,0.0338419085518439,0.0,0.0,0.0,0.025744799197150604,0.0,0.008969979865845103,0.016984740675960102,0.046676829747431495,0.0,0.016514576941989902,0.0,0.0,0.0,0.11458623432605468,0.0,0.0,0.0,0.0,0.0342424410880352,0.0,0.0,0.0,0.0,0.0,0.0,0.0,0.0,0.031100854190348706,0.0,0.0703300602935455,0.28002097695641026,0.0,0.0,0.026905145474339,0.0,0.0,0.0819669466727077,0.0183969093192346,0.0814154256617545,0.21995257685137162,0.008582260760061702,0.0,0.0,0.13719311863642383,0.0,0.0,0.0,0.04392148617370429,0.0231250376351134,0.0,0.0,0.0,0.0,0.0122751776660114,0.0,0.0,0.1396961433579811,0.026749823528621198,0.0018156520988120005,0.0,0.0066541306466579,0.0,0.0850824419233106,0.0,0.0,0.015442200075597502,0.0,0.026590335468753303,0.06638195708522822,0.0
g__GGB9614,0.48937133147879286,0.0322646716915487,0.5659850594458097,0.0,0.06893534782892029,0.2906908205196178,0.21169638263222362,0.608138896353508,0.8506476217848682,0.6720972947287703,0.0325903485069723,0.10927813386570999,0.1367258382642966,0.1350681791816174,0.3862426974437098,0.4304770508335858,0.4550418110416673,0.1442419989033836,0.3711783002153263,0.42914524131598164,0.784298009572027,0.0787865420748508,0.2923098708757254,0.573301503010284,0.5929677174283995,0.0519003400507624,0.6223126610083027,0.0,0.0,0.0,1.4975920322730345,0.8322761318601897,0.7770382325966599,0.16403326670656068,0.11040905556553811,0.7763290789616671,0.12912553660044415,0.03883974335992531,0.0,0.0185139330570495,0.0696930373806639,0.28164140814133576,0.25537800751516837,0.013774326033705701,0.3491347451569542,0.0,0.6889297633721214,0.4720201681841985,1.1084131371155783,0.189134377088323,0.1268525137939756,0.2728376430167075,0.0034749570187256,0.8855387990892604,0.39056196367487356,0.0460345291136353,0.11417127864869253,0.0877302641155158,0.21360136592329276,0.2195940763906948,0.0,0.5683002726780353,0.0127683283046664,0.0,0.0631663725633784,0.0286932933387433,0.1570344395658146,0.7330191009975949,0.6432487572761686,0.24927462312348425,0.0,0.6396418850658194,0.2719969277283798,0.22483858601117923,0.937158595758659,0.4782655371504376,2.1025910886952563,0.40472900707543247,0.2411477985627462,0.1681993944507247,0.42396176840212463,0.4282051263706751,0.477035449941566,0.0,0.16746528096970206,0.8267439164299442,0.12432360422477941,0.0,0.421624407987638,0.055493284095760306,0.0133151633973021,0.017993949555040703,0.21978659279572335,0.25678148402111256,0.6928269919710024,0.2875673247047302
g__GGB9616,0.0,0.05989857521675769,0.29941891168256596,0.0,0.023624041643252797,0.3453040447401153,0.0036976338019604005,1.306990384278342,0.35963980041640614,1.1507978671684156,0.0,0.07848303844940388,0.0,0.5406630245167504,0.0,0.0,0.0,0.0,0.2604537303236348,0.0,1.102950871685648,0.0,0.5817235672777723,0.3673049758907321,0.967722946940104,0.0724219980877682,0.0,0.0,0.0,0.4124918222226232,0.0,0.0,1.2184048324773171,0.4308069933806678,0.0,0.0,0.18673498733430235,0.0,0.0,0.04501959474642119,0.0,0.0,0.0,0.0,0.3721275081930129,0.0,0.0,0.24425590971810704,0.0,0.22028763021596218,0.7385635247560471,0.0,0.0,0.5306022347743041,0.32049250976745114,0.2832164777540977,0.001969348449554001,0.0,0.0,0.21253268484607069,0.0,0.4917673250087703,0.0,0.0083622315087429,0.0092804379060007,0.0771022238182402,0.08936017362122751,0.9180322316445747,0.0,2.04204856083949,0.0,0.0,0.0,0.30388715261145904,0.2636102484904226,0.0,0.0,4.924390580662887,0.0,0.0,0.0,0.0,1.1708024931827157,0.0,0.0,1.857142152370088,0.0111626436562302,0.0,0.0,0.1469068176610337,0.0,0.0,0.0,0.0,0.09575223777629752,0.0
g__GGB9618,0.0,0.0,0.0,0.0,0.0,0.0541463447657303,0.06669435783535052,0.32345278014696605,0.0,0.0,0.0,0.0,0.0,0.096622861845137,0.1868330491430841,0.0,0.0,0.1482606967806244,0.0,0.0,0.16198429410581303,0.0,0.0,0.0,0.0945510801173041,0.1554343013551893,0.0,0.0,0.0,0.0,0.0,0.0,0.11741862525178513,0.17989224467401596,0.0,0.31159695547704863,0.0,0.0,0.0,0.0,0.0877730219497826,0.0,0.12238918739941514,0.0,0.0920039459396747,0.0,0.0,0.0,0.0,0.0,0.3236541915249856,0.0,0.0,0.19293360741282164,0.23839948239650222,0.2042856301160117,0.34453411582109816,0.0169192857595443,0.0,0.0166239804856857,0.0,0.0,0.0,0.0,0.0442045818338592,0.0,0.08383403498545472,0.0,0.0,0.24595430969702875,0.0,0.0,0.0,0.0,0.1050114537248692,0.0707151478276494,0.0,0.0,0.0,0.0,0.2802744662749571,0.0,0.0247565251266075,0.12482871226713269,0.0,0.0,0.0293460741375847,0.0,0.0,0.0,0.0,0.0,0.05657542824884401,0.0,0.15195278215104152,0.0
g__GGB9619,0.1574656558706462,0.0079462885694694,0.05980058152741351,0.46950018872750165,0.005091288307015499,0.3240960455076688,0.04712428856495961,0.0,0.27561662483610055,0.0,0.5571736124268991,0.07139720284618718,0.2886390532544437,0.0370141887723633,0.3529177771394562,0.45146907761012234,0.7086674172563076,0.0,0.0,0.1953831001484274,0.04576507937562721,0.0030375534293921994,0.0022267070074176998,0.0,0.0354259964576869,0.0,0.04962842929649851,0.13824238909699163,0.6914782866194016,0.0,0.1433481501489668,0.39041173906039983,0.19957525405202772,0.06380738342578678,0.2195213169619142,0.03919898337662901,0.0,0.0,0.0,0.0,0.18116983173279289,0.27739302674181054,0.0758343931030975,0.0293087048383718,0.0,0.0,0.0608168040500507,0.08659484827951232,0.0497438219656333,0.1893885411581286,0.0,0.1530315516060897,0.0,0.04501113673620492,0.20257074587442214,0.0425298775776038,0.24073587081615577,0.1586268663872811,1.4311057047743048,0.0,0.0,0.3035792664301813,0.1964398208013046,0.0,0.0,0.1738572160363485,0.15125711281025092,0.0226435203818317,0.11516714605064234,0.0,0.014897745730861,0.16717003367891434,0.1106189804363491,0.21581673873611118,0.217271620012619,0.0113161231953333,0.0,0.05118929610282712,0.0,0.042678337709172,0.36841363009309613,0.2749591666052509,0.0136735488897545,0.0,0.08237499071725403,0.5080456744583212,0.0002580173107886,0.0,0.2815430864118793,0.10095323548575642,0.1474162463067267,0.0,0.1339548198624766,0.012965262827816,0.030245412601217207,0.0147187613623514
g__GGB9621,0.0882835401109671,0.237635129719717,0.0,0.0,0.005937903446906499,0.0174496196216363,0.0011777648406243002,0.48415100071271505,0.8439357937056899,0.011992175070536798,0.0,0.019034763702201096,0.028816568047337704,0.2778557791031327,0.0127974565085864,0.0,0.0,0.1492923165421825,0.7093334830945491,0.2858366582160391,0.5438029327442078,0.42733463062176563,0.1802759457574123,0.10587404167532359,0.1351430483648173,0.2088251288016328,0.0,0.020885823770060506,0.0,0.0623433853057093,0.1627752727314464,0.0025052251459638008,0.11135654738995851,0.07450862171191869,0.215630934454276,0.13217831383083464,0.05603362805592982,0.0,0.0,0.015483080695586498,0.0651422090682584,0.0,0.0,0.0,0.1687780645751141,0.0,0.0789496112552754,0.052123248117701006,0.0010806964516495,0.2588479505207828,0.1552714102950637,0.0,0.0322552758854716,0.30873400182117805,0.12980922143049833,0.0,0.17742810901971612,0.0675743943392228,0.0004923851464751001,0.3258880563540329,0.0043492247944058,0.0,0.0106619442055259,0.0,0.1040596941523897,0.21791562964678096,0.010403374628660401,0.3796545374514591,0.013190707108143705,0.3458706322183367,0.0,0.13617882567332124,0.0,0.0,0.0034029732624973994,0.1066321546153329,0.3316241634066429,0.09190709473508053,0.09015034273266537,0.2788331157189761,0.0090631173030501,0.0383651474902632,0.20880405142187092,0.47193843256970114,0.08057569584454971,0.0029282171438519,0.0341940836087435,0.0,0.0538709565006909,0.0319597234014436,0.0,0.0,0.0,0.20944012992973352,0.0,0.0486441751484229
g__GGB9627,0.0952122816893492,0.4412930255562193,0.0,0.0,0.0,0.0185351143539522,0.09663149669121382,0.0004907172650690001,0.03032855094693031,0.45164419625229413,0.0,0.04844232857261539,0.2080473372780753,0.6246008831798078,0.0733001008459137,0.0,0.0094523601810395,0.0712279554789732,0.5295815584449602,0.0,0.027845268349689603,0.24572913845714006,0.1772487885185631,0.6929679278845523,0.0,0.004502840868976,0.0,0.0,0.0,0.1371099240630172,0.0,0.0,0.0080281571683797,0.16337604779981066,0.0417827081315747,0.019044207033975902,0.039605676638541906,0.015102359576938602,0.0,0.021244559477046697,0.0107172623400828,0.18630466369351478,0.0,0.018037807901281403,0.0449329246169605,0.09021975207943841,0.0,0.0,0.0,0.12949659356603,0.2379386040388718,0.0051086766106674,0.2203293299909711,0.03713534828699501,0.012628533134624403,0.0449509653537245,0.20676461006134528,0.0214059789467919,0.0,0.1179846595068741,0.1097800306684325,0.2538549533087604,0.0,0.0719879060317582,0.041487269614983,0.002200405930886,0.03868297045023051,0.0,0.0,0.07268417206589381,0.0,0.006355118583791302,0.0,0.4691613295827482,0.198548941839771,0.0,0.5587019025243003,0.013863474473824904,0.058997031955931985,0.0762239432348356,0.1052073386469292,0.0,0.06075185040901429,0.004351972993159399,0.028886861319838912,0.0,0.0043727144249466,0.0,0.0,0.5955827621374542,0.0,0.9081429453839989,0.13381908819164562,0.006763050584484301,0.30249681537363127,0.0
g__GGB9634,0.1182098069281789,0.47687321765089213,0.2698248461189302,0.0,0.0,0.1420130581514578,0.058751292631124614,1.0762364322518254,0.611361203294304,0.0,0.0,0.0,0.11907297830371849,0.1611971173601154,0.0,0.0,0.0,0.7787651388275367,0.0,0.0,0.5509044105783749,0.0,7.74541840479593,0.0,0.0,0.1522650544718244,0.0,0.0,0.0,0.0,0.0,0.4501337588536038,0.61849578184966,0.28081820896416804,1.0194877040570614,0.27875289647786367,0.04946770023123232,0.0,0.0,0.0,0.0,1.931612008904094,2.1562299950798445,0.0,0.5097880422500832,0.0,0.0,0.0,0.0,0.7638538026484993,0.1218701928387257,0.1191579757211805,0.2248915435002229,0.2867932002082639,0.31442778906445995,0.47724211351818674,0.10145539943562934,0.4692533080799708,0.4699464519429836,0.2384014225594604,0.0,0.0,0.3802413370078049,0.0147247989610474,0.1064206375556658,1.4009293005802403,0.14403545436578621,0.20547151034055036,0.6339500274539235,0.22421881256102916,0.0,0.43107553738769616,0.0,0.13393778867699227,0.1551958215030443,0.0,0.0012106508216685999,0.0,0.0,0.2332087353699452,0.0,0.0,0.0641020646669117,0.0,0.011858988933682403,0.0,0.2212566339305834,0.0,0.4314558575490264,0.0,0.0,0.0,0.0,0.11018823879110312,0.08625385484931881,0.2999533969278313
g__GGB9635,0.0166795237995957,4.68878977340067,0.0,0.0,0.0,0.8718390218315157,0.8563993784140576,0.9043218170559104,4.264043873632748,0.0,3.4740444743844323,2.8709219399563333,6.737317554240743,1.61177601970621,8.698614009693506,0.0,0.929996186988144,2.987216691423024,0.0,0.0,1.201707095601463,3.190134651840014,1.0926582268164455,0.0,0.0,4.03107807424013,0.0,0.0,0.47876319251547483,3.947292285653007,0.0,0.6122727795292388,0.27794535974333345,0.39576008080935526,1.5401246271068276,0.20202078368761955,0.18552685661456145,0.0,0.0,4.6814516982209655,1.7561017481347256,0.0,0.0,0.0,6.917499400510693,0.0,0.0,0.0,0.9359149123184396,0.0,0.523799268844396,0.0,0.9073581788496399,4.13218946145242,1.1322273964759135,2.6747094186748392,3.0662246045302513,1.121604797679245,6.729732606729305,0.732574461751991,5.367141618338433,0.0,1.2145384710902103,0.8689085688149953,2.572299808333012,0.0,2.017438316570727,2.4291935888518537,0.6167014917550904,1.6837058269268887,0.0,5.6425289017827405,0.0,4.716353879811416,0.8769550650663738,1.3675938523001092,0.0,0.23981699650710894,0.0,4.829388778641489,0.4901183481626264,0.0,1.0765095442150592,0.735961925021201,1.2032539102766981,0.0,0.4772369659499938,0.0,3.219277856461204,0.0,0.0,0.0,0.0,1.4440597569953701,4.768444365516683,0.5515161718745559
g__GGB9636,0.1797471409463804,0.7032602388955705,0.0,0.0,0.0,0.0916834529283818,0.30416461756126234,0.0,0.0,0.0,0.0,0.38085692808818344,0.0,0.0,0.0,0.0,0.5977434360688326,0.1806874313761127,0.0,0.0,0.06893832283440951,0.008911645722996298,0.0,0.0,0.0,0.0100882462674273,0.0331966717183358,0.0,0.0,0.0,0.0,0.0,0.13210960673677652,0.0,0.45584908635660226,2.530288207131885,0.21066122832750075,0.0,0.0,0.0,0.0805706270054655,0.0,0.0,0.0,1.098685662614228,0.0,0.0,0.0,0.0,0.0,2.9345214857675472,0.0,0.0,0.16243620263210895,0.0,0.8811066436680332,0.18377756005536405,0.1860265194391953,0.18762218771878744,0.0891587049822403,1.6766436484236096,0.0,0.0,0.0076169021786159,0.1241945322332417,0.0,0.0,0.0,0.0,4.119532399423239,0.0,0.0,0.0,1.8648941727206194,0.4371618848777909,0.0,0.0,0.0,0.0,0.0177351766918535,0.0,0.0,0.0,0.0,0.15825616266670214,0.0,0.0010049095262298,0.0,1.684628983146974,1.1565769299471382,0.0,0.0,0.0,0.03978653173114981,2.068918558943805,0.0
g__GGB9640,0.2178657496297877,0.0,0.0,0.0,0.0,0.0063495605847291,0.0101616454853877,0.252018366846177,0.0,0.011625786642999899,0.0,0.09327438349186869,0.0,0.0,0.0,0.0,0.015178749628357498,0.0161517780582485,0.0,0.0,0.04615960592194681,0.0,0.0,0.0,0.0,0.0892409716471518,0.0,0.0,0.0,0.0,0.0,0.0014118429848015005,0.0,0.0,0.0,0.0070541717199283024,0.0,0.0095163921939856,0.0,0.0,0.0631689501793906,0.0160518740508208,0.017112660048068704,0.0,0.0197033834886965,0.0,0.0,0.0007988656545439,0.0205332325813322,0.0,0.1251480355724244,0.0,0.0,0.004487187918014301,0.009785222680361602,0.011275835376867,0.029081843914519907,0.0,0.0,0.0054445954375396,0.0409503417639492,0.0,0.0,0.1566645894398569,0.1342471025730427,0.0036212394748296995,0.038578308733644304,0.0,0.011288945479811104,0.03833706426815541,0.0,0.0,0.0,0.0178415243030121,0.0051360860393085,0.0,0.0,0.017790286025294103,0.0,0.0013158990457963,0.0,0.0,0.044955200623294,0.18818295785603278,0.0,0.0,0.0,0.0,0.0,0.10893168655040972,0.0,0.0,0.0,0.014119930000777001,0.0332763572655594,0.013222797675221802
g__GGB9641,0.0,0.0,0.0,0.0025762011205311005,0.022765829035682698,0.0,0.0,0.0,0.0,0.0,0.0,0.0,0.0,0.0,0.0079017852267782,0.0012697210048279001,0.0,0.0,0.0,0.158711420344034,0.0,0.008498449116792298,0.0,0.0,0.0,0.0,0.0,0.015654534577182702,0.0,0.0,0.0,0.0,0.0,0.0,0.0,0.0,0.0,0.0,0.0,0.031995507476178596,0.0,0.0,0.0,0.0,0.0,0.03802626212809541,0.0083123313494023,0.0,0.0,0.0,0.0,0.0,0.0,0.0,0.0,0.0,0.0,0.0010103622062885,0.021641499533172407,0.0,0.0,0.0,0.012235231094389998,0.0,0.0,0.00041493368982410006,0.0,0.0,0.0,0.0,0.0047686985937545,0.005458678682803201,0.0100192877100069,0.0,0.0,0.0,0.014595068239006099,0.0,0.0,0.0,0.0080607448824363,0.0,0.0,0.0,0.0,0.0,0.0,0.0,0.0,0.0,0.0,0.0,0.0,0.0,0.0,0.0
g__GGB9642,0.0345594678726475,0.023852566205942,0.0,0.0,0.0,0.0,0.0,0.013997125798876001,0.0,0.0,0.0,0.06122646923317399,0.0,0.0252182200013231,0.0,0.0,0.0,0.0,0.0,0.0,0.0330571716724133,0.04506076502792589,0.0178573169810569,0.0,0.0,0.0186703157981939,0.0,0.0,0.0,0.0,0.0,0.0,0.034260752360296805,0.0123442855530427,0.0,0.008185307126914003,0.0,0.0,0.0,0.0,0.0,0.0,0.0,0.0,0.0948985999413562,0.0,0.151504222161612,0.0,0.0,0.0,0.055362763772104,0.0,0.0,0.035974868653020214,0.0,0.0992645988206643,0.0,0.0,0.0,0.0,0.0,0.0,0.0,0.4979527075814866,0.0,0.0231482703929195,0.042890371456968605,0.0,0.0,0.11116074530152342,0.0,0.0,0.0,0.0,0.0,0.05119873010152049,0.0,0.0,0.0,0.0241575496467108,0.0085897747710937,0.0,0.0466303077522089,0.0,0.03138951691547671,0.0,0.0,0.0,0.0,0.0,0.0,0.0,0.0,0.0,0.029946587070929807,0.0190671981817197
g__GGB9646,0.0134362830607854,0.0,0.0,0.0027590282968268003,0.00012757214436709998,0.0,0.0009175609804864,0.05979740387196831,0.004595234991962401,0.0,0.0172832858837507,0.015276307175014896,0.0,0.1523501407818209,0.0370304158608753,0.0,0.0,0.0,0.0,0.0,0.0,0.014149191893529298,0.0198220584581903,0.0051082900736841,0.0039089697519322,0.0006275736402752,0.0013326262481918002,0.012232563451014604,0.0,0.0,0.0,0.018279651276905902,0.0,0.022774063855960796,0.016780516549427905,0.0,0.04372907931244401,0.0,0.0,0.26591440529815236,0.013763480749749698,0.0015986177431238997,0.04150458593747381,0.006909027026430201,0.0075326791634579,0.0,0.0011924863539226,0.0,0.0363834472055248,0.0228384571296929,0.0002622274186955,0.0178422436850183,0.0006715407735574,0.025143725402667506,0.020916480628964604,0.0,0.07067584134043861,0.0217142250436256,0.017749312184844504,0.0234642717079753,0.0163008478889527,0.0493678153215695,0.0083085150577208,0.0039084342921298,0.0042021822838369,0.0174649362171478,0.010863886181639302,0.0191336381513547,0.0,0.0039341528834130005,0.0,0.0,0.0034172512607215,0.007631926826500899,0.0270087283101538,0.0233262264114069,0.0,0.003476424563486901,0.0,0.0385931585819041,0.3116960572933607,0.0,0.0145695364238413,0.027262490504265498,0.011564558863604704,0.0545062158570272,0.0,0.0,0.0072557444536903,0.0,0.004873075263961,0.0,0.04157090900115551,0.0,0.0021771574349497003,0.0232508254423363
g__GGB9677,1.398447498566338,0.013851203006437201,0.0,0.0,0.0,0.0072366315487722,0.20415047068822242,0.0,0.0,0.030015667332831994,0.0,0.0,0.0,0.0,0.0,0.0,0.1510392480624467,0.0028792969465131,0.0,0.0,0.07732720308294501,0.016416189489730195,0.0,0.0,0.0,0.0,0.0,0.0,0.0,0.0,0.0,0.0,0.0,0.2685882223514263,0.0,0.025687056787728004,0.0,0.0,0.0,0.16145007414150836,0.3591331177712297,0.0,0.7126598623139081,0.0,0.09818797948870389,0.0,0.0,0.0,0.0,0.0,4.237988427248565,0.1160317706310737,0.0,0.019217542738530904,0.0,0.0752738199482558,0.04171283741854681,0.2023121882218962,0.0,0.3203743670657755,0.0176301015794683,0.0,0.0,0.0771324962860755,0.3827698053453942,0.0,0.23270486065755752,0.0,0.0,0.34210389009596204,0.0,0.0,0.0,2.0773498310994394,0.2331099937101825,0.0,0.0,0.0,0.0,0.0,0.0,0.030459601946839197,0.0280872613946246,0.0,0.6466502200210528,0.0,0.0319941465377881,0.0,0.1665790983045575,0.0,0.0,0.0,0.0,0.24520182180087524,0.011355370150915502,0.0047414442286988
g__GGB9699,0.2933237468191501,0.1316480808000313,0.0329336535947965,0.0,0.8078100130680163,0.0452639631389182,0.2186944969759435,0.06919113437473752,0.009942417528064403,0.14792228168675148,0.0,0.24677836961119437,0.1199408284023448,0.0,0.0950668197780592,0.0,0.0130103568243064,0.2472192073433882,0.0068469596806391,0.1272959739934741,0.0023463947229790004,0.5915858653258254,0.0919790084109613,0.0112760773478363,0.1783409964469735,0.10893109461080691,0.045904214870735906,0.04546894967641881,0.0,0.1070403819574604,0.0,0.051643730233526315,0.029928096110695104,0.12775764052697616,0.18819076983403363,0.13386473389214473,0.04102391704869002,0.16918692254763124,0.0,0.09833114406668679,0.013368828971979002,0.13264147493289546,0.26506047595484467,0.20688819062529,0.0,0.4064927397402665,0.21146758009562439,0.0497704246145959,0.10139475531653641,0.0184268950609206,0.24954216731615764,0.0729320772851022,0.0485321451112205,0.11880216839486614,0.08359030255696301,0.2501847137596781,0.15734415026262535,0.1510748370148608,0.14375301585900202,0.0637183491433842,2.2559184146061244,0.6613889781717757,0.2815663436227555,0.9827076323904884,0.3748554478991657,0.43047484257037283,0.15546451381699092,0.015104785007422,0.08120079882832561,0.06492747347302201,0.0,0.13232093252800403,0.0,0.030881505238358194,0.0725377274615471,0.5891890376083259,0.0035915974376169997,0.034468679173985314,0.0,0.0026514383758583,0.12050743990044452,0.2507953837337516,0.0588819633813522,0.3138661150825656,0.0,0.0167099347882859,0.0500417784345461,0.0,0.1319165047311186,2.172710161584881,0.0,0.05151241368500681,0.14100052750262293,0.49084901522558744,0.13432207586409534,0.039972656826436
g__GGB9707,0.4057631124328194,0.2278118729881551,0.0,0.0,0.0,0.2393807684415627,0.17515828269286504,0.5392515393333216,0.14147753793434906,0.10784502445924629,0.0197622326052916,0.3044484498724148,0.10205128205126568,0.1838132854266371,2.0304643268139255,0.0,0.1269578716399831,0.2631862176831547,0.0,0.0,0.4839802495858036,0.21124397305286716,0.3875343411341261,0.0,0.0,0.4487465314789419,0.0,0.0,0.17875347597623523,0.19986062587534548,0.0,0.24041669112621358,0.4683091681554781,0.6871509417518269,0.026143370451041103,0.4580892737308381,0.17139697993583286,0.008099057186370802,0.0,0.0,0.0845664762554024,0.18124602398583617,0.19056119540635905,0.0,0.6220216724060885,0.0,0.2746342837254553,0.0,0.5728856650701308,0.2508417823218966,0.1526163576807791,0.0966073621748348,0.0100411334712869,0.20483239192645286,0.4922254364065501,0.421777193556304,0.10520734777488364,0.307389857675908,0.8950624086449883,0.0392314884445937,0.0042909241939446,0.1857781334516717,0.2130568509167477,0.1231429483483124,0.3591158252106015,0.4337188695999043,0.26893874693969505,0.0,0.5336431583130213,0.4373885148963211,0.0,0.0,0.0,0.13292693744165748,0.1432664393969517,0.0,0.0,0.18132298644291045,0.0,0.7617877058105335,0.0275791634060379,0.0,1.1910596026490097,0.0,0.11867167546738433,0.275538867547012,0.1037772783709363,0.0,0.3513396444281071,0.0,0.0,0.060336528013898216,0.23316233199348674,0.15992140345505632,0.5807674181132465,0.173252879222984
g__GGB9708,0.29970492827277406,1.8165763689708379,0.0,0.0,0.0,1.146177389448183,0.5905805928731005,0.565726904158245,0.3749154755260541,0.26396877017777265,0.0,0.9157297467689094,3.4157396449704613,0.4832444118223931,1.5185292569119535,0.0,0.2124566836814221,3.279226673191047,0.0110974599318227,0.0,0.35202150211205047,1.322530661700863,0.620945628617559,0.1528513907603406,0.2998869617923435,0.9147042700424081,0.07498402335807011,2.750307682403869,0.0,0.5541900469336413,0.0,0.19021664995984075,0.6414697826353484,0.06643625905281389,2.6276940250468304,0.593270237914735,0.5314199344195075,0.037612974403746204,0.0,1.0884191131268528,5.398355338047677,0.6588276000258417,2.712345007944503,0.5053428533603666,5.936540631896488,0.0,0.0,0.0,0.23469124608326827,1.084191303485888,2.93724209523647,1.3993961467996965,3.3319294933352985,0.5107038773171846,0.7134138161597042,1.3521182655665658,0.830080371487014,1.5521389710402618,0.9351566277150675,0.0687622002466661,6.230899994531462,0.0,2.6547460929500564,4.163500531910678,2.5700279571336,1.719334325653542,5.598313355504996,0.1090112060842931,0.371916022629178,1.1586498768554017,0.0,0.6575866909409773,0.0,1.9426033614341298,0.3434093389730416,0.12468979801214389,0.0,0.311315930849254,0.0,1.2096647482037113,1.0354924760116186,0.3913423902506371,3.154966887417246,0.0,0.37494033701771723,0.0676354503335169,0.3143058241160873,0.0,0.48155584709468024,3.512447072448029,0.0,0.0,0.5604237295978222,0.5879070387355713,0.686551655834924,0.6360888308308279
g__GGB9712,0.3426883980644055,0.10368536533403838,0.0,0.0,0.0,0.156334585426214,1.4872020100885095,0.0,0.14366375579415114,0.0,0.0,0.24083758348757586,0.0,0.013162046036804,0.0,0.0,0.0834067710966516,0.2616464866957099,0.0,0.0,0.1176519690300715,0.0,0.0,0.0,0.0,0.0,0.0,0.40077706277665376,0.0,0.0,0.0,0.0,0.09062169248113511,0.3129504985576946,0.013305108175976004,0.16360331204672784,0.12371521207288573,0.0,0.0,0.7728959451198286,0.0,0.0,0.0,0.0,1.00546464624205,0.0,0.0,0.0,0.0,0.24363441548526016,0.0641146038710405,0.0,0.0,0.19658524999437912,0.0,0.2100082012231947,0.06038769340569632,0.19892148115674507,0.3050677686089849,0.0636768928329423,0.636351054034037,0.1459787190777136,0.0,0.7614902514559441,0.4452531376789368,0.40354187397633695,0.7955965048010242,0.2611652836319226,0.0,0.11900114927483935,0.0,0.11792987054604681,0.0,0.7343328798823108,0.0,0.0601071675106052,0.0,0.0,0.0,0.2402988779898197,0.0,0.0,0.240397350993379,0.17681314359642286,0.0,0.0,0.0377655863843879,0.0,0.2656511542441489,0.0,0.0,0.0,0.08783073026721962,0.16452357690156214,0.29218733457870105,0.0
g__GGB9713,1.9048353139215288,0.8957522292421966,0.5728606818629747,0.0,1.499691739309351,0.4524995675528938,2.153652570601893,3.9780111930272235,7.741077167642042,0.9456062558851227,0.0,0.9008171611933322,3.3478106508876255,3.894122506773544,0.0,0.0,0.5214831990024029,2.1389019038927835,0.1094551897261586,0.0,1.75074269622351,0.9512232573851945,2.031382597309648,0.1799442477437111,0.39362558937297676,1.2343432143757005,0.36712663292821585,0.0,1.9400998490080705,3.3505855833677107,0.0,0.7406549528991118,2.8801969574559005,0.6771354971075196,3.6509943039613657,4.071491048297267,0.714583057017189,0.17723833822113924,0.0,1.1483642261061664,3.991286088746874,0.7586864617881027,2.2852250872060926,2.127455587910656,18.997383956446377,0.0,0.0,0.0,0.0,2.2083952933897844,2.0959182007790513,2.0902684094879027,0.8248652574756491,3.323752929244054,2.3525520450586384,0.6335631165731794,3.5772026186223225,2.007658203028017,7.0343548840152925,1.3324058174811413,3.9528973124706073,1.3605239433904437,0.42050967994012,1.8198397214722768,1.3933278254553183,2.360683498891889,2.546252105793805,1.5350476763555378,2.3543256121074227,3.473912799640925,0.0,0.34740247734366164,0.0,0.7815396325707247,2.2279734016525796,5.566881120655993,0.0,1.2331877222818068,0.6638502264756208,9.25302892463958,5.943539424351504,0.0,1.721873782625644,0.4987566116950948,1.929318463088155,0.2821910130151216,0.966301988620898,0.0,5.044712052161973,0.6949632669816997,0.0,15.292881573800651,2.529779220098176,1.0650979908296507,0.35673364912073996,2.649681309024021
g__GGB9724,0.0,0.0021783791078372,0.0,0.16859989784946172,0.0,0.0,0.0,0.0,0.012351434660214404,0.0,0.0,0.028612765819853593,0.0,0.0,0.0,0.0,0.0096966861307917,0.026652743392591303,0.0048274912355068,0.0,0.005170374212582001,0.005516733066616799,0.0106823721793771,0.0086273343466666,0.0,0.0,0.0,0.0,0.0,0.0,0.0,0.0,0.0,0.0,0.06935255216870151,0.0025707622886035008,0.0,0.0,0.0,0.0,0.0061910997637762005,0.0,0.0,0.07425017652453052,0.0256571604694212,0.0,0.0,0.0,0.0,0.0053919091951658,0.0,0.0042699386596625,0.0,0.0,0.0,0.0,0.0,0.0055313049598509,0.11132593692685583,0.1348988341656233,0.0107156503647694,0.0,0.0,0.0,0.0799008581954896,0.0,0.014380519858933004,0.0047799952555133,0.0,0.0,0.0,0.0,0.0,0.49375028588133285,0.0433151689620337,0.0,0.0,0.0,0.0,0.0,0.0,0.0,0.0127386053759254,0.005308951347676099,0.053177342101229215,0.0,0.0,0.0,0.029881546183992202,0.0,0.0,0.0,0.0,0.0037279254441303002,0.0,0.0
g__GGB9747,0.44773570199418383,0.4589529668769837,0.0,0.0,0.0,0.4557327077771005,0.5198325327955989,0.582014043860759,1.2631326246088395,0.0,0.0,3.1398469136201994,0.3771794871794864,1.1247586325783463,0.0,0.0,0.0,0.9603610114862554,0.0539294240014339,0.0,0.7254097313917869,0.7910928212673294,0.70694309075374,0.0,0.0,0.057140579947074,0.0,0.0,0.0,0.0,0.0,0.0,0.10986378347201291,0.29600568065732275,0.88747405763265,0.11759695012986134,0.937548834088201,0.0,0.0,0.6272577705621872,0.0368136111451566,0.0,0.0,0.0,1.3939732645809215,0.0,0.0,0.0,0.0,0.05036079497437611,1.8842351170370568,0.3062156010214891,0.0386615616776515,2.3588992154384427,0.0,0.1791604954324263,0.967221722999949,1.3163649565287507,0.3863816585126189,0.2897381536520089,0.0,0.0,0.2428582852082908,0.1326867995267456,2.045319422278667,0.6302214061021323,1.9189097765765741,0.0,0.0,0.7077568939054076,0.0,0.0,0.0,1.3548691819509866,2.444992012500706,0.0,0.0,0.049612941644886104,0.0,0.0731207783208926,0.0,0.0,1.307869107908083,0.5289470002601911,1.1294501060438933,0.0,0.2047571058985778,0.0,0.9845590687462302,0.0,0.0,0.0,0.5941838979050976,0.22784882371578843,0.5348550098526919,0.0
g__GGB9758,14.123934337432578,0.7999994519800994,2.1040791276672564,0.0,8.014615592656186,0.2603203119875079,1.0937052988598932,1.7305494864994484,0.0,1.7246889714546982,2.320779519531593,0.22701616271018696,0.5223274161735717,8.06466966408608,0.5669776297270107,0.0,0.0,0.3424977608461983,0.0,0.0,2.4881958695562827,18.231015989033732,0.0,0.0,10.073813612351136,0.0,0.0,0.0,0.0,9.712414180508627,0.0,1.5751072337208454,2.499123456309179,0.20852412922065877,8.8864635956162,1.1582209584583378,0.24887492826723315,0.0,0.0,5.586475650532513,0.0013196168819202,0.7504853337771487,0.03133451117349831,0.0,0.2746960860001368,0.0,0.0005845521342757,0.1696878197172489,0.0,4.269048643916752,0.5296993857650284,3.7093376505463502,0.3355145617221104,1.6153412312998616,2.5673732242732377,3.8130439405422094,0.51838004791969,3.0956299265860943,0.0,3.259516226967243,2.4846783106958172,8.796911188982989,0.0,2.6582806815728013,6.408669502966588,5.85367074232147,0.46145350842820676,0.3893374421262117,2.1190600078768416,0.3897601533928822,0.0,0.0,0.0,6.637325024810267,6.890767847393055,0.6080256381712654,0.0,0.010696690964575602,0.0,0.0,6.944658879439608,0.134966621427379,0.0,0.0,0.0,0.0,0.3381656354348362,0.0,0.0,1.2891914144060395,0.0,3.354908512372868,0.0,10.387022992557702,0.9438617820930293,3.778829629006121
g__GGB9759,0.0,0.0049184786145507,0.13220839676430252,0.0,0.0,0.0435365091563207,0.0,0.0,0.0,0.12693949827893747,0.0,0.35903363212388656,0.1295660749506851,0.0,0.0422573731692835,0.0,0.19880497123901184,0.0985889751257899,0.0,0.0,0.1540314695137674,0.0,0.0,0.0,0.0962373023632413,0.0,0.0,0.0,0.0,0.0,0.0,0.0,0.11619892790422201,0.37382897163814316,0.0,0.04950259862932601,0.0,0.0038708729199565003,0.0,0.20303851527118436,0.0,0.0,0.0,0.0,0.2837747735508475,0.0,0.0,0.0,0.3768769949179576,0.0601824208147298,0.056837793002266504,0.0621047328266663,0.0,0.08719070316553303,0.039382874589888504,0.025277510837331096,0.04476872294371411,0.1169793937484051,0.024079978353811506,0.0424098055781863,0.0,0.0,0.0,0.0,0.0166899395301515,0.0,0.04012730213911881,0.1617550394465679,0.0,0.007338171690338002,0.0,0.03870699429622751,0.0,0.0,0.1312738049997597,0.0,0.1287190856949664,0.0,0.0,0.0552481196391825,0.0,0.0,0.0,0.0,0.0,0.0780910952439116,0.0397754054368341,0.0,0.0,0.22201905552587461,0.0,0.0,0.0,0.048017659149808704,0.18537855218174473,0.0916467923242294
g__GGB9760,0.5317651211360415,0.30902842236715,0.09202933937862141,0.0,0.7233688509646563,0.10797754589946888,0.37566589933918093,0.16698407505630103,0.7857991085801166,0.09923489641211589,0.0,0.3882256582687115,0.0,1.2195383743030253,0.0,0.0,0.9836715440743463,0.42307188341891955,0.0675271781986312,0.0,0.5696963329172441,1.2020447648269126,0.0318433655701277,0.35258553264138737,0.10923654295006768,0.3100841356600667,0.35732231124509317,0.0,0.0,0.11670815904079682,0.3931401013679088,0.22230688562191214,0.3202524737100441,0.21323896050828875,0.4346075978651233,0.04528654847604241,0.19741118597725796,0.23602796509160934,0.0,1.3301009960067027,0.1945509935728303,0.39016127425163305,0.26514174367555865,0.0,0.4784731489591417,0.033432286578715505,0.0,0.11297930160975161,0.0,0.856551069821908,0.7974008018258695,0.2735620076107651,0.0675591336953388,0.4300737523489812,0.6587708338658274,0.1994434545637904,0.20347104455088408,0.5910447658956379,0.7218835185560739,0.2350710989542695,0.6398024495813314,0.1957600718471294,0.7186930536783185,0.7542914608527579,0.4512074666394073,0.1591333569216744,0.2661966099651024,0.0006691993357717,0.2607845916618964,0.44813070539354616,0.0,0.044533853652662804,0.0,0.14273219442406077,0.22554501969168586,0.1671783707105213,0.0,0.5199717776253469,0.0,0.141115442448434,0.2693736662007819,0.2207829280280294,0.8347682119205206,0.22036705132638199,0.2203481930008649,0.1458061166954846,0.10220201478925929,0.0,0.6140278960647182,0.7713612408454277,0.0804858158620377,0.30635810363196947,0.7680068112620094,0.6109344012135121,0.21724616051876774,0.1447408255589643
g__GGB9762,1.6449969747303368,0.6692008020271131,0.0,0.0,0.0,0.0,0.0,0.04867447919704871,0.011167813525921003,0.0,0.0,0.38355116215785284,0.5003353057198989,0.9592464457597064,0.0,0.0,0.0,0.5980931047612967,0.0,0.0,0.028758908772796604,0.0,0.0,0.0,0.0,0.0072327862041743005,0.0,0.0,0.0,0.0,0.0,0.02444717589471501,0.17103069523111553,0.17936361207509577,0.16671585839214423,0.9627196279346195,0.08202157038606661,0.0,0.0,0.0,0.0,0.0,0.0,0.0,1.044081962128075,0.0,0.0,0.0,0.0,0.5182950020632704,0.664910398529942,0.0,0.0,0.6347514136576148,0.0,0.0,0.3734292111757781,0.3451157549717353,0.0,0.3430647876455724,0.0705553866781413,0.0,1.163621186323326,0.5894464275456285,0.9023258410749503,0.0,0.4505896222465312,0.0,0.0,0.749888602089432,0.0,0.0,0.0,0.4699194680092002,0.0,0.0,0.0,0.0,0.0,0.631906505961979,0.6449013561124202,0.0,0.5044604596805535,0.0,0.0,0.0,0.0142995909610833,0.0,0.9705526200560712,0.0,0.0,0.0,0.0,0.0,0.27269964106782457,0.0
g__GGB9767,0.0099403222644056,0.2481297108304493,0.0,0.0,0.0,0.00461043461575,0.33849783215944923,0.042201684795944105,0.007937224077026102,0.08696088408963819,0.0,0.0,0.0,0.1888872866995004,0.0074846102303334,0.0,0.0,0.0461765323133237,0.0,0.0,0.016673937721700803,0.008900478247152899,0.0647782541830969,0.0,0.0515524128460622,0.24203946371320287,0.0,0.0,0.0,0.0,0.0,0.0,0.033132077202837604,0.10534076085947058,0.0,0.15017364985106763,0.0033617550462437013,0.0,0.0,0.24398361509773947,0.0022692477221809,0.0,0.0,0.0,0.4187380163791341,0.0,0.0,0.0,0.0,0.0,0.0476598333479212,0.0361038563455392,0.05202842088465541,0.012533180046868004,0.05719893690436401,0.06133986722280059,0.015211519058624405,0.2717703087084586,0.15127947452653376,0.010847734564641,0.67959843945616,0.006573819429015899,0.0,0.6891205913770088,0.051406201648916,0.19592414408609826,0.1324808008546953,0.0,0.0,0.051785728734859114,0.0,0.0,0.0,0.03795746388544519,0.044769971657891,0.266120093667462,0.0,0.0,0.0,0.056053371294071105,0.014005370210243598,0.035771699291626,0.0426567978184355,0.0,0.026956708638218908,0.008625509195477,0.0210487806169793,0.0,0.001498285977676,0.0,0.0,0.0,0.0,0.1080108664078049,0.16522917356810363,0.1353973913435849
g__GGB9770,0.0417619895133621,0.0016851611966288,0.0,0.017966925234156002,0.0370307142694695,0.0045053867384291,0.027088591334352402,0.0,0.03309961689665121,0.0049321519091512995,0.0,0.025729935365317494,0.0607297830374611,0.0124464817547372,0.0159630785404324,0.0,0.032067780904962,0.0412493931535063,0.0,0.0,0.0,0.0052375461705328995,0.0219759972627515,0.0,0.0,0.0055540267164374,0.0,0.08558861115563761,0.0020512693964485004,0.032753039090272,0.0,0.0,0.0,0.0,0.011645211639402001,0.0,0.0,0.0,0.0,0.0004717836223029999,0.0218661750621023,0.09304831219908279,0.05552907259829731,0.46348420702461396,0.0403935808416016,0.0,0.021640120010879,0.0,0.0106268484412224,0.0230926211994986,0.0,0.0040793163980704,0.0711406844876533,0.008030519067067202,0.0,0.086769754213856,0.027825535420854506,0.0082027711324105,0.07842991975996493,0.0,0.1232941098553404,0.0,0.0198416181190641,0.056263275042496896,0.054301698275578,0.1410397332956977,0.037678217971003604,0.0,0.0,0.0,0.0786184453024864,0.0,0.0408326655745254,0.018902918100075196,0.0030234595157504,0.0,0.0,0.0,0.0,0.0,0.0409162853358775,0.0,0.10720685625241158,0.0,0.03567511015773031,0.0,0.0,0.0,0.11812890680172042,0.003352097425726901,0.0,0.0,0.0,0.0,0.0,0.0349523041136867
g__GGB9775,0.1211582075998104,0.0,0.0,0.9992336217182589,0.06963119588910559,0.0744205850886426,0.0,0.0,0.09843550350963463,0.0,0.0,0.04631388365757149,0.0871597633135793,0.0,0.030466044593304202,0.0,0.617304782420859,0.0026945292280204,0.0,0.0001585406842224,0.0,0.046579541742621994,0.1862429383916636,0.0190898692012866,0.0,0.0,0.0,0.19806788430276281,0.0012801154880093001,0.0609537172243282,0.0,0.0,0.0,0.0181449567735697,0.09842667744211911,0.0,0.022008990068377705,0.0,0.0,0.011994741185223399,0.099822234039833,0.0,0.0,0.014058558158210801,0.0,0.0,0.0,0.0,0.0,0.3340805151833008,0.0,0.0671180983065366,0.04883060767722559,0.0,0.0,0.105765981380288,0.08312008628462542,0.0,0.38668646836517,0.0,0.1768723616791904,0.0,0.0457293387449115,0.0,0.0167938804346989,0.0227962054439691,0.43539274099824765,0.0,0.0,0.0,0.0,0.09452638598812611,0.09936762254390688,0.0,0.0752828768963463,0.0232695749811423,0.0,0.0,0.0,0.0,0.4218734925258444,0.0,0.0091936112193222,0.0,0.17315759565786995,0.0,0.0,0.0,0.1041224581115302,0.35535676648416653,0.0093229022068738,0.0753177668932232,0.0,0.0,0.0,0.0097871522581699
g__GGB9787,0.008255521880608,0.0133579850952288,0.0,0.0,0.006981675537183,0.0,0.0015475282208203005,0.0,0.0,0.006482256794884699,0.0,0.012622486616392398,0.0,0.0332412134669203,0.0,0.0,0.0,0.0,0.0,0.0,0.0034469161417213,0.005248713646376199,0.0,0.0,0.0,0.0,0.0,0.0,0.0,0.0113210029042865,0.0,0.0,0.0,0.007115109034045399,0.0,0.019414396803535003,0.0024687888620853003,0.0,0.0,0.042546304847679094,0.0,0.0,0.0,0.0,0.0,0.0,0.0,0.0,0.0,0.0129260584072664,0.025370502758797105,0.0175944347449486,0.0,0.004920433648029502,0.0,0.0191993953714222,0.03794391193752512,0.008853512892393,0.05080945773387501,0.0100738834364628,0.0260253880458746,0.002138986799029,0.0,0.1234701661029965,0.0117898683157833,0.0229470904220812,0.012077962094038303,0.0,0.0,0.05750559640219821,0.0,0.0,0.0,0.003613793166190599,0.0,0.0397551411881035,0.0,0.013933847440697103,0.0,0.0126679833513238,0.0,0.0,0.0025126606934162,0.0,0.0,0.0,0.0,0.0,0.0045958659764675,0.0,0.0,0.0030456364754643003,0.0,0.0038928778974103005,0.011248646747241601,0.0
g__GGB9818,0.0,0.0,0.0,0.0,0.06550249739868488,0.0430462857288084,0.0,0.0,0.8270308989170909,0.0,0.0,0.12002812780367068,0.0044575936883629,0.0797312080351357,0.0,0.476114154162861,0.0087957341910803,0.0,0.3269230917176986,0.0,0.009759340883187102,0.0,0.0107842476633766,0.0,0.0800648980954344,0.0,0.0,0.2493450071933438,0.31577210242772313,0.12261424838663189,0.0,0.02969116412397041,0.07700477283953622,0.017944933628034197,0.009492533318532802,0.0,0.14081288812840273,0.11654305083622012,0.0,0.14377963301522517,0.0,0.0,0.0,0.15907160167972484,0.0,0.0,0.5303173872577207,0.0,0.010775179326743,0.3155628472403123,0.0,0.6760609129624345,0.0,0.04357214199007502,0.09357213713041991,0.0406336409976883,0.44018333275894694,0.0676600182550137,0.31808080462296373,0.0608440449529994,0.2344616948147615,0.0,0.20221287351747122,0.0,0.0417248488253544,0.0019866522118857,0.0,0.0,0.0,0.0,0.3547296437805818,0.008804320456134202,0.0,0.0635067288575974,0.1755251078704502,0.0602912846589752,0.0,0.11840955405917045,0.0,0.0,0.1134908329561531,0.0,0.0054927931437475,0.0,0.3465605497074775,0.0,0.0122897719086232,0.0,0.2341198100173114,0.0,1.6622906222013445,0.0,0.0,0.0173365028397393,0.0,0.2732288930933521
g__Gordonibacter,0.0,0.0,0.0,0.0,0.0,0.0,0.0,0.0,0.0,0.008032361680617998,0.0,0.0,0.0,0.0,0.0035827970282906,0.0,0.0,0.0,0.0,0.027537297305714005,0.0,0.009827378742151298,0.0,0.0003027134858478,0.0062850101893811,0.0,0.0,0.0,0.006400577440046602,0.0061097475991387,0.0,0.0020063031889286007,0.0,0.0,0.0,0.0,0.004911314012871801,0.0,0.0,0.016498130307208397,0.0,0.0027592580223783996,0.017089440699292507,0.0007543083304171001,0.0,0.1513048076101784,0.0070730808247375,0.0,0.0043439759331018,0.0,0.0,0.0,0.0024729755470684,0.0,0.0,0.0,0.0,0.0,0.0,0.0,0.0,0.013789334897740799,0.0,0.0,0.0,0.0,0.0,0.0,0.0,0.0,0.0,0.0,0.0,0.0,0.007919186848786,0.0,0.0,0.0005770583283519001,0.0,0.0,0.0,0.006242161526392601,0.0,0.0,0.0,0.0,0.0,0.0,0.0,0.0,0.0,0.0,0.0,0.0,0.0,0.0
g__Granulicatella,0.0,0.0,0.0,0.0,0.0,0.0,0.0,0.0,0.0,0.0,0.0,0.0,0.0,0.0,0.0,0.0,0.0,0.0,0.0,0.0,0.0,0.0,0.0,0.0,0.0,0.0,0.0,0.0,0.0,0.0,0.0,0.0,0.0,0.0,0.0,0.0,0.0,0.0,0.0,0.0,0.0,0.0,0.0,0.0,0.0,0.0,0.0,0.0,0.0,0.0,0.0,0.0,0.0,0.0,0.0,0.0,0.0,0.0,0.0,0.0,0.0,0.0,0.0,0.0,0.0,0.0,0.0,0.0,0.0,0.0,0.0,0.0,0.0,0.0,0.0,0.0,0.0,0.0,0.0,0.0,0.0,0.0,0.0,0.0,0.0,0.0,0.0,0.0,0.0,0.0,0.0,0.0,0.0,0.0,0.0,0.0
g__Haemophilus,0.0,0.0,0.5391296871811206,0.0,0.0,0.0,0.0,0.013085793735176404,0.0,0.0,0.0,0.0,0.0,0.0,0.0,0.0,0.0,0.0,0.0,0.0054269695753109,0.0,0.0,0.0,0.00210007480807,0.0,0.0036085484315835,0.0,0.0,0.0,0.0,0.0110425694129652,0.018555650657393508,1.2395219805845976,0.0,0.0,0.0,0.007905377100932703,0.0,0.0,0.0,0.0037985233610419,0.0,0.0,0.0,0.0,0.0,0.0,0.03350858403031021,0.0,0.0,0.0,0.0030880806377916003,0.0,0.0,0.0,0.0012190092299314,0.0,0.0,0.0,0.0022800970740964,0.0,0.0,0.0,0.0,0.0,0.0,0.0006279702995165001,0.0,0.018442665093364306,0.08217078185564251,0.0,0.0,0.0,0.0,0.0,0.013143131821363398,0.0,0.03137226863162601,0.0,0.0,0.0183350621937283,0.0021463019574988,0.0168484612388004,0.077686135707727,0.0,0.0440505709466325,0.0,0.0,0.0191578589055679,0.0,0.0,0.0,0.005231838948202801,0.0,0.0027107744533200005,0.0273076761192919
g__Holdemanella,0.0,0.0,0.0,0.0,0.0,0.0,0.0,0.0,0.018144215740991506,0.0,0.0,0.0,0.0,0.006505129836970399,0.0,0.0,0.150672759137813,0.0,0.0554488335934679,0.0,0.0,0.0,0.0,0.0,0.0201120326060198,0.1831416775733496,0.0,0.0,0.0,0.0,0.0,0.0,0.0,0.0,0.0012967941691983003,0.0,0.011661087816658403,0.021117100575640504,0.0,0.0,0.0845788091234408,0.0,0.0,0.12678939153881513,0.0139469692808134,0.0,0.0,0.0,0.0,0.0659918852674116,0.0502493291075401,0.0,0.0,0.03817204342669141,0.012235309348396502,0.0865835166926209,0.0,0.0157376757216812,0.06375215301265333,0.0,0.0,0.0,0.0,0.3158742058606774,0.0,0.0,0.0156573928012837,0.0039195961095208,0.0,0.16422995653735964,0.0,0.0,0.0,0.0,0.030892418985194396,0.0,0.0,0.010640392591077703,0.0,0.0,0.0,0.0,0.013128165173354299,0.008703945986318799,0.0012595064108876005,0.0,0.0024443745232619,0.0,0.0,0.0097233784917489,0.032532925001637,0.0,0.023728363908948804,0.0,0.0,0.0119169988635747
g__Holdemania,0.0,0.006877649761851101,0.0029929179933535005,0.0,0.0,0.0038284115290279,0.0,0.0,0.003648338084527701,0.0,0.0,0.007961461675867499,0.028698224852071595,0.0,0.0,0.018088320544189802,0.0,0.0007082762542224,0.0025579933638342,0.0269641117550649,0.0,0.0040984636345108,0.0,0.0039920340946197,0.0,0.0,0.021559988943961505,0.04495762065758482,0.029658579318577703,0.0059779687293533,0.0123869714511608,0.004331067201496802,0.0,0.0040290376457845995,0.0,0.0007198134408088002,0.008430651326908402,0.00016674529501350003,0.0680325114714383,0.021587674838721697,0.0114819001595133,0.0,0.004144653756553802,0.05840970158578591,0.0,0.0,0.0380192708132974,0.04556817240438471,0.0,0.018590286248653,0.0,0.0,0.0102116835090159,0.002475689885801001,0.0,0.0,0.0005772228214209001,0.0014213570020668,0.0,0.0030401294321286,0.0,0.0213470882543103,0.0,0.0047082999147051,0.0010839551474208,0.0,0.0,0.0,0.00019902156575560005,0.0,0.0171696815373149,0.0,0.0,0.011751145610340798,0.001846966900835,0.0,0.0173661134530479,0.004391273132825701,0.0,0.0,0.0020604321979284,0.007207997407267101,0.0,0.0,0.022736544300439507,0.0,0.0,0.0,0.0,0.004603394067522201,0.0339170614029116,0.004741315161803801,0.0,0.0,0.006403404220441101,0.0
g__Hungatella,0.0,0.0,0.0,0.0,0.0,0.0,0.0,0.0,0.0,0.0,0.0,0.012339592039077297,0.0,0.0,0.0,0.0,0.0,0.0,0.0,0.0,0.0,0.0,0.0,0.0,0.0,0.0,0.0,0.0,0.0,0.0,0.0,0.0,0.0,0.0,0.0,0.0,0.0,0.0,0.0,0.0008863813509937999,0.0,0.0,0.0,0.0,0.0,0.0,0.0,0.0,0.0,0.0,0.0,0.0,0.0639136266388908,0.0,0.0,0.0,0.0,0.0,0.0,0.0,0.0,0.0,0.0,0.0214145841680417,0.0049594660169667,0.0,0.0,0.0,0.0,0.0,0.015217236703643701,0.0,0.0,0.0,0.0,0.0,0.0,0.0,0.0,0.0,0.0,0.0,0.0,0.0,0.0,0.0,0.0,0.0,0.0,0.0,0.0,0.0,0.0,0.0,0.0,0.0
g__Hydrogenoanaerobacterium,0.05858893334652981,0.0159336786315397,0.04997826378861921,0.04776775497035961,0.04633188334059989,0.0,0.0123939207065713,0.0155160125717092,0.0,0.06988154662136668,0.0,0.0,0.0261932938856019,0.0627961866928853,0.1014962226644346,0.13701538548000752,0.2987495550595429,0.0659466781920547,0.10532008767183922,0.1128565762919547,0.25554937925399207,0.055010986004358386,0.0338081070472479,0.1385292589611673,0.0758953303600452,0.065110765178571,0.0,0.20274851147531908,0.047965773104913005,0.0224143877607621,0.0,0.03920252739000821,0.04793228531596071,0.0,0.134788785946484,0.0,0.05057077610579482,0.0,0.0,0.027449228933989097,0.0,0.07756580885129799,0.04441861420887661,0.0341843789741149,0.0,0.0176349383992336,0.0,0.0,0.0,0.2145326294924789,0.0,0.0550707713739352,0.0163728036219712,0.12014832477025862,0.06426184106466891,0.0285789941683957,0.010016513665835303,0.115421038481077,0.05348240567189801,0.028853592064912097,0.0324501142167036,0.0733529872947012,0.0201536750226404,0.0813136120404249,0.0251833963017236,0.0224189929986779,0.12358455494485762,0.0,0.07294140384947471,0.028236615021377906,0.0453558851361224,0.04698305552499601,0.1850429934376972,0.24642025988479027,0.1250244786366591,0.0119817775009411,0.22559805478005557,0.045306116072309714,0.052480635046499684,0.0,0.0429488738554503,0.03221241521213,0.1619205298013109,0.05673514530348529,0.18733931069994525,0.0539969607015471,0.013634177896417502,0.0,0.0693251871468466,0.0,0.0,0.032283746639907504,0.0,0.15487385838468182,0.12196350571864842,0.0674324648461129
g__Intestinibacter,0.0,0.0,0.019852637500315004,0.0,0.0,0.0,0.0,0.0,0.0,0.0,0.0,0.0,0.0,0.0,0.0,0.0,0.0,0.0,0.0,0.0,0.005917898195124001,0.0026578592507180998,0.0,0.0,0.0,0.0008942924373923001,0.0,0.0,0.0,0.0,0.0,0.0,0.0,0.0,0.0,0.0,0.0,0.0,0.0,0.0,0.0,0.0,0.0014512092985133004,0.0,0.0,0.0,0.0,0.0,0.0,0.0,0.0,0.0,0.0,0.052035906787164715,0.0,0.0,0.0,0.0,0.0,0.0,0.0,0.0,0.0,0.0,0.0,0.0091662624206628,0.0,0.0005053137841541,0.0,0.0,0.0,0.0,0.0045795816215112,0.0,0.0,0.0123216860825281,0.0,0.0011681912500785005,0.0,0.0,0.0,0.0,0.0,0.0,0.0,0.0,0.0,0.0,0.0,0.0,0.0,0.0,0.0,0.0,0.005378859545170601,0.0
g__Isoptericola,0.0,0.0,0.0,0.0,0.0,0.0,0.0,0.0,0.0,0.0,0.0,0.0,0.0,0.0,0.0,0.0,0.0,0.0,0.0,0.0,0.0,0.0,0.0,0.0,0.0,0.0,0.0,0.0,0.0,0.0,0.0,0.0,0.0,0.0,0.0,0.0,0.0,0.0,0.0,0.0,0.0,0.0,0.0,0.0,0.0,0.0,0.0,0.0,0.0,0.0,0.0,0.0,0.0,0.0,0.0,0.0,0.0,0.0,0.0,0.0,0.0,0.0,0.0,0.0,0.0,0.0,0.0,0.0,0.0,0.0,0.0,0.0,0.0,0.0,0.0,0.0,0.0,0.0,0.0,0.0,0.0,0.0,0.0,0.0,0.0,0.0,0.0,0.0,0.0,0.0,0.0,0.0,0.0,0.0,0.0,0.0
g__Lachnoanaerobaculum,0.0,0.0,0.0,0.0,0.0,0.0,0.0,0.0,0.0,0.0,0.0,0.0,0.0,0.0,0.0,0.0,0.0,0.0,0.0,0.0,0.0,0.0,0.0,0.0,0.0,0.0,0.0,0.0,0.0,0.0,0.0,0.0,0.0,0.0,0.0,0.0,0.0,0.0,0.0,0.0,0.0,0.0,0.0,0.0,0.0,0.0,0.0,0.0,0.0,0.0,0.0,0.0,0.0,0.0,0.0,0.0,0.0,0.0,0.0,0.0,0.0,0.0,0.0,0.0,0.0,0.0,0.0,0.0,0.0,0.0,0.0,0.0,0.0,0.0,0.0,0.0,0.0,0.0,0.0,0.0,0.0,0.0,0.0,0.0,0.0,0.0,0.0,0.0,0.0,0.0,0.0,0.0,0.0,0.0,0.0,0.0
g__Lachnoclostridium,0.0,0.0,0.0,0.0,0.0,0.0,0.0,0.0,0.0,0.0,0.0009707763385054,0.0,0.0,0.0,0.0,0.0,0.0,0.0,0.0,0.0,0.0,0.0,0.0,0.0,0.0,0.0,0.0,0.0,0.0,0.0,0.0061575665871553,0.0,0.0,0.0,0.0,0.0,0.0,0.0,0.05375256225507819,0.0,0.0,0.0,0.0,0.000251436110139,0.0,0.0,0.0,0.0,0.0,0.0,0.0,0.0,0.0,0.0,0.0,0.0,0.0,0.0,0.0,0.0,0.0,0.0,0.0,0.0,0.0,0.0,0.0,0.0,0.0,0.0,0.0773996464063049,0.0,0.0,0.0,0.0,0.0,0.0,0.0,0.0,0.0,0.0,0.0,0.0,0.0,0.0,0.0,0.0,0.0,0.0,0.0,0.0,0.0,0.0,0.0,0.0,0.0
g__Lachnospira,0.0890206402788706,0.0078503850867343,0.0030044736612814004,0.20612933094726762,0.15680936036252807,0.030090380859242403,0.23784002310609692,0.33191181109717965,0.023407848549966706,0.8533891070465769,0.0,0.37654615357670324,0.0658382642997943,0.32720803079958793,0.10160665133995171,0.022355415724349605,0.1619881046856892,0.5443872879193731,0.06377673680053489,0.0460133847362696,0.19340106592764023,0.18165016206798076,0.22511571235777159,0.1639761113652508,0.2825801898318113,0.3952458786454492,0.03846768446787971,0.2595191435684419,0.10748343175824232,0.2324938659930935,0.20130111434506892,0.037854376569930515,0.5470433626072818,0.0049862912708467984,0.037607030906755504,0.05610431618648692,0.07994673719345223,0.020771699607398202,0.0,0.018585415424064895,0.1867812866979823,0.26516250606325065,0.22499548964148106,0.005662778480523401,0.020788878739326,0.0,0.0,0.5408867649519252,0.2490263666624963,0.0454590593423774,0.07076862462046919,0.0105223488398826,0.1272623062778016,0.24291159698243128,0.05490009015409562,0.11986924094323288,0.013072399191004905,0.41287852192566193,0.2669430901247685,0.0672974106111969,0.0019005995750351,0.16213519936638,0.1572506746605027,0.0064171037447526,0.20204626973909728,0.0645661968862857,0.03751075922446541,0.2100056772686234,0.03689638694036961,0.16208151843788576,0.19802523813018744,0.12399684773311441,0.0,0.13062725088136906,0.24536828773010613,0.0197571863047434,0.14433648129449486,0.22631946146096554,0.5322786226310355,0.0083864013814188,0.2905070180687176,0.0669825069235939,0.1767238021035623,1.559726614069301,0.25196671108199015,0.04981151989268509,0.0,0.0,0.0,0.030777305473875808,0.0077900569360504,0.0,0.06110393035730731,0.03632253021225921,0.556882720371014,0.21236345528055173
g__Lacrimispora,0.056735652924347,0.0043156567230737,0.5063924799410787,0.05614456377516251,0.032902015779048895,0.1934398300932161,0.23534754402475805,0.03710757223475031,0.020010159646818605,0.17053972115583887,0.0,0.29861543311156286,0.0464299802761262,0.0982491443043603,0.3294823582215334,0.6057922174428316,0.20208810118878315,0.1300764738189458,0.20035050278989205,0.11994212533298411,0.24061966415823044,0.18869683932514436,0.047983352963768,1.134172833507941,0.1167478965910345,0.14730722271363358,0.33489373555006735,0.4847661318733282,0.08786527632755992,0.2327933634244267,0.12181719231586892,0.08690795877120203,0.18672292080739614,0.13955900611354738,0.20300015924628845,0.02653026681838981,0.101286002623737,0.005145283388988501,0.1238895953579715,0.07444173701007638,0.0447189795686182,0.09676017120536928,0.09205310822329253,0.0190326203370489,0.0889448229606098,0.0,0.0656218225937888,0.29478142652673306,0.1460635419847321,0.143203298759124,0.07250588126932721,0.025619631957974696,0.012855209093813201,0.12675532215300003,0.053811162746093606,0.0285282021171483,0.17775067471404093,0.1299086050322592,0.007057520432811203,0.038084530522478205,0.001212652489593,0.0400418328778239,0.0,0.042374699232338,0.1779319798841547,0.0076699863876602,0.0635087296244324,0.30876037924755295,0.10443103825349244,0.20401791406742825,0.0,0.039235253523597705,0.0328939492103442,0.3304472688188974,0.0771045428807277,0.004815371572482,0.03354847943601769,0.040619276478635405,0.5380755435409789,0.0226648880425236,0.0113741426061321,0.1734033123162511,0.051519283209963795,0.023058621304058495,0.15609700881947847,0.1603994597439336,0.0240363494787441,0.0,0.0631805311709678,0.016886764771384705,0.023713345122514898,0.12473939229509612,0.03842440208654671,0.2789840842326261,0.11182478236960493,0.1055795388679046
g__Lancefieldella,0.0,0.0,0.0,0.0,0.0,0.0,0.0,0.0,0.0,0.0,0.0,0.0,0.0,0.0,0.0,0.0,0.0,0.0,0.0,0.0,0.0,0.0,0.0,0.0,0.0,0.0,0.0,0.0,0.0,0.0,0.0,0.0,0.0,0.0,0.0,0.0,0.0,0.0,0.0,0.0,0.0,0.0,0.0,0.0,0.0,0.0,0.0,0.0,0.0,0.0,0.0,0.0,0.0,0.0,0.0,0.0,0.0,0.0,0.0,0.0,0.0,0.0,0.0,0.0,0.0,0.0,0.0,0.0,0.0,0.0,0.0,0.0,0.0,0.0,0.0,0.0,0.0,0.0,0.0,0.0,0.0,0.0,0.0,0.0,0.0,0.0,0.0,0.0,0.0,0.0,0.0,0.0,0.0,0.0,0.0,0.0
g__Lautropia,0.0,0.0,0.0,0.0,0.0,0.0,0.0,0.0,0.0,0.0,0.0,0.0,0.0,0.0,0.0,0.0,0.0,0.0,0.0,0.0,0.0,0.0,0.0,0.0,0.0,0.0,0.0,0.0,0.0,0.0,0.0,0.0,0.0,0.0,0.0,0.0,0.0,0.0,0.0,0.0,0.0,0.0,0.0,0.0,0.0,0.0,0.0,0.0,0.0,0.0,0.0,0.0,0.0,0.0,0.0,0.0,0.0,0.0,0.0,0.0,0.0,0.0,0.0,0.0,0.0,0.0,0.0,0.0,0.0,0.0,0.0,0.0,0.0,0.0,0.0,0.0,0.0,0.0,0.0,0.0,0.0,0.0,0.0,0.0,0.0,0.0,0.0,0.0,0.0,0.0,0.0,0.0,0.0,0.0,0.0,0.0
g__Leptotrichia,0.0,0.0,0.0,0.0,0.0,0.0,0.0,0.0,0.0,0.0,0.0,0.0,0.0,0.0,0.0,0.0,0.0,0.0,0.0,0.0,0.0,0.0,0.0,0.0,0.0,0.0,0.0,0.0,0.0,0.0,0.0,0.0,0.0,0.0,0.0,0.0,0.0,0.0,0.0,0.0,0.0,0.0,0.0,0.0,0.0,0.0,0.0,0.0,0.0,0.0,0.0,0.0,0.0,0.0,0.0,0.0,0.0,0.0,0.0,0.0,0.0,0.0,0.0,0.0,0.0,0.0,0.0,0.0,0.0,0.0,0.0,0.0,0.0,0.0,0.0,0.0,0.0,0.0,0.0,0.0,0.0,0.0,0.0,0.0,0.0,0.0,0.0,0.0,0.0,0.0,0.0,0.0,0.0,0.0,0.0,0.0
g__Mediterraneibacter,0.05064931153791401,0.0291820597464999,2.372852408004744,0.5422654048932121,0.20459092716184415,0.0029646845377227,0.044850928523763406,0.08377244739393931,0.012072935569792503,0.04059865614359869,0.0,0.044387506297765396,0.1158579881656507,0.3724403669326825,0.0211900358488291,0.08569576027664672,0.3532342418542661,0.0412032012238882,0.0183483133014886,0.05585510259532029,0.042629631559964805,0.03616028678076389,0.0646763786990937,0.030838936370760395,0.0357019237343142,0.0128025022616185,0.04792695114032291,0.09438609247999533,0.15034416598933623,0.0345979432672724,0.2055498352902157,0.0016984577260770004,0.0014017417278122002,0.14784567928571768,0.0690153856847137,0.010159652564561703,0.002022305770005901,0.04620035709695321,0.1668526345171627,0.42823656431725143,0.0006906406110985,0.024723827835422898,0.024008806634597306,0.13062652521962362,0.046544720595168,0.011677589461005002,0.1502065164235008,0.09734123283793082,0.0922724058570166,0.0348930958690536,0.5188169478891461,0.0330157757077475,0.0022384692451911,0.10781629452659561,0.0593919157121786,0.0,0.22263823765040802,0.0116448525470546,0.12879388617084356,0.0,0.0366127770896365,0.0483553615700353,0.028748242241972997,0.11192665086808451,0.06869008920503539,0.032163647835454,0.16218379602184343,0.006241308090770101,0.0,0.026478802030916505,2.8505221251640402,0.030286862369101906,0.078713012032656,0.07073431518994569,0.1329563159436676,0.0094749517117371,0.020782839105312898,0.023800137396180608,0.07533941537229037,0.3210793671742913,0.0346096921895236,0.0131103277903894,0.0163225555122714,1.1086594237076208,0.23857014289342526,0.0189220118697829,0.049308466077560405,0.0,0.0,0.04611429917514301,0.014859447811937501,0.00021401769827580005,0.016509906869565005,0.005987774054067801,0.31355335999426764,0.0421658917236536
g__Megasphaera,0.0,0.0,0.0,0.0,0.0,0.0,0.0,0.0,0.0,0.0,0.0,0.0,0.0,0.0,0.0,0.0,0.0,0.0,0.0,0.0,0.0,0.0,0.0,0.0,0.0,0.0,0.0,0.0,0.0,0.0,0.0,0.0,0.0,0.0,0.0,0.0,0.0,0.0,0.0,0.0,0.0,0.0,0.0,0.0,0.0,0.0,0.0,0.0,0.0,0.0,0.0,0.0,0.0,0.0,0.0,0.0,0.0,0.0,0.0,0.0,0.0,0.0,0.0,0.0,0.0,0.0,0.0,0.0,0.0,0.0,0.0,0.0,0.0,0.0,0.0,0.0,0.0,0.0,0.0,0.0,0.0,0.0,0.0,0.0,0.0,0.0,0.0,0.0,0.0,0.0,0.0,0.0,0.0,0.0,0.0,0.0
g__Methylobacterium,0.0,0.0,0.005639165948867001,0.3004182919586973,0.05782497380131269,0.0328683136150481,0.0,0.0,0.19008955416749734,0.0,0.0,0.05771049377225789,0.0164102564102565,0.0,0.369113982883784,0.012936583680338402,0.0350607737894346,0.019385213131873,0.0,0.0,0.0,0.0007258859298178999,0.1270678358285284,0.0,0.0,0.0096175660372207,0.03356552362633001,0.23997064184771497,0.0,0.0214679758777582,0.0,0.011931665525692303,0.0,0.14028766185800437,0.0530648174035619,0.021923460797212205,0.028089039234032907,0.017841746566446305,0.0,0.21304604665338764,0.025023389284247004,0.005387122805595899,0.16097974506546361,0.0657560088037568,0.0,0.0,0.0425437043325748,0.026165586027585903,0.0197280077742336,0.0563336506147925,0.0,0.0298895706176375,0.059607238186236,0.22808840379118997,0.08259211909962022,0.0,0.017537387486115007,0.0749038015306048,0.29078859936121726,0.0070061164640421,0.05960653391152071,0.8208718339073763,0.0442470684529296,0.0,0.0495798114689973,0.0713057259088741,0.06597874613587701,0.3978458336810061,0.02679051410144821,0.0,0.181932359501164,0.08520981415998351,0.0,0.011169906150044298,0.0133968352601669,0.0243884407288661,0.0,0.06384235554645051,0.04573811710867828,0.0226256074739926,0.12086940771901819,0.0,0.0084534476042072,0.0,0.03361409966717241,0.0,0.0,0.0,0.0328612834654367,0.06690419108607192,0.0,0.021006660230770302,0.027849671004934705,0.0024742867992016003,0.019914587125571905,0.0290445153153548
g__Mogibacterium,0.0,0.0,0.0,0.0,0.0,0.0,0.0,0.0,0.0,0.0,0.0,0.0,0.0,0.0,0.0,0.0,0.0,0.0,0.0,0.0,0.0,0.0,0.0,0.0,0.0,0.0,0.0,0.0,0.0,0.0,0.0,0.0,0.0,0.0,0.0,0.0,0.0,0.0,0.0,0.0,0.0,0.0,0.0,0.0,0.0,0.0,0.0,0.0,0.0,0.0,0.0,0.0,0.0,0.0,0.0,0.0,0.0,0.0,0.0,0.0,0.0,0.0,0.0,0.0,0.0,0.0,0.0,0.0,0.0,0.0,0.0,0.0,0.0,0.0,0.0,0.0,0.0,0.0,0.0,0.0,0.0,0.0,0.0,0.0,0.0,0.0,0.0,0.0,0.0,0.0,0.0,0.0,0.0,0.0,0.0,0.0
g__Neisseria,0.0,0.0,0.0,0.0,0.0,0.0,0.0,0.0,0.0,0.0,0.0,0.0,0.0,0.0,0.0,0.0,0.0,0.0,0.0,0.0,0.0,0.0,0.0,0.0,0.0,0.0,0.0,0.0,0.0,0.0,0.0,0.0,0.0,0.0,0.0,0.0,0.0,0.0,0.0,0.0,0.0,0.0,0.0,0.0,0.0,0.0,0.0,0.0,0.0,0.0,0.0,0.0,0.0,0.0,0.0,0.0,0.0,0.0,0.0,0.0,0.0,0.0,0.0,0.0,0.0,0.0,0.0,0.0,0.0,0.0,0.0,0.0,0.0,0.0,0.0,0.0,0.0,0.0,0.0,0.0,0.0,0.0,0.0,0.0,0.0,0.0,0.0,0.0,0.0,0.0,0.0,0.0,0.0,0.0,0.0,0.0
g__Odoribacter,0.0881150600725893,0.1265788967126198,0.4319046444771638,1.0844809478292625,1.1396483555022703,0.4592343036878087,0.29986440639896994,0.8521889495145154,0.14704751974278285,1.049759212343797,0.8414723972749449,0.2959616125529562,0.4994082840236473,0.1024124274000114,0.19844032992650742,0.7384260247012616,0.8639365583238927,0.813301304875818,0.9629210207047496,0.3168252642629264,0.20662808750763575,0.4382899244240926,0.9572802622216724,1.808448203641434,0.2422181609814735,0.5950810150501595,1.3812433093535925,0.47427733148661,0.5895934322363867,0.6026966509118941,0.5741520338083157,0.8951509138074104,0.9353076167732775,0.49522873361060166,0.34027878999767086,0.8009261325390409,0.2797873164658932,0.19182855153483452,0.24726589275705582,0.5735888094068606,0.359527769549008,0.10523503513125869,0.19997664133511345,0.16134545867575253,0.0056906266169357,0.0,0.3160205748321976,0.7428793985351347,0.3282774397834796,0.1343438654687622,1.098601770625101,0.4082175731994193,0.2254778092549128,0.2742445470996136,0.6137618343345177,0.8598247741954812,0.47327178213980176,0.489118056542617,0.3585267273691347,0.1555302579936608,0.0749862323131988,0.812515525479178,0.4204316657142275,1.3710969284432903,0.3983609410274798,0.3935960391687225,0.40363837618600074,0.1432632863723781,1.7567523041721926,0.23780698599525485,0.22086292618468,0.682430882482649,0.21234613361265559,0.7493187494456083,0.2944900170173781,0.3611811936512987,0.23845785684134518,0.10920476999228303,1.6322957564380478,0.0661288371223158,0.2130737485763026,0.3983536433118034,0.4399493572263132,0.21412390682310928,0.27143181015932716,0.6126976089038194,0.5312983824894589,0.1147209999311559,0.9686671365785215,0.14833031108839842,0.3270336824445474,0.36834092163262333,0.9501093565393306,0.41236463795492095,0.18828142876169493,0.3574719329321275
g__Oribacterium,0.0,0.0,0.0,0.0,0.0,0.0,0.0,0.0,0.0,0.0,0.0,0.0,0.0,0.0,0.0,0.0,0.0,0.0,0.0,0.0,0.0,0.0,0.0,0.0,0.0,0.0,0.0,0.0,0.0,0.0,0.0,0.0,0.0,0.0,0.0,0.0,0.0,0.0,0.0,0.0,0.0,0.0,0.0,0.0,0.0,0.0,0.0,0.0,0.0,0.0,0.0,0.0,0.0,0.0,0.0,0.0,0.0,0.0,0.0,0.0,0.0,0.0,0.0,0.0,0.0,0.0,0.0,0.0,0.0,0.0,0.0,0.0,0.0,0.0,0.0,0.0,0.0,0.0,0.0,0.0,0.0,0.0,0.0,0.0,0.0,0.0,0.0,0.0,0.0,0.0,0.0,0.0,0.0,0.0,0.0,0.0
g__Oscillibacter,1.296790855408955,4.520972379111984,1.5708774981331788,0.07542452054817271,0.35809500923850773,1.7039349300766424,0.36475103215337346,1.791912512121886,2.9704016736681393,5.810793633972947,0.6681541502681695,3.2582585009820972,1.3753846153846292,3.394094859971712,0.1596553251099798,0.0,0.8744425741632207,2.807129755131997,1.4858287167643618,4.101545064335829,2.9875211253392795,2.562031140506377,7.572564815729897,3.812089846876189,4.001711975458456,1.4400775429989958,3.3592533104756317,1.4871545628313683,0.09824500793516121,0.19983666608084527,0.0,2.377182664139211,8.020638735476194,1.2409578822692395,0.5349016589108784,2.4815876863365744,1.1337781530570312,1.6178819560033026,0.0,0.49468657269499444,1.6199468848038456,0.49568099473439725,0.9333597724318129,0.23770551212450963,2.433877714683868,0.078245777099091,1.1407067258685388,0.6690445139980266,2.5222925428342617,1.3950702700112028,3.1786879910004338,1.2041989509294109,0.1867842694451641,2.3473408382841057,2.4113994970668027,2.115268835555004,2.5769943090923224,2.4398363555721527,4.2990616076984605,0.2756844644134886,0.5090808432272208,3.5275029496628205,0.630172912030495,0.18971358266353971,2.6723503533100175,1.3832128893995328,2.921799277248099,3.7360989202264214,2.959583363831566,5.226452351130833,0.8822092398445882,1.839686771092297,1.1652943032096827,2.0394429097757683,1.622130306803978,2.8253767815812765,2.8584676550420016,7.84089967052794,0.003813222797151999,2.307969084621344,1.9336599303991584,0.8850097263250284,1.2800350603817463,2.0334650773534704,0.15526279028758486,1.595751029610495,0.3846766506691289,0.0,2.30549175681775,6.096328718612581,0.0083963315580924,0.0,1.2283469424898712,1.511525310386927,0.6572240645053364,0.9893391035272804
g__Parabacteroides,0.657282749729023,0.2857238760625268,0.8354516798589928,0.0,0.793197203804148,0.6413406350167421,0.5793507420671602,1.5429085513325194,1.4605327798999173,1.4120328160022635,0.895055784102098,1.7055444642919633,1.431479289940796,0.1751831465095878,0.7835037227346767,25.005739763394853,1.5715808606656345,1.5580075942611957,5.964528902247767,1.0947844017430657,2.4919750185791023,1.0397478383954633,3.4366239163177332,3.654886949756781,0.073243362645991,0.6682247228242488,3.4441487415546352,2.134379101694546,2.5406590898224493,1.827341647621639,1.0485617515157126,2.953522447401164,3.2267548441099763,1.2359287288957472,0.9894020793316305,0.9949261378862283,0.0,1.6624148601501076,0.0,0.5974496235166725,2.1848909046824803,1.7620052360205833,0.9489980038325784,0.8381240111318449,0.1754226112607721,0.0,0.7152346094145292,1.1238179387362002,1.644957735233194,3.178539547838534,1.1992970994041887,1.0413694150775137,4.663765397337374,0.41214047373870366,2.270564885630116,0.3432865436957071,1.0323630161114832,1.0645450201986835,0.19360115021168356,1.1560506728773727,0.5143861978691964,1.1652344486390782,1.255834001330134,0.9180275895467305,0.1722449275353347,0.988874999088387,1.4612659546320752,2.4644153253203354,2.626885646409895,0.6451173674992707,0.0,3.5394488783535962,0.6448376375588755,1.057476748526209,1.7622341316447225,0.4649524510382505,2.1895292693668624,0.8373960819991344,5.715579009102719,2.5341858787927283,1.6983530046600346,5.776324572367236,1.0297818465134427,0.29621897852129675,2.5967096458235,1.4888233611890458,0.30773317262019284,15.348701921312422,1.3277002269818565,1.2507685716529133,0.0,0.5343363409953424,1.1338530211093363,0.5870492859785349,0.7280884045448536,1.9538807072916318
g__Paraprevotella,2.2262109871308824,0.4494859230812777,0.0,0.0,0.0,0.5162286131275643,0.0,1.8187150217902175,0.0,1.1888177124566641,1.0433245345170832,0.0,0.5292899408284079,0.8217496847722603,0.559738416553393,0.0,0.0,0.2873753914958458,0.0,0.0,2.1550285834483263,0.7918633771005215,0.9316804084566661,0.0,0.0,0.0,0.0,0.0,0.0,0.0,0.0,0.0,0.0,0.0,0.0,0.8599508346853703,0.0,0.0,0.0,0.0,0.0,0.0,0.0,0.0,0.1949944195675761,0.0,0.0,0.0,0.0,0.0,1.886431271668618,0.0,0.0,0.0,0.9677539858902278,0.0,0.0,0.0,0.4221381989113866,0.0,0.0174202194178079,0.0,0.0,0.0,0.915956948271278,0.7089456434351494,0.5889942762600545,2.813751035722576,0.0,0.0,0.0,0.0,0.0,0.0,0.0,0.4695978683199864,0.8801027923257728,0.26208300322546557,0.0,1.2880884032763038,0.0,0.0,1.3590183093105035,0.0,0.8070001076305526,0.0,0.2523545098098756,0.0,0.40024437212640657,0.0,0.0,0.0,0.0,1.0436046861672432,0.0,0.0
g__Parasutterella,0.0572410930395075,0.1823399216742536,0.019309521107698704,1.0506246789097662,0.12861591645740117,0.0067230641485367,0.07291186059864072,0.06774235006832652,0.0,0.03711796608201439,0.0796036597574528,0.07989751133596769,2.3502958579881965,0.0,0.0031533521790092995,0.0,0.1542002150373583,0.049055829259838896,0.3153063399000018,0.0837582630185053,0.04308645177149591,0.0,0.0895194431544083,0.0765108335480538,0.8584250868174487,0.02579327661532,0.0,0.06496500739524953,0.9456506148410091,0.0058342099623148,2.3745013525608143,3.7098244421017776,0.07394642725159531,0.03787581134387049,1.6527641686434467,0.09402820146796133,0.0,0.019640213676949403,1.791255887142614,3.7819032952227873,0.0315104778813574,0.04549490905943769,0.7796128545101154,0.012910697655402002,0.0,0.06920601876001402,1.213027515921165,0.07581563362574692,0.0354298915129011,3.159549860908751,0.004162860271792,0.4040429456705633,0.0339181387533199,0.024014191892270706,0.16217456383540782,1.9399177439660797,0.09232169714374763,0.22993446345484866,0.033904234371578905,0.761814979380995,0.11762729149051811,0.0159425816087633,0.0061241167326862,0.0341578978368001,0.0251982450023731,0.1706257627549985,0.22864398605403646,0.0,0.04152916672101381,0.2095424691803784,0.0,1.536658068847551,2.8843809068176127,0.038361804379564594,0.652447382949113,0.0649933533709272,0.21498468257675493,0.012090075708645303,0.009404579135833197,0.0,0.0428374991420604,0.1663026300068605,0.0186988702765878,1.1901506876345174,0.7465274426818328,0.0205930053486114,0.0119774351639842,0.0,0.1865281868837328,0.252945598213903,6.2615356615880575,0.030670382452919503,0.14066736794694884,0.0032660585749460006,0.32813177693609896,0.0205885171855803
g__Phascolarctobacterium,0.0,0.0,0.0,0.0,0.0,0.0,0.0,0.0,0.0,0.0,0.0,0.0,1.642406311637087,0.0,0.0,0.0,0.4800241394038374,0.0,1.195409921321496,0.0,0.13077516783469184,0.0,0.0,0.0063191440170759,0.0,0.0,0.0,0.6656848275437968,0.0,0.0,0.0,0.0,0.0,0.8129369255585278,0.0,0.0,0.0,0.0,1.3682470392203678,1.1766712434443625,0.0,0.0,0.0,0.0,0.0,0.8244259605261787,0.0,1.2985834798741047,0.1541793604353575,0.2030226280455818,0.0,0.0,0.5511964031849712,0.0,0.003765873952720101,0.0,0.0,0.0223649668036081,0.0,0.0,0.0,0.0,0.0,0.0,0.0,0.0,0.0,0.4337640837438812,0.0,0.0,0.0,0.0,0.7650109735609331,0.0,0.8709460974095508,0.0,0.0,0.0,0.0,0.0,0.0,0.0,0.0,0.2748806397354653,0.0,0.45713607313667565,0.0,0.0,0.0,0.0,0.0,0.0,0.0,0.0,0.0,0.0576579902463057
g__Phocaeicola,3.37486576879446,0.1769967276360952,7.63560402978503,0.0,5.091497061433652,5.259548793688576,1.1509227582102246,2.6736613349845944,2.5239119319036467,2.8044074836809316,2.800568389546144,1.637447698181133,3.019013806706168,0.4330031257148401,2.378535512082948,0.0,5.162118666365153,2.0502749882557074,14.892310402685984,9.567296130095112,3.3483467988012534,4.091070765502577,2.2366762512092135,7.310719879156817,3.3610854856427737,1.8986769806302637,19.166972952565654,2.74305729913653,16.739006044304475,2.1251858531310135,4.517006121339568,17.305936077906708,2.241785520408458,2.661493687126683,1.50993525884792,1.3996875187022835,2.2719029503340162,7.294463496417785,13.154615303198469,1.2011182129636688,1.1598815748677826,3.33678605567353,5.401865396042036,3.46383851329983,0.10312204880974271,0.8316874057493892,9.875669268352413,16.28896918643861,2.372997506557821,2.634428738113547,0.851812991205187,4.336179895565733,3.1399967446261625,3.4240028965571647,3.9276250447859526,1.2047028021636157,1.6890558383287364,2.2620982311811617,0.2559464885201468,1.6063905731666515,0.3314155933817567,5.808532732059428,2.5609469886834093,0.6891569489053024,0.9596566742830582,2.257553616348285,1.7742882165978218,3.319788647729813,16.471787697946407,0.5831753859306009,8.36653377025505,6.287693496952882,8.606568142896027,1.7816253022129647,4.78159489893044,0.8768083490611662,5.2012115117289355,2.7806892638016625,13.729154082260653,1.9988310102805114,2.094735609656121,8.785135857336838,3.014141020646686,8.112123229647056,1.3190630711738633,26.296631261232694,0.6914592331969622,15.76816963986617,3.106653888026854,0.22545151145151704,0.0,0.7457693639920834,5.841360524911425,1.9449213861350283,1.13154555979413,4.331017716774021
g__Porphyromonas,0.0,0.0,0.0,0.0,0.0,0.0,0.0,0.0,0.0,0.0,0.0,0.0,0.0,0.0,0.0,0.0,0.0,0.0,0.0,0.0,0.0,0.0,0.0,0.0,0.0,0.0,0.0,0.0,0.0,0.0,0.0,0.0,0.0,0.0,0.0,0.0,0.0,0.0,0.0,0.0,0.0,0.0,0.0,0.0,0.0,0.0,0.0,0.0,0.0,0.0,0.0,0.0,0.0,0.0,0.0,0.0,0.0,0.0,0.0,0.0,0.0,0.0,0.0,0.0,0.0,0.0,0.0,0.0,0.0,0.0,0.0,0.0,0.0,0.0,0.0,0.0,0.0,0.0,0.0,0.0,0.0,0.0,0.0,0.0,0.0,0.0,0.0,0.0,0.0,0.0,0.0,0.0,0.0,0.0,0.0,0.0
g__Prevotella,0.024092645488305,2.67583047278365,0.0,0.0,0.0,37.935473057437655,0.0,31.98871350290407,0.0,0.0,1.431496387585211,0.8408973954839302,0.0,0.0,0.0,0.0,0.0,18.001672455798865,0.0,22.143901769167854,0.0,0.0,6.535588817739447,0.0,0.0,14.820590816652404,0.0,0.0,0.0,0.0,0.0,0.0,0.0,11.959126698946779,0.0,0.0,0.0,24.247564833846216,0.0,0.0,5.6538430326819125,0.0,0.0,0.0,7.0873629603364865,0.0,0.0,0.0,0.0,0.0,1.5238363084673323,0.0,0.1447756632770791,0.0,20.434267275115207,0.0,0.0,0.0,10.770690610027879,0.0,0.0362746336069564,0.0,0.0,0.0,0.0,0.0,4.91202554750646,22.194323741977193,0.0,7.09891381108112,0.0,0.0,0.0,0.0,0.0,0.0,0.0,0.0,0.0,0.0,0.0,3.2283600893720252,0.0,0.0,0.0,0.0,57.36084685083824,0.0,23.677665825326137,0.37334559068317713,0.0,0.0,0.0,0.0,1.7385029011690387,0.0
g__Pseudoflavonifractor,0.0029062806620505,0.0,0.0,0.36613635151082086,0.0014844758617265999,0.0,0.0,0.0,0.0,0.0,0.0,0.0,0.0,0.0,0.0069447367055224,0.0,0.2004999825154156,0.0,0.0,0.0,0.0,0.0044893252890281996,0.0,0.0,0.0007051474846621,0.0015846234416952,0.0,0.06444056737592321,0.0,0.0,0.0,0.0,0.0,0.0,0.006302419662304401,0.0,0.0,0.0,0.0,0.0192001637803995,0.0089906608123365,0.31484009990264805,0.0,0.0,0.0,0.0,0.0220259244194968,0.0,0.0,0.0171923838647211,0.0,0.0,0.0,0.0,0.0,0.0,0.0,0.1853244033297461,0.3156423258023353,0.0,0.0191575773115519,0.0,0.11901070160141722,0.0,0.0070828302098597,0.0669677827879913,0.0,0.0,0.0,0.0,0.0124364819405361,0.004258089529693901,0.47675304408509345,0.0,0.0031626145562244,0.0,0.0,0.0,0.0,0.0,0.0018098390927750003,0.0,0.0,0.0,0.07135022031546073,0.0,0.0,0.0,0.0030470759770718,0.0,0.3666359983220869,0.0,0.0,0.0016495245328009003,0.0,0.0091913023149912
g__Rheinheimera,0.029652486754837,0.0,0.11322243435859031,0.0,0.0,0.0,0.0,0.0,0.04153813933641681,0.030832995363489796,0.0,0.04749934664823109,0.0155818540433928,0.0,0.0,0.0,0.0,0.0,0.0,0.016171149790702,0.0,0.08219262220707309,0.0,0.015419468185380298,0.0,0.0040478499797764,0.03847958291652541,0.02797887503156851,0.0358278105860796,0.0364668072387729,0.054627878239042,0.06899984512187082,0.026578479514364203,0.0097582720286204,0.0,0.0,0.0,0.0,0.0882256531742184,0.07725814227048089,0.0549675929226013,0.055294654813516794,0.04864453568615061,0.05061518217145981,0.0521037720302091,0.0,0.0731625451259457,0.0,0.0,0.015068298424201099,0.0,0.0137819895131069,0.0,0.0,0.016454903054456602,0.0,0.08787368599043492,0.0,0.0,0.0,0.0,0.12059607572925012,0.0139775488060248,0.0168880718948309,0.0,0.0120456507530795,0.0,0.0360411642265701,0.029908518631610207,0.0,0.0,0.0,0.0,0.05764379169285219,0.0,0.0483378328731594,0.17871896462987147,0.0,0.010709914163429696,0.0,0.0694978211625501,0.0,0.0,0.0,0.02211496970805331,0.0192084678947249,0.0013579858462566,0.0,0.0238547329254742,0.11953900854140581,0.0198125970825837,0.06687229926124712,0.050936394288141715,0.0,0.03660612746018871,0.0315039810382638
g__Romboutsia,0.0,0.0,0.2685652783147955,0.0,0.0,0.0099211884136393,0.0,0.0,0.0,0.0,0.0,0.0,0.0,0.0004119915563414,0.0,0.0026747401495147,0.0,0.0018938691145514,0.0,0.0346350417840005,0.012064206496025102,0.0,0.0,0.0,0.0092588930594787,0.0,0.0,0.0,0.0,0.0,0.0,0.0,0.022992205223727302,0.0,0.0,0.0,0.0,0.0,0.0,0.0,0.0,0.0,0.0,0.0,0.0,0.0,0.0,0.0,0.0,0.0,0.0,0.0,0.0,0.0,0.0,0.0,0.005059188258337102,0.0,0.0,0.0018655339697153,0.0,0.0,0.0,0.0,0.0,0.0,0.0,0.0,0.0,0.0,0.0,0.0,0.0,0.0,0.0,0.0,0.0,0.019535535603725007,0.0,0.0,0.0,0.0,0.0,0.024402948040164598,0.0,0.0,0.0,0.0,0.0,0.0,0.0,0.0,0.0,0.0,0.0,0.0039934623851341
g__Roseburia,0.533997481644557,0.1270995156188912,1.2931832421552558,0.9583468168375728,0.6921484679977011,0.6371153759511485,0.11981703012351771,0.3712860297467809,0.12574233932550472,2.591000316503208,0.0052179228194672,1.532641992870993,0.3274161735699568,0.3261021587273005,0.756424157524265,0.1891676146209272,5.635912494050325,1.302627812684305,1.160040373982413,0.6762613862699558,1.5348536171542708,0.7091905534321374,0.6162884636347192,3.5062735477982434,0.9263491847421466,0.6991641032898036,0.03319667171833121,4.271144405477107,0.4749536922077618,2.0473644405741234,0.9072661235624322,0.3699771695435447,2.5111201809666386,1.0007443718486957,0.3140576118964347,1.0557195244870896,0.22028687851847636,0.40978847287391273,0.3420206959683204,3.810153126667342,0.6298889030579589,0.7637998486787566,0.5049976165338143,0.10937470791049461,2.2674680033827896,0.0,0.36419936173917367,1.1082564735202656,1.1022680004297032,0.8145595345746884,2.4651344063023086,0.8939230957359623,0.010979158678795599,4.609688148176278,0.4814117822852416,0.8574544784705757,1.9297238005776516,3.1857747851267577,0.3580812360461183,0.2691067298239242,0.0339309494684175,2.6955369042244484,0.1916289435378452,0.8018107503393614,0.6231108740597803,0.40159294300896076,0.4284222706736218,0.6344692559582025,0.4243360916985264,1.1964568070469894,0.11847198590736431,1.4623496041977155,6.477457881215925,0.5063606550416285,6.413567262233421,0.1591621933280831,1.0284882280349432,0.8653482244407625,0.5179404937846043,1.477322542175545,0.1652522310095054,0.7576624768467382,2.0173548889754134,2.085939390459467,2.198640191078533,0.4558947636952091,0.0816285292184773,0.0,0.1426233573356451,0.3791314026782672,0.1325796767823878,0.5169844445351554,1.9609894838803181,2.1754754300845986,0.9891765392928908,0.5991841673288356
g__Rothia,0.0,0.0,0.0,0.0,0.0,0.0,0.0,0.0,0.0,0.0,0.0,0.0,0.0,0.0,0.0,0.0,0.0,0.0,0.0,0.0,0.0,0.0,0.0,0.0,0.0,0.0,0.0,0.0,0.0,0.0,0.0,0.0,0.0,0.0,0.0,0.0,0.0,0.0,0.0,0.0,0.0,0.0,0.0,0.0,0.0,0.0,0.0,0.0,0.0,0.0,0.0,0.0,0.0,0.0,0.0,0.0,0.0,0.0,0.0,0.0,0.0,0.0,0.0,0.0,0.0,0.0,0.0,0.0,0.0,0.0,0.0,0.0,0.0,0.0,0.0,0.0,0.0,0.0,0.0,0.0,0.0,0.0,0.0,0.0,0.0,0.0,0.0,0.0,0.0,0.0,0.0,0.0,0.0,0.0,0.0,0.0
g__Ruminococcus,0.1401332719223452,0.3555142104985153,0.0791794366426808,1.870837253729729,2.86797257245287,0.2663080409948046,0.06551659299472291,0.6378623421233823,0.10073312100560693,0.19924484526710617,0.0304234370370937,3.545450381638305,0.031242603550295997,0.7318704741914372,0.23605969872354868,0.013966931053108601,0.6850899631052424,1.2234548453101153,0.0091356905851227,0.1746020750780352,0.41740908602939636,0.44457721332391226,0.6685796942076306,1.0035519643645299,0.9559347205117282,4.466676937955316,0.12203048929870242,2.3072869760696584,0.41970822620718023,2.89926691414741,0.0,0.608865248716292,3.694481470248687,0.665748465179535,0.4532814339016237,1.1917642647999989,2.242645175947175,0.16088538893161264,0.0,1.183805183672513,0.7191295363063573,1.0230277601065885,0.6493174788523651,1.4898901366314805,1.1448356576636738,0.6772112730824571,0.0,0.03846592843453041,0.6430885541743359,1.191121758568447,0.1342276599447661,1.498462536149114,0.0338541824891719,0.6103194490970895,0.016303663136676805,0.9167457329597448,0.7385226457245628,1.6917059537733796,1.2797558895125518,0.39716527276727365,0.1934180720900781,0.022773079453663,0.8348952431475811,2.6925476519944445,0.21444493478151816,0.24940029508071845,2.565719185078789,0.31258437545196077,1.1444071733563779,0.8750281459341375,1.1831342372087659,0.9211240139761258,2.136839758579338,0.14169607190789177,0.8422801590719071,1.9804206991862738,1.6417501275891473,1.2549611182320466,0.08376756279457297,1.6770642331568881,0.44744791109066334,1.0603983679519442,2.6518114530580483,1.8498163740819313,0.7919678168304596,0.2792946243184755,0.2501002533050851,0.0,0.247924242620648,0.7590089914273231,0.47487317707231275,0.018619539750000903,0.055415539425400104,0.43968076421809604,1.885162202497799,1.6574136664142776
g__Ruthenibacterium,0.049448891264424207,0.0034936268710596997,0.023816231599613002,0.06287592799335051,0.031626294335372195,0.0,0.0136264653072248,0.10407879517225153,0.04930826395918662,0.0653862424527493,0.030388766453575702,0.18879845243194426,0.0967455621301572,0.0536890049210966,0.0379383849707931,0.039455019092646905,0.0202332427138568,0.0054506476955386,0.0,0.1926147358931518,0.09148862964107661,0.0654525759178839,0.1134747355348607,0.0,0.0378020368951401,0.003420276339501,0.030103075070750104,0.043095858588922314,0.08613789157267511,0.0927843042261232,0.2126002490325024,0.028130706088151908,0.020115904016008504,0.010772675123835798,0.012838262275064802,0.013532492687209805,0.017320917601545405,0.0784298405474293,0.6839079344674494,0.12893989362280006,0.0204232294996286,0.026694726422841895,0.11039639375648573,0.15901694165576993,0.0182231626923836,0.027119275017309007,0.1234340286736791,0.006576962443574602,0.038650790741343,0.0355466606199784,0.0144225080282567,0.000190622261592,0.0589570161673916,0.04881750993563901,0.0314881508817688,0.045187994926194,0.03125491806576021,0.023700699889888,0.06914494271215152,0.0951975075360542,0.0055735374040911,0.0443483262998561,0.0864137575486774,0.1312143196306674,0.3290323576945093,0.0515649412717796,0.010926683211591001,0.0743357547878703,0.025673781982488306,0.03680246562568891,0.6988450874653883,0.0,0.0969151054826283,0.042506294444286795,0.0243141807082388,0.0433100184372061,0.08321206647601449,0.05258268084690622,0.029447124835137492,0.0662073982593772,0.0320619956204645,0.0003577169929164,0.0414491624464192,0.11663743325644117,0.010026979608754902,0.0448144536798068,0.0019826593355347,0.0,0.0329959608566813,0.16456272807462544,0.0161520710627067,0.040548122373322504,0.05755022843022821,0.024066562933567504,0.041216578498906406,0.0121578743725194
g__Sanguibacter,0.0,0.0,0.0,0.048565546285101305,0.031116005757905896,0.0,0.0,0.0,0.0,0.0,0.0095864163427422,0.0,0.0,0.0,0.0,0.0,0.0066273413870292,0.0591564645374367,0.0460246475161998,0.0818069930588253,0.0,0.0,0.0,0.0,0.0,0.0,0.0,0.022000258811149608,0.0,0.0,0.0,0.024670098471251706,0.0,0.0,0.0,0.0,0.015193556986344205,0.0,0.0,0.0,0.049158812068534695,0.06856537196878139,0.0,0.08287552830279171,0.0,0.5280700797632283,0.0,0.0007550921940209001,0.0,0.0,0.0,0.0168319456985803,0.0922036141471631,0.0,0.0,0.0,0.0,0.083979936604049,0.049074386265341614,0.0321286405895277,0.087824024534746,0.0,0.0,0.0,0.0905176791599551,0.0,0.0,0.0,0.0,0.0,0.0,0.009636728935623302,0.0427737572770379,0.05746689272666869,0.0487295650822938,0.0,0.0,0.13163967183112754,0.0,0.0,0.0,0.0,0.0,0.031079011322861394,0.0,0.0,0.0,0.0,0.0557732746521499,0.0,0.012903354220065902,0.0,0.0,0.013196196262408501,0.0,0.0
g__Selenomonas,0.0,0.0,0.0,0.0,0.0,0.0,0.0,0.0,0.0,0.0,0.0,0.0,0.0,0.0,0.0,0.0,0.0,0.0,0.0,0.0,0.0,0.0,0.0,0.0,0.0,0.0,0.0,0.0,0.0,0.0,0.0,0.0,0.0,0.0,0.0,0.0,0.0,0.0,0.0,0.0,0.0,0.0,0.0,0.0,0.0,0.0,0.0,0.0,0.0,0.0,0.0,0.0,0.0,0.0,0.0,0.0,0.0,0.0,0.0,0.0,0.0,0.0,0.0,0.0,0.0,0.0,0.0,0.0,0.0,0.0,0.0,0.0,0.0,0.0,0.0,0.0,0.0,0.0,0.0,0.0,0.0,0.0,0.0,0.0,0.0,0.0,0.0,0.0,0.0,0.0,0.0,0.0,0.0,0.0,0.0,0.0
g__Senegalimassilia,0.0,0.0064803353333776,0.0,0.0,0.0,0.0683394801904107,0.0,0.018530418628562403,0.0,0.06634448910936959,0.0,0.015815153988948397,0.0,0.014332969407458802,0.0,0.0,0.0,0.0117481474341694,0.0,0.0,0.0,0.0,0.0337498924849681,0.0097246707328656,0.0,0.0,0.0,0.0,0.0,0.0,0.0,0.0,0.0,0.009672547823391098,0.0,0.0,0.0,0.03342052127197741,0.0,0.0,0.0077573740068033,0.029848164162708194,0.0,0.0,0.0,0.0,0.0,0.0,0.0,0.0289928585342762,0.0448736670242807,0.0,0.0,0.008726806847448804,0.006246208604311101,0.012528705974296499,0.048639511275596514,0.0,0.0,0.0,0.0,0.0,0.0,0.0,0.0,0.0,0.0,0.0,0.0,0.0,0.0,0.0,0.0,0.005989293569141299,0.0,0.014134531850992098,0.07493928586127319,0.030105555227912906,0.0,0.0284391316166157,0.0,0.0,0.0,0.0,0.0,0.0449258532450672,0.0,0.0,0.0,0.0,0.0,0.017714080257295404,0.0,0.0,0.015581616936406802,0.0
g__Slackia,0.0,0.0411562945908229,0.0,0.0,0.0,0.0,0.027088591334352402,0.03463061842059201,0.020302583691761803,0.0,0.0,0.04091194434788689,0.2404930966469153,0.0613867418948503,0.0,0.0,0.078672955820196,0.0,0.0,0.0,0.19041096999750312,0.0,0.0,0.0,0.0,0.1666992481981549,0.0,0.07881022390572813,0.0,0.0,0.0,0.0,0.04611184151361321,0.014515965418855699,0.0,0.004216050153309902,0.055363903417826016,0.0167102606359976,0.0,0.1504703825678907,0.0490108176518828,0.0,0.0,0.0,0.1684162328248877,0.0,0.0,0.0,0.0,0.0,0.0191753799921141,0.0,0.0,0.2860969124278904,0.0,0.0,0.0,0.0,0.5588336943376018,0.0,0.0,0.1761384329440284,0.0,0.0180151552720963,0.0,0.0179175911515014,0.04921193913876971,0.0774086088806888,0.0,0.04232702073856751,0.0,0.04648681200835841,2.2266414022539553,0.011068821026514398,0.0,0.0,0.2279790013960129,0.07915551313783922,0.0,0.0088774084880594,0.0,0.0,0.0642384105960212,0.011449562455825298,0.013969071102572103,0.0,0.0,0.0,0.0,0.0,0.0,0.030209421256633003,0.0,0.015802445024234203,0.08292408465467252,0.0
g__Solobacterium,0.0,0.0,0.0,0.0,0.0,0.0,0.0,0.0,0.0,0.0,0.0,0.0,0.0,0.0,0.0,0.0,0.0,0.0,0.0,0.0,0.0,0.0,0.0,0.0,0.0,0.0,0.0,0.0,0.0,0.0,0.0,0.0,0.0,0.0,0.0,0.0,0.0,0.0,0.0,0.0,0.0,0.0,0.0,0.0,0.0,0.0,0.0,0.0,0.0,0.0,0.0,0.0,0.0,0.0,0.0,0.0,0.0,0.0,0.0,0.0,0.0,0.0,0.0,0.0,0.0,0.0,0.0,0.0,0.0,0.0,0.0,0.0,0.0,0.0,0.0,0.0,0.0,0.0,0.0,0.0,0.0,0.0,0.0,0.0,0.0,0.0,0.0,0.0,0.0,0.0,0.0,0.0,0.0,0.0,0.0,0.0
g__Staphylococcus,0.0403299091871308,0.0,0.04639600673092511,0.0,0.0,0.0,0.0,0.0,0.0,0.0,0.0,0.0,0.0159763313609469,0.0,0.0,0.0,0.0,0.0,0.0,0.0,0.043148745436720204,0.0,0.6187043679695962,0.0,0.0,0.0,0.0,0.0,0.0,0.10036757918741111,0.0,0.0,0.06478959492576722,0.0,0.0032160495396121006,0.03341990975184791,0.039395566948159814,0.0,0.0,0.031080533178381692,0.0,0.0,0.0,0.0,0.066149422697439,0.0,0.0,0.0,0.0,0.0,0.312640639939763,0.1596652063095088,0.0359327610739862,0.012734329850089404,0.013067128896186102,0.0566669985080601,0.0,0.0,0.06771468109616911,0.0,0.0251741992791347,0.0,0.0,0.0,0.0,0.0,0.024281518247980003,0.076479924088199,0.016496676450419502,0.02187500610351791,0.0,0.1422297950049821,0.0,0.0,0.6644779687209741,0.0,0.0,0.0,0.0,0.0,0.009202335694802,0.0,0.0,0.0,0.0,0.0,0.0,0.0,0.0,0.3366561955714625,0.0,0.0,0.0355000015423933,0.020932466321245503,0.020362825421002803,0.0
g__Stomatobaculum,0.0,0.0,0.0,0.0,0.0,0.0,0.0,0.0,0.0,0.0,0.0,0.0,0.0,0.0,0.0,0.0,0.0,0.0,0.0,0.0,0.0,0.0,0.0,0.0,0.0,0.0,0.0,0.0,0.0,0.0,0.0,0.0,0.0,0.0,0.0,0.0,0.0,0.0,0.0,0.0,0.0,0.0,0.0,0.0,0.0,0.0,0.0,0.0,0.0,0.0,0.0,0.0,0.0,0.0,0.0,0.0,0.0,0.0,0.0,0.0,0.0,0.0,0.0,0.0,0.0,0.0,0.0,0.0,0.0,0.0,0.0,0.0,0.0,0.0,0.0,0.0,0.0,0.0,0.0,0.0,0.0,0.0,0.0,0.0,0.0,0.0,0.0,0.0,0.0,0.0,0.0,0.0,0.0,0.0,0.0,0.0
g__Streptococcus,0.0848086393193752,0.0225647194377864,0.09293068147700892,0.0,0.011411908187023598,0.0057659612662798,0.036729829099474406,0.094848637091182,0.0,0.08342382657764108,0.0,0.029340209018679293,0.0,0.2655610837112552,0.0,0.0,0.3662904097941334,0.0336585193854443,0.0020002354123213,0.0096587863003287,0.6150876503016367,0.009324842329200299,0.0018919732742764999,0.0421717724971867,0.020173349778599,0.1515747234674986,0.0,0.0,0.0,0.0002755376368238,0.0,0.0,0.0,0.06402169393885729,0.020696834940407305,0.09215668652183252,0.028102171089680113,0.004930896581114001,0.0,0.0,0.054671604089263706,0.025818771495112695,0.004678698778406802,0.0,0.0342095472925614,0.0033787949201890006,0.0,0.0,0.0,0.0027413410386195,0.0626395746409063,0.0656503068922897,0.0,0.06500233256405823,0.021218960464524303,0.0460514597974013,0.3456206528967082,0.015104058744856201,0.016623860421472503,0.0323911972222938,0.0023670043787248,0.0116646080107053,0.0534787518503793,0.0260501690261494,0.0320434960018393,0.022318403013273598,0.017562236043151,0.0136434721721649,0.0,0.7410995371371378,0.0,0.0024331940169679002,0.1078991273920842,0.0,0.0684895808295953,0.0335942981468468,0.0,0.018226598419901603,0.013402810047132896,0.0230184131593049,0.0387166347462074,0.0,0.5195753798207857,0.0794178108254158,0.03387581528502981,0.0,0.0170834619459097,0.0,0.27251970119794217,0.022351142766726704,0.0,0.0,0.0345375406038164,0.0,0.06614716559715692,0.29783622798079185
g__Sutterella,3.734949730821603,2.2424974362944172,26.007359573790257,0.0,0.6306354994774087,4.295477735569325,2.592233024334428,2.9860379254344,24.68815064350023,0.0,3.430775586153919,2.6618493761501396,0.0,0.0564428432187734,0.0,0.0,3.866992617844187,2.7246617634447077,3.6543531661803326,11.456332773481549,2.7837377818762987,1.5496101154996207,3.660429801024128,0.0,0.0,4.548638055375266,0.0,0.0,0.0,0.0,0.0,0.0,7.266174006028699,4.342273891693234,0.0,0.5567448473183118,0.0,4.21771504396302,0.0,0.0,1.2780551165739855,1.716094248370468,0.0,0.0,3.3991790366526033,0.0,0.0,7.616417980518022,7.526033659668406,0.0,0.4946920253691919,0.0,1.4165353164891754,6.528734636216811,2.59485351733386,0.0,0.8181454407970458,2.898797668974545,1.4547401918051304,2.5170613445608234,0.0,10.083668607630912,5.152410542062402,1.4343953852116655,0.5444424580182673,1.562401374662752,0.14820099068592002,3.354300213474607,5.362470237983391,1.766323037478559,0.0,0.0,0.0,0.0,0.0,2.493838448815893,12.56896337888889,12.858281089615788,5.694210571918701,6.738463689828166,10.464294728676698,8.246718125448563,1.343981301129735,0.0,6.087668843377374,10.89861732451038,3.576282885834034,0.7311786240739044,2.209315264790095,0.015520670272543901,0.0,0.0,4.527342219644729,0.5772016245177228,0.0,3.033573481989882
g__Tannerella,0.0,0.0,0.0,0.0,0.0,0.0,0.0,0.0,0.0,0.0,0.0,0.0,0.0,0.0,0.0,0.0,0.0,0.0,0.0,0.0,0.0,0.0,0.0,0.0,0.0,0.0,0.0,0.0,0.0,0.0,0.0,0.0,0.0,0.0,0.0,0.0,0.0,0.0,0.0,0.0,0.0,0.0,0.0,0.0,0.0,0.0,0.0,0.0,0.0,0.0,0.0,0.0,0.0,0.0,0.0,0.0,0.0,0.0,0.0,0.0,0.0,0.0,0.0,0.0,0.0,0.0,0.0,0.0,0.0,0.0,0.0,0.0,0.0,0.0,0.0,0.0,0.0,0.0,0.0,0.0,0.0,0.0,0.0,0.0,0.0,0.0,0.0,0.0,0.0,0.0,0.0,0.0,0.0,0.0,0.0,0.0
g__Veillonella,0.0,0.0,0.27621513048311724,0.0,0.0,0.0,0.0,0.008739440815992601,0.0,0.0,0.0,0.0,0.0,0.0,0.0,0.0,0.0,0.0017552933256818,0.0,0.0,0.0,0.0,0.0,0.0041812300232747,0.0023300525580143,0.0040635393207833,0.0,0.0,0.0,0.0,0.0010775741527521,0.0,0.0,0.004500520774546699,0.0,0.0,0.0,0.0,0.0,0.0,0.0,0.0,0.0,0.0,0.0,0.0,0.0,0.0,0.0301535500136685,0.0,0.0,0.0,0.0,0.0,0.0,0.0,0.0,0.0,0.0,0.0,0.0,0.0,0.0,0.0,0.0,0.0,0.0,0.0,0.0,0.024888399801451702,0.0,0.0,0.0,0.0,0.0,0.0135255289756487,0.0,0.0,0.002836791083595499,0.0,0.0,0.0,0.0,0.1425897748229868,0.0,0.0,0.0,0.0,0.0061951599975825,0.0,0.0,0.0,0.0,0.0,0.0,0.0
g__Vescimonas,0.3876515083069858,0.6337028129176547,0.11508289689500563,0.0,0.7514347227254098,0.191607328233288,0.13269027373033643,0.044164553856220506,0.10594105399650182,0.11160755177279948,0.0,0.012380005550122298,0.0904733727810347,0.4669815872299833,0.0766497706703084,0.0,0.0,0.1506780744309004,0.3218648040884833,0.0314154463505599,0.31366936889663116,1.014330663375991,0.3216209029864367,0.5063072246735634,0.1295018684875327,0.0659893682749606,0.6042389175172161,0.28443004448693393,0.0,0.0595760290402088,0.0,0.8258219925010902,0.03724628019612661,0.031746530669961595,0.026739895768871903,1.245051025518182,0.053958794863321904,1.3413110634669418,0.0,0.36080009927471013,0.0037861904929864998,0.011058930962707299,0.12270264860788194,0.012331301401603302,0.05960355739819399,0.0,1.1470666530894669,0.5439399638234235,0.1345678983568969,0.0944401065092549,0.203226249489067,0.0,0.0117039963391435,0.048399737267392016,0.07881112115510291,0.1407955660570601,0.6620915533117046,0.20200394212507225,0.0,0.4996176346300435,0.301250862703117,0.072754070990962,0.9309957670781294,5.103978895182017,0.1941022148915733,1.3472142483702585,0.050426015051167214,0.45475509148021726,0.23301002648533586,0.7429131537145998,0.8108207569261792,0.0034256810502049004,0.0,0.27176735460987606,0.617291759542091,3.445681617262395,1.3107312895933247,0.09403235833462933,0.16817237576010244,0.27948124509974187,0.2132129669680565,0.3272395051199805,0.1069146864043585,0.048236266107424194,0.037523476708759704,0.1889018342256568,0.0033678048987164995,0.0,0.00816481684464,4.36801254143633,0.0,0.35768942541845655,0.17404501972734523,0.8226508749985076,1.2497737463841883,0.075926495950988
g__Victivallis,2.626982878426765,2.777378560502447,0.0,0.0,0.0,0.38626104490888963,0.0,0.4970965895149863,0.0,0.5634490341014519,0.4448409218283887,0.37728706794588235,0.0,0.48838346439360814,0.0,0.0,0.5560247801486425,0.6004180985523071,0.0,0.0,0.27405059782192126,0.0,0.3100507587322237,0.0,0.6093700610933475,0.4630081424541911,0.0,0.0,0.31353575609325623,0.0,0.0,0.0,0.06624594996765142,0.060449852054308494,0.2736235697008711,0.15922273310693397,0.0,0.56941136171473,0.0,0.03302485356121039,0.6273483322385842,0.8435993425958175,0.6563645512059753,0.19628414598029076,0.2287763475189638,0.0,0.0,0.0,4.64635903829885,0.4966729015533612,0.0284188965011331,0.9089060054971734,0.0692859528273416,1.1106873211410797,0.39293643038402837,1.012708848449379,1.8731729412202462,0.3457322471653937,0.004337678671329002,0.0214467312666535,0.4417319895744386,0.0,0.0,0.7715067505022505,0.9186742604901519,0.8679784103714159,1.31360920487237,0.1704273165529904,0.0,0.7688618216690379,0.0042243806401249,0.26387348799801785,0.0,0.14829187621815626,0.6926505391878234,14.299996515937199,0.0,0.4194228825583386,0.0,0.2333854979283429,0.3649053266209504,0.0,1.2244253992988066,2.293444196997204,1.8211481267868141,0.2573648241868175,0.7045366368964416,7.103084301126579,2.0973815179859083,0.0015268114987042004,0.0891109302963629,0.0,0.04518630714224651,0.09237337383683092,2.4203160378808644,0.8607369370675944
g__Waltera,0.0002948400671644,0.3756128403802848,0.07232692556137041,0.0,0.016630768638406297,0.5557149430138469,0.017693862489381304,0.07136431083430861,0.0,0.05745252381031409,0.2093409832819886,0.1540697752739259,0.3867061143984021,0.0177373206888066,0.0,0.0,2.3447808694003367,2.1216569168334667,0.0202908496153777,0.000987830417079,0.2540750958439908,0.017812123970149397,0.026793252291871197,0.0358715480729829,1.330322046987973,1.5441292525566734,0.06577462410716392,1.2603735874699835,0.0,9.003060504351367,0.0,0.04617681942771371,0.15417338562130892,10.747929403259699,1.008853991869644,0.07002756474156381,0.15692567501020493,0.0027393869895077005,0.0,1.5642915268233522,0.0059444424026696,0.0,0.19346361400339265,0.011030392831753201,1.9375432347824573,0.0,0.0037762067874218,0.0390459267864675,0.10032465392814148,2.8746500932328747,0.345845186832122,0.1196726558275031,0.0109258617920055,0.10866731292487435,0.6422100628689034,0.49611982589838394,0.8560893527345992,0.0434969492198811,0.036952332897377815,0.029254336399142995,0.0143652679536408,5.831576749840979,0.0021713959540521,0.0101982866878365,0.6839311519206088,0.4504545284228281,0.48791199038117994,4.886671092487078,0.728186738839244,4.860380820418896,0.0,0.823492104045295,0.1665386940939252,1.4449865695777888,0.5246271530447227,0.0293029523042976,0.026176961099631895,0.018845880528377303,0.10769527889098367,1.7361422082278792,0.0385913381936281,0.055911165992828506,0.1263537202960631,0.0,0.0,0.0393877034295301,1.9592612394038131,0.0,0.11893697114921939,0.058328791164770216,0.5395386570422114,0.22927880645290996,0.43931406149261565,0.5818037979642604,0.47148265275107737,0.3149257114574996
